1.007500000000000000e+02 1.081740600000000163e-01 8.254962000000000411e-02
1.012500000000000000e+02 9.779454000000001312e-02 7.249446000000001056e-02
1.017500000000000000e+02 1.034708400000000084e-01 7.881948000000001120e-02
1.022500000000000000e+02 1.000650600000000112e-01 7.411626000000000325e-02
1.027500000000000000e+02 1.042817400000000116e-01 8.190090000000001258e-02
1.032500000000000000e+02 9.941634000000000582e-02 7.281882000000000632e-02
1.037500000000000000e+02 9.471312000000001174e-02 7.427844000000000113e-02
1.042500000000000000e+02 9.828108000000000677e-02 7.930602000000000484e-02
1.047500000000000000e+02 9.649710000000000232e-02 7.525152000000000230e-02
1.052500000000000000e+02 1.047682800000000053e-01 7.995474000000001025e-02
1.057500000000000000e+02 1.003894200000000070e-01 7.492716000000000653e-02
1.062500000000000000e+02 9.601056000000000867e-02 7.298100000000000420e-02
1.067500000000000000e+02 1.021734000000000114e-01 7.735986000000000251e-02
1.072500000000000000e+02 9.763236000000001524e-02 7.476498000000000865e-02
1.077500000000000000e+02 9.390222000000000846e-02 7.362972000000000961e-02
1.082500000000000000e+02 1.033086600000000105e-01 8.271180000000000199e-02
1.087500000000000000e+02 9.682146000000001196e-02 7.476498000000000865e-02
1.092500000000000000e+02 9.844326000000000465e-02 7.654896000000001310e-02
1.097500000000000000e+02 9.455094000000001386e-02 7.184574000000000515e-02
1.102500000000000000e+02 8.773938000000000570e-02 6.843996000000000801e-02
1.107500000000000000e+02 1.008759600000000145e-01 7.963038000000000061e-02
1.112500000000000000e+02 9.406440000000000634e-02 7.476498000000000865e-02
1.117500000000000000e+02 9.584838000000001079e-02 7.590024000000000770e-02
1.122500000000000000e+02 9.163170000000001036e-02 7.460280000000001077e-02
1.127500000000000000e+02 9.617274000000000655e-02 7.200792000000000304e-02
1.132500000000000000e+02 9.438876000000000210e-02 7.281882000000000632e-02
1.137500000000000000e+02 8.822592000000001322e-02 6.730470000000000896e-02
1.142500000000000000e+02 9.617274000000000655e-02 7.622460000000000346e-02
1.147500000000000000e+02 9.487530000000000963e-02 7.476498000000000865e-02
1.152500000000000000e+02 9.098298000000000496e-02 6.989958000000000282e-02
1.157500000000000000e+02 8.855028000000000898e-02 6.925086000000001130e-02
1.162500000000000000e+02 9.390222000000000846e-02 7.038612000000001034e-02
1.167500000000000000e+02 9.098298000000000496e-02 7.087266000000000399e-02
1.172500000000000000e+02 9.146952000000001248e-02 6.925086000000001130e-02
1.177500000000000000e+02 9.211824000000000401e-02 7.071048000000000611e-02
1.182500000000000000e+02 9.195606000000000613e-02 6.908867999999999954e-02
1.187500000000000000e+02 9.098298000000000496e-02 6.860214000000000589e-02
1.192500000000000000e+02 9.260478000000001153e-02 6.908867999999999954e-02
1.197500000000000000e+02 9.260478000000001153e-02 6.811560000000001225e-02
1.202500000000000000e+02 7.768422000000001215e-02 6.065532000000000562e-02
1.207500000000000000e+02 9.341568000000001482e-02 7.217010000000000092e-02
1.212500000000000000e+02 9.195606000000000613e-02 7.168356000000000727e-02
1.217500000000000000e+02 8.433360000000000856e-02 6.600726000000001203e-02
1.222500000000000000e+02 8.919900000000001439e-02 7.054830000000000823e-02
1.227500000000000000e+02 8.222526000000000834e-02 6.454764000000000335e-02
1.232500000000000000e+02 8.644194000000000877e-02 6.730470000000000896e-02
1.237500000000000000e+02 8.173872000000000082e-02 6.454764000000000335e-02
1.242500000000000000e+02 8.627976000000001089e-02 6.568290000000000239e-02
1.247500000000000000e+02 8.919900000000001439e-02 7.071048000000000611e-02
1.252500000000000000e+02 8.822592000000001322e-02 6.941304000000000918e-02
1.257500000000000000e+02 8.595540000000000125e-02 6.649380000000000568e-02
1.262500000000000000e+02 9.049644000000001132e-02 7.038612000000001034e-02
1.267500000000000000e+02 8.417142000000001067e-02 6.406110000000000970e-02
1.272500000000000000e+02 8.482014000000000220e-02 6.600726000000001203e-02
1.277500000000000000e+02 8.611758000000001301e-02 6.503418000000001087e-02
1.282500000000000000e+02 8.676630000000000453e-02 6.681816000000000144e-02
1.287500000000000000e+02 8.027910000000000601e-02 6.665598000000000356e-02
1.292500000000000000e+02 8.806374000000000146e-02 6.876432000000000377e-02
1.297500000000000000e+02 7.995474000000001025e-02 6.389892000000001182e-02
1.302500000000000000e+02 8.271180000000000199e-02 6.422328000000000758e-02
1.307500000000000000e+02 8.563104000000000549e-02 6.535854000000000663e-02
1.312500000000000000e+02 8.692848000000000241e-02 6.860214000000000589e-02
1.317500000000000000e+02 8.611758000000001301e-02 6.600726000000001203e-02
1.322500000000000000e+02 7.606242000000000558e-02 6.049314000000000774e-02
1.327500000000000000e+02 8.433360000000000856e-02 6.665598000000000356e-02
1.332500000000000000e+02 8.417142000000001067e-02 6.454764000000000335e-02
1.337500000000000000e+02 8.741502000000000994e-02 6.584508000000000028e-02
1.342500000000000000e+02 8.141436000000000506e-02 6.373674000000000006e-02
1.347500000000000000e+02 7.849512000000000156e-02 6.308802000000000854e-02
1.352500000000000000e+02 8.287398000000001375e-02 6.568290000000000239e-02
1.357500000000000000e+02 8.417142000000001067e-02 6.681816000000000144e-02
1.362500000000000000e+02 7.573806000000000982e-02 6.016878000000000504e-02
1.367500000000000000e+02 8.871246000000000687e-02 6.746688000000000685e-02
1.372500000000000000e+02 8.352270000000000527e-02 6.470982000000000123e-02
1.377500000000000000e+02 8.060346000000000177e-02 6.179058000000000467e-02
1.382500000000000000e+02 8.125218000000000718e-02 6.243930000000000313e-02
1.387500000000000000e+02 7.800858000000000791e-02 5.724954000000000848e-02
1.392500000000000000e+02 7.654896000000001310e-02 5.757390000000000424e-02
1.397500000000000000e+02 8.514450000000001184e-02 6.584508000000000028e-02
1.402500000000000000e+02 8.384706000000000103e-02 6.454764000000000335e-02
1.407500000000000000e+02 7.946820000000000273e-02 6.146622000000000891e-02
1.412500000000000000e+02 7.768422000000001215e-02 6.016878000000000504e-02
1.417500000000000000e+02 8.319834000000000951e-02 6.584508000000000028e-02
1.422500000000000000e+02 7.087266000000000399e-02 5.449248000000000286e-02
1.427500000000000000e+02 7.914384000000000696e-02 6.146622000000000891e-02
1.432500000000000000e+02 7.654896000000001310e-02 5.887134000000000811e-02
1.437500000000000000e+02 7.298100000000000420e-02 5.643864000000000519e-02
1.442500000000000000e+02 7.719768000000000463e-02 5.887134000000000811e-02
1.447500000000000000e+02 7.444062000000001289e-02 5.935788000000000869e-02
1.452500000000000000e+02 7.963038000000000061e-02 6.130404000000000408e-02
1.457500000000000000e+02 7.298100000000000420e-02 5.562774000000000191e-02
1.462500000000000000e+02 7.168356000000000727e-02 5.806044000000000482e-02
1.467500000000000000e+02 7.735986000000000251e-02 6.211494000000000737e-02
1.472500000000000000e+02 7.865730000000001332e-02 6.227712000000000525e-02
1.477500000000000000e+02 7.590024000000000770e-02 5.919570000000000387e-02
1.482500000000000000e+02 7.719768000000000463e-02 6.211494000000000737e-02
1.487500000000000000e+02 7.071048000000000611e-02 5.416812000000000710e-02
1.492500000000000000e+02 7.379190000000000749e-02 5.854698000000000541e-02
1.497500000000000000e+02 7.330535999999999996e-02 5.530338000000000614e-02
1.502500000000000000e+02 7.525152000000000230e-02 5.903352000000000599e-02
1.507500000000000000e+02 7.022394000000001246e-02 5.676300000000000789e-02
1.512500000000000000e+02 7.119701999999999975e-02 5.546556000000000403e-02
1.517500000000000000e+02 8.336052000000000739e-02 6.746688000000000685e-02
1.522500000000000000e+02 7.752204000000000039e-02 5.968224000000000445e-02
1.527500000000000000e+02 7.963038000000000061e-02 6.195276000000000255e-02
1.532500000000000000e+02 7.330535999999999996e-02 5.708736000000000366e-02
1.537500000000000000e+02 7.914384000000000696e-02 6.276365999999999890e-02
1.542500000000000000e+02 7.184574000000000515e-02 5.562774000000000191e-02
1.547500000000000000e+02 7.460280000000001077e-02 5.870916000000000329e-02
1.552500000000000000e+02 7.135920000000001151e-02 5.514120000000000826e-02
1.557500000000000000e+02 7.800858000000000791e-02 5.854698000000000541e-02
1.562500000000000000e+02 7.038612000000001034e-02 5.627646000000000731e-02
1.567500000000000000e+02 6.989958000000000282e-02 5.497902000000000344e-02
1.572500000000000000e+02 7.038612000000001034e-02 5.400594000000000228e-02
1.577500000000000000e+02 7.233228000000001268e-02 5.822262000000000270e-02
1.582500000000000000e+02 7.200792000000000304e-02 5.643864000000000519e-02
1.587500000000000000e+02 7.735986000000000251e-02 6.162840000000000679e-02
1.592500000000000000e+02 7.330535999999999996e-02 5.903352000000000599e-02
1.597500000000000000e+02 7.411626000000000325e-02 5.708736000000000366e-02
1.602500000000000000e+02 6.698033999999999932e-02 5.384376000000000440e-02
1.607500000000000000e+02 7.103484000000000187e-02 5.514120000000000826e-02
1.612500000000000000e+02 7.298100000000000420e-02 5.773608000000000212e-02
1.617500000000000000e+02 6.438546000000000546e-02 5.141106000000000148e-02
1.622500000000000000e+02 7.006176000000000070e-02 5.530338000000000614e-02
1.627500000000000000e+02 7.217010000000000092e-02 5.660082000000000307e-02
1.632500000000000000e+02 7.217010000000000092e-02 5.643864000000000519e-02
1.637500000000000000e+02 7.346754000000001172e-02 5.692518000000000578e-02
1.642500000000000000e+02 6.535854000000000663e-02 5.092452000000000784e-02
1.647500000000000000e+02 7.071048000000000611e-02 5.238414000000000265e-02
1.652500000000000000e+02 6.876432000000000377e-02 5.303286000000000805e-02
1.657500000000000000e+02 6.633162000000000780e-02 5.124888000000000360e-02
1.662500000000000000e+02 6.957522000000000706e-02 5.433030000000000498e-02
1.667500000000000000e+02 7.006176000000000070e-02 5.643864000000000519e-02
1.672500000000000000e+02 6.584508000000000028e-02 5.141106000000000148e-02
1.677500000000000000e+02 7.492716000000000653e-02 6.016878000000000504e-02
1.682500000000000000e+02 6.552072000000000451e-02 5.108670000000000572e-02
1.687500000000000000e+02 7.022394000000001246e-02 5.627646000000000731e-02
1.692500000000000000e+02 6.730470000000000896e-02 5.449248000000000286e-02
1.697500000000000000e+02 6.827778000000001013e-02 5.351940000000000169e-02
1.702500000000000000e+02 6.406110000000000970e-02 5.108670000000000572e-02
1.707500000000000000e+02 6.681816000000000144e-02 5.238414000000000265e-02
1.712500000000000000e+02 7.379190000000000749e-02 5.757390000000000424e-02
1.717500000000000000e+02 6.454764000000000335e-02 5.076234000000000302e-02
1.722500000000000000e+02 6.470982000000000123e-02 5.027580000000000243e-02
1.727500000000000000e+02 6.795342000000000049e-02 5.368158000000000651e-02
1.732500000000000000e+02 6.406110000000000970e-02 4.816746000000000222e-02
1.737500000000000000e+02 6.616944000000000992e-02 5.173542000000000418e-02
1.742500000000000000e+02 6.665598000000000356e-02 5.303286000000000805e-02
1.747500000000000000e+02 6.827778000000001013e-02 5.497902000000000344e-02
1.752500000000000000e+02 7.184574000000000515e-02 5.708736000000000366e-02
1.757500000000000000e+02 7.006176000000000070e-02 5.578992000000000673e-02
1.762500000000000000e+02 6.779124000000000261e-02 5.335722000000000381e-02
1.767500000000000000e+02 6.519636000000000875e-02 5.043798000000000725e-02
1.772500000000000000e+02 6.308802000000000854e-02 4.978926000000000185e-02
1.777500000000000000e+02 6.276365999999999890e-02 4.946490000000000609e-02
1.782500000000000000e+02 7.184574000000000515e-02 5.497902000000000344e-02
1.787500000000000000e+02 6.081750000000000350e-02 4.816746000000000222e-02
1.792500000000000000e+02 6.195276000000000255e-02 4.914054000000000338e-02
1.797500000000000000e+02 6.292584000000001065e-02 5.124888000000000360e-02
1.802500000000000000e+02 6.389892000000001182e-02 4.930272000000000127e-02
1.807500000000000000e+02 6.925086000000001130e-02 5.368158000000000651e-02
1.812500000000000000e+02 6.065532000000000562e-02 5.043798000000000725e-02
1.817500000000000000e+02 6.179058000000000467e-02 4.946490000000000609e-02
1.822500000000000000e+02 5.595210000000000461e-02 4.232898000000000216e-02
1.827500000000000000e+02 6.065532000000000562e-02 4.638348000000000471e-02
1.832500000000000000e+02 6.422328000000000758e-02 4.946490000000000609e-02
1.837500000000000000e+02 6.989958000000000282e-02 5.400594000000000228e-02
1.842500000000000000e+02 6.276365999999999890e-02 4.995144000000000667e-02
1.847500000000000000e+02 5.741172000000000636e-02 4.541040000000000354e-02
1.852500000000000000e+02 6.243930000000000313e-02 4.849182000000000492e-02
1.857500000000000000e+02 6.892650000000000166e-02 5.562774000000000191e-02
1.862500000000000000e+02 6.049314000000000774e-02 4.735656000000000587e-02
1.867500000000000000e+02 6.422328000000000758e-02 5.108670000000000572e-02
1.872500000000000000e+02 5.984442000000000234e-02 4.784310000000000646e-02
1.877500000000000000e+02 6.698033999999999932e-02 5.108670000000000572e-02
1.882500000000000000e+02 6.519636000000000875e-02 5.011362000000000455e-02
1.887500000000000000e+02 5.724954000000000848e-02 4.395078000000000179e-02
1.892500000000000000e+02 6.146622000000000891e-02 4.768092000000000164e-02
1.897500000000000000e+02 6.406110000000000970e-02 5.092452000000000784e-02
1.902500000000000000e+02 5.984442000000000234e-02 4.670784000000000741e-02
1.907500000000000000e+02 6.552072000000000451e-02 4.784310000000000646e-02
1.912500000000000000e+02 6.406110000000000970e-02 5.254632000000000747e-02
1.917500000000000000e+02 5.952006000000000657e-02 4.784310000000000646e-02
1.922500000000000000e+02 6.243930000000000313e-02 5.108670000000000572e-02
1.927500000000000000e+02 6.325020000000000642e-02 5.222196000000000476e-02
1.932500000000000000e+02 6.162840000000000679e-02 4.768092000000000164e-02
1.937500000000000000e+02 5.854698000000000541e-02 4.735656000000000587e-02
1.942500000000000000e+02 6.211494000000000737e-02 4.930272000000000127e-02
1.947500000000000000e+02 6.649380000000000568e-02 5.222196000000000476e-02
1.952500000000000000e+02 6.260148000000000101e-02 4.946490000000000609e-02
1.957500000000000000e+02 5.676300000000000789e-02 4.589694000000000412e-02
1.962500000000000000e+02 5.562774000000000191e-02 4.119372000000000311e-02
1.967500000000000000e+02 5.903352000000000599e-02 4.719438000000000105e-02
1.972500000000000000e+02 6.097968000000000832e-02 4.784310000000000646e-02
1.977500000000000000e+02 6.033096000000000292e-02 4.784310000000000646e-02
1.982500000000000000e+02 5.870916000000000329e-02 4.897836000000000550e-02
1.987500000000000000e+02 5.806044000000000482e-02 4.589694000000000412e-02
1.992500000000000000e+02 6.097968000000000832e-02 4.719438000000000105e-02
1.997500000000000000e+02 6.114186000000000620e-02 4.881618000000000762e-02
2.002500000000000000e+02 5.903352000000000599e-02 4.914054000000000338e-02
2.007500000000000000e+02 6.162840000000000679e-02 4.865400000000000280e-02
2.012500000000000000e+02 5.773608000000000212e-02 4.411296000000000661e-02
2.017500000000000000e+02 6.292584000000001065e-02 4.978926000000000185e-02
2.022500000000000000e+02 6.049314000000000774e-02 4.703220000000000317e-02
2.027500000000000000e+02 5.773608000000000212e-02 4.313988000000000544e-02
2.032500000000000000e+02 5.806044000000000482e-02 4.557258000000000142e-02
2.037500000000000000e+02 6.243930000000000313e-02 4.930272000000000127e-02
2.042500000000000000e+02 5.919570000000000387e-02 4.654566000000000259e-02
2.047500000000000000e+02 5.789826000000000694e-02 4.459950000000000719e-02
2.052500000000000000e+02 6.065532000000000562e-02 4.751874000000000375e-02
2.057500000000000000e+02 5.335722000000000381e-02 4.135590000000000099e-02
2.062500000000000000e+02 5.141106000000000148e-02 4.103154000000000523e-02
2.067500000000000000e+02 5.741172000000000636e-02 4.784310000000000646e-02
2.072500000000000000e+02 5.351940000000000169e-02 4.103154000000000523e-02
2.077500000000000000e+02 5.741172000000000636e-02 4.687002000000000529e-02
2.082500000000000000e+02 5.789826000000000694e-02 4.411296000000000661e-02
2.087500000000000000e+02 5.481684000000000556e-02 4.216680000000000428e-02
2.092500000000000000e+02 6.114186000000000620e-02 4.914054000000000338e-02
2.097500000000000000e+02 5.806044000000000482e-02 4.687002000000000529e-02
2.102500000000000000e+02 5.741172000000000636e-02 4.557258000000000142e-02
2.107500000000000000e+02 5.384376000000000440e-02 4.070718000000000253e-02
2.112500000000000000e+02 5.060016000000000513e-02 4.086936000000000041e-02
2.117500000000000000e+02 5.692518000000000578e-02 4.751874000000000375e-02
2.122500000000000000e+02 5.676300000000000789e-02 4.508604000000000084e-02
2.127500000000000000e+02 5.741172000000000636e-02 4.411296000000000661e-02
2.132500000000000000e+02 5.692518000000000578e-02 4.573476000000000624e-02
2.137500000000000000e+02 5.481684000000000556e-02 4.265334000000000486e-02
2.142500000000000000e+02 5.497902000000000344e-02 4.362642000000000603e-02
2.147500000000000000e+02 5.368158000000000651e-02 4.038282000000000677e-02
2.152500000000000000e+02 6.373674000000000006e-02 5.011362000000000455e-02
2.157500000000000000e+02 6.033096000000000292e-02 4.735656000000000587e-02
2.162500000000000000e+02 6.243930000000000313e-02 5.351940000000000169e-02
2.167500000000000000e+02 5.092452000000000784e-02 4.168026000000000370e-02
2.172500000000000000e+02 5.757390000000000424e-02 4.751874000000000375e-02
2.177500000000000000e+02 5.822262000000000270e-02 4.541040000000000354e-02
2.182500000000000000e+02 5.124888000000000360e-02 3.957192000000000348e-02
2.187500000000000000e+02 5.400594000000000228e-02 4.249116000000000698e-02
2.192500000000000000e+02 6.211494000000000737e-02 4.914054000000000338e-02
2.197500000000000000e+02 5.660082000000000307e-02 4.346424000000000121e-02
2.202500000000000000e+02 5.335722000000000381e-02 4.135590000000000099e-02
2.207500000000000000e+02 5.254632000000000747e-02 4.070718000000000253e-02
2.212500000000000000e+02 5.789826000000000694e-02 4.573476000000000624e-02
2.217500000000000000e+02 5.189760000000000206e-02 4.135590000000000099e-02
2.222500000000000000e+02 5.757390000000000424e-02 4.605912000000000200e-02
2.227500000000000000e+02 5.676300000000000789e-02 4.508604000000000084e-02
2.232500000000000000e+02 5.465466000000000768e-02 4.378860000000000391e-02
2.237500000000000000e+02 5.449248000000000286e-02 4.119372000000000311e-02
2.242500000000000000e+02 5.287068000000000323e-02 4.249116000000000698e-02
2.247500000000000000e+02 5.789826000000000694e-02 4.735656000000000587e-02
2.252500000000000000e+02 5.351940000000000169e-02 4.395078000000000179e-02
2.257500000000000000e+02 6.097968000000000832e-02 4.881618000000000762e-02
2.262500000000000000e+02 4.978926000000000185e-02 3.811230000000000173e-02
2.267500000000000000e+02 5.481684000000000556e-02 4.346424000000000121e-02
2.272500000000000000e+02 5.254632000000000747e-02 4.297770000000000062e-02
2.277500000000000000e+02 5.660082000000000307e-02 4.378860000000000391e-02
2.282500000000000000e+02 5.416812000000000710e-02 4.443732000000000237e-02
2.287500000000000000e+02 5.351940000000000169e-02 4.362642000000000603e-02
2.292500000000000000e+02 5.984442000000000234e-02 4.881618000000000762e-02
2.297500000000000000e+02 5.546556000000000403e-02 4.346424000000000121e-02
2.302500000000000000e+02 4.832964000000000704e-02 3.908538000000000290e-02
2.307500000000000000e+02 5.611428000000000249e-02 4.557258000000000142e-02
2.312500000000000000e+02 5.205978000000000688e-02 3.973410000000000136e-02
2.317500000000000000e+02 5.643864000000000519e-02 4.378860000000000391e-02
2.322500000000000000e+02 5.157324000000000630e-02 3.989628000000000618e-02
2.327500000000000000e+02 5.546556000000000403e-02 4.200462000000000640e-02
2.332500000000000000e+02 5.660082000000000307e-02 4.703220000000000317e-02
2.337500000000000000e+02 5.205978000000000688e-02 4.103154000000000523e-02
2.342500000000000000e+02 5.449248000000000286e-02 4.330206000000000333e-02
2.347500000000000000e+02 5.546556000000000403e-02 4.200462000000000640e-02
2.352500000000000000e+02 5.189760000000000206e-02 4.200462000000000640e-02
2.357500000000000000e+02 5.173542000000000418e-02 4.070718000000000253e-02
2.362500000000000000e+02 4.881618000000000762e-02 3.843666000000000443e-02
2.367500000000000000e+02 5.643864000000000519e-02 4.557258000000000142e-02
2.372500000000000000e+02 5.011362000000000455e-02 4.103154000000000523e-02
2.377500000000000000e+02 5.449248000000000286e-02 4.378860000000000391e-02
2.382500000000000000e+02 5.222196000000000476e-02 4.346424000000000121e-02
2.387500000000000000e+02 4.703220000000000317e-02 3.730140000000000539e-02
2.392500000000000000e+02 4.832964000000000704e-02 3.746358000000000327e-02
2.397500000000000000e+02 5.303286000000000805e-02 4.249116000000000698e-02
2.402500000000000000e+02 5.043798000000000725e-02 4.070718000000000253e-02
2.407500000000000000e+02 4.930272000000000127e-02 3.859884000000000231e-02
2.412500000000000000e+02 5.595210000000000461e-02 4.476168000000000508e-02
2.417500000000000000e+02 5.287068000000000323e-02 4.346424000000000121e-02
2.422500000000000000e+02 4.265334000000000486e-02 3.324690000000000284e-02
2.427500000000000000e+02 4.443732000000000237e-02 3.519306000000000517e-02
2.432500000000000000e+02 5.514120000000000826e-02 4.200462000000000640e-02
2.437500000000000000e+02 4.703220000000000317e-02 3.892320000000000502e-02
2.442500000000000000e+02 5.303286000000000805e-02 4.232898000000000216e-02
2.447500000000000000e+02 5.627646000000000731e-02 4.395078000000000179e-02
2.452500000000000000e+02 5.335722000000000381e-02 4.265334000000000486e-02
2.457500000000000000e+02 5.254632000000000747e-02 4.297770000000000062e-02
2.462500000000000000e+02 4.670784000000000741e-02 3.567960000000000576e-02
2.467500000000000000e+02 5.205978000000000688e-02 4.492386000000000296e-02
2.472500000000000000e+02 5.254632000000000747e-02 4.103154000000000523e-02
2.477500000000000000e+02 5.108670000000000572e-02 3.940974000000000560e-02
2.482500000000000000e+02 4.816746000000000222e-02 3.795012000000000385e-02
2.487500000000000000e+02 4.378860000000000391e-02 3.438216000000000189e-02
2.492500000000000000e+02 4.914054000000000338e-02 4.103154000000000523e-02
2.497500000000000000e+02 4.605912000000000200e-02 3.649050000000000210e-02
2.502500000000000000e+02 5.060016000000000513e-02 4.151808000000000581e-02
2.507500000000000000e+02 5.011362000000000455e-02 4.022064000000000195e-02
2.512500000000000000e+02 5.627646000000000731e-02 4.719438000000000105e-02
2.517500000000000000e+02 4.216680000000000428e-02 3.227382000000000167e-02
2.522500000000000000e+02 5.514120000000000826e-02 4.346424000000000121e-02
2.527500000000000000e+02 4.865400000000000280e-02 3.940974000000000560e-02
2.532500000000000000e+02 4.849182000000000492e-02 4.022064000000000195e-02
2.537500000000000000e+02 5.205978000000000688e-02 3.876102000000000020e-02
2.542500000000000000e+02 4.768092000000000164e-02 3.859884000000000231e-02
2.547500000000000000e+02 4.751874000000000375e-02 3.795012000000000385e-02
2.552500000000000000e+02 4.670784000000000741e-02 3.454433999999999977e-02
2.557500000000000000e+02 4.411296000000000661e-02 3.535524000000000305e-02
2.562500000000000000e+02 4.670784000000000741e-02 3.713922000000000057e-02
2.567500000000000000e+02 5.011362000000000455e-02 4.086936000000000041e-02
2.572500000000000000e+02 4.995144000000000667e-02 4.135590000000000099e-02
2.577500000000000000e+02 5.189760000000000206e-02 4.005846000000000406e-02
2.582500000000000000e+02 5.205978000000000688e-02 4.200462000000000640e-02
2.587500000000000000e+02 4.881618000000000762e-02 3.778794000000000597e-02
2.592500000000000000e+02 4.930272000000000127e-02 3.892320000000000502e-02
2.597500000000000000e+02 4.524822000000000566e-02 3.681486000000000480e-02
2.602500000000000000e+02 4.881618000000000762e-02 3.811230000000000173e-02
2.607500000000000000e+02 5.011362000000000455e-02 3.697704000000000268e-02
2.612500000000000000e+02 5.043798000000000725e-02 4.022064000000000195e-02
2.617500000000000000e+02 5.011362000000000455e-02 3.876102000000000020e-02
2.622500000000000000e+02 4.622130000000000682e-02 3.632832000000000422e-02
2.627500000000000000e+02 4.687002000000000529e-02 3.632832000000000422e-02
2.632500000000000000e+02 4.638348000000000471e-02 3.551742000000000093e-02
2.637500000000000000e+02 4.589694000000000412e-02 3.697704000000000268e-02
2.642500000000000000e+02 4.978926000000000185e-02 4.022064000000000195e-02
2.647500000000000000e+02 5.546556000000000403e-02 4.476168000000000508e-02
2.652500000000000000e+02 5.076234000000000302e-02 4.038282000000000677e-02
2.657500000000000000e+02 4.897836000000000550e-02 3.892320000000000502e-02
2.662500000000000000e+02 4.670784000000000741e-02 3.940974000000000560e-02
2.667500000000000000e+02 4.589694000000000412e-02 3.567960000000000576e-02
2.672500000000000000e+02 4.832964000000000704e-02 4.022064000000000195e-02
2.677500000000000000e+02 4.914054000000000338e-02 4.086936000000000041e-02
2.682500000000000000e+02 4.605912000000000200e-02 3.486870000000000247e-02
2.687500000000000000e+02 4.670784000000000741e-02 3.843666000000000443e-02
2.692500000000000000e+02 4.832964000000000704e-02 3.859884000000000231e-02
2.697500000000000000e+02 5.205978000000000688e-02 4.038282000000000677e-02
2.702500000000000000e+02 4.751874000000000375e-02 3.778794000000000597e-02
2.707500000000000000e+02 5.076234000000000302e-02 4.119372000000000311e-02
2.712500000000000000e+02 5.205978000000000688e-02 4.135590000000000099e-02
2.717500000000000000e+02 4.881618000000000762e-02 3.957192000000000348e-02
2.722500000000000000e+02 4.849182000000000492e-02 3.762576000000000115e-02
2.727500000000000000e+02 5.027580000000000243e-02 3.957192000000000348e-02
2.732500000000000000e+02 4.459950000000000719e-02 3.486870000000000247e-02
2.737500000000000000e+02 4.573476000000000624e-02 3.730140000000000539e-02
2.742500000000000000e+02 4.800528000000000434e-02 3.843666000000000443e-02
2.747500000000000000e+02 4.103154000000000523e-02 3.146292000000000533e-02
2.752500000000000000e+02 4.962708000000000397e-02 3.908538000000000290e-02
2.757500000000000000e+02 4.735656000000000587e-02 3.876102000000000020e-02
2.762500000000000000e+02 5.189760000000000206e-02 4.151808000000000581e-02
2.767500000000000000e+02 4.151808000000000581e-02 3.227382000000000167e-02
2.772500000000000000e+02 4.751874000000000375e-02 3.924756000000000078e-02
2.777500000000000000e+02 5.027580000000000243e-02 3.811230000000000173e-02
2.782500000000000000e+02 4.735656000000000587e-02 3.746358000000000327e-02
2.787500000000000000e+02 4.443732000000000237e-02 3.470652000000000459e-02
2.792500000000000000e+02 4.362642000000000603e-02 3.503088000000000035e-02
2.797500000000000000e+02 4.897836000000000550e-02 3.762576000000000115e-02
2.802500000000000000e+02 4.086936000000000041e-02 3.340908000000000072e-02
2.807500000000000000e+02 4.346424000000000121e-02 3.519306000000000517e-02
2.812500000000000000e+02 5.060016000000000513e-02 3.924756000000000078e-02
2.817500000000000000e+02 4.151808000000000581e-02 3.178728000000000109e-02
2.822500000000000000e+02 4.832964000000000704e-02 3.859884000000000231e-02
2.827500000000000000e+02 4.768092000000000164e-02 3.843666000000000443e-02
2.832500000000000000e+02 4.605912000000000200e-02 3.762576000000000115e-02
2.837500000000000000e+02 4.265334000000000486e-02 3.438216000000000189e-02
2.842500000000000000e+02 4.362642000000000603e-02 3.438216000000000189e-02
2.847500000000000000e+02 5.011362000000000455e-02 4.038282000000000677e-02
2.852500000000000000e+02 4.362642000000000603e-02 3.454433999999999977e-02
2.857500000000000000e+02 4.751874000000000375e-02 3.762576000000000115e-02
2.862500000000000000e+02 4.670784000000000741e-02 3.616614000000000634e-02
2.867500000000000000e+02 4.768092000000000164e-02 3.811230000000000173e-02
2.872500000000000000e+02 4.589694000000000412e-02 3.713922000000000057e-02
2.877500000000000000e+02 4.800528000000000434e-02 3.892320000000000502e-02
2.882500000000000000e+02 5.108670000000000572e-02 4.135590000000000099e-02
2.887500000000000000e+02 4.589694000000000412e-02 3.746358000000000327e-02
2.892500000000000000e+02 4.557258000000000142e-02 3.632832000000000422e-02
2.897500000000000000e+02 4.670784000000000741e-02 3.681486000000000480e-02
2.902500000000000000e+02 4.086936000000000041e-02 3.162510000000000321e-02
2.907500000000000000e+02 4.216680000000000428e-02 3.405780000000000612e-02
2.912500000000000000e+02 4.670784000000000741e-02 3.892320000000000502e-02
2.917500000000000000e+02 4.232898000000000216e-02 3.373344000000000342e-02
2.922500000000000000e+02 4.832964000000000704e-02 3.908538000000000290e-02
2.927500000000000000e+02 4.005846000000000406e-02 3.097638000000000127e-02
2.932500000000000000e+02 4.086936000000000041e-02 3.048984000000000416e-02
2.937500000000000000e+02 4.216680000000000428e-02 3.421998000000000401e-02
2.942500000000000000e+02 4.427514000000000449e-02 3.519306000000000517e-02
2.947500000000000000e+02 4.492386000000000296e-02 3.600396000000000152e-02
2.952500000000000000e+02 4.119372000000000311e-02 3.259818000000000437e-02
2.957500000000000000e+02 4.411296000000000661e-02 3.600396000000000152e-02
2.962500000000000000e+02 4.427514000000000449e-02 3.519306000000000517e-02
2.967500000000000000e+02 4.719438000000000105e-02 3.713922000000000057e-02
2.972500000000000000e+02 4.735656000000000587e-02 3.843666000000000443e-02
2.977500000000000000e+02 4.930272000000000127e-02 4.022064000000000195e-02
2.982500000000000000e+02 4.832964000000000704e-02 3.811230000000000173e-02
2.987500000000000000e+02 4.476168000000000508e-02 3.697704000000000268e-02
2.992500000000000000e+02 4.638348000000000471e-02 3.665267999999999998e-02
2.997500000000000000e+02 4.751874000000000375e-02 3.632832000000000422e-02
3.002500000000000000e+02 3.762576000000000115e-02 3.113856000000000263e-02
3.007500000000000000e+02 4.719438000000000105e-02 3.892320000000000502e-02
3.012500000000000000e+02 4.184244000000000158e-02 3.292254000000000014e-02
3.017500000000000000e+02 3.989628000000000618e-02 3.243599999999999955e-02
3.022500000000000000e+02 4.670784000000000741e-02 3.697704000000000268e-02
3.027500000000000000e+02 4.362642000000000603e-02 3.405780000000000612e-02
3.032500000000000000e+02 4.119372000000000311e-02 3.276036000000000226e-02
3.037500000000000000e+02 4.200462000000000640e-02 3.211164000000000379e-02
3.042500000000000000e+02 3.600396000000000152e-02 2.951676000000000299e-02
3.047500000000000000e+02 4.330206000000000333e-02 3.632832000000000422e-02
3.052500000000000000e+02 4.200462000000000640e-02 3.438216000000000189e-02
3.057500000000000000e+02 4.346424000000000121e-02 3.567960000000000576e-02
3.062500000000000000e+02 4.119372000000000311e-02 3.243599999999999955e-02
3.067500000000000000e+02 4.459950000000000719e-02 3.486870000000000247e-02
3.072500000000000000e+02 4.103154000000000523e-02 3.357126000000000554e-02
3.077500000000000000e+02 4.038282000000000677e-02 3.308472000000000496e-02
3.082500000000000000e+02 4.200462000000000640e-02 3.340908000000000072e-02
3.087500000000000000e+02 4.232898000000000216e-02 3.373344000000000342e-02
3.092500000000000000e+02 4.265334000000000486e-02 3.324690000000000284e-02
3.097500000000000000e+02 4.751874000000000375e-02 3.632832000000000422e-02
3.102500000000000000e+02 4.135590000000000099e-02 3.308472000000000496e-02
3.107500000000000000e+02 4.492386000000000296e-02 3.681486000000000480e-02
3.112500000000000000e+02 4.249116000000000698e-02 3.470652000000000459e-02
3.117500000000000000e+02 3.697704000000000268e-02 2.903022000000000241e-02
3.122500000000000000e+02 4.622130000000000682e-02 3.730140000000000539e-02
3.127500000000000000e+02 3.713922000000000057e-02 3.000330000000000358e-02
3.132500000000000000e+02 3.957192000000000348e-02 2.967894000000000435e-02
3.137500000000000000e+02 3.989628000000000618e-02 3.259818000000000437e-02
3.142500000000000000e+02 4.265334000000000486e-02 3.292254000000000014e-02
3.147500000000000000e+02 4.005846000000000406e-02 3.243599999999999955e-02
3.152500000000000000e+02 4.184244000000000158e-02 3.276036000000000226e-02
3.157500000000000000e+02 3.908538000000000290e-02 3.000330000000000358e-02
3.162500000000000000e+02 3.924756000000000078e-02 3.324690000000000284e-02
3.167500000000000000e+02 4.362642000000000603e-02 3.567960000000000576e-02
3.172500000000000000e+02 4.427514000000000449e-02 3.535524000000000305e-02
3.177500000000000000e+02 4.151808000000000581e-02 3.308472000000000496e-02
3.182500000000000000e+02 4.508604000000000084e-02 3.649050000000000210e-02
3.187500000000000000e+02 4.232898000000000216e-02 3.389562000000000130e-02
3.192500000000000000e+02 4.492386000000000296e-02 3.470652000000000459e-02
3.197500000000000000e+02 4.232898000000000216e-02 3.519306000000000517e-02
3.202500000000000000e+02 4.184244000000000158e-02 3.486870000000000247e-02
3.207500000000000000e+02 4.022064000000000195e-02 3.259818000000000437e-02
3.212500000000000000e+02 4.281552000000000274e-02 3.470652000000000459e-02
3.217500000000000000e+02 4.005846000000000406e-02 3.113856000000000263e-02
3.222500000000000000e+02 4.103154000000000523e-02 3.211164000000000379e-02
3.227500000000000000e+02 3.632832000000000422e-02 3.081420000000000339e-02
3.232500000000000000e+02 4.151808000000000581e-02 3.389562000000000130e-02
3.237500000000000000e+02 4.443732000000000237e-02 3.649050000000000210e-02
3.242500000000000000e+02 4.119372000000000311e-02 3.211164000000000379e-02
3.247500000000000000e+02 3.908538000000000290e-02 3.227382000000000167e-02
3.252500000000000000e+02 4.086936000000000041e-02 3.227382000000000167e-02
3.257500000000000000e+02 3.876102000000000020e-02 3.065202000000000204e-02
3.262500000000000000e+02 4.135590000000000099e-02 3.454433999999999977e-02
3.267500000000000000e+02 4.362642000000000603e-02 3.551742000000000093e-02
3.272500000000000000e+02 4.038282000000000677e-02 3.340908000000000072e-02
3.277500000000000000e+02 3.859884000000000231e-02 3.000330000000000358e-02
3.282500000000000000e+02 4.281552000000000274e-02 3.486870000000000247e-02
3.287500000000000000e+02 4.103154000000000523e-02 3.259818000000000437e-02
3.292500000000000000e+02 4.103154000000000523e-02 3.292254000000000014e-02
3.297500000000000000e+02 4.168026000000000370e-02 3.389562000000000130e-02
3.302500000000000000e+02 4.135590000000000099e-02 3.259818000000000437e-02
3.307500000000000000e+02 4.378860000000000391e-02 3.503088000000000035e-02
3.312500000000000000e+02 4.054500000000000465e-02 3.276036000000000226e-02
3.317500000000000000e+02 4.135590000000000099e-02 3.389562000000000130e-02
3.322500000000000000e+02 3.470652000000000459e-02 2.757060000000000413e-02
3.327500000000000000e+02 4.005846000000000406e-02 3.081420000000000339e-02
3.332500000000000000e+02 4.005846000000000406e-02 3.357126000000000554e-02
3.337500000000000000e+02 4.168026000000000370e-02 3.421998000000000401e-02
3.342500000000000000e+02 4.249116000000000698e-02 3.584178000000000364e-02
3.347500000000000000e+02 3.632832000000000422e-02 2.951676000000000299e-02
3.352500000000000000e+02 4.216680000000000428e-02 3.454433999999999977e-02
3.357500000000000000e+02 4.135590000000000099e-02 3.259818000000000437e-02
3.362500000000000000e+02 3.746358000000000327e-02 3.016548000000000146e-02
3.367500000000000000e+02 4.297770000000000062e-02 3.503088000000000035e-02
3.372500000000000000e+02 3.665267999999999998e-02 3.000330000000000358e-02
3.377500000000000000e+02 3.843666000000000443e-02 2.821932000000000260e-02
3.382500000000000000e+02 4.005846000000000406e-02 3.211164000000000379e-02
3.387500000000000000e+02 3.957192000000000348e-02 3.016548000000000146e-02
3.392500000000000000e+02 3.795012000000000385e-02 3.162510000000000321e-02
3.397500000000000000e+02 3.795012000000000385e-02 2.967894000000000435e-02
3.402500000000000000e+02 3.892320000000000502e-02 3.243599999999999955e-02
3.407500000000000000e+02 4.330206000000000333e-02 3.470652000000000459e-02
3.412500000000000000e+02 3.940974000000000560e-02 3.211164000000000379e-02
3.417500000000000000e+02 3.681486000000000480e-02 2.984112000000000223e-02
3.422500000000000000e+02 4.232898000000000216e-02 3.454433999999999977e-02
3.427500000000000000e+02 3.357126000000000554e-02 2.854368000000000183e-02
3.432500000000000000e+02 3.908538000000000290e-02 3.032766000000000281e-02
3.437500000000000000e+02 3.584178000000000364e-02 2.789496000000000336e-02
3.442500000000000000e+02 3.600396000000000152e-02 2.773278000000000201e-02
3.447500000000000000e+02 3.811230000000000173e-02 2.886804000000000106e-02
3.452500000000000000e+02 3.632832000000000422e-02 2.838150000000000395e-02
3.457500000000000000e+02 3.892320000000000502e-02 3.162510000000000321e-02
3.462500000000000000e+02 3.843666000000000443e-02 3.065202000000000204e-02
3.467500000000000000e+02 3.616614000000000634e-02 2.886804000000000106e-02
3.472500000000000000e+02 3.584178000000000364e-02 2.854368000000000183e-02
3.477500000000000000e+02 3.600396000000000152e-02 2.886804000000000106e-02
3.482500000000000000e+02 3.957192000000000348e-02 3.048984000000000416e-02
3.487500000000000000e+02 4.054500000000000465e-02 3.308472000000000496e-02
3.492500000000000000e+02 3.567960000000000576e-02 2.789496000000000336e-02
3.497500000000000000e+02 3.859884000000000231e-02 3.000330000000000358e-02
3.502500000000000000e+02 4.038282000000000677e-02 3.292254000000000014e-02
3.507500000000000000e+02 3.632832000000000422e-02 2.724624000000000143e-02
3.512500000000000000e+02 3.795012000000000385e-02 2.886804000000000106e-02
3.517500000000000000e+02 3.746358000000000327e-02 2.951676000000000299e-02
3.522500000000000000e+02 4.119372000000000311e-02 3.405780000000000612e-02
3.527500000000000000e+02 4.086936000000000041e-02 3.519306000000000517e-02
3.532500000000000000e+02 3.957192000000000348e-02 3.097638000000000127e-02
3.537500000000000000e+02 3.713922000000000057e-02 2.951676000000000299e-02
3.542500000000000000e+02 3.859884000000000231e-02 3.162510000000000321e-02
3.547500000000000000e+02 3.989628000000000618e-02 3.194946000000000591e-02
3.552500000000000000e+02 3.762576000000000115e-02 2.854368000000000183e-02
3.557500000000000000e+02 4.005846000000000406e-02 3.227382000000000167e-02
3.562500000000000000e+02 4.184244000000000158e-02 3.519306000000000517e-02
3.567500000000000000e+02 3.811230000000000173e-02 3.146292000000000533e-02
3.572500000000000000e+02 3.811230000000000173e-02 3.194946000000000591e-02
3.577500000000000000e+02 3.892320000000000502e-02 3.000330000000000358e-02
3.582500000000000000e+02 3.973410000000000136e-02 3.097638000000000127e-02
3.587500000000000000e+02 3.973410000000000136e-02 3.340908000000000072e-02
3.592500000000000000e+02 3.859884000000000231e-02 3.097638000000000127e-02
3.597500000000000000e+02 3.843666000000000443e-02 3.194946000000000591e-02
3.602500000000000000e+02 3.746358000000000327e-02 3.097638000000000127e-02
3.607500000000000000e+02 3.827448000000000655e-02 2.951676000000000299e-02
3.612500000000000000e+02 3.405780000000000612e-02 2.724624000000000143e-02
3.617500000000000000e+02 3.438216000000000189e-02 2.659752000000000297e-02
3.622500000000000000e+02 4.135590000000000099e-02 3.357126000000000554e-02
3.627500000000000000e+02 3.405780000000000612e-02 2.675970000000000085e-02
3.632500000000000000e+02 3.632832000000000422e-02 2.903022000000000241e-02
3.637500000000000000e+02 3.746358000000000327e-02 3.130074000000000051e-02
3.642500000000000000e+02 3.908538000000000290e-02 3.146292000000000533e-02
3.647500000000000000e+02 3.097638000000000127e-02 2.465136000000000063e-02
3.652500000000000000e+02 3.973410000000000136e-02 3.324690000000000284e-02
3.657500000000000000e+02 3.730140000000000539e-02 3.032766000000000281e-02
3.662500000000000000e+02 3.567960000000000576e-02 2.870586000000000318e-02
3.667500000000000000e+02 3.827448000000000655e-02 3.016548000000000146e-02
3.672500000000000000e+02 3.989628000000000618e-02 3.324690000000000284e-02
3.677500000000000000e+02 3.632832000000000422e-02 2.821932000000000260e-02
3.682500000000000000e+02 3.713922000000000057e-02 3.000330000000000358e-02
3.687500000000000000e+02 3.827448000000000655e-02 2.919240000000000376e-02
3.692500000000000000e+02 3.421998000000000401e-02 2.757060000000000413e-02
3.697500000000000000e+02 3.486870000000000247e-02 2.562444000000000180e-02
3.702500000000000000e+02 3.940974000000000560e-02 3.438216000000000189e-02
3.707500000000000000e+02 3.940974000000000560e-02 3.178728000000000109e-02
3.712500000000000000e+02 3.940974000000000560e-02 3.259818000000000437e-02
3.717500000000000000e+02 3.438216000000000189e-02 2.821932000000000260e-02
3.722500000000000000e+02 3.843666000000000443e-02 2.903022000000000241e-02
3.727500000000000000e+02 3.892320000000000502e-02 3.032766000000000281e-02
3.732500000000000000e+02 3.632832000000000422e-02 2.821932000000000260e-02
3.737500000000000000e+02 3.730140000000000539e-02 3.081420000000000339e-02
3.742500000000000000e+02 3.892320000000000502e-02 3.097638000000000127e-02
3.747500000000000000e+02 3.730140000000000539e-02 3.194946000000000591e-02
3.752500000000000000e+02 3.713922000000000057e-02 2.967894000000000435e-02
3.757500000000000000e+02 3.486870000000000247e-02 2.724624000000000143e-02
3.762500000000000000e+02 3.892320000000000502e-02 2.935458000000000164e-02
3.767500000000000000e+02 3.438216000000000189e-02 2.692188000000000220e-02
3.772500000000000000e+02 3.178728000000000109e-02 2.708406000000000355e-02
3.777500000000000000e+02 3.324690000000000284e-02 2.789496000000000336e-02
3.782500000000000000e+02 4.005846000000000406e-02 3.243599999999999955e-02
3.787500000000000000e+02 3.746358000000000327e-02 3.130074000000000051e-02
3.792500000000000000e+02 3.259818000000000437e-02 2.546226000000000392e-02
3.797500000000000000e+02 3.438216000000000189e-02 2.724624000000000143e-02
3.802500000000000000e+02 4.054500000000000465e-02 3.097638000000000127e-02
3.807500000000000000e+02 3.908538000000000290e-02 3.243599999999999955e-02
3.812500000000000000e+02 3.940974000000000560e-02 3.162510000000000321e-02
3.817500000000000000e+02 3.681486000000000480e-02 3.065202000000000204e-02
3.822500000000000000e+02 4.151808000000000581e-02 3.211164000000000379e-02
3.827500000000000000e+02 3.746358000000000327e-02 2.951676000000000299e-02
3.832500000000000000e+02 3.697704000000000268e-02 3.048984000000000416e-02
3.837500000000000000e+02 3.795012000000000385e-02 3.065202000000000204e-02
3.842500000000000000e+02 3.632832000000000422e-02 2.935458000000000164e-02
3.847500000000000000e+02 3.616614000000000634e-02 2.789496000000000336e-02
3.852500000000000000e+02 3.876102000000000020e-02 3.048984000000000416e-02
3.857500000000000000e+02 3.535524000000000305e-02 2.805714000000000125e-02
3.862500000000000000e+02 4.054500000000000465e-02 3.130074000000000051e-02
3.867500000000000000e+02 3.584178000000000364e-02 2.724624000000000143e-02
3.872500000000000000e+02 3.876102000000000020e-02 3.178728000000000109e-02
3.877500000000000000e+02 3.357126000000000554e-02 2.692188000000000220e-02
3.882500000000000000e+02 3.940974000000000560e-02 3.097638000000000127e-02
3.887500000000000000e+02 3.892320000000000502e-02 3.146292000000000533e-02
3.892500000000000000e+02 3.535524000000000305e-02 2.935458000000000164e-02
3.897500000000000000e+02 3.357126000000000554e-02 2.643534000000000161e-02
3.902500000000000000e+02 3.584178000000000364e-02 2.854368000000000183e-02
3.907500000000000000e+02 3.503088000000000035e-02 2.594880000000000103e-02
3.912500000000000000e+02 3.503088000000000035e-02 2.919240000000000376e-02
3.917500000000000000e+02 3.340908000000000072e-02 2.675970000000000085e-02
3.922500000000000000e+02 3.551742000000000093e-02 2.919240000000000376e-02
3.927500000000000000e+02 3.211164000000000379e-02 2.465136000000000063e-02
3.932500000000000000e+02 3.665267999999999998e-02 2.935458000000000164e-02
3.937500000000000000e+02 3.827448000000000655e-02 3.113856000000000263e-02
3.942500000000000000e+02 3.373344000000000342e-02 2.773278000000000201e-02
3.947500000000000000e+02 3.600396000000000152e-02 2.886804000000000106e-02
3.952500000000000000e+02 3.421998000000000401e-02 2.675970000000000085e-02
3.957500000000000000e+02 3.681486000000000480e-02 3.000330000000000358e-02
3.962500000000000000e+02 3.535524000000000305e-02 2.838150000000000395e-02
3.967500000000000000e+02 3.097638000000000127e-02 2.367828000000000294e-02
3.972500000000000000e+02 3.843666000000000443e-02 3.130074000000000051e-02
3.977500000000000000e+02 3.973410000000000136e-02 3.243599999999999955e-02
3.982500000000000000e+02 3.649050000000000210e-02 2.886804000000000106e-02
3.987500000000000000e+02 3.519306000000000517e-02 2.789496000000000336e-02
3.992500000000000000e+02 3.130074000000000051e-02 2.513790000000000122e-02
3.997500000000000000e+02 4.249116000000000698e-02 3.438216000000000189e-02
4.002500000000000000e+02 3.405780000000000612e-02 2.708406000000000355e-02
4.007500000000000000e+02 3.681486000000000480e-02 2.984112000000000223e-02
4.012500000000000000e+02 3.470652000000000459e-02 2.870586000000000318e-02
4.017500000000000000e+02 3.292254000000000014e-02 2.675970000000000085e-02
4.022500000000000000e+02 3.535524000000000305e-02 2.838150000000000395e-02
4.027500000000000000e+02 3.373344000000000342e-02 2.903022000000000241e-02
4.032500000000000000e+02 3.243599999999999955e-02 2.805714000000000125e-02
4.037500000000000000e+02 3.178728000000000109e-02 2.643534000000000161e-02
4.042500000000000000e+02 3.535524000000000305e-02 2.805714000000000125e-02
4.047500000000000000e+02 3.649050000000000210e-02 2.886804000000000106e-02
4.052500000000000000e+02 3.130074000000000051e-02 2.546226000000000392e-02
4.057500000000000000e+02 3.178728000000000109e-02 2.562444000000000180e-02
4.062500000000000000e+02 3.665267999999999998e-02 3.065202000000000204e-02
4.067500000000000000e+02 3.486870000000000247e-02 2.838150000000000395e-02
4.072500000000000000e+02 3.600396000000000152e-02 2.951676000000000299e-02
4.077500000000000000e+02 3.276036000000000226e-02 2.740842000000000278e-02
4.082500000000000000e+02 3.454433999999999977e-02 2.935458000000000164e-02
4.087500000000000000e+02 3.778794000000000597e-02 3.016548000000000146e-02
4.092500000000000000e+02 3.421998000000000401e-02 2.935458000000000164e-02
4.097500000000000000e+02 3.876102000000000020e-02 3.227382000000000167e-02
4.102500000000000000e+02 3.373344000000000342e-02 2.805714000000000125e-02
4.107500000000000000e+02 3.178728000000000109e-02 2.432700000000000140e-02
4.112500000000000000e+02 3.535524000000000305e-02 3.113856000000000263e-02
4.117500000000000000e+02 3.162510000000000321e-02 2.448918000000000275e-02
4.122500000000000000e+02 3.178728000000000109e-02 2.351610000000000159e-02
4.127500000000000000e+02 3.194946000000000591e-02 2.562444000000000180e-02
4.132500000000000000e+02 2.886804000000000106e-02 2.416482000000000352e-02
4.137500000000000000e+02 3.762576000000000115e-02 2.740842000000000278e-02
4.142500000000000000e+02 3.373344000000000342e-02 2.757060000000000413e-02
4.147500000000000000e+02 3.454433999999999977e-02 2.708406000000000355e-02
4.152500000000000000e+02 2.919240000000000376e-02 2.335392000000000370e-02
4.157500000000000000e+02 3.470652000000000459e-02 2.740842000000000278e-02
4.162500000000000000e+02 3.713922000000000057e-02 2.967894000000000435e-02
4.167500000000000000e+02 2.967894000000000435e-02 2.416482000000000352e-02
4.172500000000000000e+02 3.438216000000000189e-02 2.903022000000000241e-02
4.177500000000000000e+02 2.838150000000000395e-02 2.286738000000000312e-02
4.182500000000000000e+02 3.211164000000000379e-02 2.594880000000000103e-02
4.187500000000000000e+02 3.292254000000000014e-02 2.692188000000000220e-02
4.192500000000000000e+02 3.405780000000000612e-02 2.675970000000000085e-02
4.197500000000000000e+02 3.259818000000000437e-02 2.692188000000000220e-02
4.202500000000000000e+02 3.535524000000000305e-02 2.692188000000000220e-02
4.207500000000000000e+02 3.227382000000000167e-02 2.643534000000000161e-02
4.212500000000000000e+02 3.227382000000000167e-02 2.740842000000000278e-02
4.217500000000000000e+02 3.535524000000000305e-02 2.821932000000000260e-02
4.222500000000000000e+02 3.357126000000000554e-02 2.821932000000000260e-02
4.227500000000000000e+02 3.276036000000000226e-02 2.578662000000000315e-02
4.232500000000000000e+02 3.697704000000000268e-02 3.032766000000000281e-02
4.237500000000000000e+02 3.357126000000000554e-02 2.903022000000000241e-02
4.242500000000000000e+02 3.194946000000000591e-02 2.497572000000000333e-02
4.247500000000000000e+02 3.503088000000000035e-02 2.692188000000000220e-02
4.252500000000000000e+02 3.876102000000000020e-02 3.292254000000000014e-02
4.257500000000000000e+02 3.519306000000000517e-02 2.757060000000000413e-02
4.262500000000000000e+02 3.308472000000000496e-02 2.546226000000000392e-02
4.267500000000000000e+02 3.389562000000000130e-02 2.497572000000000333e-02
4.272500000000000000e+02 3.357126000000000554e-02 2.513790000000000122e-02
4.277500000000000000e+02 3.503088000000000035e-02 2.838150000000000395e-02
4.282500000000000000e+02 3.113856000000000263e-02 2.530008000000000257e-02
4.287500000000000000e+02 3.567960000000000576e-02 3.016548000000000146e-02
4.292500000000000000e+02 3.292254000000000014e-02 2.643534000000000161e-02
4.297500000000000000e+02 3.551742000000000093e-02 2.675970000000000085e-02
4.302500000000000000e+02 3.292254000000000014e-02 2.562444000000000180e-02
4.307500000000000000e+02 3.227382000000000167e-02 2.562444000000000180e-02
4.312500000000000000e+02 3.730140000000000539e-02 2.919240000000000376e-02
4.317500000000000000e+02 3.227382000000000167e-02 2.708406000000000355e-02
4.322500000000000000e+02 3.486870000000000247e-02 2.805714000000000125e-02
4.327500000000000000e+02 3.600396000000000152e-02 3.032766000000000281e-02
4.332500000000000000e+02 3.373344000000000342e-02 2.854368000000000183e-02
4.337500000000000000e+02 3.243599999999999955e-02 2.643534000000000161e-02
4.342500000000000000e+02 3.535524000000000305e-02 2.854368000000000183e-02
4.347500000000000000e+02 3.194946000000000591e-02 2.594880000000000103e-02
4.352500000000000000e+02 3.308472000000000496e-02 2.821932000000000260e-02
4.357500000000000000e+02 3.567960000000000576e-02 2.692188000000000220e-02
4.362500000000000000e+02 3.567960000000000576e-02 2.675970000000000085e-02
4.367500000000000000e+02 3.292254000000000014e-02 2.692188000000000220e-02
4.372500000000000000e+02 3.632832000000000422e-02 2.919240000000000376e-02
4.377500000000000000e+02 3.600396000000000152e-02 2.854368000000000183e-02
4.382500000000000000e+02 3.373344000000000342e-02 2.594880000000000103e-02
4.387500000000000000e+02 3.551742000000000093e-02 2.854368000000000183e-02
4.392500000000000000e+02 3.146292000000000533e-02 2.465136000000000063e-02
4.397500000000000000e+02 3.130074000000000051e-02 2.594880000000000103e-02
4.402500000000000000e+02 3.389562000000000130e-02 2.708406000000000355e-02
4.407500000000000000e+02 3.065202000000000204e-02 2.448918000000000275e-02
4.412500000000000000e+02 3.211164000000000379e-02 2.708406000000000355e-02
4.417500000000000000e+02 3.243599999999999955e-02 2.513790000000000122e-02
4.422500000000000000e+02 3.308472000000000496e-02 2.497572000000000333e-02
4.427500000000000000e+02 2.821932000000000260e-02 2.238084000000000254e-02
4.432500000000000000e+02 3.162510000000000321e-02 2.530008000000000257e-02
4.437500000000000000e+02 3.146292000000000533e-02 2.465136000000000063e-02
4.442500000000000000e+02 3.357126000000000554e-02 2.643534000000000161e-02
4.447500000000000000e+02 3.324690000000000284e-02 2.659752000000000297e-02
4.452500000000000000e+02 3.194946000000000591e-02 2.367828000000000294e-02
4.457500000000000000e+02 3.065202000000000204e-02 2.562444000000000180e-02
4.462500000000000000e+02 3.211164000000000379e-02 2.513790000000000122e-02
4.467500000000000000e+02 3.438216000000000189e-02 2.805714000000000125e-02
4.472500000000000000e+02 3.162510000000000321e-02 2.465136000000000063e-02
4.477500000000000000e+02 3.211164000000000379e-02 2.692188000000000220e-02
4.482500000000000000e+02 3.438216000000000189e-02 2.789496000000000336e-02
4.487500000000000000e+02 3.243599999999999955e-02 2.659752000000000297e-02
4.492500000000000000e+02 3.324690000000000284e-02 2.740842000000000278e-02
4.497500000000000000e+02 3.373344000000000342e-02 2.773278000000000201e-02
4.502500000000000000e+02 3.357126000000000554e-02 2.675970000000000085e-02
4.507500000000000000e+02 3.276036000000000226e-02 2.659752000000000297e-02
4.512500000000000000e+02 3.065202000000000204e-02 2.497572000000000333e-02
4.517500000000000000e+02 3.438216000000000189e-02 2.757060000000000413e-02
4.522500000000000000e+02 2.919240000000000376e-02 2.384046000000000082e-02
4.527500000000000000e+02 3.211164000000000379e-02 2.546226000000000392e-02
4.532500000000000000e+02 3.016548000000000146e-02 2.432700000000000140e-02
4.537500000000000000e+02 3.130074000000000051e-02 2.497572000000000333e-02
4.542500000000000000e+02 3.227382000000000167e-02 2.594880000000000103e-02
4.547500000000000000e+02 3.162510000000000321e-02 2.708406000000000355e-02
4.552500000000000000e+02 2.821932000000000260e-02 2.254302000000000042e-02
4.557500000000000000e+02 2.984112000000000223e-02 2.497572000000000333e-02
4.562500000000000000e+02 2.562444000000000180e-02 1.994814000000000309e-02
4.567500000000000000e+02 3.016548000000000146e-02 2.302956000000000100e-02
4.572500000000000000e+02 3.016548000000000146e-02 2.448918000000000275e-02
4.577500000000000000e+02 3.000330000000000358e-02 2.286738000000000312e-02
4.582500000000000000e+02 3.211164000000000379e-02 2.497572000000000333e-02
4.587500000000000000e+02 3.486870000000000247e-02 2.886804000000000106e-02
4.592500000000000000e+02 3.389562000000000130e-02 2.821932000000000260e-02
4.597500000000000000e+02 3.048984000000000416e-02 2.400264000000000217e-02
4.602500000000000000e+02 3.551742000000000093e-02 3.130074000000000051e-02
4.607500000000000000e+02 3.178728000000000109e-02 2.416482000000000352e-02
4.612500000000000000e+02 2.724624000000000143e-02 2.286738000000000312e-02
4.617500000000000000e+02 3.243599999999999955e-02 2.530008000000000257e-02
4.622500000000000000e+02 3.292254000000000014e-02 2.659752000000000297e-02
4.627500000000000000e+02 3.097638000000000127e-02 2.513790000000000122e-02
4.632500000000000000e+02 3.211164000000000379e-02 2.562444000000000180e-02
4.637500000000000000e+02 2.984112000000000223e-02 2.302956000000000100e-02
4.642500000000000000e+02 3.130074000000000051e-02 2.627316000000000373e-02
4.647500000000000000e+02 3.243599999999999955e-02 2.513790000000000122e-02
4.652500000000000000e+02 3.048984000000000416e-02 2.286738000000000312e-02
4.657500000000000000e+02 2.805714000000000125e-02 2.205648000000000331e-02
4.662500000000000000e+02 3.113856000000000263e-02 2.432700000000000140e-02
4.667500000000000000e+02 3.211164000000000379e-02 2.594880000000000103e-02
4.672500000000000000e+02 3.535524000000000305e-02 2.984112000000000223e-02
4.677500000000000000e+02 3.357126000000000554e-02 2.675970000000000085e-02
4.682500000000000000e+02 3.292254000000000014e-02 2.740842000000000278e-02
4.687500000000000000e+02 3.438216000000000189e-02 2.740842000000000278e-02
4.692500000000000000e+02 3.697704000000000268e-02 2.967894000000000435e-02
4.697500000000000000e+02 3.292254000000000014e-02 2.562444000000000180e-02
4.702500000000000000e+02 2.659752000000000297e-02 2.205648000000000331e-02
4.707500000000000000e+02 3.130074000000000051e-02 2.530008000000000257e-02
4.712500000000000000e+02 2.951676000000000299e-02 2.286738000000000312e-02
4.717500000000000000e+02 3.276036000000000226e-02 2.594880000000000103e-02
4.722500000000000000e+02 3.340908000000000072e-02 2.416482000000000352e-02
4.727500000000000000e+02 3.081420000000000339e-02 2.432700000000000140e-02
4.732500000000000000e+02 2.708406000000000355e-02 2.059686000000000156e-02
4.737500000000000000e+02 3.081420000000000339e-02 2.594880000000000103e-02
4.742500000000000000e+02 3.194946000000000591e-02 2.481354000000000198e-02
4.747500000000000000e+02 3.162510000000000321e-02 2.448918000000000275e-02
4.752500000000000000e+02 2.578662000000000315e-02 2.124558000000000349e-02
4.757500000000000000e+02 3.081420000000000339e-02 2.465136000000000063e-02
4.762500000000000000e+02 3.276036000000000226e-02 2.692188000000000220e-02
4.767500000000000000e+02 2.967894000000000435e-02 2.384046000000000082e-02
4.772500000000000000e+02 3.178728000000000109e-02 2.594880000000000103e-02
4.777500000000000000e+02 3.292254000000000014e-02 2.789496000000000336e-02
4.782500000000000000e+02 2.692188000000000220e-02 2.059686000000000156e-02
4.787500000000000000e+02 2.935458000000000164e-02 2.400264000000000217e-02
4.792500000000000000e+02 3.421998000000000401e-02 2.659752000000000297e-02
4.797500000000000000e+02 2.611098000000000238e-02 2.092122000000000079e-02
4.802500000000000000e+02 3.292254000000000014e-02 2.789496000000000336e-02
4.807500000000000000e+02 2.886804000000000106e-02 2.286738000000000312e-02
4.812500000000000000e+02 3.048984000000000416e-02 2.400264000000000217e-02
4.817500000000000000e+02 3.551742000000000093e-02 2.886804000000000106e-02
4.822500000000000000e+02 2.854368000000000183e-02 2.092122000000000079e-02
4.827500000000000000e+02 3.097638000000000127e-02 2.643534000000000161e-02
4.832500000000000000e+02 2.919240000000000376e-02 2.286738000000000312e-02
4.837500000000000000e+02 3.227382000000000167e-02 2.740842000000000278e-02
4.842500000000000000e+02 2.951676000000000299e-02 2.351610000000000159e-02
4.847500000000000000e+02 3.032766000000000281e-02 2.497572000000000333e-02
4.852500000000000000e+02 3.032766000000000281e-02 2.254302000000000042e-02
4.857500000000000000e+02 2.967894000000000435e-02 2.497572000000000333e-02
4.862500000000000000e+02 3.276036000000000226e-02 2.578662000000000315e-02
4.867500000000000000e+02 3.373344000000000342e-02 2.789496000000000336e-02
4.872500000000000000e+02 3.130074000000000051e-02 2.562444000000000180e-02
4.877500000000000000e+02 2.919240000000000376e-02 2.416482000000000352e-02
4.882500000000000000e+02 3.113856000000000263e-02 2.497572000000000333e-02
4.887500000000000000e+02 2.870586000000000318e-02 2.465136000000000063e-02
4.892500000000000000e+02 2.757060000000000413e-02 2.254302000000000042e-02
4.897500000000000000e+02 3.162510000000000321e-02 2.465136000000000063e-02
4.902500000000000000e+02 2.692188000000000220e-02 2.140776000000000137e-02
4.907500000000000000e+02 2.967894000000000435e-02 2.189430000000000195e-02
4.912500000000000000e+02 3.259818000000000437e-02 2.692188000000000220e-02
4.917500000000000000e+02 3.097638000000000127e-02 2.513790000000000122e-02
4.922500000000000000e+02 3.194946000000000591e-02 2.497572000000000333e-02
4.927500000000000000e+02 3.113856000000000263e-02 2.367828000000000294e-02
4.932500000000000000e+02 2.935458000000000164e-02 2.416482000000000352e-02
4.937500000000000000e+02 2.643534000000000161e-02 2.092122000000000079e-02
4.942500000000000000e+02 2.919240000000000376e-02 2.286738000000000312e-02
4.947500000000000000e+02 3.178728000000000109e-02 2.546226000000000392e-02
4.952500000000000000e+02 3.081420000000000339e-02 2.497572000000000333e-02
4.957500000000000000e+02 3.032766000000000281e-02 2.416482000000000352e-02
4.962500000000000000e+02 2.805714000000000125e-02 2.400264000000000217e-02
4.967500000000000000e+02 2.627316000000000373e-02 2.108340000000000214e-02
4.972500000000000000e+02 2.773278000000000201e-02 2.254302000000000042e-02
4.977500000000000000e+02 2.789496000000000336e-02 2.335392000000000370e-02
4.982500000000000000e+02 2.724624000000000143e-02 2.238084000000000254e-02
4.987500000000000000e+02 3.065202000000000204e-02 2.448918000000000275e-02
4.992500000000000000e+02 2.951676000000000299e-02 2.384046000000000082e-02
4.997500000000000000e+02 2.984112000000000223e-02 2.530008000000000257e-02
5.010000000000000000e+02 1.144990800000000170e-01 9.438876000000000210e-02
5.030000000000000000e+02 1.175805000000000045e-01 9.584838000000001079e-02
5.050000000000000000e+02 1.200132000000000143e-01 9.747018000000000348e-02
5.070000000000000000e+02 1.192023000000000110e-01 9.633492000000000444e-02
5.090000000000000000e+02 1.159587000000000118e-01 9.649710000000000232e-02
5.110000000000000000e+02 1.157965200000000139e-01 9.049644000000001132e-02
5.130000000000000000e+02 1.135260000000000158e-01 9.536184000000000327e-02
5.150000000000000000e+02 1.156343400000000160e-01 9.422658000000000422e-02
5.170000000000000000e+02 1.170939600000000108e-01 9.325350000000000306e-02
5.190000000000000000e+02 1.154721600000000042e-01 9.568620000000001291e-02
5.210000000000000000e+02 1.164452400000000054e-01 9.438876000000000210e-02
5.230000000000000000e+02 1.093093200000000154e-01 8.644194000000000877e-02
5.250000000000000000e+02 1.138503600000000116e-01 9.260478000000001153e-02
5.270000000000000000e+02 1.076875200000000088e-01 8.514450000000001184e-02
5.290000000000000000e+02 1.166074200000000172e-01 9.471312000000001174e-02
5.310000000000000000e+02 1.089849600000000057e-01 8.919900000000001439e-02
5.330000000000000000e+02 1.161208800000000096e-01 9.406440000000000634e-02
5.350000000000000000e+02 1.003894200000000070e-01 8.060346000000000177e-02
5.370000000000000000e+02 1.133638200000000040e-01 9.130734000000001460e-02
5.390000000000000000e+02 1.036330200000000062e-01 8.384706000000000103e-02
5.410000000000000000e+02 1.114176600000000156e-01 8.498232000000001396e-02
5.430000000000000000e+02 1.072009800000000151e-01 8.482014000000000220e-02
5.450000000000000000e+02 1.169317800000000129e-01 9.374004000000001058e-02
5.470000000000000000e+02 1.101202200000000048e-01 8.855028000000000898e-02
5.490000000000000000e+02 1.122285600000000050e-01 8.855028000000000898e-02
5.510000000000000000e+02 1.078497000000000067e-01 8.595540000000000125e-02
5.530000000000000000e+02 1.003894200000000070e-01 8.109000000000000929e-02
5.550000000000000000e+02 1.081740600000000163e-01 8.855028000000000898e-02
5.570000000000000000e+02 1.042817400000000116e-01 8.482014000000000220e-02
5.590000000000000000e+02 1.055791800000000086e-01 8.563104000000000549e-02
5.610000000000000000e+02 1.054170000000000107e-01 8.417142000000001067e-02
5.630000000000000000e+02 1.015246800000000060e-01 8.417142000000001067e-02
5.650000000000000000e+02 1.034708400000000084e-01 8.660412000000000665e-02
5.670000000000000000e+02 1.036330200000000062e-01 8.546886000000000760e-02
5.690000000000000000e+02 9.795672000000001101e-02 8.206308000000001046e-02
5.710000000000000000e+02 1.029843000000000147e-01 8.319834000000000951e-02
5.730000000000000000e+02 1.015246800000000060e-01 8.222526000000000834e-02
5.750000000000000000e+02 1.046061000000000074e-01 8.417142000000001067e-02
5.770000000000000000e+02 1.070388000000000034e-01 8.449578000000000644e-02
5.790000000000000000e+02 9.665928000000001408e-02 7.735986000000000251e-02
5.810000000000000000e+02 9.844326000000000465e-02 7.946820000000000273e-02
5.830000000000000000e+02 1.109311200000000081e-01 9.082080000000000708e-02
5.850000000000000000e+02 1.049304600000000032e-01 8.400924000000001279e-02
5.870000000000000000e+02 1.046061000000000074e-01 8.303616000000001163e-02
5.890000000000000000e+02 9.568620000000001291e-02 7.590024000000000770e-02
5.910000000000000000e+02 9.811890000000000889e-02 7.898166000000000908e-02
5.930000000000000000e+02 1.010381400000000124e-01 8.109000000000000929e-02
5.950000000000000000e+02 1.046061000000000074e-01 8.530668000000000972e-02
5.970000000000000000e+02 9.747018000000000348e-02 7.979256000000001237e-02
5.990000000000000000e+02 9.244260000000001365e-02 7.298100000000000420e-02
6.010000000000000000e+02 9.957852000000000370e-02 7.914384000000000696e-02
6.030000000000000000e+02 9.730800000000000560e-02 8.287398000000001375e-02
6.050000000000000000e+02 9.941634000000000582e-02 7.735986000000000251e-02
6.070000000000000000e+02 9.471312000000001174e-02 7.638678000000000134e-02
6.090000000000000000e+02 1.002272400000000091e-01 8.190090000000001258e-02
6.110000000000000000e+02 1.016868600000000039e-01 8.157654000000000294e-02
6.130000000000000000e+02 9.763236000000001524e-02 7.881948000000001120e-02
6.150000000000000000e+02 9.276696000000000941e-02 7.800858000000000791e-02
6.170000000000000000e+02 1.008759600000000145e-01 8.173872000000000082e-02
6.190000000000000000e+02 9.471312000000001174e-02 7.541370000000000018e-02
6.210000000000000000e+02 9.552402000000001503e-02 8.011692000000000813e-02
6.230000000000000000e+02 1.010381400000000124e-01 8.417142000000001067e-02
6.250000000000000000e+02 1.028221200000000030e-01 8.368488000000000315e-02
6.270000000000000000e+02 1.036330200000000062e-01 8.449578000000000644e-02
6.290000000000000000e+02 1.013625000000000081e-01 7.914384000000000696e-02
6.310000000000000000e+02 9.682146000000001196e-02 7.995474000000001025e-02
6.330000000000000000e+02 9.503748000000000751e-02 7.849512000000000156e-02
6.350000000000000000e+02 9.649710000000000232e-02 7.800858000000000791e-02
6.370000000000000000e+02 9.584838000000001079e-02 7.784640000000001003e-02
6.390000000000000000e+02 9.179388000000000825e-02 7.217010000000000092e-02
6.410000000000000000e+02 9.325350000000000306e-02 7.298100000000000420e-02
6.430000000000000000e+02 9.747018000000000348e-02 8.044128000000000389e-02
6.450000000000000000e+02 9.082080000000000708e-02 7.217010000000000092e-02
6.470000000000000000e+02 8.984772000000000591e-02 7.087266000000000399e-02
6.490000000000000000e+02 9.163170000000001036e-02 7.314318000000000208e-02
6.510000000000000000e+02 8.660412000000000665e-02 7.054830000000000823e-02
6.530000000000000000e+02 9.357786000000001270e-02 7.719768000000000463e-02
6.550000000000000000e+02 9.309132000000000517e-02 7.606242000000000558e-02
6.570000000000000000e+02 9.390222000000000846e-02 7.541370000000000018e-02
6.590000000000000000e+02 9.325350000000000306e-02 7.541370000000000018e-02
6.610000000000000000e+02 8.465796000000000432e-02 7.006176000000000070e-02
6.630000000000000000e+02 8.952336000000001015e-02 7.200792000000000304e-02
6.650000000000000000e+02 9.049644000000001132e-02 7.249446000000001056e-02
6.670000000000000000e+02 9.811890000000000889e-02 7.784640000000001003e-02
6.690000000000000000e+02 9.519966000000000539e-02 7.768422000000001215e-02
6.710000000000000000e+02 9.082080000000000708e-02 7.460280000000001077e-02
6.730000000000000000e+02 8.919900000000001439e-02 7.071048000000000611e-02
6.750000000000000000e+02 8.709066000000001417e-02 7.217010000000000092e-02
6.770000000000000000e+02 9.163170000000001036e-02 7.557588000000001194e-02
6.790000000000000000e+02 8.579322000000000337e-02 6.762906000000000473e-02
6.810000000000000000e+02 1.023355800000000093e-01 8.352270000000000527e-02
6.830000000000000000e+02 8.838810000000001110e-02 6.843996000000000801e-02
6.850000000000000000e+02 9.325350000000000306e-02 7.460280000000001077e-02
6.870000000000000000e+02 8.352270000000000527e-02 6.649380000000000568e-02
6.890000000000000000e+02 8.660412000000000665e-02 7.006176000000000070e-02
6.910000000000000000e+02 9.146952000000001248e-02 7.022394000000001246e-02
6.930000000000000000e+02 8.692848000000000241e-02 6.860214000000000589e-02
6.950000000000000000e+02 9.374004000000001058e-02 7.492716000000000653e-02
6.970000000000000000e+02 8.692848000000000241e-02 7.119701999999999975e-02
6.990000000000000000e+02 9.211824000000000401e-02 7.135920000000001151e-02
7.010000000000000000e+02 9.292914000000000729e-02 7.362972000000000961e-02
7.030000000000000000e+02 8.076564000000001353e-02 6.519636000000000875e-02
7.050000000000000000e+02 8.968554000000000803e-02 7.184574000000000515e-02
7.070000000000000000e+02 8.336052000000000739e-02 6.811560000000001225e-02
7.090000000000000000e+02 8.709066000000001417e-02 7.071048000000000611e-02
7.110000000000000000e+02 8.157654000000000294e-02 6.341238000000000430e-02
7.130000000000000000e+02 8.303616000000001163e-02 6.762906000000000473e-02
7.150000000000000000e+02 8.287398000000001375e-02 6.779124000000000261e-02
7.170000000000000000e+02 8.757720000000000782e-02 7.152138000000000939e-02
7.190000000000000000e+02 8.482014000000000220e-02 6.876432000000000377e-02
7.210000000000000000e+02 8.336052000000000739e-02 6.519636000000000875e-02
7.230000000000000000e+02 8.660412000000000665e-02 7.168356000000000727e-02
7.250000000000000000e+02 7.525152000000000230e-02 6.081750000000000350e-02
7.270000000000000000e+02 9.309132000000000517e-02 7.411626000000000325e-02
7.290000000000000000e+02 8.044128000000000389e-02 6.519636000000000875e-02
7.310000000000000000e+02 8.352270000000000527e-02 6.860214000000000589e-02
7.330000000000000000e+02 8.417142000000001067e-02 6.762906000000000473e-02
7.350000000000000000e+02 8.157654000000000294e-02 6.454764000000000335e-02
7.370000000000000000e+02 8.417142000000001067e-02 6.795342000000000049e-02
7.390000000000000000e+02 8.514450000000001184e-02 6.843996000000000801e-02
7.410000000000000000e+02 7.719768000000000463e-02 6.243930000000000313e-02
7.430000000000000000e+02 7.881948000000001120e-02 6.162840000000000679e-02
7.450000000000000000e+02 7.849512000000000156e-02 6.389892000000001182e-02
7.470000000000000000e+02 8.822592000000001322e-02 6.892650000000000166e-02
7.490000000000000000e+02 8.676630000000000453e-02 7.022394000000001246e-02
7.510000000000000000e+02 8.319834000000000951e-02 6.762906000000000473e-02
7.530000000000000000e+02 8.449578000000000644e-02 6.503418000000001087e-02
7.550000000000000000e+02 7.946820000000000273e-02 6.535854000000000663e-02
7.570000000000000000e+02 8.806374000000000146e-02 7.168356000000000727e-02
7.590000000000000000e+02 8.579322000000000337e-02 6.989958000000000282e-02
7.610000000000000000e+02 8.336052000000000739e-02 6.714252000000001108e-02
7.630000000000000000e+02 7.833294000000000368e-02 6.227712000000000525e-02
7.650000000000000000e+02 7.719768000000000463e-02 6.179058000000000467e-02
7.670000000000000000e+02 7.671114000000001099e-02 6.243930000000000313e-02
7.690000000000000000e+02 7.881948000000001120e-02 6.114186000000000620e-02
7.710000000000000000e+02 7.622460000000000346e-02 6.357456000000000218e-02
7.730000000000000000e+02 8.352270000000000527e-02 6.681816000000000144e-02
7.750000000000000000e+02 7.914384000000000696e-02 6.503418000000001087e-02
7.770000000000000000e+02 7.622460000000000346e-02 6.179058000000000467e-02
7.790000000000000000e+02 7.622460000000000346e-02 6.000660000000000716e-02
7.810000000000000000e+02 8.352270000000000527e-02 6.973740000000000494e-02
7.830000000000000000e+02 7.719768000000000463e-02 6.146622000000000891e-02
7.850000000000000000e+02 7.573806000000000982e-02 6.114186000000000620e-02
7.870000000000000000e+02 7.541370000000000018e-02 5.984442000000000234e-02
7.890000000000000000e+02 8.336052000000000739e-02 6.762906000000000473e-02
7.910000000000000000e+02 7.946820000000000273e-02 6.373674000000000006e-02
7.930000000000000000e+02 8.044128000000000389e-02 6.535854000000000663e-02
7.950000000000000000e+02 7.233228000000001268e-02 5.854698000000000541e-02
7.970000000000000000e+02 8.011692000000000813e-02 6.114186000000000620e-02
7.990000000000000000e+02 7.654896000000001310e-02 6.114186000000000620e-02
8.010000000000000000e+02 8.303616000000001163e-02 6.779124000000000261e-02
8.030000000000000000e+02 7.687332000000000887e-02 6.146622000000000891e-02
8.050000000000000000e+02 7.606242000000000558e-02 6.243930000000000313e-02
8.070000000000000000e+02 7.379190000000000749e-02 5.919570000000000387e-02
8.090000000000000000e+02 7.735986000000000251e-02 6.114186000000000620e-02
8.110000000000000000e+02 7.638678000000000134e-02 6.276365999999999890e-02
8.130000000000000000e+02 7.914384000000000696e-02 6.438546000000000546e-02
8.150000000000000000e+02 7.217010000000000092e-02 5.789826000000000694e-02
8.170000000000000000e+02 7.719768000000000463e-02 6.243930000000000313e-02
8.190000000000000000e+02 6.827778000000001013e-02 5.465466000000000768e-02
8.210000000000000000e+02 7.654896000000001310e-02 5.903352000000000599e-02
8.230000000000000000e+02 8.011692000000000813e-02 6.260148000000000101e-02
8.250000000000000000e+02 7.525152000000000230e-02 6.049314000000000774e-02
8.270000000000000000e+02 7.946820000000000273e-02 6.325020000000000642e-02
8.290000000000000000e+02 7.671114000000001099e-02 5.935788000000000869e-02
8.310000000000000000e+02 7.087266000000000399e-02 5.741172000000000636e-02
8.330000000000000000e+02 7.817076000000000580e-02 6.276365999999999890e-02
8.350000000000000000e+02 7.476498000000000865e-02 5.984442000000000234e-02
8.370000000000000000e+02 6.698033999999999932e-02 5.238414000000000265e-02
8.390000000000000000e+02 7.914384000000000696e-02 6.357456000000000218e-02
8.410000000000000000e+02 6.698033999999999932e-02 5.189760000000000206e-02
8.430000000000000000e+02 7.460280000000001077e-02 5.854698000000000541e-02
8.450000000000000000e+02 6.908867999999999954e-02 5.660082000000000307e-02
8.470000000000000000e+02 6.973740000000000494e-02 5.530338000000000614e-02
8.490000000000000000e+02 7.330535999999999996e-02 5.741172000000000636e-02
8.510000000000000000e+02 6.908867999999999954e-02 5.400594000000000228e-02
8.530000000000000000e+02 7.379190000000000749e-02 5.757390000000000424e-02
8.550000000000000000e+02 6.973740000000000494e-02 5.773608000000000212e-02
8.570000000000000000e+02 7.265664000000000844e-02 5.546556000000000403e-02
8.590000000000000000e+02 7.460280000000001077e-02 5.935788000000000869e-02
8.610000000000000000e+02 6.973740000000000494e-02 5.757390000000000424e-02
8.630000000000000000e+02 7.265664000000000844e-02 5.822262000000000270e-02
8.650000000000000000e+02 7.217010000000000092e-02 5.627646000000000731e-02
8.670000000000000000e+02 7.427844000000000113e-02 5.870916000000000329e-02
8.690000000000000000e+02 6.860214000000000589e-02 5.578992000000000673e-02
8.710000000000000000e+02 7.184574000000000515e-02 5.692518000000000578e-02
8.730000000000000000e+02 6.762906000000000473e-02 5.287068000000000323e-02
8.750000000000000000e+02 6.827778000000001013e-02 5.465466000000000768e-02
8.770000000000000000e+02 7.460280000000001077e-02 6.000660000000000716e-02
8.790000000000000000e+02 7.298100000000000420e-02 5.870916000000000329e-02
8.810000000000000000e+02 7.135920000000001151e-02 5.530338000000000614e-02
8.830000000000000000e+02 6.973740000000000494e-02 5.530338000000000614e-02
8.850000000000000000e+02 6.649380000000000568e-02 5.530338000000000614e-02
8.870000000000000000e+02 7.265664000000000844e-02 5.660082000000000307e-02
8.890000000000000000e+02 7.362972000000000961e-02 6.016878000000000504e-02
8.910000000000000000e+02 7.168356000000000727e-02 5.643864000000000519e-02
8.930000000000000000e+02 7.200792000000000304e-02 5.903352000000000599e-02
8.950000000000000000e+02 6.795342000000000049e-02 5.222196000000000476e-02
8.970000000000000000e+02 7.006176000000000070e-02 5.546556000000000403e-02
8.990000000000000000e+02 6.779124000000000261e-02 5.481684000000000556e-02
9.010000000000000000e+02 6.519636000000000875e-02 5.108670000000000572e-02
9.030000000000000000e+02 7.087266000000000399e-02 5.692518000000000578e-02
9.050000000000000000e+02 6.552072000000000451e-02 5.335722000000000381e-02
9.070000000000000000e+02 6.989958000000000282e-02 5.708736000000000366e-02
9.090000000000000000e+02 6.762906000000000473e-02 5.238414000000000265e-02
9.110000000000000000e+02 6.811560000000001225e-02 5.384376000000000440e-02
9.130000000000000000e+02 6.568290000000000239e-02 5.157324000000000630e-02
9.150000000000000000e+02 6.925086000000001130e-02 5.611428000000000249e-02
9.170000000000000000e+02 6.519636000000000875e-02 5.368158000000000651e-02
9.190000000000000000e+02 6.973740000000000494e-02 5.578992000000000673e-02
9.210000000000000000e+02 6.633162000000000780e-02 5.287068000000000323e-02
9.230000000000000000e+02 6.130404000000000408e-02 5.060016000000000513e-02
9.250000000000000000e+02 6.957522000000000706e-02 5.368158000000000651e-02
9.270000000000000000e+02 6.503418000000001087e-02 5.287068000000000323e-02
9.290000000000000000e+02 6.714252000000001108e-02 5.433030000000000498e-02
9.310000000000000000e+02 6.811560000000001225e-02 5.449248000000000286e-02
9.330000000000000000e+02 6.762906000000000473e-02 5.546556000000000403e-02
9.350000000000000000e+02 6.584508000000000028e-02 5.092452000000000784e-02
9.370000000000000000e+02 6.503418000000001087e-02 5.238414000000000265e-02
9.390000000000000000e+02 6.454764000000000335e-02 5.124888000000000360e-02
9.410000000000000000e+02 6.941304000000000918e-02 5.692518000000000578e-02
9.430000000000000000e+02 6.827778000000001013e-02 5.433030000000000498e-02
9.450000000000000000e+02 6.308802000000000854e-02 5.157324000000000630e-02
9.470000000000000000e+02 6.470982000000000123e-02 5.335722000000000381e-02
9.490000000000000000e+02 6.130404000000000408e-02 4.930272000000000127e-02
9.510000000000000000e+02 6.292584000000001065e-02 5.173542000000000418e-02
9.530000000000000000e+02 6.665598000000000356e-02 5.595210000000000461e-02
9.550000000000000000e+02 6.406110000000000970e-02 5.205978000000000688e-02
9.570000000000000000e+02 6.406110000000000970e-02 5.108670000000000572e-02
9.590000000000000000e+02 6.584508000000000028e-02 5.060016000000000513e-02
9.610000000000000000e+02 6.373674000000000006e-02 4.962708000000000397e-02
9.630000000000000000e+02 7.006176000000000070e-02 5.465466000000000768e-02
9.650000000000000000e+02 6.406110000000000970e-02 5.092452000000000784e-02
9.670000000000000000e+02 6.211494000000000737e-02 4.962708000000000397e-02
9.690000000000000000e+02 6.665598000000000356e-02 5.335722000000000381e-02
9.710000000000000000e+02 6.503418000000001087e-02 5.092452000000000784e-02
9.730000000000000000e+02 6.081750000000000350e-02 4.946490000000000609e-02
9.750000000000000000e+02 6.227712000000000525e-02 4.832964000000000704e-02
9.770000000000000000e+02 6.584508000000000028e-02 5.205978000000000688e-02
9.790000000000000000e+02 6.211494000000000737e-02 5.011362000000000455e-02
9.810000000000000000e+02 6.325020000000000642e-02 5.092452000000000784e-02
9.830000000000000000e+02 6.033096000000000292e-02 4.881618000000000762e-02
9.850000000000000000e+02 6.422328000000000758e-02 5.027580000000000243e-02
9.870000000000000000e+02 6.195276000000000255e-02 4.670784000000000741e-02
9.890000000000000000e+02 6.276365999999999890e-02 5.011362000000000455e-02
9.910000000000000000e+02 6.260148000000000101e-02 4.946490000000000609e-02
9.930000000000000000e+02 5.530338000000000614e-02 4.427514000000000449e-02
9.950000000000000000e+02 6.341238000000000430e-02 5.060016000000000513e-02
9.970000000000000000e+02 6.195276000000000255e-02 5.027580000000000243e-02
9.990000000000000000e+02 6.503418000000001087e-02 4.995144000000000667e-02
1.001000000000000000e+03 6.227712000000000525e-02 5.011362000000000455e-02
1.003000000000000000e+03 6.130404000000000408e-02 4.784310000000000646e-02
1.005000000000000000e+03 6.276365999999999890e-02 4.995144000000000667e-02
1.007000000000000000e+03 6.195276000000000255e-02 4.784310000000000646e-02
1.009000000000000000e+03 6.260148000000000101e-02 4.946490000000000609e-02
1.011000000000000000e+03 6.292584000000001065e-02 4.930272000000000127e-02
1.013000000000000000e+03 5.838480000000000752e-02 4.751874000000000375e-02
1.015000000000000000e+03 6.243930000000000313e-02 4.897836000000000550e-02
1.017000000000000000e+03 6.308802000000000854e-02 5.011362000000000455e-02
1.019000000000000000e+03 6.211494000000000737e-02 4.978926000000000185e-02
1.021000000000000000e+03 5.773608000000000212e-02 4.459950000000000719e-02
1.023000000000000000e+03 6.114186000000000620e-02 4.849182000000000492e-02
1.025000000000000000e+03 5.384376000000000440e-02 4.184244000000000158e-02
1.027000000000000000e+03 6.114186000000000620e-02 5.076234000000000302e-02
1.029000000000000000e+03 5.822262000000000270e-02 4.638348000000000471e-02
1.031000000000000000e+03 6.195276000000000255e-02 4.832964000000000704e-02
1.033000000000000000e+03 5.643864000000000519e-02 4.573476000000000624e-02
1.035000000000000000e+03 6.179058000000000467e-02 4.946490000000000609e-02
1.037000000000000000e+03 5.724954000000000848e-02 4.557258000000000142e-02
1.039000000000000000e+03 5.741172000000000636e-02 4.557258000000000142e-02
1.041000000000000000e+03 5.870916000000000329e-02 4.719438000000000105e-02
1.043000000000000000e+03 6.746688000000000685e-02 5.400594000000000228e-02
1.045000000000000000e+03 6.049314000000000774e-02 4.832964000000000704e-02
1.047000000000000000e+03 5.368158000000000651e-02 4.265334000000000486e-02
1.049000000000000000e+03 6.179058000000000467e-02 4.703220000000000317e-02
1.051000000000000000e+03 5.465466000000000768e-02 4.232898000000000216e-02
1.053000000000000000e+03 5.789826000000000694e-02 4.508604000000000084e-02
1.055000000000000000e+03 5.724954000000000848e-02 4.476168000000000508e-02
1.057000000000000000e+03 5.384376000000000440e-02 4.200462000000000640e-02
1.059000000000000000e+03 5.643864000000000519e-02 4.395078000000000179e-02
1.061000000000000000e+03 6.016878000000000504e-02 4.930272000000000127e-02
1.063000000000000000e+03 5.660082000000000307e-02 4.508604000000000084e-02
1.065000000000000000e+03 6.000660000000000716e-02 4.816746000000000222e-02
1.067000000000000000e+03 5.611428000000000249e-02 4.541040000000000354e-02
1.069000000000000000e+03 5.708736000000000366e-02 4.330206000000000333e-02
1.071000000000000000e+03 5.952006000000000657e-02 4.589694000000000412e-02
1.073000000000000000e+03 5.497902000000000344e-02 4.411296000000000661e-02
1.075000000000000000e+03 5.270850000000000535e-02 4.135590000000000099e-02
1.077000000000000000e+03 6.308802000000000854e-02 4.849182000000000492e-02
1.079000000000000000e+03 5.660082000000000307e-02 4.395078000000000179e-02
1.081000000000000000e+03 5.238414000000000265e-02 4.070718000000000253e-02
1.083000000000000000e+03 5.724954000000000848e-02 4.492386000000000296e-02
1.085000000000000000e+03 6.000660000000000716e-02 4.703220000000000317e-02
1.087000000000000000e+03 5.416812000000000710e-02 4.330206000000000333e-02
1.089000000000000000e+03 5.806044000000000482e-02 4.378860000000000391e-02
1.091000000000000000e+03 5.806044000000000482e-02 4.492386000000000296e-02
1.093000000000000000e+03 5.530338000000000614e-02 4.476168000000000508e-02
1.095000000000000000e+03 5.773608000000000212e-02 4.638348000000000471e-02
1.097000000000000000e+03 5.514120000000000826e-02 4.378860000000000391e-02
1.099000000000000000e+03 5.546556000000000403e-02 4.378860000000000391e-02
1.101000000000000000e+03 5.449248000000000286e-02 4.330206000000000333e-02
1.103000000000000000e+03 5.806044000000000482e-02 4.687002000000000529e-02
1.105000000000000000e+03 5.287068000000000323e-02 4.119372000000000311e-02
1.107000000000000000e+03 5.546556000000000403e-02 4.249116000000000698e-02
1.109000000000000000e+03 5.562774000000000191e-02 4.459950000000000719e-02
1.111000000000000000e+03 5.757390000000000424e-02 4.459950000000000719e-02
1.113000000000000000e+03 5.319504000000000593e-02 4.168026000000000370e-02
1.115000000000000000e+03 5.838480000000000752e-02 4.589694000000000412e-02
1.117000000000000000e+03 5.270850000000000535e-02 4.184244000000000158e-02
1.119000000000000000e+03 5.627646000000000731e-02 4.476168000000000508e-02
1.121000000000000000e+03 4.768092000000000164e-02 3.876102000000000020e-02
1.123000000000000000e+03 4.962708000000000397e-02 3.957192000000000348e-02
1.125000000000000000e+03 5.351940000000000169e-02 3.940974000000000560e-02
1.127000000000000000e+03 5.546556000000000403e-02 4.411296000000000661e-02
1.129000000000000000e+03 5.578992000000000673e-02 4.411296000000000661e-02
1.131000000000000000e+03 5.124888000000000360e-02 4.022064000000000195e-02
1.133000000000000000e+03 4.865400000000000280e-02 3.843666000000000443e-02
1.135000000000000000e+03 5.481684000000000556e-02 4.200462000000000640e-02
1.137000000000000000e+03 5.060016000000000513e-02 3.892320000000000502e-02
1.139000000000000000e+03 5.124888000000000360e-02 3.876102000000000020e-02
1.141000000000000000e+03 4.995144000000000667e-02 3.762576000000000115e-02
1.143000000000000000e+03 5.157324000000000630e-02 3.940974000000000560e-02
1.145000000000000000e+03 5.173542000000000418e-02 3.973410000000000136e-02
1.147000000000000000e+03 5.205978000000000688e-02 4.135590000000000099e-02
1.149000000000000000e+03 4.962708000000000397e-02 3.746358000000000327e-02
1.151000000000000000e+03 5.368158000000000651e-02 4.313988000000000544e-02
1.153000000000000000e+03 5.157324000000000630e-02 4.103154000000000523e-02
1.155000000000000000e+03 5.870916000000000329e-02 4.638348000000000471e-02
1.157000000000000000e+03 4.995144000000000667e-02 4.070718000000000253e-02
1.159000000000000000e+03 5.351940000000000169e-02 4.151808000000000581e-02
1.161000000000000000e+03 5.092452000000000784e-02 4.070718000000000253e-02
1.163000000000000000e+03 4.800528000000000434e-02 3.908538000000000290e-02
1.165000000000000000e+03 5.303286000000000805e-02 4.313988000000000544e-02
1.167000000000000000e+03 5.351940000000000169e-02 4.184244000000000158e-02
1.169000000000000000e+03 4.703220000000000317e-02 3.713922000000000057e-02
1.171000000000000000e+03 4.978926000000000185e-02 3.940974000000000560e-02
1.173000000000000000e+03 5.043798000000000725e-02 3.778794000000000597e-02
1.175000000000000000e+03 5.287068000000000323e-02 4.378860000000000391e-02
1.177000000000000000e+03 5.238414000000000265e-02 3.973410000000000136e-02
1.179000000000000000e+03 4.751874000000000375e-02 3.827448000000000655e-02
1.181000000000000000e+03 4.735656000000000587e-02 3.616614000000000634e-02
1.183000000000000000e+03 5.027580000000000243e-02 3.843666000000000443e-02
1.185000000000000000e+03 5.384376000000000440e-02 4.200462000000000640e-02
1.187000000000000000e+03 5.351940000000000169e-02 4.411296000000000661e-02
1.189000000000000000e+03 4.768092000000000164e-02 3.778794000000000597e-02
1.191000000000000000e+03 5.092452000000000784e-02 3.989628000000000618e-02
1.193000000000000000e+03 5.157324000000000630e-02 4.038282000000000677e-02
1.195000000000000000e+03 5.368158000000000651e-02 4.135590000000000099e-02
1.197000000000000000e+03 4.849182000000000492e-02 3.762576000000000115e-02
1.199000000000000000e+03 4.800528000000000434e-02 3.616614000000000634e-02
1.201000000000000000e+03 5.368158000000000651e-02 4.216680000000000428e-02
1.203000000000000000e+03 5.368158000000000651e-02 4.184244000000000158e-02
1.205000000000000000e+03 4.638348000000000471e-02 3.697704000000000268e-02
1.207000000000000000e+03 5.027580000000000243e-02 3.778794000000000597e-02
1.209000000000000000e+03 4.881618000000000762e-02 3.778794000000000597e-02
1.211000000000000000e+03 5.287068000000000323e-02 4.200462000000000640e-02
1.213000000000000000e+03 4.654566000000000259e-02 3.616614000000000634e-02
1.215000000000000000e+03 4.881618000000000762e-02 3.730140000000000539e-02
1.217000000000000000e+03 4.541040000000000354e-02 3.535524000000000305e-02
1.219000000000000000e+03 4.914054000000000338e-02 3.746358000000000327e-02
1.221000000000000000e+03 4.849182000000000492e-02 3.892320000000000502e-02
1.223000000000000000e+03 4.865400000000000280e-02 3.632832000000000422e-02
1.225000000000000000e+03 5.092452000000000784e-02 3.973410000000000136e-02
1.227000000000000000e+03 4.427514000000000449e-02 3.616614000000000634e-02
1.229000000000000000e+03 4.962708000000000397e-02 3.827448000000000655e-02
1.231000000000000000e+03 4.508604000000000084e-02 3.567960000000000576e-02
1.233000000000000000e+03 4.622130000000000682e-02 3.551742000000000093e-02
1.235000000000000000e+03 4.589694000000000412e-02 3.519306000000000517e-02
1.237000000000000000e+03 4.719438000000000105e-02 3.470652000000000459e-02
1.239000000000000000e+03 4.508604000000000084e-02 3.438216000000000189e-02
1.241000000000000000e+03 5.270850000000000535e-02 3.989628000000000618e-02
1.243000000000000000e+03 4.589694000000000412e-02 3.486870000000000247e-02
1.245000000000000000e+03 4.849182000000000492e-02 3.730140000000000539e-02
1.247000000000000000e+03 4.378860000000000391e-02 3.470652000000000459e-02
1.249000000000000000e+03 4.914054000000000338e-02 3.827448000000000655e-02
1.251000000000000000e+03 5.060016000000000513e-02 4.070718000000000253e-02
1.253000000000000000e+03 4.768092000000000164e-02 3.697704000000000268e-02
1.255000000000000000e+03 4.881618000000000762e-02 3.795012000000000385e-02
1.257000000000000000e+03 4.605912000000000200e-02 3.405780000000000612e-02
1.259000000000000000e+03 4.492386000000000296e-02 3.486870000000000247e-02
1.261000000000000000e+03 4.443732000000000237e-02 3.276036000000000226e-02
1.263000000000000000e+03 4.508604000000000084e-02 3.649050000000000210e-02
1.265000000000000000e+03 4.443732000000000237e-02 3.454433999999999977e-02
1.267000000000000000e+03 4.914054000000000338e-02 3.567960000000000576e-02
1.269000000000000000e+03 5.141106000000000148e-02 3.924756000000000078e-02
1.271000000000000000e+03 4.492386000000000296e-02 3.421998000000000401e-02
1.273000000000000000e+03 5.027580000000000243e-02 3.778794000000000597e-02
1.275000000000000000e+03 4.962708000000000397e-02 3.795012000000000385e-02
1.277000000000000000e+03 4.768092000000000164e-02 3.632832000000000422e-02
1.279000000000000000e+03 4.492386000000000296e-02 3.438216000000000189e-02
1.281000000000000000e+03 4.703220000000000317e-02 3.389562000000000130e-02
1.283000000000000000e+03 4.703220000000000317e-02 3.843666000000000443e-02
1.285000000000000000e+03 5.108670000000000572e-02 3.876102000000000020e-02
1.287000000000000000e+03 4.849182000000000492e-02 3.697704000000000268e-02
1.289000000000000000e+03 4.605912000000000200e-02 3.746358000000000327e-02
1.291000000000000000e+03 5.011362000000000455e-02 3.892320000000000502e-02
1.293000000000000000e+03 4.605912000000000200e-02 3.697704000000000268e-02
1.295000000000000000e+03 4.492386000000000296e-02 3.584178000000000364e-02
1.297000000000000000e+03 4.589694000000000412e-02 3.632832000000000422e-02
1.299000000000000000e+03 4.443732000000000237e-02 3.373344000000000342e-02
1.301000000000000000e+03 4.492386000000000296e-02 3.259818000000000437e-02
1.303000000000000000e+03 5.287068000000000323e-02 3.940974000000000560e-02
1.305000000000000000e+03 4.459950000000000719e-02 3.259818000000000437e-02
1.307000000000000000e+03 4.541040000000000354e-02 3.438216000000000189e-02
1.309000000000000000e+03 4.038282000000000677e-02 2.919240000000000376e-02
1.311000000000000000e+03 4.330206000000000333e-02 3.405780000000000612e-02
1.313000000000000000e+03 4.605912000000000200e-02 3.535524000000000305e-02
1.315000000000000000e+03 4.492386000000000296e-02 3.340908000000000072e-02
1.317000000000000000e+03 4.622130000000000682e-02 3.486870000000000247e-02
1.319000000000000000e+03 4.687002000000000529e-02 3.535524000000000305e-02
1.321000000000000000e+03 4.638348000000000471e-02 3.454433999999999977e-02
1.323000000000000000e+03 4.832964000000000704e-02 3.584178000000000364e-02
1.325000000000000000e+03 4.459950000000000719e-02 3.421998000000000401e-02
1.327000000000000000e+03 4.216680000000000428e-02 3.276036000000000226e-02
1.329000000000000000e+03 4.881618000000000762e-02 3.600396000000000152e-02
1.331000000000000000e+03 4.313988000000000544e-02 3.324690000000000284e-02
1.333000000000000000e+03 4.865400000000000280e-02 3.649050000000000210e-02
1.335000000000000000e+03 4.654566000000000259e-02 3.778794000000000597e-02
1.337000000000000000e+03 4.476168000000000508e-02 3.535524000000000305e-02
1.339000000000000000e+03 4.168026000000000370e-02 3.421998000000000401e-02
1.341000000000000000e+03 4.297770000000000062e-02 3.340908000000000072e-02
1.343000000000000000e+03 4.638348000000000471e-02 3.616614000000000634e-02
1.345000000000000000e+03 4.832964000000000704e-02 3.746358000000000327e-02
1.347000000000000000e+03 4.849182000000000492e-02 3.649050000000000210e-02
1.349000000000000000e+03 4.346424000000000121e-02 3.324690000000000284e-02
1.351000000000000000e+03 4.281552000000000274e-02 3.130074000000000051e-02
1.353000000000000000e+03 4.524822000000000566e-02 3.697704000000000268e-02
1.355000000000000000e+03 4.151808000000000581e-02 3.259818000000000437e-02
1.357000000000000000e+03 4.573476000000000624e-02 3.486870000000000247e-02
1.359000000000000000e+03 4.427514000000000449e-02 3.681486000000000480e-02
1.361000000000000000e+03 4.395078000000000179e-02 3.292254000000000014e-02
1.363000000000000000e+03 4.168026000000000370e-02 3.113856000000000263e-02
1.365000000000000000e+03 4.151808000000000581e-02 3.178728000000000109e-02
1.367000000000000000e+03 4.297770000000000062e-02 3.470652000000000459e-02
1.369000000000000000e+03 4.459950000000000719e-02 3.340908000000000072e-02
1.371000000000000000e+03 3.957192000000000348e-02 2.967894000000000435e-02
1.373000000000000000e+03 4.249116000000000698e-02 3.130074000000000051e-02
1.375000000000000000e+03 4.232898000000000216e-02 3.308472000000000496e-02
1.377000000000000000e+03 4.459950000000000719e-02 3.519306000000000517e-02
1.379000000000000000e+03 4.411296000000000661e-02 3.567960000000000576e-02
1.381000000000000000e+03 4.735656000000000587e-02 3.600396000000000152e-02
1.383000000000000000e+03 4.200462000000000640e-02 3.340908000000000072e-02
1.385000000000000000e+03 3.989628000000000618e-02 3.048984000000000416e-02
1.387000000000000000e+03 3.892320000000000502e-02 3.000330000000000358e-02
1.389000000000000000e+03 4.103154000000000523e-02 2.967894000000000435e-02
1.391000000000000000e+03 4.135590000000000099e-02 3.211164000000000379e-02
1.393000000000000000e+03 4.184244000000000158e-02 3.178728000000000109e-02
1.395000000000000000e+03 4.508604000000000084e-02 3.681486000000000480e-02
1.397000000000000000e+03 4.005846000000000406e-02 2.984112000000000223e-02
1.399000000000000000e+03 4.038282000000000677e-02 3.146292000000000533e-02
1.401000000000000000e+03 4.265334000000000486e-02 3.324690000000000284e-02
1.403000000000000000e+03 4.232898000000000216e-02 3.421998000000000401e-02
1.405000000000000000e+03 4.249116000000000698e-02 3.113856000000000263e-02
1.407000000000000000e+03 4.557258000000000142e-02 3.551742000000000093e-02
1.409000000000000000e+03 3.940974000000000560e-02 3.178728000000000109e-02
1.411000000000000000e+03 4.265334000000000486e-02 3.470652000000000459e-02
1.413000000000000000e+03 4.232898000000000216e-02 3.194946000000000591e-02
1.415000000000000000e+03 4.378860000000000391e-02 3.227382000000000167e-02
1.417000000000000000e+03 4.119372000000000311e-02 3.405780000000000612e-02
1.419000000000000000e+03 4.492386000000000296e-02 3.421998000000000401e-02
1.421000000000000000e+03 4.086936000000000041e-02 3.113856000000000263e-02
1.423000000000000000e+03 3.859884000000000231e-02 2.967894000000000435e-02
1.425000000000000000e+03 3.924756000000000078e-02 3.000330000000000358e-02
1.427000000000000000e+03 4.119372000000000311e-02 3.292254000000000014e-02
1.429000000000000000e+03 3.957192000000000348e-02 3.146292000000000533e-02
1.431000000000000000e+03 4.135590000000000099e-02 3.048984000000000416e-02
1.433000000000000000e+03 4.427514000000000449e-02 3.405780000000000612e-02
1.435000000000000000e+03 3.957192000000000348e-02 3.048984000000000416e-02
1.437000000000000000e+03 3.876102000000000020e-02 3.081420000000000339e-02
1.439000000000000000e+03 3.697704000000000268e-02 2.757060000000000413e-02
1.441000000000000000e+03 4.022064000000000195e-02 2.935458000000000164e-02
1.443000000000000000e+03 3.924756000000000078e-02 3.097638000000000127e-02
1.445000000000000000e+03 3.940974000000000560e-02 2.967894000000000435e-02
1.447000000000000000e+03 3.762576000000000115e-02 2.675970000000000085e-02
1.449000000000000000e+03 4.297770000000000062e-02 3.243599999999999955e-02
1.451000000000000000e+03 3.632832000000000422e-02 2.708406000000000355e-02
1.453000000000000000e+03 3.989628000000000618e-02 3.000330000000000358e-02
1.455000000000000000e+03 3.908538000000000290e-02 3.016548000000000146e-02
1.457000000000000000e+03 4.249116000000000698e-02 3.486870000000000247e-02
1.459000000000000000e+03 4.395078000000000179e-02 3.259818000000000437e-02
1.461000000000000000e+03 4.005846000000000406e-02 2.919240000000000376e-02
1.463000000000000000e+03 3.908538000000000290e-02 2.967894000000000435e-02
1.465000000000000000e+03 3.859884000000000231e-02 2.967894000000000435e-02
1.467000000000000000e+03 3.649050000000000210e-02 2.838150000000000395e-02
1.469000000000000000e+03 3.778794000000000597e-02 2.870586000000000318e-02
1.471000000000000000e+03 3.292254000000000014e-02 2.546226000000000392e-02
1.473000000000000000e+03 3.795012000000000385e-02 2.886804000000000106e-02
1.475000000000000000e+03 3.811230000000000173e-02 2.757060000000000413e-02
1.477000000000000000e+03 3.827448000000000655e-02 2.903022000000000241e-02
1.479000000000000000e+03 4.151808000000000581e-02 3.243599999999999955e-02
1.481000000000000000e+03 4.135590000000000099e-02 2.967894000000000435e-02
1.483000000000000000e+03 3.957192000000000348e-02 2.919240000000000376e-02
1.485000000000000000e+03 3.778794000000000597e-02 2.854368000000000183e-02
1.487000000000000000e+03 3.892320000000000502e-02 2.838150000000000395e-02
1.489000000000000000e+03 4.216680000000000428e-02 3.308472000000000496e-02
1.491000000000000000e+03 4.005846000000000406e-02 3.048984000000000416e-02
1.493000000000000000e+03 3.843666000000000443e-02 3.000330000000000358e-02
1.495000000000000000e+03 4.086936000000000041e-02 3.178728000000000109e-02
1.497000000000000000e+03 4.249116000000000698e-02 3.259818000000000437e-02
1.499000000000000000e+03 4.281552000000000274e-02 3.162510000000000321e-02
1.501000000000000000e+03 4.005846000000000406e-02 2.967894000000000435e-02
1.503000000000000000e+03 3.827448000000000655e-02 2.821932000000000260e-02
1.505000000000000000e+03 3.713922000000000057e-02 2.675970000000000085e-02
1.507000000000000000e+03 3.778794000000000597e-02 2.594880000000000103e-02
1.509000000000000000e+03 3.697704000000000268e-02 2.935458000000000164e-02
1.511000000000000000e+03 4.103154000000000523e-02 2.919240000000000376e-02
1.513000000000000000e+03 3.519306000000000517e-02 2.854368000000000183e-02
1.515000000000000000e+03 3.876102000000000020e-02 2.967894000000000435e-02
1.517000000000000000e+03 4.022064000000000195e-02 3.097638000000000127e-02
1.519000000000000000e+03 4.168026000000000370e-02 3.259818000000000437e-02
1.521000000000000000e+03 3.535524000000000305e-02 2.578662000000000315e-02
1.523000000000000000e+03 3.681486000000000480e-02 2.643534000000000161e-02
1.525000000000000000e+03 3.681486000000000480e-02 2.546226000000000392e-02
1.527000000000000000e+03 3.892320000000000502e-02 2.967894000000000435e-02
1.529000000000000000e+03 3.551742000000000093e-02 2.692188000000000220e-02
1.531000000000000000e+03 3.584178000000000364e-02 2.903022000000000241e-02
1.533000000000000000e+03 3.681486000000000480e-02 2.643534000000000161e-02
1.535000000000000000e+03 3.989628000000000618e-02 2.951676000000000299e-02
1.537000000000000000e+03 3.486870000000000247e-02 2.562444000000000180e-02
1.539000000000000000e+03 3.746358000000000327e-02 2.870586000000000318e-02
1.541000000000000000e+03 3.600396000000000152e-02 2.643534000000000161e-02
1.543000000000000000e+03 3.357126000000000554e-02 2.481354000000000198e-02
1.545000000000000000e+03 3.778794000000000597e-02 2.773278000000000201e-02
1.547000000000000000e+03 3.486870000000000247e-02 2.659752000000000297e-02
1.549000000000000000e+03 4.086936000000000041e-02 3.048984000000000416e-02
1.551000000000000000e+03 4.313988000000000544e-02 3.308472000000000496e-02
1.553000000000000000e+03 3.454433999999999977e-02 2.302956000000000100e-02
1.555000000000000000e+03 3.421998000000000401e-02 2.675970000000000085e-02
1.557000000000000000e+03 3.843666000000000443e-02 2.903022000000000241e-02
1.559000000000000000e+03 3.243599999999999955e-02 2.319174000000000235e-02
1.561000000000000000e+03 3.859884000000000231e-02 2.886804000000000106e-02
1.563000000000000000e+03 4.313988000000000544e-02 3.178728000000000109e-02
1.565000000000000000e+03 3.989628000000000618e-02 3.016548000000000146e-02
1.567000000000000000e+03 3.811230000000000173e-02 2.838150000000000395e-02
1.569000000000000000e+03 3.876102000000000020e-02 2.984112000000000223e-02
1.571000000000000000e+03 3.649050000000000210e-02 2.594880000000000103e-02
1.573000000000000000e+03 4.103154000000000523e-02 3.113856000000000263e-02
1.575000000000000000e+03 3.519306000000000517e-02 2.594880000000000103e-02
1.577000000000000000e+03 3.957192000000000348e-02 2.886804000000000106e-02
1.579000000000000000e+03 3.892320000000000502e-02 3.016548000000000146e-02
1.581000000000000000e+03 3.859884000000000231e-02 2.838150000000000395e-02
1.583000000000000000e+03 3.681486000000000480e-02 2.757060000000000413e-02
1.585000000000000000e+03 3.308472000000000496e-02 2.448918000000000275e-02
1.587000000000000000e+03 3.843666000000000443e-02 2.821932000000000260e-02
1.589000000000000000e+03 3.551742000000000093e-02 2.805714000000000125e-02
1.591000000000000000e+03 3.811230000000000173e-02 2.838150000000000395e-02
1.593000000000000000e+03 3.681486000000000480e-02 2.773278000000000201e-02
1.595000000000000000e+03 3.357126000000000554e-02 2.594880000000000103e-02
1.597000000000000000e+03 3.373344000000000342e-02 2.530008000000000257e-02
1.599000000000000000e+03 3.843666000000000443e-02 2.789496000000000336e-02
1.601000000000000000e+03 3.357126000000000554e-02 2.367828000000000294e-02
1.603000000000000000e+03 3.389562000000000130e-02 2.513790000000000122e-02
1.605000000000000000e+03 3.389562000000000130e-02 2.432700000000000140e-02
1.607000000000000000e+03 3.600396000000000152e-02 2.692188000000000220e-02
1.609000000000000000e+03 3.535524000000000305e-02 2.740842000000000278e-02
1.611000000000000000e+03 3.551742000000000093e-02 2.708406000000000355e-02
1.613000000000000000e+03 3.778794000000000597e-02 2.821932000000000260e-02
1.615000000000000000e+03 4.200462000000000640e-02 3.032766000000000281e-02
1.617000000000000000e+03 3.713922000000000057e-02 2.530008000000000257e-02
1.619000000000000000e+03 3.097638000000000127e-02 2.302956000000000100e-02
1.621000000000000000e+03 3.324690000000000284e-02 2.384046000000000082e-02
1.623000000000000000e+03 3.211164000000000379e-02 2.416482000000000352e-02
1.625000000000000000e+03 3.421998000000000401e-02 2.562444000000000180e-02
1.627000000000000000e+03 3.405780000000000612e-02 2.562444000000000180e-02
1.629000000000000000e+03 3.389562000000000130e-02 2.513790000000000122e-02
1.631000000000000000e+03 3.324690000000000284e-02 2.335392000000000370e-02
1.633000000000000000e+03 3.908538000000000290e-02 2.838150000000000395e-02
1.635000000000000000e+03 3.778794000000000597e-02 2.740842000000000278e-02
1.637000000000000000e+03 3.340908000000000072e-02 2.481354000000000198e-02
1.639000000000000000e+03 3.584178000000000364e-02 2.708406000000000355e-02
1.641000000000000000e+03 3.649050000000000210e-02 2.627316000000000373e-02
1.643000000000000000e+03 3.081420000000000339e-02 2.335392000000000370e-02
1.645000000000000000e+03 3.600396000000000152e-02 2.465136000000000063e-02
1.647000000000000000e+03 3.713922000000000057e-02 2.870586000000000318e-02
1.649000000000000000e+03 2.951676000000000299e-02 2.189430000000000195e-02
1.651000000000000000e+03 3.713922000000000057e-02 2.740842000000000278e-02
1.653000000000000000e+03 3.146292000000000533e-02 2.254302000000000042e-02
1.655000000000000000e+03 3.405780000000000612e-02 2.416482000000000352e-02
1.657000000000000000e+03 3.211164000000000379e-02 2.367828000000000294e-02
1.659000000000000000e+03 3.827448000000000655e-02 2.821932000000000260e-02
1.661000000000000000e+03 3.470652000000000459e-02 2.562444000000000180e-02
1.663000000000000000e+03 2.935458000000000164e-02 2.448918000000000275e-02
1.665000000000000000e+03 3.697704000000000268e-02 2.578662000000000315e-02
1.667000000000000000e+03 3.811230000000000173e-02 2.724624000000000143e-02
1.669000000000000000e+03 3.551742000000000093e-02 2.497572000000000333e-02
1.671000000000000000e+03 3.827448000000000655e-02 2.773278000000000201e-02
1.673000000000000000e+03 3.276036000000000226e-02 2.432700000000000140e-02
1.675000000000000000e+03 3.535524000000000305e-02 2.416482000000000352e-02
1.677000000000000000e+03 2.984112000000000223e-02 2.092122000000000079e-02
1.679000000000000000e+03 2.967894000000000435e-02 2.189430000000000195e-02
1.681000000000000000e+03 3.584178000000000364e-02 2.692188000000000220e-02
1.683000000000000000e+03 2.838150000000000395e-02 1.994814000000000309e-02
1.685000000000000000e+03 3.405780000000000612e-02 2.643534000000000161e-02
1.687000000000000000e+03 3.227382000000000167e-02 2.448918000000000275e-02
1.689000000000000000e+03 3.730140000000000539e-02 2.627316000000000373e-02
1.691000000000000000e+03 3.421998000000000401e-02 2.708406000000000355e-02
1.693000000000000000e+03 3.097638000000000127e-02 2.221866000000000119e-02
1.695000000000000000e+03 3.211164000000000379e-02 2.481354000000000198e-02
1.697000000000000000e+03 3.211164000000000379e-02 2.448918000000000275e-02
1.699000000000000000e+03 3.081420000000000339e-02 2.238084000000000254e-02
1.701000000000000000e+03 3.357126000000000554e-02 2.465136000000000063e-02
1.703000000000000000e+03 3.340908000000000072e-02 2.578662000000000315e-02
1.705000000000000000e+03 3.276036000000000226e-02 2.513790000000000122e-02
1.707000000000000000e+03 3.535524000000000305e-02 2.546226000000000392e-02
1.709000000000000000e+03 3.697704000000000268e-02 2.578662000000000315e-02
1.711000000000000000e+03 3.130074000000000051e-02 2.302956000000000100e-02
1.713000000000000000e+03 3.324690000000000284e-02 2.513790000000000122e-02
1.715000000000000000e+03 3.373344000000000342e-02 2.432700000000000140e-02
1.717000000000000000e+03 3.486870000000000247e-02 2.448918000000000275e-02
1.719000000000000000e+03 3.454433999999999977e-02 2.497572000000000333e-02
1.721000000000000000e+03 3.227382000000000167e-02 2.302956000000000100e-02
1.723000000000000000e+03 3.470652000000000459e-02 2.594880000000000103e-02
1.725000000000000000e+03 3.470652000000000459e-02 2.611098000000000238e-02
1.727000000000000000e+03 3.632832000000000422e-02 2.773278000000000201e-02
1.729000000000000000e+03 3.292254000000000014e-02 2.400264000000000217e-02
1.731000000000000000e+03 3.227382000000000167e-02 2.335392000000000370e-02
1.733000000000000000e+03 3.194946000000000591e-02 2.400264000000000217e-02
1.735000000000000000e+03 3.243599999999999955e-02 2.286738000000000312e-02
1.737000000000000000e+03 3.130074000000000051e-02 2.092122000000000079e-02
1.739000000000000000e+03 3.048984000000000416e-02 2.286738000000000312e-02
1.741000000000000000e+03 3.000330000000000358e-02 2.367828000000000294e-02
1.743000000000000000e+03 3.211164000000000379e-02 2.594880000000000103e-02
1.745000000000000000e+03 3.470652000000000459e-02 2.675970000000000085e-02
1.747000000000000000e+03 3.130074000000000051e-02 2.367828000000000294e-02
1.749000000000000000e+03 3.113856000000000263e-02 2.367828000000000294e-02
1.751000000000000000e+03 3.795012000000000385e-02 2.611098000000000238e-02
1.753000000000000000e+03 3.081420000000000339e-02 2.254302000000000042e-02
1.755000000000000000e+03 3.081420000000000339e-02 2.254302000000000042e-02
1.757000000000000000e+03 3.000330000000000358e-02 2.075904000000000291e-02
1.759000000000000000e+03 3.308472000000000496e-02 2.546226000000000392e-02
1.761000000000000000e+03 3.178728000000000109e-02 2.254302000000000042e-02
1.763000000000000000e+03 3.081420000000000339e-02 2.092122000000000079e-02
1.765000000000000000e+03 2.789496000000000336e-02 2.108340000000000214e-02
1.767000000000000000e+03 3.567960000000000576e-02 2.594880000000000103e-02
1.769000000000000000e+03 3.340908000000000072e-02 2.432700000000000140e-02
1.771000000000000000e+03 2.805714000000000125e-02 2.173212000000000060e-02
1.773000000000000000e+03 3.032766000000000281e-02 1.994814000000000309e-02
1.775000000000000000e+03 2.984112000000000223e-02 2.075904000000000291e-02
1.777000000000000000e+03 2.659752000000000297e-02 2.059686000000000156e-02
1.779000000000000000e+03 3.308472000000000496e-02 2.238084000000000254e-02
1.781000000000000000e+03 2.919240000000000376e-02 2.075904000000000291e-02
1.783000000000000000e+03 3.243599999999999955e-02 2.254302000000000042e-02
1.785000000000000000e+03 3.032766000000000281e-02 2.270520000000000177e-02
1.787000000000000000e+03 3.113856000000000263e-02 2.351610000000000159e-02
1.789000000000000000e+03 2.919240000000000376e-02 1.865070000000000269e-02
1.791000000000000000e+03 2.838150000000000395e-02 2.286738000000000312e-02
1.793000000000000000e+03 3.081420000000000339e-02 2.205648000000000331e-02
1.795000000000000000e+03 3.259818000000000437e-02 2.270520000000000177e-02
1.797000000000000000e+03 2.854368000000000183e-02 2.059686000000000156e-02
1.799000000000000000e+03 2.951676000000000299e-02 2.059686000000000156e-02
1.801000000000000000e+03 2.903022000000000241e-02 2.092122000000000079e-02
1.803000000000000000e+03 3.130074000000000051e-02 2.270520000000000177e-02
1.805000000000000000e+03 3.113856000000000263e-02 2.286738000000000312e-02
1.807000000000000000e+03 2.805714000000000125e-02 2.027250000000000232e-02
1.809000000000000000e+03 3.227382000000000167e-02 2.335392000000000370e-02
1.811000000000000000e+03 3.227382000000000167e-02 2.530008000000000257e-02
1.813000000000000000e+03 3.000330000000000358e-02 2.156994000000000272e-02
1.815000000000000000e+03 2.903022000000000241e-02 1.994814000000000309e-02
1.817000000000000000e+03 2.854368000000000183e-02 2.011032000000000097e-02
1.819000000000000000e+03 3.048984000000000416e-02 2.319174000000000235e-02
1.821000000000000000e+03 3.227382000000000167e-02 2.238084000000000254e-02
1.823000000000000000e+03 2.854368000000000183e-02 2.011032000000000097e-02
1.825000000000000000e+03 3.032766000000000281e-02 2.173212000000000060e-02
1.827000000000000000e+03 3.113856000000000263e-02 2.319174000000000235e-02
1.829000000000000000e+03 3.081420000000000339e-02 2.335392000000000370e-02
1.831000000000000000e+03 2.740842000000000278e-02 1.929942000000000116e-02
1.833000000000000000e+03 2.757060000000000413e-02 1.994814000000000309e-02
1.835000000000000000e+03 2.805714000000000125e-02 1.962378000000000039e-02
1.837000000000000000e+03 2.805714000000000125e-02 2.156994000000000272e-02
1.839000000000000000e+03 2.724624000000000143e-02 1.946160000000000251e-02
1.841000000000000000e+03 2.854368000000000183e-02 2.189430000000000195e-02
1.843000000000000000e+03 3.032766000000000281e-02 2.351610000000000159e-02
1.845000000000000000e+03 3.211164000000000379e-02 2.400264000000000217e-02
1.847000000000000000e+03 3.146292000000000533e-02 2.319174000000000235e-02
1.849000000000000000e+03 2.838150000000000395e-02 1.929942000000000116e-02
1.851000000000000000e+03 3.292254000000000014e-02 2.238084000000000254e-02
1.853000000000000000e+03 3.113856000000000263e-02 2.075904000000000291e-02
1.855000000000000000e+03 3.032766000000000281e-02 2.043468000000000021e-02
1.857000000000000000e+03 3.146292000000000533e-02 2.335392000000000370e-02
1.859000000000000000e+03 2.919240000000000376e-02 2.140776000000000137e-02
1.861000000000000000e+03 3.324690000000000284e-02 2.173212000000000060e-02
1.863000000000000000e+03 2.497572000000000333e-02 1.735326000000000229e-02
1.865000000000000000e+03 3.000330000000000358e-02 2.286738000000000312e-02
1.867000000000000000e+03 2.805714000000000125e-02 2.140776000000000137e-02
1.869000000000000000e+03 2.692188000000000220e-02 2.108340000000000214e-02
1.871000000000000000e+03 2.319174000000000235e-02 1.654236000000000248e-02
1.873000000000000000e+03 2.757060000000000413e-02 2.140776000000000137e-02
1.875000000000000000e+03 2.675970000000000085e-02 1.589364000000000055e-02
1.877000000000000000e+03 2.789496000000000336e-02 1.946160000000000251e-02
1.879000000000000000e+03 2.659752000000000297e-02 1.929942000000000116e-02
1.881000000000000000e+03 2.903022000000000241e-02 2.092122000000000079e-02
1.883000000000000000e+03 3.146292000000000533e-02 2.367828000000000294e-02
1.885000000000000000e+03 2.675970000000000085e-02 1.848852000000000134e-02
1.887000000000000000e+03 2.692188000000000220e-02 1.751544000000000018e-02
1.889000000000000000e+03 2.935458000000000164e-02 2.221866000000000119e-02
1.891000000000000000e+03 3.097638000000000127e-02 2.270520000000000177e-02
1.893000000000000000e+03 3.146292000000000533e-02 2.092122000000000079e-02
1.895000000000000000e+03 2.773278000000000201e-02 1.865070000000000269e-02
1.897000000000000000e+03 2.967894000000000435e-02 2.319174000000000235e-02
1.899000000000000000e+03 3.146292000000000533e-02 2.205648000000000331e-02
1.901000000000000000e+03 2.870586000000000318e-02 2.140776000000000137e-02
1.903000000000000000e+03 2.935458000000000164e-02 1.897506000000000193e-02
1.905000000000000000e+03 3.227382000000000167e-02 2.189430000000000195e-02
1.907000000000000000e+03 2.578662000000000315e-02 1.881288000000000057e-02
1.909000000000000000e+03 2.886804000000000106e-02 1.978596000000000174e-02
1.911000000000000000e+03 2.821932000000000260e-02 1.929942000000000116e-02
1.913000000000000000e+03 2.789496000000000336e-02 2.011032000000000097e-02
1.915000000000000000e+03 2.821932000000000260e-02 1.848852000000000134e-02
1.917000000000000000e+03 2.870586000000000318e-02 2.043468000000000021e-02
1.919000000000000000e+03 2.562444000000000180e-02 1.832633999999999999e-02
1.921000000000000000e+03 2.854368000000000183e-02 2.156994000000000272e-02
1.923000000000000000e+03 2.854368000000000183e-02 1.913724000000000328e-02
1.925000000000000000e+03 3.113856000000000263e-02 2.335392000000000370e-02
1.927000000000000000e+03 3.178728000000000109e-02 2.286738000000000312e-02
1.929000000000000000e+03 2.838150000000000395e-02 2.075904000000000291e-02
1.931000000000000000e+03 3.065202000000000204e-02 2.059686000000000156e-02
1.933000000000000000e+03 3.000330000000000358e-02 2.173212000000000060e-02
1.935000000000000000e+03 3.146292000000000533e-02 2.254302000000000042e-02
1.937000000000000000e+03 2.692188000000000220e-02 1.994814000000000309e-02
1.939000000000000000e+03 2.708406000000000355e-02 1.929942000000000116e-02
1.941000000000000000e+03 2.919240000000000376e-02 2.108340000000000214e-02
1.943000000000000000e+03 2.805714000000000125e-02 2.011032000000000097e-02
1.945000000000000000e+03 2.886804000000000106e-02 2.140776000000000137e-02
1.947000000000000000e+03 2.692188000000000220e-02 1.832633999999999999e-02
1.949000000000000000e+03 2.627316000000000373e-02 1.848852000000000134e-02
1.951000000000000000e+03 2.708406000000000355e-02 1.897506000000000193e-02
1.953000000000000000e+03 2.465136000000000063e-02 2.092122000000000079e-02
1.955000000000000000e+03 2.578662000000000315e-02 1.492056000000000111e-02
1.957000000000000000e+03 2.692188000000000220e-02 1.994814000000000309e-02
1.959000000000000000e+03 2.400264000000000217e-02 1.751544000000000018e-02
1.961000000000000000e+03 2.821932000000000260e-02 1.897506000000000193e-02
1.963000000000000000e+03 2.335392000000000370e-02 1.686672000000000171e-02
1.965000000000000000e+03 2.886804000000000106e-02 2.140776000000000137e-02
1.967000000000000000e+03 2.984112000000000223e-02 2.140776000000000137e-02
1.969000000000000000e+03 2.594880000000000103e-02 2.011032000000000097e-02
1.971000000000000000e+03 2.708406000000000355e-02 1.832633999999999999e-02
1.973000000000000000e+03 2.659752000000000297e-02 1.865070000000000269e-02
1.975000000000000000e+03 2.935458000000000164e-02 2.189430000000000195e-02
1.977000000000000000e+03 2.530008000000000257e-02 1.573146000000000266e-02
1.979000000000000000e+03 2.578662000000000315e-02 1.783980000000000288e-02
1.981000000000000000e+03 2.757060000000000413e-02 1.719108000000000094e-02
1.983000000000000000e+03 2.465136000000000063e-02 1.573146000000000266e-02
1.985000000000000000e+03 2.838150000000000395e-02 2.124558000000000349e-02
1.987000000000000000e+03 2.465136000000000063e-02 1.654236000000000248e-02
1.989000000000000000e+03 2.335392000000000370e-02 1.719108000000000094e-02
1.991000000000000000e+03 3.259818000000000437e-02 2.335392000000000370e-02
1.993000000000000000e+03 2.530008000000000257e-02 1.767762000000000153e-02
1.995000000000000000e+03 2.805714000000000125e-02 2.124558000000000349e-02
1.997000000000000000e+03 2.594880000000000103e-02 1.654236000000000248e-02
1.999000000000000000e+03 2.724624000000000143e-02 1.978596000000000174e-02
2.001000000000000000e+03 2.627316000000000373e-02 1.865070000000000269e-02
2.003000000000000000e+03 2.513790000000000122e-02 1.751544000000000018e-02
2.005000000000000000e+03 2.254302000000000042e-02 1.589364000000000055e-02
2.007000000000000000e+03 2.513790000000000122e-02 1.670454000000000036e-02
2.009000000000000000e+03 2.578662000000000315e-02 1.767762000000000153e-02
2.011000000000000000e+03 2.805714000000000125e-02 1.913724000000000328e-02
2.013000000000000000e+03 2.594880000000000103e-02 1.702890000000000306e-02
2.015000000000000000e+03 2.594880000000000103e-02 1.751544000000000018e-02
2.017000000000000000e+03 2.497572000000000333e-02 1.702890000000000306e-02
2.019000000000000000e+03 2.416482000000000352e-02 1.654236000000000248e-02
2.021000000000000000e+03 2.659752000000000297e-02 1.881288000000000057e-02
2.023000000000000000e+03 2.562444000000000180e-02 1.783980000000000288e-02
2.025000000000000000e+03 2.611098000000000238e-02 1.962378000000000039e-02
2.027000000000000000e+03 2.870586000000000318e-02 2.205648000000000331e-02
2.029000000000000000e+03 2.951676000000000299e-02 2.011032000000000097e-02
2.031000000000000000e+03 2.692188000000000220e-02 1.929942000000000116e-02
2.033000000000000000e+03 2.627316000000000373e-02 1.946160000000000251e-02
2.035000000000000000e+03 2.481354000000000198e-02 1.719108000000000094e-02
2.037000000000000000e+03 2.546226000000000392e-02 1.881288000000000057e-02
2.039000000000000000e+03 2.416482000000000352e-02 1.816416000000000211e-02
2.041000000000000000e+03 2.692188000000000220e-02 1.994814000000000309e-02
2.043000000000000000e+03 2.740842000000000278e-02 1.816416000000000211e-02
2.045000000000000000e+03 2.416482000000000352e-02 1.540710000000000170e-02
2.047000000000000000e+03 2.821932000000000260e-02 1.978596000000000174e-02
2.049000000000000000e+03 2.465136000000000063e-02 1.962378000000000039e-02
2.051000000000000000e+03 2.708406000000000355e-02 1.848852000000000134e-02
2.053000000000000000e+03 2.173212000000000060e-02 1.524492000000000208e-02
2.055000000000000000e+03 2.465136000000000063e-02 1.621799999999999978e-02
2.057000000000000000e+03 3.194946000000000591e-02 2.335392000000000370e-02
2.059000000000000000e+03 2.562444000000000180e-02 1.751544000000000018e-02
2.061000000000000000e+03 2.611098000000000238e-02 1.978596000000000174e-02
2.063000000000000000e+03 2.270520000000000177e-02 1.443402000000000053e-02
2.065000000000000000e+03 2.578662000000000315e-02 1.686672000000000171e-02
2.067000000000000000e+03 2.384046000000000082e-02 1.556928000000000131e-02
2.069000000000000000e+03 2.789496000000000336e-02 1.962378000000000039e-02
2.071000000000000000e+03 2.481354000000000198e-02 1.670454000000000036e-02
2.073000000000000000e+03 2.432700000000000140e-02 1.735326000000000229e-02
2.075000000000000000e+03 2.643534000000000161e-02 1.897506000000000193e-02
2.077000000000000000e+03 2.513790000000000122e-02 1.719108000000000094e-02
2.079000000000000000e+03 2.530008000000000257e-02 1.816416000000000211e-02
2.081000000000000000e+03 2.270520000000000177e-02 1.573146000000000266e-02
2.083000000000000000e+03 2.821932000000000260e-02 2.043468000000000021e-02
2.085000000000000000e+03 2.546226000000000392e-02 1.783980000000000288e-02
2.087000000000000000e+03 2.594880000000000103e-02 1.767762000000000153e-02
2.089000000000000000e+03 2.546226000000000392e-02 1.865070000000000269e-02
2.091000000000000000e+03 2.416482000000000352e-02 1.670454000000000036e-02
2.093000000000000000e+03 2.789496000000000336e-02 1.962378000000000039e-02
2.095000000000000000e+03 2.351610000000000159e-02 1.670454000000000036e-02
2.097000000000000000e+03 2.497572000000000333e-02 1.654236000000000248e-02
2.099000000000000000e+03 2.903022000000000241e-02 2.156994000000000272e-02
2.101000000000000000e+03 2.675970000000000085e-02 1.848852000000000134e-02
2.103000000000000000e+03 2.805714000000000125e-02 1.865070000000000269e-02
2.105000000000000000e+03 2.319174000000000235e-02 1.524492000000000208e-02
2.107000000000000000e+03 2.238084000000000254e-02 1.573146000000000266e-02
2.109000000000000000e+03 2.221866000000000119e-02 1.524492000000000208e-02
2.111000000000000000e+03 2.594880000000000103e-02 2.043468000000000021e-02
2.113000000000000000e+03 2.270520000000000177e-02 1.589364000000000055e-02
2.115000000000000000e+03 2.627316000000000373e-02 1.800198000000000076e-02
2.117000000000000000e+03 2.335392000000000370e-02 1.686672000000000171e-02
2.119000000000000000e+03 2.513790000000000122e-02 1.800198000000000076e-02
2.121000000000000000e+03 2.156994000000000272e-02 1.524492000000000208e-02
2.123000000000000000e+03 2.059686000000000156e-02 1.394748000000000168e-02
2.125000000000000000e+03 2.481354000000000198e-02 1.605582000000000190e-02
2.127000000000000000e+03 2.302956000000000100e-02 1.573146000000000266e-02
2.129000000000000000e+03 2.546226000000000392e-02 1.589364000000000055e-02
2.131000000000000000e+03 2.773278000000000201e-02 1.881288000000000057e-02
2.133000000000000000e+03 2.481354000000000198e-02 1.735326000000000229e-02
2.135000000000000000e+03 2.367828000000000294e-02 1.443402000000000053e-02
2.137000000000000000e+03 2.432700000000000140e-02 1.589364000000000055e-02
2.139000000000000000e+03 2.416482000000000352e-02 1.719108000000000094e-02
2.141000000000000000e+03 1.946160000000000251e-02 1.313658000000000187e-02
2.143000000000000000e+03 2.643534000000000161e-02 1.865070000000000269e-02
2.145000000000000000e+03 2.173212000000000060e-02 1.492056000000000111e-02
2.147000000000000000e+03 2.400264000000000217e-02 1.589364000000000055e-02
2.149000000000000000e+03 2.254302000000000042e-02 1.492056000000000111e-02
2.151000000000000000e+03 2.140776000000000137e-02 1.443402000000000053e-02
2.153000000000000000e+03 2.432700000000000140e-02 1.621799999999999978e-02
2.155000000000000000e+03 2.643534000000000161e-02 1.816416000000000211e-02
2.157000000000000000e+03 2.319174000000000235e-02 1.573146000000000266e-02
2.159000000000000000e+03 2.416482000000000352e-02 1.410966000000000130e-02
2.161000000000000000e+03 2.075904000000000291e-02 1.475838000000000150e-02
2.163000000000000000e+03 2.205648000000000331e-02 1.508274000000000073e-02
2.165000000000000000e+03 2.351610000000000159e-02 1.702890000000000306e-02
2.167000000000000000e+03 2.481354000000000198e-02 1.702890000000000306e-02
2.169000000000000000e+03 2.432700000000000140e-02 1.589364000000000055e-02
2.171000000000000000e+03 2.302956000000000100e-02 1.427184000000000091e-02
2.173000000000000000e+03 2.302956000000000100e-02 1.508274000000000073e-02
2.175000000000000000e+03 2.302956000000000100e-02 1.556928000000000131e-02
2.177000000000000000e+03 1.832633999999999999e-02 1.232568000000000032e-02
2.179000000000000000e+03 2.156994000000000272e-02 1.475838000000000150e-02
2.181000000000000000e+03 2.156994000000000272e-02 1.394748000000000168e-02
2.183000000000000000e+03 2.335392000000000370e-02 1.702890000000000306e-02
2.185000000000000000e+03 2.351610000000000159e-02 1.621799999999999978e-02
2.187000000000000000e+03 2.546226000000000392e-02 1.670454000000000036e-02
2.189000000000000000e+03 2.092122000000000079e-02 1.508274000000000073e-02
2.191000000000000000e+03 2.416482000000000352e-02 1.783980000000000288e-02
2.193000000000000000e+03 2.465136000000000063e-02 1.832633999999999999e-02
2.195000000000000000e+03 2.221866000000000119e-02 1.540710000000000170e-02
2.197000000000000000e+03 2.351610000000000159e-02 1.670454000000000036e-02
2.199000000000000000e+03 2.124558000000000349e-02 1.573146000000000266e-02
2.201000000000000000e+03 2.108340000000000214e-02 1.427184000000000091e-02
2.203000000000000000e+03 2.481354000000000198e-02 1.719108000000000094e-02
2.205000000000000000e+03 2.286738000000000312e-02 1.605582000000000190e-02
2.207000000000000000e+03 2.351610000000000159e-02 1.573146000000000266e-02
2.209000000000000000e+03 2.043468000000000021e-02 1.329876000000000148e-02
2.211000000000000000e+03 1.897506000000000193e-02 1.216350000000000070e-02
2.213000000000000000e+03 2.027250000000000232e-02 1.378530000000000207e-02
2.215000000000000000e+03 2.335392000000000370e-02 1.443402000000000053e-02
2.217000000000000000e+03 2.400264000000000217e-02 1.508274000000000073e-02
2.219000000000000000e+03 2.027250000000000232e-02 1.329876000000000148e-02
2.221000000000000000e+03 2.384046000000000082e-02 1.670454000000000036e-02
2.223000000000000000e+03 2.319174000000000235e-02 1.638018000000000113e-02
2.225000000000000000e+03 2.448918000000000275e-02 1.638018000000000113e-02
2.227000000000000000e+03 1.994814000000000309e-02 1.346094000000000110e-02
2.229000000000000000e+03 2.530008000000000257e-02 1.621799999999999978e-02
2.231000000000000000e+03 2.140776000000000137e-02 1.492056000000000111e-02
2.233000000000000000e+03 2.254302000000000042e-02 1.459620000000000188e-02
2.235000000000000000e+03 1.897506000000000193e-02 1.200132000000000108e-02
2.237000000000000000e+03 1.978596000000000174e-02 1.378530000000000207e-02
2.239000000000000000e+03 2.530008000000000257e-02 1.508274000000000073e-02
2.241000000000000000e+03 2.011032000000000097e-02 1.378530000000000207e-02
2.243000000000000000e+03 1.929942000000000116e-02 1.216350000000000070e-02
2.245000000000000000e+03 2.205648000000000331e-02 1.459620000000000188e-02
2.247000000000000000e+03 2.092122000000000079e-02 1.329876000000000148e-02
2.249000000000000000e+03 2.173212000000000060e-02 1.508274000000000073e-02
2.251000000000000000e+03 2.140776000000000137e-02 1.459620000000000188e-02
2.253000000000000000e+03 1.816416000000000211e-02 1.102824000000000165e-02
2.255000000000000000e+03 2.400264000000000217e-02 1.589364000000000055e-02
2.257000000000000000e+03 2.546226000000000392e-02 1.654236000000000248e-02
2.259000000000000000e+03 2.254302000000000042e-02 1.475838000000000150e-02
2.261000000000000000e+03 2.302956000000000100e-02 1.573146000000000266e-02
2.263000000000000000e+03 2.254302000000000042e-02 1.329876000000000148e-02
2.265000000000000000e+03 2.173212000000000060e-02 1.492056000000000111e-02
2.267000000000000000e+03 1.978596000000000174e-02 1.410966000000000130e-02
2.269000000000000000e+03 1.767762000000000153e-02 1.005516000000000049e-02
2.271000000000000000e+03 2.092122000000000079e-02 1.394748000000000168e-02
2.273000000000000000e+03 2.075904000000000291e-02 1.475838000000000150e-02
2.275000000000000000e+03 2.140776000000000137e-02 1.459620000000000188e-02
2.277000000000000000e+03 2.254302000000000042e-02 1.492056000000000111e-02
2.279000000000000000e+03 2.286738000000000312e-02 1.362312000000000071e-02
2.281000000000000000e+03 1.735326000000000229e-02 1.102824000000000165e-02
2.283000000000000000e+03 2.189430000000000195e-02 1.573146000000000266e-02
2.285000000000000000e+03 1.929942000000000116e-02 1.265004000000000128e-02
2.287000000000000000e+03 2.043468000000000021e-02 1.167696000000000185e-02
2.289000000000000000e+03 2.156994000000000272e-02 1.475838000000000150e-02
2.291000000000000000e+03 2.254302000000000042e-02 1.508274000000000073e-02
2.293000000000000000e+03 1.783980000000000288e-02 1.054170000000000107e-02
2.295000000000000000e+03 2.027250000000000232e-02 1.346094000000000110e-02
2.297000000000000000e+03 1.897506000000000193e-02 1.135260000000000088e-02
2.299000000000000000e+03 2.124558000000000349e-02 1.313658000000000187e-02
2.301000000000000000e+03 2.043468000000000021e-02 1.329876000000000148e-02
2.303000000000000000e+03 1.913724000000000328e-02 1.248786000000000167e-02
2.305000000000000000e+03 2.027250000000000232e-02 1.346094000000000110e-02
2.307000000000000000e+03 2.173212000000000060e-02 1.378530000000000207e-02
2.309000000000000000e+03 1.670454000000000036e-02 1.232568000000000032e-02
2.311000000000000000e+03 1.913724000000000328e-02 1.200132000000000108e-02
2.313000000000000000e+03 1.865070000000000269e-02 1.102824000000000165e-02
2.315000000000000000e+03 2.189430000000000195e-02 1.540710000000000170e-02
2.317000000000000000e+03 2.059686000000000156e-02 1.427184000000000091e-02
2.319000000000000000e+03 2.221866000000000119e-02 1.410966000000000130e-02
2.321000000000000000e+03 1.897506000000000193e-02 1.281222000000000090e-02
2.323000000000000000e+03 2.043468000000000021e-02 1.410966000000000130e-02
2.325000000000000000e+03 1.962378000000000039e-02 1.394748000000000168e-02
2.327000000000000000e+03 2.335392000000000370e-02 1.362312000000000071e-02
2.329000000000000000e+03 2.205648000000000331e-02 1.427184000000000091e-02
2.331000000000000000e+03 1.962378000000000039e-02 1.427184000000000091e-02
2.333000000000000000e+03 2.124558000000000349e-02 1.248786000000000167e-02
2.335000000000000000e+03 2.092122000000000079e-02 1.508274000000000073e-02
2.337000000000000000e+03 2.075904000000000291e-02 1.459620000000000188e-02
2.339000000000000000e+03 1.994814000000000309e-02 1.378530000000000207e-02
2.341000000000000000e+03 2.027250000000000232e-02 1.313658000000000187e-02
2.343000000000000000e+03 1.638018000000000113e-02 1.070388000000000069e-02
2.345000000000000000e+03 1.865070000000000269e-02 1.297440000000000052e-02
2.347000000000000000e+03 1.929942000000000116e-02 1.216350000000000070e-02
2.349000000000000000e+03 2.011032000000000097e-02 1.329876000000000148e-02
2.351000000000000000e+03 1.881288000000000057e-02 1.135260000000000088e-02
2.353000000000000000e+03 1.897506000000000193e-02 1.248786000000000167e-02
2.355000000000000000e+03 1.929942000000000116e-02 1.200132000000000108e-02
2.357000000000000000e+03 2.205648000000000331e-02 1.556928000000000131e-02
2.359000000000000000e+03 1.881288000000000057e-02 1.265004000000000128e-02
2.361000000000000000e+03 1.816416000000000211e-02 1.070388000000000069e-02
2.363000000000000000e+03 1.978596000000000174e-02 1.102824000000000165e-02
2.365000000000000000e+03 2.059686000000000156e-02 1.394748000000000168e-02
2.367000000000000000e+03 2.108340000000000214e-02 1.459620000000000188e-02
2.369000000000000000e+03 1.783980000000000288e-02 1.200132000000000108e-02
2.371000000000000000e+03 1.865070000000000269e-02 1.232568000000000032e-02
2.373000000000000000e+03 2.319174000000000235e-02 1.670454000000000036e-02
2.375000000000000000e+03 2.059686000000000156e-02 1.265004000000000128e-02
2.377000000000000000e+03 1.751544000000000018e-02 1.054170000000000107e-02
2.379000000000000000e+03 1.994814000000000309e-02 1.329876000000000148e-02
2.381000000000000000e+03 1.913724000000000328e-02 1.297440000000000052e-02
2.383000000000000000e+03 1.816416000000000211e-02 1.102824000000000165e-02
2.385000000000000000e+03 1.605582000000000190e-02 1.102824000000000165e-02
2.387000000000000000e+03 2.108340000000000214e-02 1.394748000000000168e-02
2.389000000000000000e+03 2.011032000000000097e-02 1.232568000000000032e-02
2.391000000000000000e+03 2.027250000000000232e-02 1.378530000000000207e-02
2.393000000000000000e+03 2.011032000000000097e-02 1.313658000000000187e-02
2.395000000000000000e+03 2.011032000000000097e-02 1.329876000000000148e-02
2.397000000000000000e+03 1.865070000000000269e-02 1.232568000000000032e-02
2.399000000000000000e+03 1.605582000000000190e-02 9.892980000000000870e-03
2.401000000000000000e+03 2.351610000000000159e-02 1.573146000000000266e-02
2.403000000000000000e+03 1.897506000000000193e-02 1.394748000000000168e-02
2.405000000000000000e+03 2.011032000000000097e-02 1.297440000000000052e-02
2.407000000000000000e+03 1.621799999999999978e-02 9.406440000000000287e-03
2.409000000000000000e+03 1.946160000000000251e-02 1.329876000000000148e-02
2.411000000000000000e+03 1.929942000000000116e-02 1.297440000000000052e-02
2.413000000000000000e+03 1.816416000000000211e-02 1.135260000000000088e-02
2.415000000000000000e+03 1.946160000000000251e-02 1.281222000000000090e-02
2.417000000000000000e+03 1.686672000000000171e-02 1.070388000000000069e-02
2.419000000000000000e+03 1.832633999999999999e-02 1.167696000000000185e-02
2.421000000000000000e+03 1.832633999999999999e-02 1.200132000000000108e-02
2.423000000000000000e+03 1.962378000000000039e-02 1.410966000000000130e-02
2.425000000000000000e+03 1.897506000000000193e-02 1.151478000000000050e-02
2.427000000000000000e+03 1.881288000000000057e-02 1.281222000000000090e-02
2.429000000000000000e+03 1.897506000000000193e-02 1.119042000000000127e-02
2.431000000000000000e+03 1.848852000000000134e-02 1.329876000000000148e-02
2.433000000000000000e+03 1.962378000000000039e-02 1.216350000000000070e-02
2.435000000000000000e+03 1.897506000000000193e-02 1.216350000000000070e-02
2.437000000000000000e+03 1.865070000000000269e-02 1.200132000000000108e-02
2.439000000000000000e+03 1.865070000000000269e-02 1.346094000000000110e-02
2.441000000000000000e+03 1.946160000000000251e-02 1.329876000000000148e-02
2.443000000000000000e+03 1.994814000000000309e-02 1.313658000000000187e-02
2.445000000000000000e+03 1.783980000000000288e-02 1.248786000000000167e-02
2.447000000000000000e+03 1.816416000000000211e-02 1.265004000000000128e-02
2.449000000000000000e+03 1.621799999999999978e-02 1.070388000000000069e-02
2.451000000000000000e+03 1.702890000000000306e-02 1.151478000000000050e-02
2.453000000000000000e+03 1.962378000000000039e-02 1.216350000000000070e-02
2.455000000000000000e+03 1.783980000000000288e-02 1.216350000000000070e-02
2.457000000000000000e+03 1.832633999999999999e-02 1.167696000000000185e-02
2.459000000000000000e+03 1.654236000000000248e-02 1.135260000000000088e-02
2.461000000000000000e+03 1.848852000000000134e-02 1.037952000000000145e-02
2.463000000000000000e+03 1.929942000000000116e-02 1.232568000000000032e-02
2.465000000000000000e+03 1.459620000000000188e-02 9.406440000000000287e-03
2.467000000000000000e+03 1.800198000000000076e-02 1.183914000000000147e-02
2.469000000000000000e+03 1.735326000000000229e-02 1.119042000000000127e-02
2.471000000000000000e+03 2.059686000000000156e-02 1.362312000000000071e-02
2.473000000000000000e+03 1.556928000000000131e-02 9.568620000000001638e-03
2.475000000000000000e+03 1.978596000000000174e-02 1.151478000000000050e-02
2.477000000000000000e+03 1.605582000000000190e-02 1.151478000000000050e-02
2.479000000000000000e+03 1.686672000000000171e-02 1.005516000000000049e-02
2.481000000000000000e+03 1.897506000000000193e-02 1.265004000000000128e-02
2.483000000000000000e+03 1.427184000000000091e-02 8.271180000000001240e-03
2.485000000000000000e+03 2.270520000000000177e-02 1.329876000000000148e-02
2.487000000000000000e+03 2.011032000000000097e-02 1.102824000000000165e-02
2.489000000000000000e+03 1.816416000000000211e-02 1.151478000000000050e-02
2.491000000000000000e+03 1.686672000000000171e-02 1.005516000000000049e-02
2.493000000000000000e+03 1.638018000000000113e-02 8.595540000000000472e-03
2.495000000000000000e+03 1.735326000000000229e-02 1.005516000000000049e-02
2.497000000000000000e+03 1.913724000000000328e-02 1.232568000000000032e-02
2.499000000000000000e+03 1.475838000000000150e-02 1.054170000000000107e-02
2.501000000000000000e+03 2.011032000000000097e-02 1.248786000000000167e-02
2.503000000000000000e+03 1.654236000000000248e-02 1.086606000000000030e-02
2.505000000000000000e+03 1.800198000000000076e-02 1.183914000000000147e-02
2.507000000000000000e+03 1.929942000000000116e-02 1.119042000000000127e-02
2.509000000000000000e+03 1.735326000000000229e-02 1.054170000000000107e-02
2.511000000000000000e+03 1.573146000000000266e-02 1.119042000000000127e-02
2.513000000000000000e+03 1.848852000000000134e-02 1.281222000000000090e-02
2.515000000000000000e+03 1.800198000000000076e-02 1.119042000000000127e-02
2.517000000000000000e+03 1.751544000000000018e-02 1.216350000000000070e-02
2.519000000000000000e+03 1.621799999999999978e-02 1.021734000000000010e-02
2.521000000000000000e+03 1.978596000000000174e-02 1.151478000000000050e-02
2.523000000000000000e+03 2.254302000000000042e-02 1.378530000000000207e-02
2.525000000000000000e+03 1.719108000000000094e-02 1.054170000000000107e-02
2.527000000000000000e+03 1.848852000000000134e-02 1.119042000000000127e-02
2.529000000000000000e+03 1.605582000000000190e-02 1.086606000000000030e-02
2.531000000000000000e+03 1.881288000000000057e-02 1.135260000000000088e-02
2.533000000000000000e+03 1.929942000000000116e-02 1.313658000000000187e-02
2.535000000000000000e+03 1.962378000000000039e-02 1.281222000000000090e-02
2.537000000000000000e+03 1.800198000000000076e-02 1.167696000000000185e-02
2.539000000000000000e+03 1.573146000000000266e-02 8.271180000000001240e-03
2.541000000000000000e+03 1.621799999999999978e-02 9.244260000000000671e-03
2.543000000000000000e+03 1.378530000000000207e-02 8.595540000000000472e-03
2.545000000000000000e+03 1.962378000000000039e-02 1.281222000000000090e-02
2.547000000000000000e+03 1.800198000000000076e-02 1.054170000000000107e-02
2.549000000000000000e+03 1.702890000000000306e-02 1.102824000000000165e-02
2.551000000000000000e+03 1.865070000000000269e-02 1.151478000000000050e-02
2.553000000000000000e+03 1.848852000000000134e-02 1.313658000000000187e-02
2.555000000000000000e+03 1.962378000000000039e-02 1.281222000000000090e-02
2.557000000000000000e+03 1.946160000000000251e-02 1.281222000000000090e-02
2.559000000000000000e+03 1.848852000000000134e-02 1.167696000000000185e-02
2.561000000000000000e+03 1.654236000000000248e-02 9.568620000000001638e-03
2.563000000000000000e+03 1.783980000000000288e-02 1.281222000000000090e-02
2.565000000000000000e+03 1.621799999999999978e-02 1.005516000000000049e-02
2.567000000000000000e+03 1.832633999999999999e-02 1.086606000000000030e-02
2.569000000000000000e+03 1.897506000000000193e-02 1.346094000000000110e-02
2.571000000000000000e+03 1.897506000000000193e-02 1.151478000000000050e-02
2.573000000000000000e+03 1.865070000000000269e-02 1.167696000000000185e-02
2.575000000000000000e+03 1.508274000000000073e-02 9.730800000000001254e-03
2.577000000000000000e+03 1.654236000000000248e-02 1.054170000000000107e-02
2.579000000000000000e+03 1.670454000000000036e-02 9.568620000000001638e-03
2.581000000000000000e+03 1.605582000000000190e-02 1.021734000000000010e-02
2.583000000000000000e+03 1.605582000000000190e-02 1.151478000000000050e-02
2.585000000000000000e+03 1.929942000000000116e-02 1.167696000000000185e-02
2.587000000000000000e+03 1.897506000000000193e-02 1.329876000000000148e-02
2.589000000000000000e+03 2.221866000000000119e-02 1.297440000000000052e-02
2.591000000000000000e+03 1.994814000000000309e-02 1.265004000000000128e-02
2.593000000000000000e+03 1.800198000000000076e-02 1.167696000000000185e-02
2.595000000000000000e+03 1.654236000000000248e-02 1.054170000000000107e-02
2.597000000000000000e+03 1.832633999999999999e-02 1.086606000000000030e-02
2.599000000000000000e+03 1.638018000000000113e-02 1.102824000000000165e-02
2.601000000000000000e+03 1.638018000000000113e-02 1.070388000000000069e-02
2.603000000000000000e+03 1.735326000000000229e-02 1.151478000000000050e-02
2.605000000000000000e+03 1.621799999999999978e-02 1.021734000000000010e-02
2.607000000000000000e+03 1.978596000000000174e-02 1.200132000000000108e-02
2.609000000000000000e+03 2.059686000000000156e-02 1.183914000000000147e-02
2.611000000000000000e+03 1.443402000000000053e-02 9.244260000000000671e-03
2.613000000000000000e+03 1.848852000000000134e-02 1.119042000000000127e-02
2.615000000000000000e+03 1.589364000000000055e-02 1.070388000000000069e-02
2.617000000000000000e+03 1.702890000000000306e-02 1.151478000000000050e-02
2.619000000000000000e+03 1.686672000000000171e-02 1.021734000000000010e-02
2.621000000000000000e+03 2.092122000000000079e-02 1.329876000000000148e-02
2.623000000000000000e+03 1.946160000000000251e-02 1.459620000000000188e-02
2.625000000000000000e+03 1.654236000000000248e-02 1.119042000000000127e-02
2.627000000000000000e+03 1.881288000000000057e-02 1.232568000000000032e-02
2.629000000000000000e+03 1.962378000000000039e-02 1.183914000000000147e-02
2.631000000000000000e+03 1.946160000000000251e-02 1.151478000000000050e-02
2.633000000000000000e+03 1.816416000000000211e-02 1.200132000000000108e-02
2.635000000000000000e+03 2.059686000000000156e-02 1.232568000000000032e-02
2.637000000000000000e+03 1.605582000000000190e-02 1.102824000000000165e-02
2.639000000000000000e+03 1.443402000000000053e-02 9.406440000000000287e-03
2.641000000000000000e+03 1.719108000000000094e-02 1.135260000000000088e-02
2.643000000000000000e+03 1.686672000000000171e-02 1.135260000000000088e-02
2.645000000000000000e+03 1.897506000000000193e-02 1.200132000000000108e-02
2.647000000000000000e+03 1.638018000000000113e-02 8.595540000000000472e-03
2.649000000000000000e+03 1.702890000000000306e-02 1.183914000000000147e-02
2.651000000000000000e+03 1.702890000000000306e-02 9.730800000000001254e-03
2.653000000000000000e+03 1.670454000000000036e-02 1.086606000000000030e-02
2.655000000000000000e+03 1.751544000000000018e-02 1.005516000000000049e-02
2.657000000000000000e+03 1.881288000000000057e-02 1.167696000000000185e-02
2.659000000000000000e+03 1.816416000000000211e-02 1.102824000000000165e-02
2.661000000000000000e+03 1.897506000000000193e-02 1.362312000000000071e-02
2.663000000000000000e+03 1.800198000000000076e-02 1.200132000000000108e-02
2.665000000000000000e+03 1.800198000000000076e-02 1.102824000000000165e-02
2.667000000000000000e+03 1.475838000000000150e-02 8.757720000000000088e-03
2.669000000000000000e+03 1.800198000000000076e-02 1.167696000000000185e-02
2.671000000000000000e+03 1.816416000000000211e-02 1.248786000000000167e-02
2.673000000000000000e+03 1.735326000000000229e-02 1.119042000000000127e-02
2.675000000000000000e+03 1.719108000000000094e-02 1.102824000000000165e-02
2.677000000000000000e+03 1.913724000000000328e-02 1.200132000000000108e-02
2.679000000000000000e+03 1.816416000000000211e-02 1.167696000000000185e-02
2.681000000000000000e+03 1.573146000000000266e-02 1.054170000000000107e-02
2.683000000000000000e+03 2.221866000000000119e-02 1.378530000000000207e-02
2.685000000000000000e+03 1.897506000000000193e-02 1.216350000000000070e-02
2.687000000000000000e+03 1.589364000000000055e-02 9.406440000000000287e-03
2.689000000000000000e+03 1.735326000000000229e-02 1.054170000000000107e-02
2.691000000000000000e+03 1.670454000000000036e-02 1.005516000000000049e-02
2.693000000000000000e+03 1.719108000000000094e-02 1.086606000000000030e-02
2.695000000000000000e+03 1.962378000000000039e-02 1.378530000000000207e-02
2.697000000000000000e+03 1.475838000000000150e-02 8.595540000000000472e-03
2.699000000000000000e+03 1.800198000000000076e-02 1.183914000000000147e-02
2.701000000000000000e+03 1.816416000000000211e-02 1.232568000000000032e-02
2.703000000000000000e+03 1.735326000000000229e-02 1.054170000000000107e-02
2.705000000000000000e+03 1.702890000000000306e-02 1.021734000000000010e-02
2.707000000000000000e+03 1.978596000000000174e-02 1.281222000000000090e-02
2.709000000000000000e+03 1.735326000000000229e-02 1.054170000000000107e-02
2.711000000000000000e+03 1.929942000000000116e-02 1.329876000000000148e-02
2.713000000000000000e+03 1.573146000000000266e-02 9.082080000000001055e-03
2.715000000000000000e+03 1.492056000000000111e-02 9.406440000000000287e-03
2.717000000000000000e+03 1.508274000000000073e-02 9.730800000000001254e-03
2.719000000000000000e+03 1.719108000000000094e-02 1.054170000000000107e-02
2.721000000000000000e+03 1.848852000000000134e-02 1.200132000000000108e-02
2.723000000000000000e+03 1.929942000000000116e-02 1.232568000000000032e-02
2.725000000000000000e+03 1.946160000000000251e-02 1.265004000000000128e-02
2.727000000000000000e+03 1.686672000000000171e-02 1.070388000000000069e-02
2.729000000000000000e+03 1.540710000000000170e-02 9.568620000000001638e-03
2.731000000000000000e+03 1.589364000000000055e-02 9.730800000000001254e-03
2.733000000000000000e+03 1.475838000000000150e-02 9.730800000000001254e-03
2.735000000000000000e+03 1.783980000000000288e-02 1.167696000000000185e-02
2.737000000000000000e+03 1.573146000000000266e-02 9.892980000000000870e-03
2.739000000000000000e+03 1.783980000000000288e-02 1.167696000000000185e-02
2.741000000000000000e+03 1.329876000000000148e-02 9.244260000000000671e-03
2.743000000000000000e+03 1.946160000000000251e-02 1.248786000000000167e-02
2.745000000000000000e+03 1.508274000000000073e-02 8.757720000000000088e-03
2.747000000000000000e+03 1.702890000000000306e-02 9.730800000000001254e-03
2.749000000000000000e+03 1.719108000000000094e-02 9.568620000000001638e-03
2.751000000000000000e+03 1.978596000000000174e-02 1.183914000000000147e-02
2.753000000000000000e+03 1.540710000000000170e-02 1.119042000000000127e-02
2.755000000000000000e+03 1.897506000000000193e-02 1.216350000000000070e-02
2.757000000000000000e+03 1.670454000000000036e-02 1.119042000000000127e-02
2.759000000000000000e+03 1.621799999999999978e-02 1.021734000000000010e-02
2.761000000000000000e+03 1.800198000000000076e-02 1.086606000000000030e-02
2.763000000000000000e+03 1.605582000000000190e-02 1.151478000000000050e-02
2.765000000000000000e+03 1.297440000000000052e-02 7.622460000000001040e-03
2.767000000000000000e+03 1.654236000000000248e-02 9.892980000000000870e-03
2.769000000000000000e+03 1.832633999999999999e-02 1.248786000000000167e-02
2.771000000000000000e+03 1.719108000000000094e-02 1.037952000000000145e-02
2.773000000000000000e+03 1.735326000000000229e-02 1.183914000000000147e-02
2.775000000000000000e+03 1.783980000000000288e-02 1.281222000000000090e-02
2.777000000000000000e+03 1.848852000000000134e-02 1.297440000000000052e-02
2.779000000000000000e+03 1.994814000000000309e-02 1.297440000000000052e-02
2.781000000000000000e+03 1.492056000000000111e-02 1.054170000000000107e-02
2.783000000000000000e+03 1.573146000000000266e-02 1.037952000000000145e-02
2.785000000000000000e+03 1.427184000000000091e-02 9.082080000000001055e-03
2.787000000000000000e+03 1.443402000000000053e-02 9.244260000000000671e-03
2.789000000000000000e+03 1.654236000000000248e-02 1.167696000000000185e-02
2.791000000000000000e+03 1.573146000000000266e-02 9.892980000000000870e-03
2.793000000000000000e+03 1.816416000000000211e-02 1.248786000000000167e-02
2.795000000000000000e+03 1.427184000000000091e-02 9.568620000000001638e-03
2.797000000000000000e+03 1.848852000000000134e-02 1.037952000000000145e-02
2.799000000000000000e+03 1.573146000000000266e-02 1.183914000000000147e-02
2.801000000000000000e+03 1.605582000000000190e-02 1.102824000000000165e-02
2.803000000000000000e+03 1.508274000000000073e-02 1.005516000000000049e-02
2.805000000000000000e+03 1.540710000000000170e-02 9.892980000000000870e-03
2.807000000000000000e+03 1.605582000000000190e-02 9.892980000000000870e-03
2.809000000000000000e+03 1.589364000000000055e-02 1.054170000000000107e-02
2.811000000000000000e+03 1.459620000000000188e-02 8.919900000000001439e-03
2.813000000000000000e+03 1.556928000000000131e-02 9.730800000000001254e-03
2.815000000000000000e+03 1.540710000000000170e-02 8.108999999999999889e-03
2.817000000000000000e+03 1.524492000000000208e-02 9.244260000000000671e-03
2.819000000000000000e+03 1.362312000000000071e-02 8.919900000000001439e-03
2.821000000000000000e+03 1.605582000000000190e-02 9.406440000000000287e-03
2.823000000000000000e+03 1.783980000000000288e-02 1.151478000000000050e-02
2.825000000000000000e+03 1.573146000000000266e-02 8.757720000000000088e-03
2.827000000000000000e+03 1.329876000000000148e-02 9.244260000000000671e-03
2.829000000000000000e+03 1.654236000000000248e-02 1.037952000000000145e-02
2.831000000000000000e+03 1.654236000000000248e-02 1.070388000000000069e-02
2.833000000000000000e+03 1.767762000000000153e-02 1.151478000000000050e-02
2.835000000000000000e+03 1.832633999999999999e-02 1.070388000000000069e-02
2.837000000000000000e+03 1.475838000000000150e-02 9.568620000000001638e-03
2.839000000000000000e+03 1.556928000000000131e-02 9.892980000000000870e-03
2.841000000000000000e+03 1.605582000000000190e-02 1.005516000000000049e-02
2.843000000000000000e+03 1.686672000000000171e-02 1.135260000000000088e-02
2.845000000000000000e+03 1.751544000000000018e-02 1.183914000000000147e-02
2.847000000000000000e+03 1.670454000000000036e-02 1.054170000000000107e-02
2.849000000000000000e+03 1.394748000000000168e-02 9.244260000000000671e-03
2.851000000000000000e+03 1.767762000000000153e-02 1.086606000000000030e-02
2.853000000000000000e+03 1.605582000000000190e-02 1.119042000000000127e-02
2.855000000000000000e+03 1.313658000000000187e-02 8.271180000000001240e-03
2.857000000000000000e+03 1.362312000000000071e-02 7.946820000000000273e-03
2.859000000000000000e+03 1.313658000000000187e-02 9.244260000000000671e-03
2.861000000000000000e+03 1.670454000000000036e-02 9.892980000000000870e-03
2.863000000000000000e+03 1.670454000000000036e-02 1.135260000000000088e-02
2.865000000000000000e+03 1.443402000000000053e-02 8.271180000000001240e-03
2.867000000000000000e+03 1.540710000000000170e-02 1.005516000000000049e-02
2.869000000000000000e+03 1.702890000000000306e-02 1.054170000000000107e-02
2.871000000000000000e+03 1.248786000000000167e-02 7.460280000000000557e-03
2.873000000000000000e+03 1.832633999999999999e-02 1.281222000000000090e-02
2.875000000000000000e+03 1.865070000000000269e-02 1.183914000000000147e-02
2.877000000000000000e+03 1.783980000000000288e-02 1.102824000000000165e-02
2.879000000000000000e+03 1.929942000000000116e-02 1.265004000000000128e-02
2.881000000000000000e+03 1.508274000000000073e-02 9.568620000000001638e-03
2.883000000000000000e+03 1.346094000000000110e-02 8.757720000000000088e-03
2.885000000000000000e+03 1.556928000000000131e-02 1.005516000000000049e-02
2.887000000000000000e+03 1.540710000000000170e-02 9.082080000000001055e-03
2.889000000000000000e+03 1.589364000000000055e-02 1.086606000000000030e-02
2.891000000000000000e+03 1.621799999999999978e-02 1.070388000000000069e-02
2.893000000000000000e+03 1.589364000000000055e-02 1.086606000000000030e-02
2.895000000000000000e+03 1.719108000000000094e-02 1.167696000000000185e-02
2.897000000000000000e+03 1.248786000000000167e-02 7.135920000000000457e-03
2.899000000000000000e+03 1.897506000000000193e-02 1.070388000000000069e-02
4.145000000000000000e+04 2.480056560000000232e+01 1.914599772000000044e+01
