1.007500000000000000e+02 1.943920439999999861e-01 1.583161920000000222e-01
1.012500000000000000e+02 1.962716760000000060e-01 1.574183160000000026e-01
1.017500000000000000e+02 1.982405160000000055e-01 1.576869840000000300e-01
1.022500000000000000e+02 1.841400360000000069e-01 1.459514520000000093e-01
1.027500000000000000e+02 1.934750520000000085e-01 1.573545960000000132e-01
1.032500000000000000e+02 1.920153960000000049e-01 1.550761920000000016e-01
1.037500000000000000e+02 1.955176919999999929e-01 1.603269719999999843e-01
1.042500000000000000e+02 1.978571520000000084e-01 1.605537000000000214e-01
1.047500000000000000e+02 1.879439039999999950e-01 1.520018640000000143e-01
1.052500000000000000e+02 1.933513200000000209e-01 1.552137120000000037e-01
1.057500000000000000e+02 1.980010440000000149e-01 1.627301520000000168e-01
1.062500000000000000e+02 1.937856599999999985e-01 1.620972360000000334e-01
1.067500000000000000e+02 1.900401840000000286e-01 1.564057440000000132e-01
1.072500000000000000e+02 1.826028719999999994e-01 1.493008200000000285e-01
1.077500000000000000e+02 2.000590919999999939e-01 1.655294399999999999e-01
1.082500000000000000e+02 1.912640760000000051e-01 1.588917599999999930e-01
1.087500000000000000e+02 1.830918960000000317e-01 1.502533799999999919e-01
1.092500000000000000e+02 1.857573720000000039e-01 1.511257680000000214e-01
1.097500000000000000e+02 1.832039280000000159e-01 1.492307280000000069e-01
1.102500000000000000e+02 1.875632040000000111e-01 1.542420359999999990e-01
1.107500000000000000e+02 1.846938240000000064e-01 1.492917840000000107e-01
1.112500000000000000e+02 1.817533080000000023e-01 1.491287760000000184e-01
1.117500000000000000e+02 1.857674520000000273e-01 1.530818639999999842e-01
1.122500000000000000e+02 1.835017919999999969e-01 1.491415200000000274e-01
1.127500000000000000e+02 1.705386600000000086e-01 1.406178360000000238e-01
1.132500000000000000e+02 1.769851800000000197e-01 1.445873759999999897e-01
1.137500000000000000e+02 1.761191640000000225e-01 1.452202920000000008e-01
1.142500000000000000e+02 1.734027120000000144e-01 1.412316359999999937e-01
1.147500000000000000e+02 1.788637680000000063e-01 1.479330360000000177e-01
1.152500000000000000e+02 1.724474879999999821e-01 1.421204760000000233e-01
1.157500000000000000e+02 1.727188200000000229e-01 1.428872039999999899e-01
1.162500000000000000e+02 1.737032400000000087e-01 1.428680880000000042e-01
1.167500000000000000e+02 1.751257079999999910e-01 1.459615320000000049e-01
1.172500000000000000e+02 1.792635840000000036e-01 1.513816920000000121e-01
1.177500000000000000e+02 1.838787839999999896e-01 1.514873519999999918e-01
1.182500000000000000e+02 1.779504839999999921e-01 1.433634840000000132e-01
1.187500000000000000e+02 1.642179600000000239e-01 1.350766080000000147e-01
1.192500000000000000e+02 1.688586480000000001e-01 1.386017280000000074e-01
1.197500000000000000e+02 1.709002440000000067e-01 1.406788919999999998e-01
1.202500000000000000e+02 1.731823560000000095e-01 1.404075600000000146e-01
1.207500000000000000e+02 1.757586240000000022e-01 1.483556759999999919e-01
1.212500000000000000e+02 1.648508760000000073e-01 1.351695240000000131e-01
1.217500000000000000e+02 1.719584640000000053e-01 1.394103960000000197e-01
1.222500000000000000e+02 1.717981199999999986e-01 1.409183640000000182e-01
1.227500000000000000e+02 1.760326200000000008e-01 1.448013600000000178e-01
1.232500000000000000e+02 1.712453760000000325e-01 1.432514520000000291e-01
1.237500000000000000e+02 1.683313920000000241e-01 1.392919920000000034e-01
1.242500000000000000e+02 1.648508760000000073e-01 1.370135879999999917e-01
1.247500000000000000e+02 1.707791760000000048e-01 1.414748160000000032e-01
1.252500000000000000e+02 1.632271680000000058e-01 1.347505920000000024e-01
1.257500000000000000e+02 1.592039879999999907e-01 1.309859999999999913e-01
1.262500000000000000e+02 1.709549280000000060e-01 1.391799600000000192e-01
1.267500000000000000e+02 1.608468120000000334e-01 1.302320160000000060e-01
1.272500000000000000e+02 1.543302000000000007e-01 1.259428320000000046e-01
1.277500000000000000e+02 1.665191879999999847e-01 1.404266760000000280e-01
1.282500000000000000e+02 1.682230680000000034e-01 1.366557120000000125e-01
1.287500000000000000e+02 1.687466160000000159e-01 1.403974800000000189e-01
1.292500000000000000e+02 1.575611640000000035e-01 1.311235199999999934e-01
1.297500000000000000e+02 1.588206239999999936e-01 1.319640480000000005e-01
1.302500000000000000e+02 1.640804400000000218e-01 1.362304080000000250e-01
1.307500000000000000e+02 1.602839880000000161e-01 1.320824520000000168e-01
1.312500000000000000e+02 1.630232640000000011e-01 1.339583759999999901e-01
1.317500000000000000e+02 1.632563640000000149e-01 1.332006840000000136e-01
1.322500000000000000e+02 1.641478680000000023e-01 1.324530720000000050e-01
1.327500000000000000e+02 1.640039760000000235e-01 1.364507640000000022e-01
1.332500000000000000e+02 1.543976280000000090e-01 1.276084799999999964e-01
1.337500000000000000e+02 1.622045159999999930e-01 1.332198000000000271e-01
1.342500000000000000e+02 1.573445159999999898e-01 1.307210400000000106e-01
1.347500000000000000e+02 1.642790159999999999e-01 1.332744840000000264e-01
1.352500000000000000e+02 1.539978120000000117e-01 1.288350360000000139e-01
1.357500000000000000e+02 1.572186960000000189e-01 1.307364480000000051e-01
1.362500000000000000e+02 1.571905440000000154e-01 1.303148520000000088e-01
1.367500000000000000e+02 1.424645640000000157e-01 1.174775400000000053e-01
1.372500000000000000e+02 1.524351600000000140e-01 1.312928999999999902e-01
1.377500000000000000e+02 1.583124840000000033e-01 1.330987320000000251e-01
1.382500000000000000e+02 1.549631159999999841e-01 1.271640600000000232e-01
1.387500000000000000e+02 1.523714400000000246e-01 1.279562760000000077e-01
1.392500000000000000e+02 1.511730360000000106e-01 1.247061960000000053e-01
1.397500000000000000e+02 1.558455840000000092e-01 1.286948520000000262e-01
1.402500000000000000e+02 1.439151840000000016e-01 1.172725920000000088e-01
1.407500000000000000e+02 1.524033000000000193e-01 1.272086640000000268e-01
1.412500000000000000e+02 1.568873520000000077e-01 1.284490080000000034e-01
1.417500000000000000e+02 1.455388920000000030e-01 1.197851400000000122e-01
1.422500000000000000e+02 1.488781799999999989e-01 1.266941520000000043e-01
1.427500000000000000e+02 1.511056080000000024e-01 1.280364479999999971e-01
1.432500000000000000e+02 1.436119920000000216e-01 1.194272640000000052e-01
1.437500000000000000e+02 1.469321640000000040e-01 1.173718799999999979e-01
1.442500000000000000e+02 1.468811879999999959e-01 1.259975160000000038e-01
1.447500000000000000e+02 1.422659880000000099e-01 1.190720520000000116e-01
1.452500000000000000e+02 1.406104199999999860e-01 1.175221440000000089e-01
1.457500000000000000e+02 1.524388680000000051e-01 1.293341400000000141e-01
1.462500000000000000e+02 1.411567920000000032e-01 1.178609040000000024e-01
1.467500000000000000e+02 1.352067120000000067e-01 1.101623400000000114e-01
1.472500000000000000e+02 1.407861720000000150e-01 1.170777240000000080e-01
1.477500000000000000e+02 1.479702239999999835e-01 1.244985839999999955e-01
1.482500000000000000e+02 1.434744720000000195e-01 1.194909840000000084e-01
1.487500000000000000e+02 1.455415560000000164e-01 1.226545200000000030e-01
1.492500000000000000e+02 1.418406839999999947e-01 1.170102960000000136e-01
1.497500000000000000e+02 1.394502480000000266e-01 1.184709960000000090e-01
1.502500000000000000e+02 1.371845879999999962e-01 1.138977360000000133e-01
1.507500000000000000e+02 1.492041959999999834e-01 1.223093880000000050e-01
1.512500000000000000e+02 1.498753440000000214e-01 1.261350360000000059e-01
1.517500000000000000e+02 1.344808799999999971e-01 1.105903079999999983e-01
1.522500000000000000e+02 1.397544840000000121e-01 1.144414440000000033e-01
1.527500000000000000e+02 1.452739320000000223e-01 1.207886759999999976e-01
1.532500000000000000e+02 1.336148640000000276e-01 1.115938440000000115e-01
1.537500000000000000e+02 1.360791000000000084e-01 1.129042799999999958e-01
1.542500000000000000e+02 1.376964360000000054e-01 1.159276320000000166e-01
1.547500000000000000e+02 1.317389399999999988e-01 1.104883560000000098e-01
1.552500000000000000e+02 1.385651160000000159e-01 1.159786080000000108e-01
1.557500000000000000e+02 1.376162639999999882e-01 1.162117080000000108e-01
1.562500000000000000e+02 1.352157480000000245e-01 1.139041080000000178e-01
1.567500000000000000e+02 1.331194679999999908e-01 1.074230640000000125e-01
1.572500000000000000e+02 1.386553680000000011e-01 1.130099400000000170e-01
1.577500000000000000e+02 1.362739680000000231e-01 1.143039240000000012e-01
1.582500000000000000e+02 1.351939679999999977e-01 1.131920640000000089e-01
1.587500000000000000e+02 1.359516600000000019e-01 1.148667480000000046e-01
1.592500000000000000e+02 1.277539920000000107e-01 1.061673119999999998e-01
1.597500000000000000e+02 1.338516720000000049e-01 1.103189760000000130e-01
1.602500000000000000e+02 1.352513160000000103e-01 1.129361400000000043e-01
1.607500000000000000e+02 1.307428200000000096e-01 1.113644520000000165e-01
1.612500000000000000e+02 1.411477560000000131e-01 1.191394800000000059e-01
1.617500000000000000e+02 1.287930959999999958e-01 1.068931439999999955e-01
1.622500000000000000e+02 1.388247479999999978e-01 1.184492160000000099e-01
1.627500000000000000e+02 1.395723600000000064e-01 1.187370000000000092e-01
1.632500000000000000e+02 1.314930960000000038e-01 1.110028680000000045e-01
1.637500000000000000e+02 1.387828080000000075e-01 1.163747160000000030e-01
1.642500000000000000e+02 1.291637160000000117e-01 1.104246360000000066e-01
1.647500000000000000e+02 1.334746800000000122e-01 1.152209159999999927e-01
1.652500000000000000e+02 1.317845880000000081e-01 1.125819720000000024e-01
1.657500000000000000e+02 1.336785840000000170e-01 1.121975639999999996e-01
1.662500000000000000e+02 1.325412360000000067e-01 1.117695960000000127e-01
1.667500000000000000e+02 1.245421440000000074e-01 1.044607680000000094e-01
1.672500000000000000e+02 1.242963000000000123e-01 1.045218239999999993e-01
1.677500000000000000e+02 1.290261960000000097e-01 1.091524320000000076e-01
1.682500000000000000e+02 1.332251279999999982e-01 1.132812720000000023e-01
1.687500000000000000e+02 1.199561400000000166e-01 1.010795400000000094e-01
1.692500000000000000e+02 1.291600080000000206e-01 1.115619840000000168e-01
1.697500000000000000e+02 1.224586080000000105e-01 1.047549239999999993e-01
1.702500000000000000e+02 1.282621320000000009e-01 1.044990000000000085e-01
1.707500000000000000e+02 1.266293880000000094e-01 1.035119159999999955e-01
1.712500000000000000e+02 1.157826960000000044e-01 9.652910400000000446e-02
1.717500000000000000e+02 1.253954160000000095e-01 1.065862440000000105e-01
1.722500000000000000e+02 1.252998359999999978e-01 1.062219959999999991e-01
1.727500000000000000e+02 1.254017880000000140e-01 1.063621800000000006e-01
1.732500000000000000e+02 1.291408920000000071e-01 1.081361520000000132e-01
1.737500000000000000e+02 1.161533160000000064e-01 9.758998800000000251e-02
1.742500000000000000e+02 1.265747040000000101e-01 1.085258880000000009e-01
1.747500000000000000e+02 1.216727640000000027e-01 1.046466000000000063e-01
1.752500000000000000e+02 1.298858400000000024e-01 1.088009280000000051e-01
1.757500000000000000e+02 1.249610760000000181e-01 1.030611240000000040e-01
1.762500000000000000e+02 1.271083319999999905e-01 1.074650040000000029e-01
1.767500000000000000e+02 1.245612600000000070e-01 1.068575760000000097e-01
1.772500000000000000e+02 1.241587799999999964e-01 1.040136839999999951e-01
1.777500000000000000e+02 1.218357719999999950e-01 1.032788159999999955e-01
1.782500000000000000e+02 1.271693879999999943e-01 1.064423520000000040e-01
1.787500000000000000e+02 1.225451520000000044e-01 1.040136839999999951e-01
1.792500000000000000e+02 1.189945439999999938e-01 1.030483800000000089e-01
1.797500000000000000e+02 1.221681600000000117e-01 1.039690800000000054e-01
1.802500000000000000e+02 1.198377360000000003e-01 1.035820080000000032e-01
1.807500000000000000e+02 1.120117320000000027e-01 9.589618800000000720e-02
1.812500000000000000e+02 1.276902720000000213e-01 1.078966800000000087e-01
1.817500000000000000e+02 1.154731320000000061e-01 9.837316799999999695e-02
1.822500000000000000e+02 1.137756240000000058e-01 9.625406400000000029e-02
1.827500000000000000e+02 1.137209400000000065e-01 9.466221600000000735e-02
1.832500000000000000e+02 1.178789760000000103e-01 1.001115720000000098e-01
1.837500000000000000e+02 1.174637520000000046e-01 9.893865599999999982e-02
1.842500000000000000e+02 1.145996999999999988e-01 9.510026400000000379e-02
1.847500000000000000e+02 1.305251280000000180e-01 1.145407320000000062e-01
1.852500000000000000e+02 1.175274720000000078e-01 9.944042399999999948e-02
1.857500000000000000e+02 1.114579440000000171e-01 9.446734800000000654e-02
1.862500000000000000e+02 1.155177360000000097e-01 9.767016000000000586e-02
1.867500000000000000e+02 1.206883440000000030e-01 1.025694359999999999e-01
1.872500000000000000e+02 1.094391720000000012e-01 9.112168799999999236e-02
1.877500000000000000e+02 1.197612720000000019e-01 1.027351080000000055e-01
1.882500000000000000e+02 1.128103200000000056e-01 9.623494800000000071e-02
1.887500000000000000e+02 1.168918920000000111e-01 1.002873239999999971e-01
1.892500000000000000e+02 1.170193320000000176e-01 1.012361759999999972e-01
1.897500000000000000e+02 1.123504919999999963e-01 9.595353600000000593e-02
1.902500000000000000e+02 1.135488960000000103e-01 9.693795600000000567e-02
1.907500000000000000e+02 1.068501599999999996e-01 9.197496000000000838e-02
1.912500000000000000e+02 1.202794920000000017e-01 9.957794400000000157e-02
1.917500000000000000e+02 1.132228799999999980e-01 9.478699200000000047e-02
1.922500000000000000e+02 1.154540160000000065e-01 9.596361600000000158e-02
1.927500000000000000e+02 1.120181040000000072e-01 9.553831200000000023e-02
1.932500000000000000e+02 1.075632480000000141e-01 9.075106800000000418e-02
1.937500000000000000e+02 1.124205840000000040e-01 9.767282400000000531e-02
1.942500000000000000e+02 1.204260480000000078e-01 1.035119159999999955e-01
1.947500000000000000e+02 1.152681839999999958e-01 1.003446720000000097e-01
1.952500000000000000e+02 1.125389879999999926e-01 9.380628000000000577e-02
1.957500000000000000e+02 1.119034080000000098e-01 9.747529200000000504e-02
1.962500000000000000e+02 1.114526160000000043e-01 9.389282399999999973e-02
1.967500000000000000e+02 1.123058880000000065e-01 9.700538400000001393e-02
1.972500000000000000e+02 1.065788280000000005e-01 8.705019600000001023e-02
1.977500000000000000e+02 1.176140160000000018e-01 1.000924560000000102e-01
1.982500000000000000e+02 1.055625480000000060e-01 8.968647600000000109e-02
1.987500000000000000e+02 1.145906639999999949e-01 9.789051600000001074e-02
1.992500000000000000e+02 1.114616520000000083e-01 9.362682000000001337e-02
1.997500000000000000e+02 1.060515720000000106e-01 8.686807200000000451e-02
2.002500000000000000e+02 1.101103199999999976e-01 9.157885200000000225e-02
2.007500000000000000e+02 1.083655440000000081e-01 9.298486799999999830e-02
2.012500000000000000e+02 1.062209520000000074e-01 8.785249200000000425e-02
2.017500000000000000e+02 1.054887480000000072e-01 8.996151600000000526e-02
2.022500000000000000e+02 1.072882079999999960e-01 9.128469600000001238e-02
2.027500000000000000e+02 1.071570600000000123e-01 8.943426000000000153e-02
2.032500000000000000e+02 9.651160799999999873e-02 8.098437599999999681e-02
2.037500000000000000e+02 1.026894600000000102e-01 8.793532800000000704e-02
2.042500000000000000e+02 1.000303560000000008e-01 8.403321600000000779e-02
2.047500000000000000e+02 1.099281960000000058e-01 9.585158400000000356e-02
2.052500000000000000e+02 1.088508600000000076e-01 9.373248000000000690e-02
2.057500000000000000e+02 1.026958320000000008e-01 8.620329600000001258e-02
2.062500000000000000e+02 1.013407919999999990e-01 8.737621199999999477e-02
2.067500000000000000e+02 1.112641200000000080e-01 9.580697999999999992e-02
2.072500000000000000e+02 1.051473240000000003e-01 9.108345599999999320e-02
2.077500000000000000e+02 1.083236040000000039e-01 9.179920799999999326e-02
2.082500000000000000e+02 1.047029040000000133e-01 8.858736000000000388e-02
2.087500000000000000e+02 1.037795400000000035e-01 8.869301999999999742e-02
2.092500000000000000e+02 1.139805720000000161e-01 9.700538400000001393e-02
2.097500000000000000e+02 1.060998840000000054e-01 9.068734800000000096e-02
2.102500000000000000e+02 9.851230800000000676e-02 8.435923200000000621e-02
2.107500000000000000e+02 1.098034200000000127e-01 9.346752000000001226e-02
2.112500000000000000e+02 1.006186680000000083e-01 8.702470800000000617e-02
2.117500000000000000e+02 9.961513200000000900e-02 8.600842799999999788e-02
2.122500000000000000e+02 1.021112279999999983e-01 8.705019600000001023e-02
2.127500000000000000e+02 1.036037880000000022e-01 8.869939200000000190e-02
2.132500000000000000e+02 1.050544080000000019e-01 9.127832400000000790e-02
2.137500000000000000e+02 9.841672800000000887e-02 8.298507600000000484e-02
2.142500000000000000e+02 9.641602800000000084e-02 8.157905999999999491e-02
2.147500000000000000e+02 9.405108000000000912e-02 8.045712000000000697e-02
2.152500000000000000e+02 9.782204399999999689e-02 8.420896800000000904e-02
2.157500000000000000e+02 1.051600679999999954e-01 9.206787600000000682e-02
2.162500000000000000e+02 9.835938000000001014e-02 8.464701599999999160e-02
2.167500000000000000e+02 9.937566000000000455e-02 8.526718799999999376e-02
2.172500000000000000e+02 1.002289320000000067e-01 8.545568400000000397e-02
2.177500000000000000e+02 1.035974159999999977e-01 8.886239999999999417e-02
2.182500000000000000e+02 9.858610800000000562e-02 8.549391600000000313e-02
2.187500000000000000e+02 9.698788800000000820e-02 8.451586799999999400e-02
2.192500000000000000e+02 9.733035600000000676e-02 8.374913999999999970e-02
2.197500000000000000e+02 9.916804800000000863e-02 8.423179199999999978e-02
2.202500000000000000e+02 1.068437879999999951e-01 8.896435199999999655e-02
2.207500000000000000e+02 9.319780800000000698e-02 7.928420399999999701e-02
2.212500000000000000e+02 1.039579560000000041e-01 8.846258400000001076e-02
2.217500000000000000e+02 9.827920800000000678e-02 8.465338799999999608e-02
2.222500000000000000e+02 1.032167160000000139e-01 8.656117200000000567e-02
2.227500000000000000e+02 9.934379999999999600e-02 8.491568400000000516e-02
2.232500000000000000e+02 1.016222039999999938e-01 8.585179199999999622e-02
2.237500000000000000e+02 9.790221600000000024e-02 8.467887600000000015e-02
2.242500000000000000e+02 1.008326519999999948e-01 8.616506400000001342e-02
2.247500000000000000e+02 9.822823200000001254e-02 8.254436400000000895e-02
2.252500000000000000e+02 1.069494480000000025e-01 9.378079200000000171e-02
2.257500000000000000e+02 9.282452399999999160e-02 7.793924400000000474e-02
2.262500000000000000e+02 9.026737200000001238e-02 7.788456000000000545e-02
2.267500000000000000e+02 9.673567200000000865e-02 8.411976000000000175e-02
2.272500000000000000e+02 9.418859999999999733e-02 8.313534000000000201e-02
2.277500000000000000e+02 9.541249200000000152e-02 8.012473200000000406e-02
2.282500000000000000e+02 9.009162000000001114e-02 7.583288400000000318e-02
2.287500000000000000e+02 9.633319199999999805e-02 8.511692399999999659e-02
2.292500000000000000e+02 9.001781999999999839e-02 7.889446800000000926e-02
2.297500000000000000e+02 1.006696440000000026e-01 8.688081600000001348e-02
2.302500000000000000e+02 9.205408800000000613e-02 8.117658000000001206e-02
2.307500000000000000e+02 9.068259600000000420e-02 7.876331999999999778e-02
2.312500000000000000e+02 9.601354800000000411e-02 8.018578799999999396e-02
2.317500000000000000e+02 1.020921119999999988e-01 8.784611999999999976e-02
2.322500000000000000e+02 1.017496440000000002e-01 8.678152799999999667e-02
2.327500000000000000e+02 9.309585600000000460e-02 8.042526000000001229e-02
2.332500000000000000e+02 9.886752000000001428e-02 8.590010400000000490e-02
2.337500000000000000e+02 9.295833600000000252e-02 7.817871600000000920e-02
2.342500000000000000e+02 9.390081600000001194e-02 7.950456000000000190e-02
2.347500000000000000e+02 9.556275599999999870e-02 8.210631599999999863e-02
2.352500000000000000e+02 9.664009200000001076e-02 8.285763599999999840e-02
2.357500000000000000e+02 9.734947200000000633e-02 8.357976000000000294e-02
2.362500000000000000e+02 9.527868000000000448e-02 8.005463999999999636e-02
2.367500000000000000e+02 9.425602800000000558e-02 8.123392800000001079e-02
2.372500000000000000e+02 9.122630400000000805e-02 8.006738400000000533e-02
2.377500000000000000e+02 9.175089599999999845e-02 7.754313599999999862e-02
2.382500000000000000e+02 9.701071199999999894e-02 8.457692399999999777e-02
2.387500000000000000e+02 1.017815039999999949e-01 9.033213600000000731e-02
2.392500000000000000e+02 9.223621200000001186e-02 7.917588000000000403e-02
2.397500000000000000e+02 8.665941600000000300e-02 7.475288400000000555e-02
2.402500000000000000e+02 9.677761200000001285e-02 8.545568400000000397e-02
2.407500000000000000e+02 8.838507600000000686e-02 7.595766000000001017e-02
2.412500000000000000e+02 9.121622399999999853e-02 7.996172399999999791e-02
2.417500000000000000e+02 9.032842800000000227e-02 7.850473200000000762e-02
2.422500000000000000e+02 9.250754400000001099e-02 8.176755599999999125e-02
2.427500000000000000e+02 9.370965600000000228e-02 8.118295200000000267e-02
2.432500000000000000e+02 9.011710800000001520e-02 7.890721200000000435e-02
2.437500000000000000e+02 9.160966800000000521e-02 8.056278000000000050e-02
2.442500000000000000e+02 8.447659200000000312e-02 7.320934800000000742e-02
2.447500000000000000e+02 9.324612000000000178e-02 8.039340000000000375e-02
2.452500000000000000e+02 8.982295199999999757e-02 7.959110399999999585e-02
2.457500000000000000e+02 9.104418000000000233e-02 8.001640799999999720e-02
2.462500000000000000e+02 8.662118400000000384e-02 7.473376800000000597e-02
2.467500000000000000e+02 8.960896800000001106e-02 7.808579999999999688e-02
2.472500000000000000e+02 9.211410000000000431e-02 7.814314799999999561e-02
2.477500000000000000e+02 9.034383600000001069e-02 7.637925600000000648e-02
2.482500000000000000e+02 9.062524800000000547e-02 7.694474400000000935e-02
2.487500000000000000e+02 9.005976000000001647e-02 7.630916399999999877e-02
2.492500000000000000e+02 9.046223999999999932e-02 7.821694800000000836e-02
2.497500000000000000e+02 8.603924400000000083e-02 7.341696000000000333e-02
2.502500000000000000e+02 8.383093200000001077e-02 7.425748799999999650e-02
2.507500000000000000e+02 9.060613200000000589e-02 7.607235600000000764e-02
2.512500000000000000e+02 9.556912800000000319e-02 8.402047200000001270e-02
2.517500000000000000e+02 8.482172400000000112e-02 7.544952000000000603e-02
2.522500000000000000e+02 8.369711999999999985e-02 7.205554799999999704e-02
2.527500000000000000e+02 8.885498400000001185e-02 7.669890000000000041e-02
2.532500000000000000e+02 8.550561600000000650e-02 7.400793600000001027e-02
2.537500000000000000e+02 8.913268800000000158e-02 7.723252799999999474e-02
2.542500000000000000e+02 8.096421600000000551e-02 6.961680000000000645e-02
2.547500000000000000e+02 8.975286000000000375e-02 7.841181600000000917e-02
2.552500000000000000e+02 8.998329600000000428e-02 7.834172400000000147e-02
2.557500000000000000e+02 8.692171199999999820e-02 7.527376800000000479e-02
2.562500000000000000e+02 8.813286000000000731e-02 7.659057599999999355e-02
2.567500000000000000e+02 8.488915199999999550e-02 7.204280400000000195e-02
2.572500000000000000e+02 7.717413600000000429e-02 6.524848800000000726e-02
2.577500000000000000e+02 8.379907200000000222e-02 7.135891199999999657e-02
2.582500000000000000e+02 8.912365199999999765e-02 7.883074800000000604e-02
2.587500000000000000e+02 8.566862399999999877e-02 7.309731600000000939e-02
2.592500000000000000e+02 8.842064399999999269e-02 7.659694799999999804e-02
2.597500000000000000e+02 8.920648800000000045e-02 7.890084000000001374e-02
2.602500000000000000e+02 8.200969199999999515e-02 7.169767200000000396e-02
2.607500000000000000e+02 8.393659200000000431e-02 7.191165600000000435e-02
2.612500000000000000e+02 8.707197600000000925e-02 7.475288400000000555e-02
2.617500000000000000e+02 8.835321599999999831e-02 7.834809600000000596e-02
2.622500000000000000e+02 8.884224000000000288e-02 7.632827999999999835e-02
2.627500000000000000e+02 7.837254000000000442e-02 6.837379200000000268e-02
2.632500000000000000e+02 8.364614400000000560e-02 7.167218400000001377e-02
2.637500000000000000e+02 8.641623599999999350e-02 7.569536400000000109e-02
2.642500000000000000e+02 8.183393999999999391e-02 7.147731599999999907e-02
2.647500000000000000e+02 7.923855600000001553e-02 6.869980800000000110e-02
2.652500000000000000e+02 8.433640800000000159e-02 7.172953200000001250e-02
2.657500000000000000e+02 8.425623600000001212e-02 7.253182800000000652e-02
2.662500000000000000e+02 8.516048400000000851e-02 7.231413600000000108e-02
2.667500000000000000e+02 7.898263199999999706e-02 6.788476799999999811e-02
2.672500000000000000e+02 8.191677599999999670e-02 6.937095599999999751e-02
2.677500000000000000e+02 8.582896800000000548e-02 7.463818800000000808e-02
2.682500000000000000e+02 8.630791200000000052e-02 7.666703999999999186e-02
2.687500000000000000e+02 8.100615599999999583e-02 7.044829200000000957e-02
2.692500000000000000e+02 8.379270000000001162e-02 7.378757999999999151e-02
2.697500000000000000e+02 7.786440000000001416e-02 6.681751200000000945e-02
2.702500000000000000e+02 8.319801599999999964e-02 7.018599600000001437e-02
2.707500000000000000e+02 8.288845200000000135e-02 7.204917600000000644e-02
2.712500000000000000e+02 8.140226400000001583e-02 7.094635199999999031e-02
2.717500000000000000e+02 7.867944000000000326e-02 6.747591600000001077e-02
2.722500000000000000e+02 8.438101200000000524e-02 7.268209200000000370e-02
2.727500000000000000e+02 7.477466400000000457e-02 6.741856800000001204e-02
2.732500000000000000e+02 7.935696000000000416e-02 6.984086400000000250e-02
2.737500000000000000e+02 7.902457200000000126e-02 6.814069200000000270e-02
2.742500000000000000e+02 7.865395199999999920e-02 6.984086400000000250e-02
2.747500000000000000e+02 8.016562800000000266e-02 6.903856800000000848e-02
2.752500000000000000e+02 8.006634000000001361e-02 7.002298799999999435e-02
2.757500000000000000e+02 7.541024400000000127e-02 6.662901600000001312e-02
2.762500000000000000e+02 7.572351600000000460e-02 6.558724800000000077e-02
2.767500000000000000e+02 7.920032400000001638e-02 6.781467600000000429e-02
2.772500000000000000e+02 7.831519200000000569e-02 7.103926800000000263e-02
2.777500000000000000e+02 7.095538799999999424e-02 6.049947599999999648e-02
2.782500000000000000e+02 7.622157599999999922e-02 6.673734000000000610e-02
2.787500000000000000e+02 7.946899200000000218e-02 6.780830399999999980e-02
2.792500000000000000e+02 7.304529599999999567e-02 6.288991199999999226e-02
2.797500000000000000e+02 7.948810800000000176e-02 6.937095599999999751e-02
2.802500000000000000e+02 7.855466400000001015e-02 6.969697200000000981e-02
2.807500000000000000e+02 7.433661600000000813e-02 6.452636400000000272e-02
2.812500000000000000e+02 7.401326399999999528e-02 6.414566400000000501e-02
2.817500000000000000e+02 7.636917600000001083e-02 6.738033599999999901e-02
2.822500000000000000e+02 7.468811999999999673e-02 6.508548000000001499e-02
2.827500000000000000e+02 7.455059999999999465e-02 6.444619200000001324e-02
2.832500000000000000e+02 7.407431999999999905e-02 6.539875200000000444e-02
2.837500000000000000e+02 7.075681200000000226e-02 6.206850000000000561e-02
2.842500000000000000e+02 7.069309200000001292e-02 6.148389600000000316e-02
2.847500000000000000e+02 7.159096800000000482e-02 6.357380399999999765e-02
2.852500000000000000e+02 7.742368800000000439e-02 6.755608800000000025e-02
2.857500000000000000e+02 7.477095599999999953e-02 6.440796000000001409e-02
2.862500000000000000e+02 7.763767199999999091e-02 7.034900400000000664e-02
2.867500000000000000e+02 8.036686800000000797e-02 7.073236800000000379e-02
2.872500000000000000e+02 7.405786799999999892e-02 6.365664000000000045e-02
2.877500000000000000e+02 7.612599600000000133e-02 6.659715600000000457e-02
2.882500000000000000e+02 8.037323999999999857e-02 6.915697199999999711e-02
2.887500000000000000e+02 7.492759200000001507e-02 6.544972799999999868e-02
2.892500000000000000e+02 7.993252800000000269e-02 6.928174800000000411e-02
2.897500000000000000e+02 7.283397600000000860e-02 6.481681200000000143e-02
2.902500000000000000e+02 7.440033599999999747e-02 6.487149600000000071e-02
2.907500000000000000e+02 7.208370000000000055e-02 6.553627200000000652e-02
2.912500000000000000e+02 7.426281600000000926e-02 6.421946400000000388e-02
2.917500000000000000e+02 7.905006000000000532e-02 6.780830399999999980e-02
2.922500000000000000e+02 7.391768399999999739e-02 6.369858000000000464e-02
2.927500000000000000e+02 7.046636400000000355e-02 6.059239200000000186e-02
2.932500000000000000e+02 7.146990000000000287e-02 6.298920000000000907e-02
2.937500000000000000e+02 7.852280400000001548e-02 6.936458399999999302e-02
2.942500000000000000e+02 7.424370000000000969e-02 6.256389600000000772e-02
2.947500000000000000e+02 6.917504400000000497e-02 6.067522800000000466e-02
2.952500000000000000e+02 7.128140400000000654e-02 6.423220799999999897e-02
2.957500000000000000e+02 7.823235600000000289e-02 6.694228800000000257e-02
2.962500000000000000e+02 7.672067999999999943e-02 6.603804000000000618e-02
2.967500000000000000e+02 7.705573200000000178e-02 6.714989999999999848e-02
2.972500000000000000e+02 6.564992400000001227e-02 5.676037200000000338e-02
2.977500000000000000e+02 6.802124400000000848e-02 5.952780000000000571e-02
2.982500000000000000e+02 7.263273600000000330e-02 6.442707600000001367e-02
2.987500000000000000e+02 7.202901600000000126e-02 6.472123200000000354e-02
2.992500000000000000e+02 6.915592800000000540e-02 5.862355200000000238e-02
2.997500000000000000e+02 7.302617999999999610e-02 6.472760400000000802e-02
3.002500000000000000e+02 7.140247200000000849e-02 6.462194400000000061e-02
3.007500000000000000e+02 6.916230000000000988e-02 6.151575600000000477e-02
3.012500000000000000e+02 7.228760400000000530e-02 6.363115199999999638e-02
3.017500000000000000e+02 7.099361999999999340e-02 6.304654800000000781e-02
3.022500000000000000e+02 7.108920000000000516e-02 6.035558400000000379e-02
3.027500000000000000e+02 7.264547999999999839e-02 6.477220799999999779e-02
3.032500000000000000e+02 7.076689199999999791e-02 6.076814400000000310e-02
3.037500000000000000e+02 7.269379200000000707e-02 6.420671999999999491e-02
3.042500000000000000e+02 7.119485999999999870e-02 6.224425199999999991e-02
3.047500000000000000e+02 7.705944000000000682e-02 6.638954399999999478e-02
3.052500000000000000e+02 7.384759200000000356e-02 6.491610000000000436e-02
3.057500000000000000e+02 7.515432000000001056e-02 6.496070399999999412e-02
3.062500000000000000e+02 6.692850000000000188e-02 5.920178400000000729e-02
3.067500000000000000e+02 7.211556000000000910e-02 6.335344800000000665e-02
3.072500000000000000e+02 6.730549199999999455e-02 5.816638800000000636e-02
3.077500000000000000e+02 6.853575600000000323e-02 6.033646800000000421e-02
3.082500000000000000e+02 7.097450399999999382e-02 6.130177200000000437e-02
3.087500000000000000e+02 6.986530800000001484e-02 5.916992400000000568e-02
3.092500000000000000e+02 7.106371200000000110e-02 6.016708800000000051e-02
3.097500000000000000e+02 6.748761600000000027e-02 5.898142800000000241e-02
3.102500000000000000e+02 6.729912000000000394e-02 5.800975199999999776e-02
3.107500000000000000e+02 6.978884400000000265e-02 6.060142799999999885e-02
3.112500000000000000e+02 7.153999199999999670e-02 6.116425200000000229e-02
3.117500000000000000e+02 6.897380399999999967e-02 5.969080800000000492e-02
3.122500000000000000e+02 7.105733999999999662e-02 6.019894800000000212e-02
3.127500000000000000e+02 7.059380400000000999e-02 6.224425199999999991e-02
3.132500000000000000e+02 7.087255200000000532e-02 6.344636399999999121e-02
3.137500000000000000e+02 6.725451600000000030e-02 5.676037200000000338e-02
3.142500000000000000e+02 7.153999199999999670e-02 6.460282800000000103e-02
3.147500000000000000e+02 6.811415999999999304e-02 6.110690400000000355e-02
3.152500000000000000e+02 6.658336800000000388e-02 5.766461999999999977e-02
3.157500000000000000e+02 7.078600799999999749e-02 6.111327600000000110e-02
3.162500000000000000e+02 6.406178400000001050e-02 5.746338000000000140e-02
3.167500000000000000e+02 7.255627200000000498e-02 6.302743200000000823e-02
3.172500000000000000e+02 6.730282799999999510e-02 6.022177199999999980e-02
3.177500000000000000e+02 6.946919999999999484e-02 6.047398799999999935e-02
3.182500000000000000e+02 6.636938400000000349e-02 5.950231200000000858e-02
3.187500000000000000e+02 6.711062400000000761e-02 5.844780000000000114e-02
3.192500000000000000e+02 6.377399999999999736e-02 5.624586000000000169e-02
3.197500000000000000e+02 6.451257600000000203e-02 5.708001600000000425e-02
3.202500000000000000e+02 6.755504400000000853e-02 6.027912000000000547e-02
3.207500000000000000e+02 6.589310399999999401e-02 5.694886800000000665e-02
3.212500000000000000e+02 6.446797199999999839e-02 5.687877600000000589e-02
3.217500000000000000e+02 6.219860400000000455e-02 5.622674400000000211e-02
3.222500000000000000e+02 6.437505599999999994e-02 5.477241599999999738e-02
3.227500000000000000e+02 7.224937200000000614e-02 6.187363200000000479e-02
3.232500000000000000e+02 6.809504399999999347e-02 6.079363200000000023e-02
3.237500000000000000e+02 6.305187599999999282e-02 5.629046400000000533e-02
3.242500000000000000e+02 6.895468800000000009e-02 6.202389600000000891e-02
3.247500000000000000e+02 6.699859200000000958e-02 5.935204800000000447e-02
3.252500000000000000e+02 6.537222000000000866e-02 5.723665199999999897e-02
3.257500000000000000e+02 6.423753599999999786e-02 5.612745599999999918e-02
3.262500000000000000e+02 6.091736400000000162e-02 5.382356400000000429e-02
3.267500000000000000e+02 6.778814400000000850e-02 5.947682400000000452e-02
3.272500000000000000e+02 6.431133599999999673e-02 5.642161200000000293e-02
3.277500000000000000e+02 6.770530800000000571e-02 5.928195600000000370e-02
3.282500000000000000e+02 6.643310400000000671e-02 5.984744400000000658e-02
3.287500000000000000e+02 5.952675600000000705e-02 5.302126800000000334e-02
3.292500000000000000e+02 6.235894800000000432e-02 5.773204800000000109e-02
3.297500000000000000e+02 6.562443600000000821e-02 5.610833999999999960e-02
3.302500000000000000e+02 6.799575600000000442e-02 5.970355200000000001e-02
3.307500000000000000e+02 5.680393200000000142e-02 5.060163600000000539e-02
3.312500000000000000e+02 6.603699600000000058e-02 5.938761600000000418e-02
3.317500000000000000e+02 6.314479199999999126e-02 5.618214000000000541e-02
3.322500000000000000e+02 6.571098000000000217e-02 5.877381600000000650e-02
3.327500000000000000e+02 6.029719199999999946e-02 4.969101599999999758e-02
3.332500000000000000e+02 6.923610000000000875e-02 6.061150800000000144e-02
3.337500000000000000e+02 6.277683600000000252e-02 5.765187599999999774e-02
3.342500000000000000e+02 6.564725999999999895e-02 5.604462000000000332e-02
3.347500000000000000e+02 6.584212799999999977e-02 5.906797200000000331e-02
3.352500000000000000e+02 7.124954400000001187e-02 6.390990000000000559e-02
3.357500000000000000e+02 6.507169200000000042e-02 5.850514800000000681e-02
3.362500000000000000e+02 6.224320800000000126e-02 5.496728400000000514e-02
3.367500000000000000e+02 6.156568800000000036e-02 5.360587199999999886e-02
3.372500000000000000e+02 6.410001600000000965e-02 5.663559600000000332e-02
3.377500000000000000e+02 6.055311600000000405e-02 5.317790399999999806e-02
3.382500000000000000e+02 6.348355199999999865e-02 5.515948800000000651e-02
3.387500000000000000e+02 6.832814400000000732e-02 5.984744400000000658e-02
3.392500000000000000e+02 6.257293200000001165e-02 5.622037200000000456e-02
3.397500000000000000e+02 6.240621600000000740e-02 5.390002800000000260e-02
3.402500000000000000e+02 6.151471199999999917e-02 5.486533200000000277e-02
3.407500000000000000e+02 5.712357600000000230e-02 4.881862800000000280e-02
3.412500000000000000e+02 6.471381600000000733e-02 5.692975200000000707e-02
3.417500000000000000e+02 6.176426399999999928e-02 5.469595199999999907e-02
3.422500000000000000e+02 6.022710000000000563e-02 5.354215200000000258e-02
3.427500000000000000e+02 6.620637600000001122e-02 5.811541200000000518e-02
3.432500000000000000e+02 6.343894800000000889e-02 5.519134800000000118e-02
3.437500000000000000e+02 5.904781200000000507e-02 5.271436800000000450e-02
3.442500000000000000e+02 6.167772000000000532e-02 5.489081999999999989e-02
3.447500000000000000e+02 6.022072800000000115e-02 5.347843199999999936e-02
3.452500000000000000e+02 6.089453999999999700e-02 5.305950000000000250e-02
3.457500000000000000e+02 5.653897200000000678e-02 4.739349600000000023e-02
3.462500000000000000e+02 6.472018800000001182e-02 5.758178399999999697e-02
3.467500000000000000e+02 6.510992399999999958e-02 5.694249600000000910e-02
3.472500000000000000e+02 6.029719199999999946e-02 5.181012000000000117e-02
3.477500000000000000e+02 5.948215200000000341e-02 5.475967200000000229e-02
3.482500000000000000e+02 5.780109600000000319e-02 5.031118799999999974e-02
3.487500000000000000e+02 5.510746799999999973e-02 4.719862800000000636e-02
3.492500000000000000e+02 5.951401200000000502e-02 5.124092400000000713e-02
3.497500000000000000e+02 6.023347200000000318e-02 5.337277200000000582e-02
3.502500000000000000e+02 6.123329999999999745e-02 5.480427599999999899e-02
3.507500000000000000e+02 6.121789200000000292e-02 5.403117600000000714e-02
3.512500000000000000e+02 5.865436799999999840e-02 4.925030400000000169e-02
3.517500000000000000e+02 5.769277200000000327e-02 5.245578000000000046e-02
3.522500000000000000e+02 5.504641199999999596e-02 4.925030400000000169e-02
3.527500000000000000e+02 5.751968400000000148e-02 5.053154400000000462e-02
3.532500000000000000e+02 6.020161200000000157e-02 5.435082000000000801e-02
3.537500000000000000e+02 6.117328800000000621e-02 5.567400000000000126e-02
3.542500000000000000e+02 5.688410400000000477e-02 5.115171600000000679e-02
3.547500000000000000e+02 5.637596400000000063e-02 4.829137200000000602e-02
3.552500000000000000e+02 5.899683600000000389e-02 5.142038400000000647e-02
3.557500000000000000e+02 6.210302399999999973e-02 5.470869600000000110e-02
3.562500000000000000e+02 5.786215200000000003e-02 5.222268000000000049e-02
3.567500000000000000e+02 5.996480400000000349e-02 5.358675599999999928e-02
3.572500000000000000e+02 6.248638800000000382e-02 5.485896000000000522e-02
3.577500000000000000e+02 5.989471200000000273e-02 5.280728400000000294e-02
3.582500000000000000e+02 5.718092400000000103e-02 4.933313999999999755e-02
3.587500000000000000e+02 5.166518400000000288e-02 4.569332400000000738e-02
3.592500000000000000e+02 6.400443600000001176e-02 5.608285200000000248e-02
3.597500000000000000e+02 5.797047599999999995e-02 5.231188800000000083e-02
3.602500000000000000e+02 5.800604400000000660e-02 5.124463199999999830e-02
3.607500000000000000e+02 5.650074000000000762e-02 4.927579199999999882e-02
3.612500000000000000e+02 5.658994800000000797e-02 4.980942000000000008e-02
3.617500000000000000e+02 5.550994800000000340e-02 4.829774400000000356e-02
3.622500000000000000e+02 5.726109600000000438e-02 5.134021200000000312e-02
3.627500000000000000e+02 5.925542400000000098e-02 5.117083200000000637e-02
3.632500000000000000e+02 5.965153200000000017e-02 5.250675600000000165e-02
3.637500000000000000e+02 6.087542399999999743e-02 5.380074000000000661e-02
3.642500000000000000e+02 6.034179600000000310e-02 5.167259999999999909e-02
3.647500000000000000e+02 6.053029199999999943e-02 5.182286399999999627e-02
3.652500000000000000e+02 5.796410400000000240e-02 5.156056800000000800e-02
3.657500000000000000e+02 5.770551600000000531e-02 5.108162400000000603e-02
3.662500000000000000e+02 5.891029200000000299e-02 5.047419600000000589e-02
3.667500000000000000e+02 5.952409200000000067e-02 5.297029200000000215e-02
3.672500000000000000e+02 5.615560800000000269e-02 4.873579200000000000e-02
3.677500000000000000e+02 5.576216400000000295e-02 4.861738800000000443e-02
3.682500000000000000e+02 5.726109600000000438e-02 5.065631999999999774e-02
3.687500000000000000e+02 5.958781200000000389e-02 5.029207200000000016e-02
3.692500000000000000e+02 5.584233600000000630e-02 4.943880000000000496e-02
3.697500000000000000e+02 5.311951200000000067e-02 4.691084400000000015e-02
3.702500000000000000e+02 5.830286400000000285e-02 5.222534399999999993e-02
3.707500000000000000e+02 5.379703200000000157e-02 4.895614800000000488e-02
3.712500000000000000e+02 6.046019999999999867e-02 5.258321999999999996e-02
3.717500000000000000e+02 5.292464400000000679e-02 4.543102800000000524e-02
3.722500000000000000e+02 5.548446000000000627e-02 5.031755999999999729e-02
3.727500000000000000e+02 5.855878800000000051e-02 5.047419600000000589e-02
3.732500000000000000e+02 5.906692800000000465e-02 5.100145200000000267e-02
3.737500000000000000e+02 5.776286400000000404e-02 5.063720399999999816e-02
3.742500000000000000e+02 5.928462000000000315e-02 5.212339199999999756e-02
3.747500000000000000e+02 5.731844400000000311e-02 5.250038399999999716e-02
3.752500000000000000e+02 5.562835199999999897e-02 4.898534400000000011e-02
3.757500000000000000e+02 5.356659600000000104e-02 4.662306000000000089e-02
3.762500000000000000e+02 6.150196800000000408e-02 5.335365600000000624e-02
3.767500000000000000e+02 5.323154400000000563e-02 4.633261199999999524e-02
3.772500000000000000e+02 5.124625200000000602e-02 4.541191200000000566e-02
3.777500000000000000e+02 5.332075200000000598e-02 4.625881200000000332e-02
3.782500000000000000e+02 5.741773199999999910e-02 5.095047600000000149e-02
3.787500000000000000e+02 5.236552800000000146e-02 4.753101600000000232e-02
3.792500000000000000e+02 5.342270400000000141e-02 4.580164800000000730e-02
3.797500000000000000e+02 5.185738800000000426e-02 4.804552800000000401e-02
3.802500000000000000e+02 5.803153200000000372e-02 5.131472399999999906e-02
3.807500000000000000e+02 5.333986800000000555e-02 4.608306000000000208e-02
3.812500000000000000e+02 5.257314000000000431e-02 4.618872000000000255e-02
3.817500000000000000e+02 5.587419600000000097e-02 5.068180800000000180e-02
3.822500000000000000e+02 5.771826000000000040e-02 4.975844400000000584e-02
3.827500000000000000e+02 5.251845599999999809e-02 4.457775599999999616e-02
3.832500000000000000e+02 6.059134800000000320e-02 5.334091200000000421e-02
3.837500000000000000e+02 5.367862800000000600e-02 4.673509199999999891e-02
3.842500000000000000e+02 5.583596400000000182e-02 5.005260000000000264e-02
3.847500000000000000e+02 5.351561999999999986e-02 4.696819200000000583e-02
3.852500000000000000e+02 5.825825999999999921e-02 5.229277200000000125e-02
3.857500000000000000e+02 5.565384000000000303e-02 5.024746800000000346e-02
3.862500000000000000e+02 5.037757200000000241e-02 4.518518400000000323e-02
3.867500000000000000e+02 5.332075200000000598e-02 4.676057999999999604e-02
3.872500000000000000e+02 5.065898400000000412e-02 4.381102800000000186e-02
3.877500000000000000e+02 5.065527599999999908e-02 4.536730800000000202e-02
3.882500000000000000e+02 5.089845600000000164e-02 4.441474800000000389e-02
3.887500000000000000e+02 5.264056799999999869e-02 4.667774400000000018e-02
3.892500000000000000e+02 5.231084400000000217e-02 4.756924800000000148e-02
3.897500000000000000e+02 5.384800800000000276e-02 4.893066000000000776e-02
3.902500000000000000e+02 5.119898400000000294e-02 4.589456399999999880e-02
3.907500000000000000e+02 4.982482800000000156e-02 4.295138400000000217e-02
3.912500000000000000e+02 5.405932800000000371e-02 4.806464400000000359e-02
3.917500000000000000e+02 5.296924800000000350e-02 4.607668800000000453e-02
3.922500000000000000e+02 5.072270400000000734e-02 4.398040800000000555e-02
3.927500000000000000e+02 5.239368000000000497e-02 4.848623999999999989e-02
3.932500000000000000e+02 5.431154400000000326e-02 4.944517200000000251e-02
3.937500000000000000e+02 5.519030400000000253e-02 4.964641200000000087e-02
3.942500000000000000e+02 4.946324400000000343e-02 4.485916799999999788e-02
3.947500000000000000e+02 5.166518400000000288e-02 4.538642400000000160e-02
3.952500000000000000e+02 5.606002800000000480e-02 4.921207199999999560e-02
3.957500000000000000e+02 5.661277199999999871e-02 4.988959199999999650e-02
3.962500000000000000e+02 5.390906400000000653e-02 4.987684800000000140e-02
3.967500000000000000e+02 5.614923600000000514e-02 4.967560800000000304e-02
3.972500000000000000e+02 4.970271600000000095e-02 4.472164800000000273e-02
3.977500000000000000e+02 5.502729599999999638e-02 4.805827199999999910e-02
3.982500000000000000e+02 5.074819200000000446e-02 4.589456399999999880e-02
3.987500000000000000e+02 5.426056800000000208e-02 4.821490800000000770e-02
3.992500000000000000e+02 4.984394400000000114e-02 4.530996000000000329e-02
3.997500000000000000e+02 5.227261200000000302e-02 4.775137200000000026e-02
4.002500000000000000e+02 4.823298000000000169e-02 4.166006399999999665e-02
4.007500000000000000e+02 5.288004000000000315e-02 4.652748000000000300e-02
4.012500000000000000e+02 4.748536800000000002e-02 4.166643600000000114e-02
4.017500000000000000e+02 5.597985600000000145e-02 5.077472400000000718e-02
4.022500000000000000e+02 5.113792800000000610e-02 4.662306000000000089e-02
4.027500000000000000e+02 4.738607999999999709e-02 4.198608000000000201e-02
4.032500000000000000e+02 4.784324400000000699e-02 4.362890400000000307e-02
4.037500000000000000e+02 4.818200400000000744e-02 4.383651599999999898e-02
4.042500000000000000e+02 4.961987999999999815e-02 4.304059200000000251e-02
4.047500000000000000e+02 5.135828400000000404e-02 4.561315200000000403e-02
4.052500000000000000e+02 5.120802000000000687e-02 4.217457600000000528e-02
4.057500000000000000e+02 4.945050000000000140e-02 4.405049999999999938e-02
4.062500000000000000e+02 4.880217600000000266e-02 4.264448400000000333e-02
4.067500000000000000e+02 4.993315200000000148e-02 4.484005199999999830e-02
4.072500000000000000e+02 5.256306000000000173e-02 4.592642400000000041e-02
4.077500000000000000e+02 5.213138400000000283e-02 4.829774400000000356e-02
4.082500000000000000e+02 5.191473600000000299e-02 4.638996000000000092e-02
4.087500000000000000e+02 5.096217599999999792e-02 4.492288800000000110e-02
4.092500000000000000e+02 4.510130400000000178e-02 3.921228000000000213e-02
4.097500000000000000e+02 5.221526400000000429e-02 4.546659599999999801e-02
4.102500000000000000e+02 4.663846799999999543e-02 4.111369200000000029e-02
4.107500000000000000e+02 4.865191199999999855e-02 4.418164799999999698e-02
4.112500000000000000e+02 5.107420800000000288e-02 4.417527599999999943e-02
4.117500000000000000e+02 4.812094800000000366e-02 4.288395600000000085e-02
4.122500000000000000e+02 4.501476000000000088e-02 4.016113200000000216e-02
4.127500000000000000e+02 5.106783600000000534e-02 4.686624000000000345e-02
4.132500000000000000e+02 4.636342800000000514e-02 4.133404799999999824e-02
4.137500000000000000e+02 4.466059199999999896e-02 3.985794000000000142e-02
4.142500000000000000e+02 4.790059200000000572e-02 4.230572400000000288e-02
4.147500000000000000e+02 5.299473600000000062e-02 4.842889200000000116e-02
4.152500000000000000e+02 4.491280800000000545e-02 4.023493200000000103e-02
4.157500000000000000e+02 4.625776800000000466e-02 4.131493199999999866e-02
4.162500000000000000e+02 4.970642400000000599e-02 4.499031600000000242e-02
4.167500000000000000e+02 4.550378399999999851e-02 4.170466800000000029e-02
4.172500000000000000e+02 4.571776800000000585e-02 4.132130399999999620e-02
4.177500000000000000e+02 4.699634400000000239e-02 4.309156800000000370e-02
4.182500000000000000e+02 4.528342800000000057e-02 4.112006400000000478e-02
4.187500000000000000e+02 4.519688399999999967e-02 3.965936400000000250e-02
4.192500000000000000e+02 5.121172799999999803e-02 4.480181999999999914e-02
4.197500000000000000e+02 5.175172800000000378e-02 4.620783600000000213e-02
4.202500000000000000e+02 5.035208400000000528e-02 4.553031600000000123e-02
4.207500000000000000e+02 4.820112000000000702e-02 4.474076400000000231e-02
4.212500000000000000e+02 4.608201600000000342e-02 4.015475999999999768e-02
4.217500000000000000e+02 4.971279600000000354e-02 4.451403599999999988e-02
4.222500000000000000e+02 4.776944400000000118e-02 4.154803200000000557e-02
4.227500000000000000e+02 5.199120000000000130e-02 4.655296800000000013e-02
4.232500000000000000e+02 4.814377200000000134e-02 4.346589600000000386e-02
4.237500000000000000e+02 4.880854800000000715e-02 4.378553999999999780e-02
4.242500000000000000e+02 4.652006399999999986e-02 4.098891600000000024e-02
4.247500000000000000e+02 4.446838799999999758e-02 3.739370400000000677e-02
4.252500000000000000e+02 4.671493200000000068e-02 4.186130400000000196e-02
4.257500000000000000e+02 4.168184400000000261e-02 3.771334800000000764e-02
4.262500000000000000e+02 4.573688400000000542e-02 4.186767600000000644e-02
4.267500000000000000e+02 4.706643599999999622e-02 4.286484000000000127e-02
4.272500000000000000e+02 4.313246400000000230e-02 3.792096000000000355e-02
4.277500000000000000e+02 4.201423200000000552e-02 3.611246399999999690e-02
4.282500000000000000e+02 5.279986799999999980e-02 4.709933999999999649e-02
4.287500000000000000e+02 5.162057999999999924e-02 4.516606800000000366e-02
4.292500000000000000e+02 4.953704400000000230e-02 4.480819199999999669e-02
4.297500000000000000e+02 5.029739999999999905e-02 4.528076400000000112e-02
4.302500000000000000e+02 4.999050000000000021e-02 4.249422000000000615e-02
4.307500000000000000e+02 4.531528800000000218e-02 4.065652800000000427e-02
4.312500000000000000e+02 4.839598800000000089e-02 4.349138400000000793e-02
4.317500000000000000e+02 4.972554000000000557e-02 4.467704400000000603e-02
4.322500000000000000e+02 4.332095999999999864e-02 3.699759600000000065e-02
4.327500000000000000e+02 4.663846799999999543e-02 4.162820400000000198e-02
4.332500000000000000e+02 4.949243999999999866e-02 4.295138400000000217e-02
4.337500000000000000e+02 4.383547200000000726e-02 3.910024799999999717e-02
4.342500000000000000e+02 4.103884800000000277e-02 3.627176399999999801e-02
4.347500000000000000e+02 4.150609200000000137e-02 3.856024800000000530e-02
4.352500000000000000e+02 4.675953599999999738e-02 4.182307200000000280e-02
4.357500000000000000e+02 4.259883600000000103e-02 3.771334800000000764e-02
4.362500000000000000e+02 4.182573600000000225e-02 3.768148800000000603e-02
4.367500000000000000e+02 4.473068399999999972e-02 4.007192400000000182e-02
4.372500000000000000e+02 5.036482800000000037e-02 4.670960400000000179e-02
4.377500000000000000e+02 4.840235999999999844e-02 4.235032799999999958e-02
4.382500000000000000e+02 4.678873199999999954e-02 4.143333600000000116e-02
4.387500000000000000e+02 4.054078800000000121e-02 3.564255599999999885e-02
4.392500000000000000e+02 4.572414000000000339e-02 3.980962799999999968e-02
4.397500000000000000e+02 4.300768800000000225e-02 3.773883600000000477e-02
4.402500000000000000e+02 4.669581600000000110e-02 4.233758399999999755e-02
4.407500000000000000e+02 4.891050000000000259e-02 4.283298000000000660e-02
4.412500000000000000e+02 4.836412799999999929e-02 4.486554000000000236e-02
4.417500000000000000e+02 4.043512800000000074e-02 3.673530000000000545e-02
4.422500000000000000e+02 4.523882400000000387e-02 4.023493200000000103e-02
4.427500000000000000e+02 4.234662000000000148e-02 3.749299200000000276e-02
4.432500000000000000e+02 4.624873200000000767e-02 4.174023600000000001e-02
4.437500000000000000e+02 4.749174000000000451e-02 4.325828400000000101e-02
4.442500000000000000e+02 4.840235999999999844e-02 4.182307200000000280e-02
4.447500000000000000e+02 4.286750400000000072e-02 3.870413999999999799e-02
4.452500000000000000e+02 5.254128000000000270e-02 4.738712400000000269e-02
4.457500000000000000e+02 4.882766400000000673e-02 4.242412800000000539e-02
4.462500000000000000e+02 4.959439200000000103e-02 4.456501200000000107e-02
4.467500000000000000e+02 4.884678000000000631e-02 4.384926000000000101e-02
4.472500000000000000e+02 4.427989200000000125e-02 4.183581600000000483e-02
4.477500000000000000e+02 4.375263600000000447e-02 3.940714800000000295e-02
4.482500000000000000e+02 5.176447200000000581e-02 4.637721599999999889e-02
4.487500000000000000e+02 4.220909999999999940e-02 3.854750400000000327e-02
4.492500000000000000e+02 4.281919200000000592e-02 3.983511600000000374e-02
4.497500000000000000e+02 4.833226799999999768e-02 4.278200400000000542e-02
4.502500000000000000e+02 4.694536800000000121e-02 4.347864000000000589e-02
4.507500000000000000e+02 3.907371600000000139e-02 3.384946800000000061e-02
4.512500000000000000e+02 4.941226800000000224e-02 4.464518400000000442e-02
4.517500000000000000e+02 4.714023600000000203e-02 4.161545999999999995e-02
4.522500000000000000e+02 4.457404800000000500e-02 3.974590800000000340e-02
4.527500000000000000e+02 4.848890400000000628e-02 4.431279600000000152e-02
4.532500000000000000e+02 4.452573599999999632e-02 3.978414000000000256e-02
4.537500000000000000e+02 4.276821600000000473e-02 3.874874400000000163e-02
4.542500000000000000e+02 4.235936400000000351e-02 3.955104000000000258e-02
4.547500000000000000e+02 4.328272799999999948e-02 3.788272800000000440e-02
4.552500000000000000e+02 4.112539200000000367e-02 3.755034000000000149e-02
4.557500000000000000e+02 4.365334800000000154e-02 3.945175199999999965e-02
4.562500000000000000e+02 4.678236000000000200e-02 4.179758400000000568e-02
4.567500000000000000e+02 4.660660800000000076e-02 4.142059199999999913e-02
4.572500000000000000e+02 4.717209600000000363e-02 4.194147599999999837e-02
4.577500000000000000e+02 4.365971999999999908e-02 3.987705600000000100e-02
4.582500000000000000e+02 4.355776800000000365e-02 3.920590800000000459e-02
4.587500000000000000e+02 4.377812400000000853e-02 3.973953599999999892e-02
4.592500000000000000e+02 4.584254399999999896e-02 4.180395600000000322e-02
4.597500000000000000e+02 4.454218800000000339e-02 3.987068400000000346e-02
4.602500000000000000e+02 4.751722800000000163e-02 4.276926000000000339e-02
4.607500000000000000e+02 4.448750399999999716e-02 4.007829599999999937e-02
4.612500000000000000e+02 3.970026000000000110e-02 3.499689599999999956e-02
4.617500000000000000e+02 3.870946799999999688e-02 3.483388800000000729e-02
4.622500000000000000e+02 4.537263600000000091e-02 3.995352000000000625e-02
4.627500000000000000e+02 4.569865200000000627e-02 3.965299200000000496e-02
4.632500000000000000e+02 4.141317600000000293e-02 3.741282000000000635e-02
4.637500000000000000e+02 3.873495600000000094e-02 3.414999600000000191e-02
4.642500000000000000e+02 4.188945599999999853e-02 3.665883600000000020e-02
4.647500000000000000e+02 4.085406000000000454e-02 3.925688400000000577e-02
4.652500000000000000e+02 4.126291199999999881e-02 3.653406000000000015e-02
4.657500000000000000e+02 4.040964000000000361e-02 3.790184400000000398e-02
4.662500000000000000e+02 3.968751599999999907e-02 3.583105199999999518e-02
4.667500000000000000e+02 4.449387600000000165e-02 4.025404800000000755e-02
4.672500000000000000e+02 4.284201600000000359e-02 3.884166000000000007e-02
4.677500000000000000e+02 4.308148800000000112e-02 3.824060400000000443e-02
4.682500000000000000e+02 3.964291200000000237e-02 3.463901999999999953e-02
4.687500000000000000e+02 4.586165999999999854e-02 3.977139600000000053e-02
4.692500000000000000e+02 4.303051200000000687e-02 3.888626400000000372e-02
4.697500000000000000e+02 4.219264800000000620e-02 3.866857200000000522e-02
4.702500000000000000e+02 4.210344000000000586e-02 3.701671200000000023e-02
4.707500000000000000e+02 3.855283200000000216e-02 3.330946800000000180e-02
4.712500000000000000e+02 4.057264800000000282e-02 3.619529999999999970e-02
4.717500000000000000e+02 4.421883599999999748e-02 4.030502400000000179e-02
4.722500000000000000e+02 4.590997200000000722e-02 4.072395599999999866e-02
4.727500000000000000e+02 3.975123600000000229e-02 3.619529999999999970e-02
4.732500000000000000e+02 4.332733200000000312e-02 3.897547200000000406e-02
4.737500000000000000e+02 4.079300400000000076e-02 3.607052399999999964e-02
4.742500000000000000e+02 4.242945600000000428e-02 3.832714799999999838e-02
4.747500000000000000e+02 3.887247600000000303e-02 3.506061600000000278e-02
4.752500000000000000e+02 3.956274000000000596e-02 3.548591999999999719e-02
4.757500000000000000e+02 4.389919200000000354e-02 3.932060400000000205e-02
4.762500000000000000e+02 4.378449600000000608e-02 3.956378400000000461e-02
4.767500000000000000e+02 3.885973200000000100e-02 3.478928400000000365e-02
4.772500000000000000e+02 4.086680400000000657e-02 3.672892800000000096e-02
4.777500000000000000e+02 4.659386399999999873e-02 4.192873199999999634e-02
4.782500000000000000e+02 3.940610399999999736e-02 3.622078799999999682e-02
4.787500000000000000e+02 3.816946799999999806e-02 3.521088000000000690e-02
4.792500000000000000e+02 4.340113200000000199e-02 3.990891600000000261e-02
4.797500000000000000e+02 3.661318800000000484e-02 3.398061599999999821e-02
4.802500000000000000e+02 3.888522000000000506e-02 3.431300400000000111e-02
4.807500000000000000e+02 4.106804400000000493e-02 3.809671200000000479e-02
4.812500000000000000e+02 3.629354400000000397e-02 3.097638000000000127e-02
4.817500000000000000e+02 4.042875600000000319e-02 3.534202800000000450e-02
4.822500000000000000e+02 4.188308400000000098e-02 3.808396800000000276e-02
4.827500000000000000e+02 4.197866399999999887e-02 3.828520800000000113e-02
4.832500000000000000e+02 4.157618400000000214e-02 3.856024800000000530e-02
4.837500000000000000e+02 3.582097199999999954e-02 3.259371600000000174e-02
4.842500000000000000e+02 4.158255599999999969e-02 3.717334800000000189e-02
4.847500000000000000e+02 4.004539199999999910e-02 3.706768800000000141e-02
4.852500000000000000e+02 3.849548400000000342e-02 3.379849199999999942e-02
4.857500000000000000e+02 3.820132799999999967e-02 3.366734400000000182e-02
4.862500000000000000e+02 3.972574799999999823e-02 3.463901999999999953e-02
4.867500000000000000e+02 3.828150000000000303e-02 3.462627599999999750e-02
4.872500000000000000e+02 3.912202800000000313e-02 3.633282000000000178e-02
4.877500000000000000e+02 4.141954800000000048e-02 3.691105199999999975e-02
4.882500000000000000e+02 3.732894000000000490e-02 3.417548400000000597e-02
4.887500000000000000e+02 3.929140799999999989e-02 3.568078800000000494e-02
4.892500000000000000e+02 3.934875599999999862e-02 3.503512799999999872e-02
4.897500000000000000e+02 3.868397999999999975e-02 3.556238399999999550e-02
4.902500000000000000e+02 3.543390000000000428e-02 3.181053600000000037e-02
4.907500000000000000e+02 4.007725200000000071e-02 3.687919199999999814e-02
4.912500000000000000e+02 3.948627600000000071e-02 3.587565599999999882e-02
4.917500000000000000e+02 4.234291199999999644e-02 3.877423199999999875e-02
4.922500000000000000e+02 4.069742400000000287e-02 3.702945600000000226e-02
4.927500000000000000e+02 3.807018000000000207e-02 3.421371600000000512e-02
4.932500000000000000e+02 3.837708000000000785e-02 3.466450800000000360e-02
4.937500000000000000e+02 4.335652800000000529e-02 3.870413999999999799e-02
4.942500000000000000e+02 4.207158000000000425e-02 3.803299200000000158e-02
4.947500000000000000e+02 3.834522000000000624e-02 3.398061599999999821e-02
4.952500000000000000e+02 3.459337199999999723e-02 3.110752800000000234e-02
4.957500000000000000e+02 3.565425600000000222e-02 3.182965199999999995e-02
4.962500000000000000e+02 4.228927200000000275e-02 3.665246400000000265e-02
4.967500000000000000e+02 3.714681599999999917e-02 3.294521999999999728e-02
4.972500000000000000e+02 4.118644800000000050e-02 3.749936400000000031e-02
4.977500000000000000e+02 3.528363600000000017e-02 3.039814800000000330e-02
4.982500000000000000e+02 3.816946799999999806e-02 3.435760799999999782e-02
4.987500000000000000e+02 3.826875600000000793e-02 3.510892800000000452e-02
4.992500000000000000e+02 3.814398000000000094e-02 3.360999599999999615e-02
4.997500000000000000e+02 4.086680400000000657e-02 3.598768800000000379e-02
5.010000000000000000e+02 1.541603520000000005e-01 1.399684680000000125e-01
5.030000000000000000e+02 1.534281479999999864e-01 1.382072400000000090e-01
5.050000000000000000e+02 1.561366080000000101e-01 1.414482840000000075e-01
5.070000000000000000e+02 1.560182040000000214e-01 1.395851040000000154e-01
5.090000000000000000e+02 1.439948880000000153e-01 1.300451400000000035e-01
5.110000000000000000e+02 1.526178599999999941e-01 1.385178479999999990e-01
5.130000000000000000e+02 1.494978839999999976e-01 1.347559200000000013e-01
5.150000000000000000e+02 1.497118679999999979e-01 1.327998240000000107e-01
5.170000000000000000e+02 1.499295599999999895e-01 1.328608800000000145e-01
5.190000000000000000e+02 1.371049919999999811e-01 1.240886880000000025e-01
5.210000000000000000e+02 1.406773800000000185e-01 1.300323959999999945e-01
5.230000000000000000e+02 1.379964959999999963e-01 1.263607200000000097e-01
5.250000000000000000e+02 1.455320519999999951e-01 1.309722120000000045e-01
5.270000000000000000e+02 1.350050040000000118e-01 1.214933040000000103e-01
5.290000000000000000e+02 1.364492520000000209e-01 1.245421440000000074e-01
5.310000000000000000e+02 1.421354160000000144e-01 1.272139919999999980e-01
5.330000000000000000e+02 1.459191239999999834e-01 1.327907879999999929e-01
5.350000000000000000e+02 1.373062320000000280e-01 1.237525920000000085e-01
5.370000000000000000e+02 1.365267599999999970e-01 1.260538199999999831e-01
5.390000000000000000e+02 1.370184479999999871e-01 1.247497560000000033e-01
5.410000000000000000e+02 1.400672879999999842e-01 1.284506280000000111e-01
5.430000000000000000e+02 1.388370240000000311e-01 1.243409040000000160e-01
5.450000000000000000e+02 1.307577600000000007e-01 1.186329600000000095e-01
5.470000000000000000e+02 1.390000320000000233e-01 1.255201920000000027e-01
5.490000000000000000e+02 1.452416039999999964e-01 1.325513160000000024e-01
5.510000000000000000e+02 1.321064279999999980e-01 1.186520760000000091e-01
5.530000000000000000e+02 1.291696200000000128e-01 1.194480000000000125e-01
5.550000000000000000e+02 1.379800439999999961e-01 1.276101000000000318e-01
5.570000000000000000e+02 1.403067600000000303e-01 1.269644400000000117e-01
5.590000000000000000e+02 1.381977360000000155e-01 1.240722360000000024e-01
5.610000000000000000e+02 1.356124320000000050e-01 1.221963120000000153e-01
5.630000000000000000e+02 1.275267960000000256e-01 1.157152680000000100e-01
5.650000000000000000e+02 1.250816760000000027e-01 1.145869560000000037e-01
5.670000000000000000e+02 1.309271399999999974e-01 1.205508240000000009e-01
5.690000000000000000e+02 1.287926280000000201e-01 1.171568520000000058e-01
5.710000000000000000e+02 1.270250280000000120e-01 1.149230520000000116e-01
5.730000000000000000e+02 1.218480480000000143e-01 1.102505039999999992e-01
5.750000000000000000e+02 1.279457280000000086e-01 1.166004000000000068e-01
5.770000000000000000e+02 1.225611360000000011e-01 1.127083680000000032e-01
5.790000000000000000e+02 1.250062560000000100e-01 1.137474720000000022e-01
5.810000000000000000e+02 1.162139040000000068e-01 1.041719400000000045e-01
5.830000000000000000e+02 1.296559800000000040e-01 1.196848080000000036e-01
5.850000000000000000e+02 1.265269679999999897e-01 1.165175640000000040e-01
5.870000000000000000e+02 1.336727880000000146e-01 1.248654960000000064e-01
5.890000000000000000e+02 1.240181280000000053e-01 1.141945560000000026e-01
5.910000000000000000e+02 1.184604480000000098e-01 1.088152920000000079e-01
5.930000000000000000e+02 1.271588399999999952e-01 1.154529720000000009e-01
5.950000000000000000e+02 1.186871760000000053e-01 1.068629039999999947e-01
5.970000000000000000e+02 1.189038240000000052e-01 1.072335240000000106e-01
5.990000000000000000e+02 1.188156600000000035e-01 1.084165200000000023e-01
6.010000000000000000e+02 1.192154760000000008e-01 1.077071400000000068e-01
6.030000000000000000e+02 1.181253960000000075e-01 1.050671519999999970e-01
6.050000000000000000e+02 1.163769119999999990e-01 1.064540520000000073e-01
6.070000000000000000e+02 1.196232839999999964e-01 1.099181160000000101e-01
6.090000000000000000e+02 1.228807799999999950e-01 1.134304920000000078e-01
6.110000000000000000e+02 1.174277160000000014e-01 1.061981280000000166e-01
6.130000000000000000e+02 1.086045479999999952e-01 1.001933639999999931e-01
6.150000000000000000e+02 1.209411360000000046e-01 1.116474840000000052e-01
6.170000000000000000e+02 1.078824240000000045e-01 9.900133200000001132e-02
6.190000000000000000e+02 1.177165440000000063e-01 1.082089080000000064e-01
6.210000000000000000e+02 1.061185320000000015e-01 9.669373200000000446e-02
6.230000000000000000e+02 1.093877280000000174e-01 1.008135359999999953e-01
6.250000000000000000e+02 1.131013440000000064e-01 1.034052120000000102e-01
6.270000000000000000e+02 1.054601280000000002e-01 9.482151600000000846e-02
6.290000000000000000e+02 1.034721720000000011e-01 9.426506399999999564e-02
6.310000000000000000e+02 1.082020680000000123e-01 9.947124000000000243e-02
6.330000000000000000e+02 1.099149840000000072e-01 1.014910559999999962e-01
6.350000000000000000e+02 1.053289800000000026e-01 9.691408800000000934e-02
6.370000000000000000e+02 1.079243640000000087e-01 9.918345600000000317e-02
6.390000000000000000e+02 1.058971320000000049e-01 9.613090800000000102e-02
6.410000000000000000e+02 1.032135839999999971e-01 9.605178000000000327e-02
6.430000000000000000e+02 1.062624239999999942e-01 9.707443200000000216e-02
6.450000000000000000e+02 1.019732400000000067e-01 9.378878400000000004e-02
6.470000000000000000e+02 1.058408280000000118e-01 9.478965599999999991e-02
6.490000000000000000e+02 1.088349840000000096e-01 9.890841599999999900e-02
6.510000000000000000e+02 9.453060000000000629e-02 8.723764800000001485e-02
6.530000000000000000e+02 1.013567760000000095e-01 9.275976000000001054e-02
6.550000000000000000e+02 1.048973039999999968e-01 9.594611999999999585e-02
6.570000000000000000e+02 1.010562480000000013e-01 9.236365200000000442e-02
6.590000000000000000e+02 9.604227599999999587e-02 8.873658000000000934e-02
6.610000000000000000e+02 1.005544800000000016e-01 9.265780800000000816e-02
6.630000000000000000e+02 1.016610119999999950e-01 9.217886400000001312e-02
6.650000000000000000e+02 1.020342960000000104e-01 9.563018400000000696e-02
6.670000000000000000e+02 9.258724799999999699e-02 8.530066800000001004e-02
6.690000000000000000e+02 9.988333199999999135e-02 9.172436400000000267e-02
6.710000000000000000e+02 1.016408520000000038e-01 9.268966800000000283e-02
6.730000000000000000e+02 9.886068000000000633e-02 9.115250400000000919e-02
6.750000000000000000e+02 9.445413600000000798e-02 8.556933599999999585e-02
6.770000000000000000e+02 1.035714600000000041e-01 9.646063200000000448e-02
6.790000000000000000e+02 9.173768399999999990e-02 8.342845200000000017e-02
6.810000000000000000e+02 9.413078399999999513e-02 8.716384800000000210e-02
6.830000000000000000e+02 9.660139200000000814e-02 9.010436400000000623e-02
6.850000000000000000e+02 9.778705200000001319e-02 9.031834800000000663e-02
6.870000000000000000e+02 9.816404400000000585e-02 8.848702799999999535e-02
6.890000000000000000e+02 8.645400000000000307e-02 8.014917600000000253e-02
6.910000000000000000e+02 1.027081080000000063e-01 9.468666000000000582e-02
6.930000000000000000e+02 9.449503200000000658e-02 8.762101199999999812e-02
6.950000000000000000e+02 9.035078400000000343e-02 8.262615600000000615e-02
6.970000000000000000e+02 9.411166799999999555e-02 8.624685599999999674e-02
6.990000000000000000e+02 9.379468800000000106e-02 8.628508799999999590e-02
7.010000000000000000e+02 8.972424000000001065e-02 8.334190800000000621e-02
7.030000000000000000e+02 9.506052000000000946e-02 8.641623599999999350e-02
7.050000000000000000e+02 9.066405600000000675e-02 8.258155200000000251e-02
7.070000000000000000e+02 9.189061199999999652e-02 8.435818800000001449e-02
7.090000000000000000e+02 9.155451600000000245e-02 8.227094399999999863e-02
7.110000000000000000e+02 8.929627199999999598e-02 8.261978400000000167e-02
7.130000000000000000e+02 8.961220799999999875e-02 8.142138000000001541e-02
7.150000000000000000e+02 8.860230000000000883e-02 8.248226399999999958e-02
7.170000000000000000e+02 8.864690399999999859e-02 8.107624800000000354e-02
7.190000000000000000e+02 8.626284000000000729e-02 7.898900400000000155e-02
7.210000000000000000e+02 9.164476800000000145e-02 8.489818799999999943e-02
7.230000000000000000e+02 8.843292000000001207e-02 8.064190800000001214e-02
7.250000000000000000e+02 9.376920000000001088e-02 8.741977200000000670e-02
7.270000000000000000e+02 8.304461999999999955e-02 7.632723600000000663e-02
7.290000000000000000e+02 8.098286400000000163e-02 7.413433199999999723e-02
7.310000000000000000e+02 8.985168000000000321e-02 8.394296400000000880e-02
7.330000000000000000e+02 8.914230000000000764e-02 8.077572000000000918e-02
7.350000000000000000e+02 8.321399999999999630e-02 7.551856799999999426e-02
7.370000000000000000e+02 8.436142800000000219e-02 7.774599599999999777e-02
7.390000000000000000e+02 8.258108400000001292e-02 7.540653599999999623e-02
7.410000000000000000e+02 8.390797200000001121e-02 7.785802800000000967e-02
7.430000000000000000e+02 8.328780000000000905e-02 7.753838400000000186e-02
7.450000000000000000e+02 8.005312800000000117e-02 7.367450400000000177e-02
7.470000000000000000e+02 8.534584800000001581e-02 7.838528399999999952e-02
7.490000000000000000e+02 7.654816800000001364e-02 6.999008400000000796e-02
7.510000000000000000e+02 7.553455200000000480e-02 6.922602000000001310e-02
7.530000000000000000e+02 8.182710000000001371e-02 7.741997999999999935e-02
7.550000000000000000e+02 7.876551599999999376e-02 7.400689200000000467e-02
7.570000000000000000e+02 7.986196800000000540e-02 7.396866000000000552e-02
7.590000000000000000e+02 7.838110799999999101e-02 7.028956800000001059e-02
7.610000000000000000e+02 7.831738800000000167e-02 7.143062399999999812e-02
7.630000000000000000e+02 7.990020000000000455e-02 7.511608800000001140e-02
7.650000000000000000e+02 8.074072799999999772e-02 7.587007200000001061e-02
7.670000000000000000e+02 8.297557200000001132e-02 7.843996800000001268e-02
7.690000000000000000e+02 7.346642400000000239e-02 6.924513600000001268e-02
7.710000000000000000e+02 7.770463200000000958e-02 7.143433200000000316e-02
7.730000000000000000e+02 7.523773200000000161e-02 6.939540000000000985e-02
7.750000000000000000e+02 7.669101600000000074e-02 7.117203599999999408e-02
7.770000000000000000e+02 7.712002799999999325e-02 7.084972800000000070e-02
7.790000000000000000e+02 7.028747999999999940e-02 6.446797199999999839e-02
7.810000000000000000e+02 7.665012000000000214e-02 7.153362000000000609e-02
7.830000000000000000e+02 7.835295600000000138e-02 7.230034800000000039e-02
7.850000000000000000e+02 7.573579199999999623e-02 6.905664000000000247e-02
7.870000000000000000e+02 7.149121199999999843e-02 6.617347199999999707e-02
7.890000000000000000e+02 7.277616000000000640e-02 6.764054399999999689e-02
7.910000000000000000e+02 7.056784800000000246e-02 6.386957999999999525e-02
7.930000000000000000e+02 6.872749200000001502e-02 6.378037200000000184e-02
7.950000000000000000e+02 6.494378399999999052e-02 6.031260000000000787e-02
7.970000000000000000e+02 7.493083200000000277e-02 6.950106000000000339e-02
7.990000000000000000e+02 7.587968400000000280e-02 6.982974000000000125e-02
8.010000000000000000e+02 6.704377200000000148e-02 6.169046400000000735e-02
8.030000000000000000e+02 6.903068400000000882e-02 6.414462000000001329e-02
8.050000000000000000e+02 7.313137200000001392e-02 6.559257599999999966e-02
8.070000000000000000e+02 7.454746800000000562e-02 6.924513600000001268e-02
8.090000000000000000e+02 7.392729600000000345e-02 6.873699600000000853e-02
8.110000000000000000e+02 7.539436800000000327e-02 6.928707600000000300e-02
8.130000000000000000e+02 7.217881199999999497e-02 6.649682400000000992e-02
8.150000000000000000e+02 6.991685999999999734e-02 6.510992399999999958e-02
8.170000000000000000e+02 6.755828399999999623e-02 6.083082000000000072e-02
8.190000000000000000e+02 7.003792799999999930e-02 6.499152000000001095e-02
8.210000000000000000e+02 6.579705600000000654e-02 6.151471199999999917e-02
8.230000000000000000e+02 6.116911200000000465e-02 5.710075200000000462e-02
8.250000000000000000e+02 8.163594000000000406e-02 7.458883199999999380e-02
8.270000000000000000e+02 7.068358799999999165e-02 6.525648000000000559e-02
8.290000000000000000e+02 6.705385200000001100e-02 6.204567600000000099e-02
8.310000000000000000e+02 6.570784800000001313e-02 6.039277200000000428e-02
8.330000000000000000e+02 6.404590799999999862e-02 6.041559600000000196e-02
8.350000000000000000e+02 6.024945599999999984e-02 5.449366800000000205e-02
8.370000000000000000e+02 6.035140800000000222e-02 5.620924800000000332e-02
8.390000000000000000e+02 6.874660800000001459e-02 6.452161200000000596e-02
8.410000000000000000e+02 5.982681599999999794e-02 5.425315200000000587e-02
8.430000000000000000e+02 6.567494399999999899e-02 6.068959200000000054e-02
8.450000000000000000e+02 6.556662000000000601e-02 6.126515999999999906e-02
8.470000000000000000e+02 6.243760799999999861e-02 5.508730800000000150e-02
8.490000000000000000e+02 6.303229200000000365e-02 5.832198000000000243e-02
8.510000000000000000e+02 6.713668800000001380e-02 6.271948800000000379e-02
8.530000000000000000e+02 6.717492000000001295e-02 6.302638800000000263e-02
8.550000000000000000e+02 6.619316399999999878e-02 6.100286399999999692e-02
8.570000000000000000e+02 6.329192399999999941e-02 5.999029200000000062e-02
8.590000000000000000e+02 6.455404800000000276e-02 6.066781200000000152e-02
8.610000000000000000e+02 6.156626400000000249e-02 5.641419599999999979e-02
8.630000000000000000e+02 6.508130400000000648e-02 6.017878800000000389e-02
8.650000000000000000e+02 6.291388800000000114e-02 5.794765200000000227e-02
8.670000000000000000e+02 5.865760799999999997e-02 5.370678000000000257e-02
8.690000000000000000e+02 6.414148799999999651e-02 5.953312800000000460e-02
8.710000000000000000e+02 6.347671200000000458e-02 6.045649200000000056e-02
8.730000000000000000e+02 6.146326800000000146e-02 5.704977600000000343e-02
8.750000000000000000e+02 6.134857200000000399e-02 5.572393199999999686e-02
8.770000000000000000e+02 6.031954800000000061e-02 5.538517199999999641e-02
8.790000000000000000e+02 6.028768799999999900e-02 5.612004000000000298e-02
8.810000000000000000e+02 6.279652800000000423e-02 5.881100400000000700e-02
8.830000000000000000e+02 5.856839999999999963e-02 5.448358800000000640e-02
8.850000000000000000e+02 5.657036399999999798e-02 5.318589600000000334e-02
8.870000000000000000e+02 5.900644800000000301e-02 5.415490800000000160e-02
8.890000000000000000e+02 6.424077599999999943e-02 6.065136000000000138e-02
8.910000000000000000e+02 5.764132800000000556e-02 5.344182000000000099e-02
8.930000000000000000e+02 5.269744800000000090e-02 4.833493200000000406e-02
8.950000000000000000e+02 6.293671200000000576e-02 5.818446000000000035e-02
8.970000000000000000e+02 5.418363600000000030e-02 5.144111999999999990e-02
8.990000000000000000e+02 6.266804400000000608e-02 5.754517200000000554e-02
9.010000000000000000e+02 5.497851600000000505e-02 5.138377200000000117e-02
9.030000000000000000e+02 5.706309600000000065e-02 5.238093600000000294e-02
9.050000000000000000e+02 5.589388799999999574e-02 5.180907600000000252e-02
9.070000000000000000e+02 5.339674800000000082e-02 4.871192400000000367e-02
9.090000000000000000e+02 5.972857200000000755e-02 5.447455200000000247e-02
9.110000000000000000e+02 5.099727600000000111e-02 4.653547200000000827e-02
9.130000000000000000e+02 5.790999600000000525e-02 5.355385199999999901e-02
9.150000000000000000e+02 5.244152400000000325e-02 4.888767599999999797e-02
9.170000000000000000e+02 5.810752800000000551e-02 5.398819200000000429e-02
9.190000000000000000e+02 5.991973200000000332e-02 5.615827200000000213e-02
9.210000000000000000e+02 5.574257999999999991e-02 5.249563200000000041e-02
9.230000000000000000e+02 5.239691999999999961e-02 4.887493200000000287e-02
9.250000000000000000e+02 5.168116799999999955e-02 4.917546000000000417e-02
9.270000000000000000e+02 4.792932000000000442e-02 4.551919200000000693e-02
9.290000000000000000e+02 5.462805600000000122e-02 5.068076400000000314e-02
9.310000000000000000e+02 5.659318800000000260e-02 5.297191200000000294e-02
9.330000000000000000e+02 5.246701200000000037e-02 4.863546000000000535e-02
9.350000000000000000e+02 4.835091600000000073e-02 4.527972000000000247e-02
9.370000000000000000e+02 5.155002000000000195e-02 4.824838800000000316e-02
9.390000000000000000e+02 5.392771200000000265e-02 5.051138400000000639e-02
9.410000000000000000e+02 5.056293599999999583e-02 4.690980000000000150e-02
9.430000000000000000e+02 5.472734400000000415e-02 5.102960400000000618e-02
9.450000000000000000e+02 5.397602400000000439e-02 4.992677999999999700e-02
9.470000000000000000e+02 4.937994000000000411e-02 4.644255600000000289e-02
9.490000000000000000e+02 5.063940000000000108e-02 4.696077600000000268e-02
9.510000000000000000e+02 5.080240800000000029e-02 4.766378400000000071e-02
9.530000000000000000e+02 5.194983599999999924e-02 4.780130400000000279e-02
9.550000000000000000e+02 4.691941200000000062e-02 4.415778000000000064e-02
9.570000000000000000e+02 5.164559999999999984e-02 4.741423200000000060e-02
9.590000000000000000e+02 5.082789600000000435e-02 4.796431200000000200e-02
9.610000000000000000e+02 5.465620799999999779e-02 5.032926000000000066e-02
9.630000000000000000e+02 4.864507200000000448e-02 4.642714800000000835e-02
9.650000000000000000e+02 5.142153600000000380e-02 4.796060399999999696e-02
9.670000000000000000e+02 4.795480800000000154e-02 4.570502400000000381e-02
9.690000000000000000e+02 5.199444000000000288e-02 4.677865199999999696e-02
9.710000000000000000e+02 4.908949199999999846e-02 4.639528800000000675e-02
9.730000000000000000e+02 4.709516400000000186e-02 4.353494400000000597e-02
9.750000000000000000e+02 4.764790800000000270e-02 4.548096000000000083e-02
9.770000000000000000e+02 4.564987200000000106e-02 4.217619599999999913e-02
9.790000000000000000e+02 4.343623200000000517e-02 4.119548400000000443e-02
9.810000000000000000e+02 4.962949200000000421e-02 4.637617200000000717e-02
9.830000000000000000e+02 5.037073200000000833e-02 4.729953600000000313e-02
9.850000000000000000e+02 4.439145600000000275e-02 4.160433599999999871e-02
9.870000000000000000e+02 4.719445199999999785e-02 4.531795200000000162e-02
9.890000000000000000e+02 4.835728800000000521e-02 4.514857200000000487e-02
9.910000000000000000e+02 5.062028400000000150e-02 4.810820400000000163e-02
9.930000000000000000e+02 4.482950400000000613e-02 4.164627599999999596e-02
9.950000000000000000e+02 4.103571599999999986e-02 3.829690800000000450e-02
9.970000000000000000e+02 4.777905600000000030e-02 4.472326799999999658e-02
9.990000000000000000e+02 4.212579600000000007e-02 3.957548400000000105e-02
1.001000000000000000e+03 4.593232800000000143e-02 4.308415200000000056e-02
1.003000000000000000e+03 4.399534800000000356e-02 4.127565600000000084e-02
1.005000000000000000e+03 4.651693199999999695e-02 4.267529999999999935e-02
1.007000000000000000e+03 4.260207599999999567e-02 3.967106400000000588e-02
1.009000000000000000e+03 4.296632400000000018e-02 4.002256800000000142e-02
1.011000000000000000e+03 4.688118000000000146e-02 4.403034000000000114e-02
1.013000000000000000e+03 4.541781599999999974e-02 4.288928400000000668e-02
1.015000000000000000e+03 4.673728800000000183e-02 4.381635600000000769e-02
1.017000000000000000e+03 4.315482000000000345e-02 3.916929599999999928e-02
1.019000000000000000e+03 4.630932000000000104e-02 4.351582800000000639e-02
1.021000000000000000e+03 4.234615199999999802e-02 3.973478400000000216e-02
1.023000000000000000e+03 4.072986000000000661e-02 3.885336000000000345e-02
1.025000000000000000e+03 4.329766799999999749e-02 3.962275199999999720e-02
1.027000000000000000e+03 4.654242000000000101e-02 4.376804399999999901e-02
1.029000000000000000e+03 4.424119200000000557e-02 4.126557599999999826e-02
1.031000000000000000e+03 3.922084800000000260e-02 3.736717200000000405e-02
1.033000000000000000e+03 4.393799999999999789e-02 4.140309600000000034e-02
1.035000000000000000e+03 3.812173199999999845e-02 3.493850400000000217e-02
1.037000000000000000e+03 4.268224799999999902e-02 4.029760800000000559e-02
1.039000000000000000e+03 3.815996399999999761e-02 3.490930800000000694e-02
1.041000000000000000e+03 4.085359200000000107e-02 3.842805600000000210e-02
1.043000000000000000e+03 4.179978000000000166e-02 3.862292400000000292e-02
1.045000000000000000e+03 3.765448799999999985e-02 3.442028400000000238e-02
1.047000000000000000e+03 3.645342000000000721e-02 3.375921600000000161e-02
1.049000000000000000e+03 3.979270799999999608e-02 3.751372800000000313e-02
1.051000000000000000e+03 3.696793200000000196e-02 3.412983600000000367e-02
1.053000000000000000e+03 3.914438400000000429e-02 3.590647199999999484e-02
1.055000000000000000e+03 3.931376400000000798e-02 3.604399200000000386e-02
1.057000000000000000e+03 4.367836800000000214e-02 4.067460000000000520e-02
1.059000000000000000e+03 3.975447599999999693e-02 3.693549599999999822e-02
1.061000000000000000e+03 3.696422399999999692e-02 3.500488800000000483e-02
1.063000000000000000e+03 4.202650800000000408e-02 3.766399200000000030e-02
1.065000000000000000e+03 4.081906800000000002e-02 3.851460000000000300e-02
1.067000000000000000e+03 3.876102000000000020e-02 3.515248800000000257e-02
1.069000000000000000e+03 3.899412000000000711e-02 3.647566799999999582e-02
1.071000000000000000e+03 3.466033200000000203e-02 3.261178800000000266e-02
1.073000000000000000e+03 3.999394800000000139e-02 3.817213200000000445e-02
1.075000000000000000e+03 3.461202000000000029e-02 3.123392400000000318e-02
1.077000000000000000e+03 3.761996400000000573e-02 3.496399199999999929e-02
1.079000000000000000e+03 4.126985999999999849e-02 3.879867599999999722e-02
1.081000000000000000e+03 3.792419999999999819e-02 3.519072000000000172e-02
1.083000000000000000e+03 3.537608400000000208e-02 3.228577200000000424e-02
1.085000000000000000e+03 3.699341999999999908e-02 3.402417599999999626e-02
1.087000000000000000e+03 3.751696800000000470e-02 3.507868800000000370e-02
1.089000000000000000e+03 3.767731200000000447e-02 3.552948000000000217e-02
1.091000000000000000e+03 3.241749600000000398e-02 2.952471599999999946e-02
1.093000000000000000e+03 3.394087200000000387e-02 3.132684000000000163e-02
1.095000000000000000e+03 3.875464800000000265e-02 3.606948000000000099e-02
1.097000000000000000e+03 3.792315599999999953e-02 3.583904400000000046e-02
1.099000000000000000e+03 3.653359200000000362e-02 3.343957200000000074e-02
1.101000000000000000e+03 3.629041200000000106e-02 3.318364800000000309e-02
1.103000000000000000e+03 3.684952799999999945e-02 3.412612799999999863e-02
1.105000000000000000e+03 3.868084800000000378e-02 3.586823999999999568e-02
1.107000000000000000e+03 3.760084799999999922e-02 3.560328000000000104e-02
1.109000000000000000e+03 3.645342000000000721e-02 3.434381999999999713e-02
1.111000000000000000e+03 4.198561199999999854e-02 3.988875600000000438e-02
1.113000000000000000e+03 3.704439600000000027e-02 3.552948000000000217e-02
1.115000000000000000e+03 3.362864399999999920e-02 3.162736800000000292e-02
1.117000000000000000e+03 2.924388000000000334e-02 2.726542800000000127e-02
1.119000000000000000e+03 3.613006800000000129e-02 3.292772399999999849e-02
1.121000000000000000e+03 3.581042400000000042e-02 3.287674800000000425e-02
1.123000000000000000e+03 3.408210000000000406e-02 3.199161600000000050e-02
1.125000000000000000e+03 2.954707200000000061e-02 2.709233999999999948e-02
1.127000000000000000e+03 3.456741600000000358e-02 3.280665600000000348e-02
1.129000000000000000e+03 3.293467200000000511e-02 3.053091600000000169e-02
1.131000000000000000e+03 3.412033200000000321e-02 3.205533600000000372e-02
1.133000000000000000e+03 3.446546400000000121e-02 3.105550800000000250e-02
1.135000000000000000e+03 3.490988400000000214e-02 3.221568000000000348e-02
1.137000000000000000e+03 3.936474000000000223e-02 3.584275199999999856e-02
1.139000000000000000e+03 3.558740400000000303e-02 3.330842399999999620e-02
1.141000000000000000e+03 2.910265199999999969e-02 2.634102000000000318e-02
1.143000000000000000e+03 3.005521199999999782e-02 2.807676000000000269e-02
1.145000000000000000e+03 2.733876000000000014e-02 2.534385600000000141e-02
1.147000000000000000e+03 2.893593600000000238e-02 2.720703600000000041e-02
1.149000000000000000e+03 3.392812800000000184e-02 3.179037600000000213e-02
1.151000000000000000e+03 3.175272000000000511e-02 2.988259199999999949e-02
1.153000000000000000e+03 3.236281200000000469e-02 3.012843600000000149e-02
1.155000000000000000e+03 3.128281200000000012e-02 2.971958400000000028e-02
1.157000000000000000e+03 3.086654399999999923e-02 2.776348800000000283e-02
1.159000000000000000e+03 3.005521199999999782e-02 2.750490000000000226e-02
1.161000000000000000e+03 3.643059600000000259e-02 3.463426800000000277e-02
1.163000000000000000e+03 3.201767999999999975e-02 2.961763200000000137e-02
1.165000000000000000e+03 3.069183600000000012e-02 2.884082400000000102e-02
1.167000000000000000e+03 3.226086000000000231e-02 2.924330400000000121e-02
1.169000000000000000e+03 3.423873599999999878e-02 3.196612800000000337e-02
1.171000000000000000e+03 3.370140000000000635e-02 3.020489999999999980e-02
1.173000000000000000e+03 3.078104400000000046e-02 2.937445199999999881e-02
1.175000000000000000e+03 3.480422400000000166e-02 3.184135199999999638e-02
1.177000000000000000e+03 3.054157199999999947e-02 2.785003200000000026e-02
1.179000000000000000e+03 3.010989600000000058e-02 2.816596800000000303e-02
1.181000000000000000e+03 3.062440799999999880e-02 2.886631200000000161e-02
1.183000000000000000e+03 3.408210000000000406e-02 3.113197200000000081e-02
1.185000000000000000e+03 3.229538400000000337e-02 3.100082400000000321e-02
1.187000000000000000e+03 2.872566000000000008e-02 2.660968799999999940e-02
1.189000000000000000e+03 2.741522399999999846e-02 2.610792000000000321e-02
1.191000000000000000e+03 3.171344400000000036e-02 2.961021600000000170e-02
1.193000000000000000e+03 3.213608400000000226e-02 3.035250000000000101e-02
1.195000000000000000e+03 2.468602799999999875e-02 2.289607199999999995e-02
1.197000000000000000e+03 3.245572800000000313e-02 2.980879200000000062e-02
1.199000000000000000e+03 2.540548800000000038e-02 2.337872400000000350e-02
1.201000000000000000e+03 2.641539600000000071e-02 2.534756400000000298e-02
1.203000000000000000e+03 2.816388000000000225e-02 2.632561199999999824e-02
1.205000000000000000e+03 2.925291600000000033e-02 2.705410800000000032e-02
1.207000000000000000e+03 3.349112400000000406e-02 3.219019200000000636e-02
1.209000000000000000e+03 3.032388000000000097e-02 2.853392400000000217e-02
1.211000000000000000e+03 2.845061999999999938e-02 2.662243199999999796e-02
1.213000000000000000e+03 2.781770399999999865e-02 2.531836800000000082e-02
1.215000000000000000e+03 2.779592399999999963e-02 2.524190400000000251e-02
1.217000000000000000e+03 2.801628000000000104e-02 2.571818400000000157e-02
1.219000000000000000e+03 2.561947200000000077e-02 2.349075600000000152e-02
1.221000000000000000e+03 2.693628000000000342e-02 2.551057200000000219e-02
1.223000000000000000e+03 2.717308799999999802e-02 2.513995200000000013e-02
1.225000000000000000e+03 3.063344399999999926e-02 2.891091600000000178e-02
1.227000000000000000e+03 2.776939200000000038e-02 2.537305200000000011e-02
1.229000000000000000e+03 2.657469600000000182e-02 2.389960799999999927e-02
1.231000000000000000e+03 2.873203200000000110e-02 2.726171999999999970e-02
1.233000000000000000e+03 2.745716399999999918e-02 2.538579600000000214e-02
1.235000000000000000e+03 2.578885200000000100e-02 2.352261600000000313e-02
1.237000000000000000e+03 2.694636000000000253e-02 2.551428000000000029e-02
1.239000000000000000e+03 2.711840400000000220e-02 2.482668000000000028e-02
1.241000000000000000e+03 2.761380000000000084e-02 2.608880400000000363e-02
1.243000000000000000e+03 2.684973600000000252e-02 2.520367199999999988e-02
1.245000000000000000e+03 2.707009200000000393e-02 2.534119200000000197e-02
1.247000000000000000e+03 2.336655600000000013e-02 2.251270800000000280e-02
1.249000000000000000e+03 2.518513199999999896e-02 2.394154800000000000e-02
1.251000000000000000e+03 2.769663600000000017e-02 2.642119199999999959e-02
1.253000000000000000e+03 2.657203200000000237e-02 2.448791999999999983e-02
1.255000000000000000e+03 2.369894400000000304e-02 2.140084800000000009e-02
1.257000000000000000e+03 2.699096400000000270e-02 2.478844800000000112e-02
1.259000000000000000e+03 2.652372000000000063e-02 2.474650800000000039e-02
1.261000000000000000e+03 2.579522400000000201e-02 2.413004399999999980e-02
1.263000000000000000e+03 2.668672800000000331e-02 2.509801199999999941e-02
1.265000000000000000e+03 2.195416799999999960e-02 2.055394800000000244e-02
1.267000000000000000e+03 2.359328400000000256e-02 2.144545200000000026e-02
1.269000000000000000e+03 2.581804799999999969e-02 2.454897600000000013e-02
1.271000000000000000e+03 2.414973600000000151e-02 2.321571600000000082e-02
1.273000000000000000e+03 2.305062000000000083e-02 2.172049200000000096e-02
1.275000000000000000e+03 2.585628000000000232e-02 2.467641599999999963e-02
1.277000000000000000e+03 2.445663600000000035e-02 2.281694400000000220e-02
1.279000000000000000e+03 2.709928800000000262e-02 2.482030799999999926e-02
1.281000000000000000e+03 2.634796800000000286e-02 2.460261600000000076e-02
1.283000000000000000e+03 2.342124000000000289e-02 2.173323599999999953e-02
1.285000000000000000e+03 2.243681999999999968e-02 2.095642799999999917e-02
1.287000000000000000e+03 2.489734799999999970e-02 2.247447600000000018e-02
1.289000000000000000e+03 2.184850799999999912e-02 2.010952800000000151e-02
1.291000000000000000e+03 2.208160799999999910e-02 1.980900000000000022e-02
1.293000000000000000e+03 2.768759999999999971e-02 2.499606000000000050e-02
1.295000000000000000e+03 2.330920800000000140e-02 2.193447600000000136e-02
1.297000000000000000e+03 1.974214800000000103e-02 1.866157199999999780e-02
1.299000000000000000e+03 2.307877200000000087e-02 2.073607200000000123e-02
1.301000000000000000e+03 2.559027599999999861e-02 2.303359200000000204e-02
1.303000000000000000e+03 2.228921999999999848e-02 2.064315600000000278e-02
1.305000000000000000e+03 2.171098800000000051e-02 1.943838000000000163e-02
1.307000000000000000e+03 2.248779600000000087e-02 2.076793200000000283e-02
1.309000000000000000e+03 1.972673999999999955e-02 1.818900000000000031e-02
1.311000000000000000e+03 2.317806000000000033e-02 2.105571599999999863e-02
1.313000000000000000e+03 2.380089600000000194e-02 2.248722000000000221e-02
1.315000000000000000e+03 2.416885200000000108e-02 2.297624400000000330e-02
1.317000000000000000e+03 2.228921999999999848e-02 2.072332800000000266e-02
1.319000000000000000e+03 2.130480000000000221e-02 1.907679600000000003e-02
1.321000000000000000e+03 2.230567199999999861e-02 2.076156000000000182e-02
1.323000000000000000e+03 2.389752000000000196e-02 2.272402800000000028e-02
1.325000000000000000e+03 1.866214800000000340e-02 1.718546400000000099e-02
1.327000000000000000e+03 1.949259599999999745e-02 1.797768000000000282e-02
1.329000000000000000e+03 2.202426000000000036e-02 2.062404000000000320e-02
1.331000000000000000e+03 1.910656799999999739e-02 1.768086000000000310e-02
1.333000000000000000e+03 2.366337599999999985e-02 2.220580800000000049e-02
1.335000000000000000e+03 2.274001200000000042e-02 2.163394800000000007e-02
1.337000000000000000e+03 2.081577600000000111e-02 1.949572800000000036e-02
1.339000000000000000e+03 1.884798000000000029e-02 1.762351200000000090e-02
1.341000000000000000e+03 2.003630400000000131e-02 1.891112400000000138e-02
1.343000000000000000e+03 2.188036799999999726e-02 2.030439600000000233e-02
1.345000000000000000e+03 2.318443200000000134e-02 2.157660000000000133e-02
1.347000000000000000e+03 2.203433999999999948e-02 2.001394800000000015e-02
1.349000000000000000e+03 2.080303199999999908e-02 1.943200800000000061e-02
1.351000000000000000e+03 2.319717599999999991e-02 2.170137600000000139e-02
1.353000000000000000e+03 1.977771600000000074e-02 1.797501600000000338e-02
1.355000000000000000e+03 1.866585600000000150e-02 1.736121600000000223e-02
1.357000000000000000e+03 2.062461600000000186e-02 1.867165200000000039e-02
1.359000000000000000e+03 1.770055200000000134e-02 1.630033200000000071e-02
1.361000000000000000e+03 1.899187199999999992e-02 1.734210000000000265e-02
1.363000000000000000e+03 2.069470799999999916e-02 1.928174399999999997e-02
1.365000000000000000e+03 2.085771600000000184e-02 1.952492399999999906e-02
1.367000000000000000e+03 1.985417999999999905e-02 1.738670400000000282e-02
1.369000000000000000e+03 2.214903600000000042e-02 2.106208799999999964e-02
1.371000000000000000e+03 2.356142400000000095e-02 2.185164000000000203e-02
1.373000000000000000e+03 2.178478799999999937e-02 2.025342000000000114e-02
1.375000000000000000e+03 1.817949599999999985e-02 1.691679600000000130e-02
1.377000000000000000e+03 1.826604000000000075e-02 1.690405199999999927e-02
1.379000000000000000e+03 2.114179199999999953e-02 1.958864400000000228e-02
1.381000000000000000e+03 2.122196400000000288e-02 1.941926400000000205e-02
1.383000000000000000e+03 1.595206799999999980e-02 1.462564800000000151e-02
1.385000000000000000e+03 2.208531600000000067e-02 2.056669200000000100e-02
1.387000000000000000e+03 1.939435200000000012e-02 1.815713999999999870e-02
1.389000000000000000e+03 1.709949599999999875e-02 1.549166400000000048e-02
1.391000000000000000e+03 1.898179200000000080e-02 1.783749600000000129e-02
1.393000000000000000e+03 1.729436399999999957e-02 1.554901200000000094e-02
1.395000000000000000e+03 2.134036800000000192e-02 1.970067600000000030e-02
1.397000000000000000e+03 1.810303200000000154e-02 1.651431600000000111e-02
1.399000000000000000e+03 1.854374400000000089e-02 1.705431599999999992e-02
1.401000000000000000e+03 2.047435200000000122e-02 1.924988400000000183e-02
1.403000000000000000e+03 1.778338800000000067e-02 1.686582000000000012e-02
1.405000000000000000e+03 2.000444399999999970e-02 1.881183599999999845e-02
1.407000000000000000e+03 2.009736000000000161e-02 1.822723199999999946e-02
1.409000000000000000e+03 1.699383600000000175e-02 1.512370799999999960e-02
1.411000000000000000e+03 1.693648799999999954e-02 1.552352400000000035e-02
1.413000000000000000e+03 1.662055200000000024e-02 1.561644000000000053e-02
1.415000000000000000e+03 1.784444400000000097e-02 1.667095199999999930e-02
1.417000000000000000e+03 1.764320399999999914e-02 1.614369599999999905e-02
1.419000000000000000e+03 1.751101199999999941e-02 1.609538400000000077e-02
1.421000000000000000e+03 1.802019600000000221e-02 1.660723199999999955e-02
1.423000000000000000e+03 1.435755600000000048e-02 1.335981600000000179e-02
1.425000000000000000e+03 1.804197600000000123e-02 1.599343200000000187e-02
1.427000000000000000e+03 1.578002400000000013e-02 1.458741600000000062e-02
1.429000000000000000e+03 1.541206800000000099e-02 1.368583200000000021e-02
1.431000000000000000e+03 1.267012800000000099e-02 1.174618800000000116e-02
1.433000000000000000e+03 1.863666000000000281e-02 1.700334000000000220e-02
1.435000000000000000e+03 1.797292800000000260e-02 1.709625600000000065e-02
1.437000000000000000e+03 1.815667200000000217e-02 1.670918400000000192e-02
1.439000000000000000e+03 1.422270000000000131e-02 1.298919600000000146e-02
1.441000000000000000e+03 1.362906000000000013e-02 1.279432800000000064e-02
1.443000000000000000e+03 1.718870399999999909e-02 1.587502799999999936e-02
1.445000000000000000e+03 1.615435200000000029e-02 1.511467200000000087e-02
1.447000000000000000e+03 1.633914000000000200e-02 1.470848400000000084e-02
1.449000000000000000e+03 1.898179200000000080e-02 1.750777200000000131e-02
1.451000000000000000e+03 1.784073599999999940e-02 1.659715200000000043e-02
1.453000000000000000e+03 1.784444400000000097e-02 1.613095200000000048e-02
1.455000000000000000e+03 1.878426000000000054e-02 1.710262800000000166e-02
1.457000000000000000e+03 1.746108000000000035e-02 1.540245600000000013e-02
1.459000000000000000e+03 1.672887600000000016e-02 1.461927600000000049e-02
1.461000000000000000e+03 1.745737199999999878e-02 1.648245599999999950e-02
1.463000000000000000e+03 1.801011599999999963e-02 1.725555600000000175e-02
1.465000000000000000e+03 1.315915200000000035e-02 1.173981600000000014e-02
1.467000000000000000e+03 1.618887600000000135e-02 1.483325999999999915e-02
1.469000000000000000e+03 1.455613199999999940e-02 1.337626800000000019e-02
1.471000000000000000e+03 1.449241199999999966e-02 1.377237599999999937e-02
1.473000000000000000e+03 1.230958799999999978e-02 1.137556800000000083e-02
1.475000000000000000e+03 1.197349200000000051e-02 1.113875999999999929e-02
1.477000000000000000e+03 1.359720000000000026e-02 1.260583200000000084e-02
1.479000000000000000e+03 1.311454800000000018e-02 1.203397200000000042e-02
1.481000000000000000e+03 1.674162000000000219e-02 1.521662399999999978e-02
1.483000000000000000e+03 1.478286000000000010e-02 1.313946000000000038e-02
1.485000000000000000e+03 1.824426000000000173e-02 1.712811600000000226e-02
1.487000000000000000e+03 1.568073600000000067e-02 1.477591200000000042e-02
1.489000000000000000e+03 1.480834800000000069e-02 1.345910399999999951e-02
1.491000000000000000e+03 1.645754400000000103e-02 1.535414400000000013e-02
1.493000000000000000e+03 1.465171200000000076e-02 1.307574000000000063e-02
1.495000000000000000e+03 1.445684399999999994e-02 1.287450000000000053e-02
1.497000000000000000e+03 1.219755600000000002e-02 1.141379999999999999e-02
1.499000000000000000e+03 1.470905999999999950e-02 1.329609600000000030e-02
1.501000000000000000e+03 1.446055199999999978e-02 1.342724399999999964e-02
1.503000000000000000e+03 1.241154000000000042e-02 1.155132000000000034e-02
1.505000000000000000e+03 1.297065599999999881e-02 1.170795600000000027e-02
1.507000000000000000e+03 1.605135599999999926e-02 1.441166400000000111e-02
1.509000000000000000e+03 1.463259599999999945e-02 1.292547599999999998e-02
1.511000000000000000e+03 1.306994400000000001e-02 1.173344400000000086e-02
1.513000000000000000e+03 1.327489199999999994e-02 1.271786400000000060e-02
1.515000000000000000e+03 1.787630400000000258e-02 1.693324800000000144e-02
1.517000000000000000e+03 1.537754400000000167e-02 1.411113599999999982e-02
1.519000000000000000e+03 1.439312400000000020e-02 1.323874800000000157e-02
1.521000000000000000e+03 1.228676400000000037e-02 1.116795599999999972e-02
1.523000000000000000e+03 1.410800400000000038e-02 1.286441999999999967e-02
1.525000000000000000e+03 1.494853200000000049e-02 1.374688800000000051e-02
1.527000000000000000e+03 1.412711999999999996e-02 1.261220400000000012e-02
1.529000000000000000e+03 1.479560400000000039e-02 1.357113599999999927e-02
1.531000000000000000e+03 1.359082800000000098e-02 1.279432800000000064e-02
1.533000000000000000e+03 1.265101200000000141e-02 1.155132000000000034e-02
1.535000000000000000e+03 1.397152800000000042e-02 1.230264000000000010e-02
1.537000000000000000e+03 1.347879599999999949e-02 1.190919600000000036e-02
1.539000000000000000e+03 1.340870400000000046e-02 1.240459200000000074e-02
1.541000000000000000e+03 1.365825600000000056e-02 1.251025199999999948e-02
1.543000000000000000e+03 1.230587999999999994e-02 1.112335199999999955e-02
1.545000000000000000e+03 1.241420399999999986e-02 1.138831200000000113e-02
1.547000000000000000e+03 1.264464000000000039e-02 1.155132000000000034e-02
1.549000000000000000e+03 1.438037999999999990e-02 1.301202000000000088e-02
1.551000000000000000e+03 1.267383600000000082e-02 1.127361600000000019e-02
1.553000000000000000e+03 1.483383599999999955e-02 1.374051599999999949e-02
1.555000000000000000e+03 1.135969200000000109e-02 1.024725599999999973e-02
1.557000000000000000e+03 1.068588000000000003e-02 9.266543999999999823e-03
1.559000000000000000e+03 1.292234400000000054e-02 1.156035600000000080e-02
1.561000000000000000e+03 1.296694800000000071e-02 1.189274400000000023e-02
1.563000000000000000e+03 1.074959999999999978e-02 9.506015999999999078e-03
1.565000000000000000e+03 1.338321599999999986e-02 1.212688800000000060e-02
1.567000000000000000e+03 1.453967999999999927e-02 1.328972400000000102e-02
1.569000000000000000e+03 1.406977200000000122e-02 1.240459200000000074e-02
1.571000000000000000e+03 1.175950800000000011e-02 1.091840399999999961e-02
1.573000000000000000e+03 1.284854399999999994e-02 1.133096400000000066e-02
1.575000000000000000e+03 1.177862399999999969e-02 1.061787600000000178e-02
1.577000000000000000e+03 1.273118400000000129e-02 1.172070000000000056e-02
1.579000000000000000e+03 1.334498400000000071e-02 1.180990800000000090e-02
1.581000000000000000e+03 1.021597200000000025e-02 9.438587999999999492e-03
1.583000000000000000e+03 1.278853200000000176e-02 1.158955200000000123e-02
1.585000000000000000e+03 1.446958800000000024e-02 1.257397200000000097e-02
1.587000000000000000e+03 1.389772800000000155e-02 1.307574000000000063e-02
1.589000000000000000e+03 1.383667200000000125e-02 1.245556800000000020e-02
1.591000000000000000e+03 1.266642000000000115e-02 1.166601600000000127e-02
1.593000000000000000e+03 1.376658000000000048e-02 1.289361600000000010e-02
1.595000000000000000e+03 1.182322799999999986e-02 1.071079200000000023e-02
1.597000000000000000e+03 1.460710800000000059e-02 1.346547600000000053e-02
1.599000000000000000e+03 1.258729199999999993e-02 1.160866800000000081e-02
1.601000000000000000e+03 1.208552400000000027e-02 1.068530399999999964e-02
1.603000000000000000e+03 1.384675200000000037e-02 1.287450000000000053e-02
1.605000000000000000e+03 1.150358400000000073e-02 1.039114800000000109e-02
1.607000000000000000e+03 1.168570799999999951e-02 1.059238800000000119e-02
1.609000000000000000e+03 1.362268800000000085e-02 1.219697999999999963e-02
1.611000000000000000e+03 1.118764800000000142e-02 1.020265200000000129e-02
1.613000000000000000e+03 1.110747599999999981e-02 1.015804800000000112e-02
1.615000000000000000e+03 1.321383599999999964e-02 1.177167600000000175e-02
1.617000000000000000e+03 1.411171200000000195e-02 1.288724400000000082e-02
1.619000000000000000e+03 1.118764800000000142e-02 1.007150400000000022e-02
1.621000000000000000e+03 9.218808000000000211e-03 7.882307999999999329e-03
1.623000000000000000e+03 1.259737200000000078e-02 1.168884000000000069e-02
1.625000000000000000e+03 1.278853200000000176e-02 1.166972400000000111e-02
1.627000000000000000e+03 1.187153999999999987e-02 1.022176800000000087e-02
1.629000000000000000e+03 1.002747600000000044e-02 9.097164000000001333e-03
1.631000000000000000e+03 1.326481200000000082e-02 1.256122800000000067e-02
1.633000000000000000e+03 1.226394000000000095e-02 1.069167599999999892e-02
1.635000000000000000e+03 1.126677600000000092e-02 1.010973600000000111e-02
1.637000000000000000e+03 1.090357200000000026e-02 1.000778400000000047e-02
1.639000000000000000e+03 1.084251599999999996e-02 9.669024000000000021e-03
1.641000000000000000e+03 1.093172400000000030e-02 9.749195999999999904e-03
1.643000000000000000e+03 1.135332000000000008e-02 1.034654400000000092e-02
1.645000000000000000e+03 9.665892000000000581e-03 8.282124000000000083e-03
1.647000000000000000e+03 1.112392800000000168e-02 1.014530400000000082e-02
1.649000000000000000e+03 8.615087999999999913e-03 7.617347999999999481e-03
1.651000000000000000e+03 1.088712000000000013e-02 9.694512000000000615e-03
1.653000000000000000e+03 1.121684400000000012e-02 1.052866800000000144e-02
1.655000000000000000e+03 1.152003599999999912e-02 1.037203200000000151e-02
1.657000000000000000e+03 1.231596000000000080e-02 1.137556800000000083e-02
1.659000000000000000e+03 1.154181600000000162e-02 1.061787600000000178e-02
1.661000000000000000e+03 1.398427200000000072e-02 1.282352400000000107e-02
1.663000000000000000e+03 1.065402000000000016e-02 9.758232000000000364e-03
1.665000000000000000e+03 8.966592000000000659e-03 8.106372000000000577e-03
1.667000000000000000e+03 1.273489199999999939e-02 1.192831200000000168e-02
1.669000000000000000e+03 1.191614400000000004e-02 1.072353599999999879e-02
1.671000000000000000e+03 9.998280000000000015e-03 8.527968000000000354e-03
1.673000000000000000e+03 1.207277999999999997e-02 1.105592399999999996e-02
1.675000000000000000e+03 1.047826799999999892e-02 9.844775999999999527e-03
1.677000000000000000e+03 1.078516800000000123e-02 9.793800000000000075e-03
1.679000000000000000e+03 1.047826799999999892e-02 9.480528000000000219e-03
1.681000000000000000e+03 1.199897999999999937e-02 1.093751999999999919e-02
1.683000000000000000e+03 1.027969200000000000e-02 9.010620000000000435e-03
1.685000000000000000e+03 9.161459999999999743e-03 7.911503999999999759e-03
1.687000000000000000e+03 9.487475999999999896e-03 8.652744000000000407e-03
1.689000000000000000e+03 9.682344000000000714e-03 8.777520000000000461e-03
1.691000000000000000e+03 9.199691999999998898e-03 8.333099999999999535e-03
1.693000000000000000e+03 8.739863999999999966e-03 7.773984000000000276e-03
1.695000000000000000e+03 9.288899999999999241e-03 8.131860000000001171e-03
1.697000000000000000e+03 8.634203999999999490e-03 7.761239999999999979e-03
1.699000000000000000e+03 9.631368000000001262e-03 8.684604000000000282e-03
1.701000000000000000e+03 8.464823999999999266e-03 7.390620000000000522e-03
1.703000000000000000e+03 6.739163999999999745e-03 5.961779999999999857e-03
1.705000000000000000e+03 9.407304000000000013e-03 8.240184000000001091e-03
1.707000000000000000e+03 9.315432000000000226e-03 8.419644000000000433e-03
1.709000000000000000e+03 9.650484000000000839e-03 8.646371999999999391e-03
1.711000000000000000e+03 8.595972000000000335e-03 7.786727999999999705e-03
1.713000000000000000e+03 8.410139999999999977e-03 7.335936000000000366e-03
1.715000000000000000e+03 8.771723999999999841e-03 8.058060000000000569e-03
1.717000000000000000e+03 7.556867999999999572e-03 6.457176000000000235e-03
1.719000000000000000e+03 9.296316000000000648e-03 8.576280000000000361e-03
1.721000000000000000e+03 9.369071999999999123e-03 8.275751999999999067e-03
1.723000000000000000e+03 8.637912000000001062e-03 7.534512000000000154e-03
1.725000000000000000e+03 1.117756800000000057e-02 1.009061999999999980e-02
1.727000000000000000e+03 8.733492000000000685e-03 7.630091999999999777e-03
1.729000000000000000e+03 9.068544000000001298e-03 8.170092000000000326e-03
1.731000000000000000e+03 7.882883999999999725e-03 6.859656000000000434e-03
1.733000000000000000e+03 1.007208000000000062e-02 9.148140000000000785e-03
1.735000000000000000e+03 1.126782000000000131e-02 1.025733600000000058e-02
1.737000000000000000e+03 1.173401999999999952e-02 1.054778400000000102e-02
1.739000000000000000e+03 9.309060000000000945e-03 8.394155999999999840e-03
1.741000000000000000e+03 1.113030000000000096e-02 1.019628000000000027e-02
1.743000000000000000e+03 8.902872000000000910e-03 7.642836000000000074e-03
1.745000000000000000e+03 8.982000000000000400e-03 7.537176000000000466e-03
1.747000000000000000e+03 8.688888000000000514e-03 7.579115999999999458e-03
1.749000000000000000e+03 6.975971999999999555e-03 6.073812000000000481e-03
1.751000000000000000e+03 7.829243999999999093e-03 7.128324000000000119e-03
1.753000000000000000e+03 9.084995999999999697e-03 8.371332000000000426e-03
1.755000000000000000e+03 7.138979999999999632e-03 6.380712000000000189e-03
1.757000000000000000e+03 7.463951999999999393e-03 6.396119999999999930e-03
1.759000000000000000e+03 7.560576000000000275e-03 6.613812000000000163e-03
1.761000000000000000e+03 7.560576000000000275e-03 6.952571999999999745e-03
1.763000000000000000e+03 8.068716000000000083e-03 6.869735999999999551e-03
1.765000000000000000e+03 1.054198800000000040e-02 9.512388000000000093e-03
1.767000000000000000e+03 6.630839999999999824e-03 5.540184000000000081e-03
1.769000000000000000e+03 8.895455999999999502e-03 7.661951999999999652e-03
1.771000000000000000e+03 9.145007999999999609e-03 8.284788000000001262e-03
1.773000000000000000e+03 8.375615999999998923e-03 7.540883999999999435e-03
1.775000000000000000e+03 7.637040000000000321e-03 6.789564000000000536e-03
1.777000000000000000e+03 9.976500000000000992e-03 9.109908000000001629e-03
1.779000000000000000e+03 7.867475999999999983e-03 6.958943999999999894e-03
1.781000000000000000e+03 7.611552000000000595e-03 6.802307999999999966e-03
1.783000000000000000e+03 8.467488000000000445e-03 7.355051999999999944e-03
1.785000000000000000e+03 7.649784000000000618e-03 6.770448000000000091e-03
1.787000000000000000e+03 7.966763999999999443e-03 7.202123999999999852e-03
1.789000000000000000e+03 6.563411999999999372e-03 5.722307999999999735e-03
1.791000000000000000e+03 6.974928000000000031e-03 6.000011999999999880e-03
1.793000000000000000e+03 5.758451999999999842e-03 5.000183999999999532e-03
1.795000000000000000e+03 7.768187999999999656e-03 6.920711999999999871e-03
1.797000000000000000e+03 9.394559999999999717e-03 8.358588000000000129e-03
1.799000000000000000e+03 9.682344000000000714e-03 8.822124000000000632e-03
1.801000000000000000e+03 8.758979999999999544e-03 7.729380000000000105e-03
1.803000000000000000e+03 7.330139999999999746e-03 6.482663999999999961e-03
1.805000000000000000e+03 8.308188000000001072e-03 7.361424000000000092e-03
1.807000000000000000e+03 7.260047999999999849e-03 6.211331999999999964e-03
1.809000000000000000e+03 7.566948000000000424e-03 6.581952000000000289e-03
1.811000000000000000e+03 7.384823999999999902e-03 6.444431999999999938e-03
1.813000000000000000e+03 8.407476000000000532e-03 7.454340000000000271e-03
1.815000000000000000e+03 7.074216000000000358e-03 6.188508000000000550e-03
1.817000000000000000e+03 7.934903999999999569e-03 7.151148000000000400e-03
1.819000000000000000e+03 7.554204000000000127e-03 6.431687999999999641e-03
1.821000000000000000e+03 6.023412000000000557e-03 5.233284000000000373e-03
1.823000000000000000e+03 9.040391999999999526e-03 8.093628000000000280e-03
1.825000000000000000e+03 7.416683999999999777e-03 6.664788000000000483e-03
1.827000000000000000e+03 4.397039999999999629e-03 3.587795999999999867e-03
1.829000000000000000e+03 4.278635999999999724e-03 3.520368000000000282e-03
1.831000000000000000e+03 6.726420000000000315e-03 5.648508000000000001e-03
1.833000000000000000e+03 6.870311999999999947e-03 6.118416000000000653e-03
1.835000000000000000e+03 6.832080000000000791e-03 5.974524000000000154e-03
1.837000000000000000e+03 7.035984000000000335e-03 5.875235999999999827e-03
1.839000000000000000e+03 5.978808000000000386e-03 5.195052000000000350e-03
1.841000000000000000e+03 6.074388000000000010e-03 5.089391999999999874e-03
1.843000000000000000e+03 8.992079999999999518e-03 7.962480000000000946e-03
1.845000000000000000e+03 6.323940000000000117e-03 5.501952000000000058e-03
1.847000000000000000e+03 7.698095999999999758e-03 6.793271999999999505e-03
1.849000000000000000e+03 6.074388000000000010e-03 5.207795999999999779e-03
1.851000000000000000e+03 6.451379999999999615e-03 5.102136000000000171e-03
1.853000000000000000e+03 6.180048000000000485e-03 5.428152000000000324e-03
1.855000000000000000e+03 6.809255999999999642e-03 5.786028000000000351e-03
1.857000000000000000e+03 7.052435999999999601e-03 6.035580000000000458e-03
1.859000000000000000e+03 6.339347999999999858e-03 5.402664000000000598e-03
1.861000000000000000e+03 6.853859999999999814e-03 5.328863999999999997e-03
1.863000000000000000e+03 8.269956000000000182e-03 7.253100000000000172e-03
1.865000000000000000e+03 7.326431999999999910e-03 6.345143999999999611e-03
1.867000000000000000e+03 6.000587999999999408e-03 4.939127999999999227e-03
1.869000000000000000e+03 5.259347999999999627e-03 4.265315999999999899e-03
1.871000000000000000e+03 5.441472000000000149e-03 4.530275999999999748e-03
1.873000000000000000e+03 7.470323999999999541e-03 6.552755999999999859e-03
1.875000000000000000e+03 5.930495999999999511e-03 5.102136000000000171e-03
1.877000000000000000e+03 7.365708000000000324e-03 6.204959999999999816e-03
1.879000000000000000e+03 6.313860000000000132e-03 5.284259999999999825e-03
1.881000000000000000e+03 6.109956000000000588e-03 5.006555999999999680e-03
1.883000000000000000e+03 8.168003999999999543e-03 7.064604000000000369e-03
1.885000000000000000e+03 8.065008000000000246e-03 7.121951999999999970e-03
1.887000000000000000e+03 6.809255999999999642e-03 5.891687999999999960e-03
1.889000000000000000e+03 7.164468000000000225e-03 6.173099999999999941e-03
1.891000000000000000e+03 6.480576000000000045e-03 5.690447999999999860e-03
1.893000000000000000e+03 6.508728000000000083e-03 5.552927999999999510e-03
1.895000000000000000e+03 8.166959999999999151e-03 7.281252000000000210e-03
1.897000000000000000e+03 5.761115999999999286e-03 4.849919999999999752e-03
1.899000000000000000e+03 6.959520000000000289e-03 6.099300000000000208e-03
1.901000000000000000e+03 6.563411999999999372e-03 5.747796000000000329e-03
1.903000000000000000e+03 5.739335999999999396e-03 4.862664000000000049e-03
1.905000000000000000e+03 5.700059999999999849e-03 4.750632000000000292e-03
1.907000000000000000e+03 6.246431999999999679e-03 5.347980000000000442e-03
1.909000000000000000e+03 4.837751999999999851e-03 4.022135999999999940e-03
1.911000000000000000e+03 4.846787999999999444e-03 3.973823999999999933e-03
1.913000000000000000e+03 8.065008000000000246e-03 7.147439999999999696e-03
1.915000000000000000e+03 7.020575999999999726e-03 6.249563999999999987e-03
1.917000000000000000e+03 6.023412000000000557e-03 4.987440000000000102e-03
1.919000000000000000e+03 4.814927999999999569e-03 3.890988000000000172e-03
1.921000000000000000e+03 5.320403999999999932e-03 4.511160000000000170e-03
1.923000000000000000e+03 6.569783999999999520e-03 5.696820000000000009e-03
1.925000000000000000e+03 4.588199999999999744e-03 3.753467999999999822e-03
1.927000000000000000e+03 6.307487999999999984e-03 5.530104000000000096e-03
1.929000000000000000e+03 5.873147999999999910e-03 5.025672000000000125e-03
1.931000000000000000e+03 5.466959999999999875e-03 4.555764000000000341e-03
1.933000000000000000e+03 6.732791999999999596e-03 5.773284000000000055e-03
1.935000000000000000e+03 6.627131999999999988e-03 5.482835999999999613e-03
1.937000000000000000e+03 5.361299999999999399e-03 4.367267999999999671e-03
1.939000000000000000e+03 5.284835999999999354e-03 4.380011999999999968e-03
1.941000000000000000e+03 7.793675999999999382e-03 6.770448000000000091e-03
1.943000000000000000e+03 4.757579999999999969e-03 3.708864000000000084e-03
1.945000000000000000e+03 5.055444000000000083e-03 4.217003999999999891e-03
1.947000000000000000e+03 5.390495999999999829e-03 4.581252000000000067e-03
1.949000000000000000e+03 3.834215999999999666e-03 3.050459999999999630e-03
1.951000000000000000e+03 5.007132000000000076e-03 4.140539999999999846e-03
1.953000000000000000e+03 6.576155999999999668e-03 5.715935999999999587e-03
1.955000000000000000e+03 4.268555999999999739e-03 3.452939999999999829e-03
1.957000000000000000e+03 5.847659999999999317e-03 5.114879999999999600e-03
1.959000000000000000e+03 3.783239999999999780e-03 2.849219999999999964e-03
1.961000000000000000e+03 4.738463999999999524e-03 3.890988000000000172e-03
1.963000000000000000e+03 5.265719999999999776e-03 4.411871999999999842e-03
1.965000000000000000e+03 4.003595999999999891e-03 3.005855999999999893e-03
1.967000000000000000e+03 4.763952000000000117e-03 3.903732000000000035e-03
1.969000000000000000e+03 4.603608000000000353e-03 3.609576000000000191e-03
1.971000000000000000e+03 6.116328000000000736e-03 5.428152000000000324e-03
1.973000000000000000e+03 5.661828000000000694e-03 4.744260000000000144e-03
1.975000000000000000e+03 3.677579999999999738e-03 2.836476000000000101e-03
1.977000000000000000e+03 3.997223999999999743e-03 3.175236000000000117e-03
1.979000000000000000e+03 4.928003999999999718e-03 4.239828000000000173e-03
1.981000000000000000e+03 6.180048000000000485e-03 5.377176000000000004e-03
1.983000000000000000e+03 6.243768000000000234e-03 5.307084000000000107e-03
1.985000000000000000e+03 5.007132000000000076e-03 4.066740000000000112e-03
1.987000000000000000e+03 4.166603999999999967e-03 3.187979999999999980e-03
1.989000000000000000e+03 4.850495999999999280e-03 4.066740000000000112e-03
1.991000000000000000e+03 4.831379999999999703e-03 3.865500000000000012e-03
1.993000000000000000e+03 5.822171999999999591e-03 5.226912000000000225e-03
1.995000000000000000e+03 5.767487999999999435e-03 4.894523999999999923e-03
1.997000000000000000e+03 5.252975999999999479e-03 4.405499999999999694e-03
1.999000000000000000e+03 3.859703999999999392e-03 2.986739999999999881e-03
2.001000000000000000e+03 6.154559999999999892e-03 5.396292000000000449e-03
2.003000000000000000e+03 5.432436000000000556e-03 4.661423999999999949e-03
2.005000000000000000e+03 4.642883999999999900e-03 3.852756000000000149e-03
2.007000000000000000e+03 4.118291999999999960e-03 3.264444000000000026e-03
2.009000000000000000e+03 4.374216000000000215e-03 3.552228000000000156e-03
2.011000000000000000e+03 4.744835999999999672e-03 3.878244000000000309e-03
2.013000000000000000e+03 3.412619999999999890e-03 2.641607999999999717e-03
2.015000000000000000e+03 6.732791999999999596e-03 6.029208000000000310e-03
2.017000000000000000e+03 5.000759999999999927e-03 4.210631999999999743e-03
2.019000000000000000e+03 4.895099999999999452e-03 4.104972000000000135e-03
2.021000000000000000e+03 4.943411999999999459e-03 4.197888000000000314e-03
2.023000000000000000e+03 5.419692000000000259e-03 4.348152000000000093e-03
2.025000000000000000e+03 5.272091999999999924e-03 4.418243999999999991e-03
2.027000000000000000e+03 4.448015999999999949e-03 3.651516000000000050e-03
2.029000000000000000e+03 5.227487999999999753e-03 4.373639999999999819e-03
2.031000000000000000e+03 5.729255999999999412e-03 4.862664000000000049e-03
2.033000000000000000e+03 3.776867999999999632e-03 2.973996000000000018e-03
2.035000000000000000e+03 4.649256000000000048e-03 3.871872000000000161e-03
2.037000000000000000e+03 4.355099999999999770e-03 3.539483999999999859e-03
2.039000000000000000e+03 5.528016000000000180e-03 4.693284000000000691e-03
2.041000000000000000e+03 3.444479999999999764e-03 2.571515999999999819e-03
2.043000000000000000e+03 4.198463999999999842e-03 3.421079999999999954e-03
2.045000000000000000e+03 3.751379999999999472e-03 3.200724000000000277e-03
2.047000000000000000e+03 4.365179999999999755e-03 3.494880000000000122e-03
2.049000000000000000e+03 4.594571999999999892e-03 3.766211999999999685e-03
2.051000000000000000e+03 4.195799999999999530e-03 3.513996000000000133e-03
2.053000000000000000e+03 3.751379999999999472e-03 3.024971999999999904e-03
2.055000000000000000e+03 3.866075999999999541e-03 3.031344000000000052e-03
2.057000000000000000e+03 3.281471999999999688e-03 2.497716000000000085e-03
2.059000000000000000e+03 4.463423999999999690e-03 3.577715999999999882e-03
2.061000000000000000e+03 3.575627999999999966e-03 2.868335999999999976e-03
2.063000000000000000e+03 4.406076000000000090e-03 3.475764000000000110e-03
2.065000000000000000e+03 5.426064000000000408e-03 4.460183999999999850e-03
2.067000000000000000e+03 5.377751999999999533e-03 4.581252000000000067e-03
2.069000000000000000e+03 3.987143999999999758e-03 3.024971999999999904e-03
2.071000000000000000e+03 5.284835999999999354e-03 4.392756000000000265e-03
2.073000000000000000e+03 4.026419999999999305e-03 3.293640000000000023e-03
2.075000000000000000e+03 4.147487999999999522e-03 3.401963999999999943e-03
2.077000000000000000e+03 3.294215999999999984e-03 2.472227999999999926e-03
2.079000000000000000e+03 3.745007999999999757e-03 2.916647999999999984e-03
2.081000000000000000e+03 3.783239999999999780e-03 2.961251999999999721e-03
2.083000000000000000e+03 3.198635999999999927e-03 2.239127999999999952e-03
2.085000000000000000e+03 4.240403999999999701e-03 3.482136000000000259e-03
2.087000000000000000e+03 4.134743999999999226e-03 3.382847999999999931e-03
2.089000000000000000e+03 4.141116000000000241e-03 3.363731999999999920e-03
2.091000000000000000e+03 4.109255999999999499e-03 3.421079999999999954e-03
2.093000000000000000e+03 3.738636000000000043e-03 2.986739999999999881e-03
2.095000000000000000e+03 3.552803999999999685e-03 2.718071999999999763e-03
2.097000000000000000e+03 2.898107999999999934e-03 2.053296000000000027e-03
2.099000000000000000e+03 3.450851999999999913e-03 2.609747999999999842e-03
2.101000000000000000e+03 4.674743999999999775e-03 3.846384000000000001e-03
2.103000000000000000e+03 3.268727999999999825e-03 2.459484000000000063e-03
2.105000000000000000e+03 4.035455999999999765e-03 3.213468000000000140e-03
2.107000000000000000e+03 5.170140000000000152e-03 4.354524000000000242e-03
2.109000000000000000e+03 4.160231999999999819e-03 3.194352000000000129e-03
2.111000000000000000e+03 3.387131999999999730e-03 2.673468000000000025e-03
2.113000000000000000e+03 3.601115999999999692e-03 2.747268000000000193e-03
2.115000000000000000e+03 3.700404000000000020e-03 3.005855999999999893e-03
2.117000000000000000e+03 3.099348000000000034e-03 2.290103999999999838e-03
2.119000000000000000e+03 3.664835999999999875e-03 2.900195999999999850e-03
2.121000000000000000e+03 3.508199999999999513e-03 2.737187999999999774e-03
2.123000000000000000e+03 4.441643999999999801e-03 3.689747999999999639e-03
2.125000000000000000e+03 4.198463999999999842e-03 3.389220000000000080e-03
2.127000000000000000e+03 3.920759999999999697e-03 3.175236000000000117e-03
2.129000000000000000e+03 3.268727999999999825e-03 2.529575999999999960e-03
2.131000000000000000e+03 3.073859999999999874e-03 2.309219999999999849e-03
2.133000000000000000e+03 2.833343999999999793e-03 1.864800000000000008e-03
2.135000000000000000e+03 3.031919999999999581e-03 2.165328000000000218e-03
2.137000000000000000e+03 2.395295999999999884e-03 1.452240000000000041e-03
2.139000000000000000e+03 2.955455999999999969e-03 2.178072000000000081e-03
2.141000000000000000e+03 2.297051999999999948e-03 1.449575999999999946e-03
2.143000000000000000e+03 2.843423999999999778e-03 2.034180000000000016e-03
2.145000000000000000e+03 3.387131999999999730e-03 2.660723999999999728e-03
2.147000000000000000e+03 2.457395999999999713e-03 1.705499999999999985e-03
2.149000000000000000e+03 2.616695999999999953e-03 1.903032000000000031e-03
2.151000000000000000e+03 3.351563999999999585e-03 2.535948000000000108e-03
2.153000000000000000e+03 2.159531999999999598e-03 1.375775999999999995e-03
2.155000000000000000e+03 2.434571999999999865e-03 1.676303999999999989e-03
2.157000000000000000e+03 2.453687999999999876e-03 1.481436000000000038e-03
2.159000000000000000e+03 2.955455999999999969e-03 2.114351999999999898e-03
2.161000000000000000e+03 2.792447999999999892e-03 1.951344000000000039e-03
2.163000000000000000e+03 3.099348000000000034e-03 2.398428000000000192e-03
2.165000000000000000e+03 2.629439999999999816e-03 1.826567999999999985e-03
2.167000000000000000e+03 3.520943999999999810e-03 2.635236000000000002e-03
2.169000000000000000e+03 4.172976000000000116e-03 3.331871999999999612e-03
2.171000000000000000e+03 2.712275999999999576e-03 1.839312000000000065e-03
2.173000000000000000e+03 3.063779999999999889e-03 2.165328000000000218e-03
2.175000000000000000e+03 3.233159999999999680e-03 2.372940000000000032e-03
2.177000000000000000e+03 1.926431999999999841e-03 1.187279999999999976e-03
2.179000000000000000e+03 2.828016000000000037e-03 2.101608000000000035e-03
2.181000000000000000e+03 2.750507999999999599e-03 1.832939999999999917e-03
2.183000000000000000e+03 1.996523999999999521e-03 1.193651999999999908e-03
2.185000000000000000e+03 1.898279999999999803e-03 1.261079999999999927e-03
2.187000000000000000e+03 2.137751999999999708e-03 1.455947999999999878e-03
2.189000000000000000e+03 1.986443999999999536e-03 9.987839999999999566e-04
2.191000000000000000e+03 2.226960000000000051e-03 1.312056000000000030e-03
2.193000000000000000e+03 2.565719999999999633e-03 1.788335999999999962e-03
2.195000000000000000e+03 1.786247999999999829e-03 1.104443999999999999e-03
2.197000000000000000e+03 3.112091999999999897e-03 2.328335999999999861e-03
2.199000000000000000e+03 2.667671999999999839e-03 1.883916000000000019e-03
2.201000000000000000e+03 2.303424000000000096e-03 1.385855999999999980e-03
2.203000000000000000e+03 2.402711999999999556e-03 1.638071999999999966e-03
2.205000000000000000e+03 2.476512000000000158e-03 1.807451999999999974e-03
2.207000000000000000e+03 2.572091999999999781e-03 1.826567999999999985e-03
2.209000000000000000e+03 2.610323999999999804e-03 1.788335999999999962e-03
2.211000000000000000e+03 2.409083999999999705e-03 1.612584000000000023e-03
2.213000000000000000e+03 2.773331999999999881e-03 2.034180000000000016e-03
2.215000000000000000e+03 2.396339999999999842e-03 1.555235999999999988e-03
2.217000000000000000e+03 1.316339999999999828e-03 5.262119999999999688e-04
2.219000000000000000e+03 2.316167999999999959e-03 1.430459999999999935e-03
2.221000000000000000e+03 2.239703999999999914e-03 1.506923999999999981e-03
2.223000000000000000e+03 3.562883999999999669e-03 2.810987999999999942e-03
2.225000000000000000e+03 2.150496000000000005e-03 1.462320000000000026e-03
2.227000000000000000e+03 1.903607999999999776e-03 1.037015999999999979e-03
2.229000000000000000e+03 2.415455999999999853e-03 1.612584000000000023e-03
2.231000000000000000e+03 2.316167999999999959e-03 1.468691999999999958e-03
2.233000000000000000e+03 1.501127999999999794e-03 6.154199999999999861e-04
2.235000000000000000e+03 2.591207999999999793e-03 1.762848000000000019e-03
2.237000000000000000e+03 2.025719999999999951e-03 1.254707999999999995e-03
2.239000000000000000e+03 1.977407999999999944e-03 1.174535999999999896e-03
2.241000000000000000e+03 2.290679999999999800e-03 1.545156000000000003e-03
2.243000000000000000e+03 1.600415999999999905e-03 7.529399999999999028e-04
2.245000000000000000e+03 2.440943999999999579e-03 1.695420000000000000e-03
2.247000000000000000e+03 2.572091999999999781e-03 1.813823999999999905e-03
2.249000000000000000e+03 2.252447999999999777e-03 1.462320000000000026e-03
2.251000000000000000e+03 2.415455999999999853e-03 1.561607999999999920e-03
2.253000000000000000e+03 1.983780000000000092e-03 1.155419999999999885e-03
2.255000000000000000e+03 1.849967999999999795e-03 1.174535999999999896e-03
2.257000000000000000e+03 1.635983999999999832e-03 8.968319999999999678e-04
2.259000000000000000e+03 1.968371999999999917e-03 1.171872000000000018e-03
2.261000000000000000e+03 1.322711999999999759e-03 5.899319999999999347e-04
2.263000000000000000e+03 1.629611999999999901e-03 9.095759999999999392e-04
2.265000000000000000e+03 1.907315999999999829e-03 1.091699999999999919e-03
2.267000000000000000e+03 1.971035999999999795e-03 1.123560000000000010e-03
2.269000000000000000e+03 1.878119999999999833e-03 1.017899999999999968e-03
2.271000000000000000e+03 2.661300000000000124e-03 1.839312000000000065e-03
2.273000000000000000e+03 1.619531999999999916e-03 8.548919999999998916e-04
2.275000000000000000e+03 1.965708000000000039e-03 1.385855999999999980e-03
2.277000000000000000e+03 1.856339999999999943e-03 1.091699999999999919e-03
2.279000000000000000e+03 1.574927999999999745e-03 7.847999999999999941e-04
2.281000000000000000e+03 1.805363999999999840e-03 1.034352000000000101e-03
2.283000000000000000e+03 1.852631999999999890e-03 9.286919999999999507e-04
2.285000000000000000e+03 1.875455999999999955e-03 1.027979999999999953e-03
2.287000000000000000e+03 2.434571999999999865e-03 1.625328000000000103e-03
2.289000000000000000e+03 1.750679999999999901e-03 9.350639999999999907e-04
2.291000000000000000e+03 1.757051999999999833e-03 9.987839999999999566e-04
2.293000000000000000e+03 1.392803999999999874e-03 5.453279999999998719e-04
2.295000000000000000e+03 1.888199999999999818e-03 1.110815999999999930e-03
2.297000000000000000e+03 1.239875999999999782e-03 4.943519999999999859e-04
2.299000000000000000e+03 1.511207999999999779e-03 7.465679999999999712e-04
2.301000000000000000e+03 1.271735999999999873e-03 5.389559999999999403e-04
2.303000000000000000e+03 1.820771999999999799e-03 9.605519999999999337e-04
2.305000000000000000e+03 1.517579999999999927e-03 8.485199999999999600e-04
2.307000000000000000e+03 1.993860000000000077e-03 1.356659999999999984e-03
2.309000000000000000e+03 1.750679999999999901e-03 1.043387999999999911e-03
2.311000000000000000e+03 1.786247999999999829e-03 1.091699999999999919e-03
2.313000000000000000e+03 1.329083999999999908e-03 5.899319999999999347e-04
2.315000000000000000e+03 1.757051999999999833e-03 9.541800000000000021e-04
2.317000000000000000e+03 1.392803999999999874e-03 5.708159999999999233e-04
2.319000000000000000e+03 1.615823999999999863e-03 6.409079999999999291e-04
2.321000000000000000e+03 1.456523999999999840e-03 6.217919999999999177e-04
2.323000000000000000e+03 2.083067999999999552e-03 1.305684000000000098e-03
2.325000000000000000e+03 1.217051999999999717e-03 4.587839999999999497e-04
2.327000000000000000e+03 1.392803999999999874e-03 5.899319999999999347e-04
2.329000000000000000e+03 1.418291999999999817e-03 6.026759999999999062e-04
2.331000000000000000e+03 1.329083999999999908e-03 5.580719999999999518e-04
2.333000000000000000e+03 1.380059999999999794e-03 6.090479999999999462e-04
2.335000000000000000e+03 1.523951999999999859e-03 7.911719999999999257e-04
2.337000000000000000e+03 1.089611999999999786e-03 3.759479999999999181e-04
2.339000000000000000e+03 1.185191999999999843e-03 4.269239999999999125e-04
2.341000000000000000e+03 1.335455999999999839e-03 5.325840000000000088e-04
2.343000000000000000e+03 1.386431999999999725e-03 6.472799999999998607e-04
2.345000000000000000e+03 1.146959999999999820e-03 3.950639999999999295e-04
2.347000000000000000e+03 1.469267999999999920e-03 6.345359999999999976e-04
2.349000000000000000e+03 1.312631999999999775e-03 4.715279999999999212e-04
2.351000000000000000e+03 1.517579999999999927e-03 7.147079999999998799e-04
2.353000000000000000e+03 1.782539999999999776e-03 1.011527999999999820e-03
2.355000000000000000e+03 1.492091999999999767e-03 7.083359999999999483e-04
2.357000000000000000e+03 1.475639999999999851e-03 5.963039999999999747e-04
2.359000000000000000e+03 1.115099999999999729e-03 4.205519999999999268e-04
2.361000000000000000e+03 1.287143999999999832e-03 3.695759999999999323e-04
2.363000000000000000e+03 1.431035999999999897e-03 5.580719999999999518e-04
2.365000000000000000e+03 1.543067999999999870e-03 7.593119999999999427e-04
2.367000000000000000e+03 1.469267999999999920e-03 6.281639999999999576e-04
2.369000000000000000e+03 1.089611999999999786e-03 4.078079999999999553e-04
2.371000000000000000e+03 1.329083999999999908e-03 6.536520000000000091e-04
2.373000000000000000e+03 1.354571999999999851e-03 5.899319999999999347e-04
2.375000000000000000e+03 1.846259999999999742e-03 9.987839999999999566e-04
2.377000000000000000e+03 1.204307999999999854e-03 4.524119999999999097e-04
2.379000000000000000e+03 1.360943999999999782e-03 6.536520000000000091e-04
2.381000000000000000e+03 1.176155999999999816e-03 4.943519999999999859e-04
2.383000000000000000e+03 1.341827999999999771e-03 6.409079999999999291e-04
2.385000000000000000e+03 1.166075999999999831e-03 3.695759999999999323e-04
2.387000000000000000e+03 1.706075999999999947e-03 9.796679999999999451e-04
2.389000000000000000e+03 1.488383999999999714e-03 6.727679999999999121e-04
2.391000000000000000e+03 1.360943999999999782e-03 5.835599999999998948e-04
2.393000000000000000e+03 1.261655999999999889e-03 4.332959999999999525e-04
2.395000000000000000e+03 1.441115999999999881e-03 7.019640000000000168e-04
2.397000000000000000e+03 1.261655999999999889e-03 3.695759999999999323e-04
2.399000000000000000e+03 1.197935999999999923e-03 4.906439999999999326e-04
2.401000000000000000e+03 1.268027999999999820e-03 4.842719999999999469e-04
2.403000000000000000e+03 1.299887999999999912e-03 4.715279999999999212e-04
2.405000000000000000e+03 1.178819999999999911e-03 4.587839999999999497e-04
2.407000000000000000e+03 1.248911999999999809e-03 4.269239999999999125e-04
2.409000000000000000e+03 1.185191999999999843e-03 4.524119999999999097e-04
2.411000000000000000e+03 1.278107999999999805e-03 5.517000000000000202e-04
2.413000000000000000e+03 1.574927999999999745e-03 8.294039999999999486e-04
2.415000000000000000e+03 9.812879999999998652e-04 3.313439999999999636e-04
2.417000000000000000e+03 1.402883999999999859e-03 7.210800000000000282e-04
2.419000000000000000e+03 1.166075999999999831e-03 4.078079999999999553e-04
2.421000000000000000e+03 1.064123999999999843e-03 3.886919999999999438e-04
2.423000000000000000e+03 1.587671999999999825e-03 8.994959999999999544e-04
2.425000000000000000e+03 1.185191999999999843e-03 3.759479999999999181e-04
2.427000000000000000e+03 1.089611999999999786e-03 4.014359999999999153e-04
2.429000000000000000e+03 1.399175999999999805e-03 6.472799999999998607e-04
2.431000000000000000e+03 1.380059999999999794e-03 6.026759999999999062e-04
2.433000000000000000e+03 1.223423999999999866e-03 4.460399999999999240e-04
2.435000000000000000e+03 1.287143999999999832e-03 5.097599999999999441e-04
2.437000000000000000e+03 1.360943999999999782e-03 5.325840000000000088e-04
2.439000000000000000e+03 1.386431999999999725e-03 6.090479999999999462e-04
2.441000000000000000e+03 1.715111999999999757e-03 8.357759999999999885e-04
2.443000000000000000e+03 1.121471999999999877e-03 3.632039999999999466e-04
2.445000000000000000e+03 1.166075999999999831e-03 4.332959999999999525e-04
2.447000000000000000e+03 1.229795999999999797e-03 3.759479999999999181e-04
2.449000000000000000e+03 1.057751999999999911e-03 4.651559999999999354e-04
2.451000000000000000e+03 1.418291999999999817e-03 7.301159999999999465e-04
2.453000000000000000e+03 1.373687999999999862e-03 5.899319999999999347e-04
2.455000000000000000e+03 1.242539999999999877e-03 3.823199999999999581e-04
2.457000000000000000e+03 1.399175999999999805e-03 6.472799999999998607e-04
2.459000000000000000e+03 1.312631999999999775e-03 4.587839999999999497e-04
2.461000000000000000e+03 1.252619999999999862e-03 5.389559999999999403e-04
2.463000000000000000e+03 1.191563999999999774e-03 4.269239999999999125e-04
2.465000000000000000e+03 1.466603999999999824e-03 6.955919999999999768e-04
2.467000000000000000e+03 1.191563999999999774e-03 3.568319999999999608e-04
2.469000000000000000e+03 1.239875999999999782e-03 5.580719999999999518e-04
2.471000000000000000e+03 1.443779999999999760e-03 7.428599999999999180e-04
2.473000000000000000e+03 1.306259999999999843e-03 4.014359999999999153e-04
2.475000000000000000e+03 1.045007999999999831e-03 3.377159999999999494e-04
2.477000000000000000e+03 1.523951999999999859e-03 6.955919999999999768e-04
2.479000000000000000e+03 1.134215999999999740e-03 3.568319999999999608e-04
2.481000000000000000e+03 1.210679999999999786e-03 5.033879999999999041e-04
2.483000000000000000e+03 1.255283999999999740e-03 5.033879999999999041e-04
2.485000000000000000e+03 1.513871999999999874e-03 6.409079999999999291e-04
2.487000000000000000e+03 1.274399999999999752e-03 4.842719999999999469e-04
2.489000000000000000e+03 1.223423999999999866e-03 4.014359999999999153e-04
2.491000000000000000e+03 1.373687999999999862e-03 7.173719999999999750e-04
2.493000000000000000e+03 1.178819999999999911e-03 3.377159999999999494e-04
2.495000000000000000e+03 1.108727999999999797e-03 3.823199999999999581e-04
2.497000000000000000e+03 1.070495999999999774e-03 3.886919999999999438e-04
2.499000000000000000e+03 1.255283999999999740e-03 4.332959999999999525e-04
2.501000000000000000e+03 1.127843999999999808e-03 3.950639999999999295e-04
2.503000000000000000e+03 1.431035999999999897e-03 5.963039999999999747e-04
2.505000000000000000e+03 1.146959999999999820e-03 4.778999999999999069e-04
2.507000000000000000e+03 1.350863999999999798e-03 5.161319999999998756e-04
2.509000000000000000e+03 1.236167999999999729e-03 4.906439999999999326e-04
2.511000000000000000e+03 1.013147999999999957e-03 3.632039999999999466e-04
2.513000000000000000e+03 1.089611999999999786e-03 4.524119999999999097e-04
2.515000000000000000e+03 1.095983999999999934e-03 4.014359999999999153e-04
2.517000000000000000e+03 1.427327999999999843e-03 4.970159999999999726e-04
2.519000000000000000e+03 1.108727999999999797e-03 3.823199999999999581e-04
2.521000000000000000e+03 1.191563999999999774e-03 4.524119999999999097e-04
2.523000000000000000e+03 1.210679999999999786e-03 4.332959999999999525e-04
2.525000000000000000e+03 1.070495999999999774e-03 4.014359999999999153e-04
2.527000000000000000e+03 1.095983999999999934e-03 3.568319999999999608e-04
2.529000000000000000e+03 1.217051999999999717e-03 4.970159999999999726e-04
2.531000000000000000e+03 1.051379999999999763e-03 3.886919999999999438e-04
2.533000000000000000e+03 1.255283999999999740e-03 4.778999999999999069e-04
2.535000000000000000e+03 1.261655999999999889e-03 4.141799999999999410e-04
2.537000000000000000e+03 1.284479999999999737e-03 5.899319999999999347e-04
2.539000000000000000e+03 1.121471999999999877e-03 3.440879999999999351e-04
2.541000000000000000e+03 1.178819999999999911e-03 4.141799999999999410e-04
2.543000000000000000e+03 1.146959999999999820e-03 3.886919999999999438e-04
2.545000000000000000e+03 1.268027999999999820e-03 3.950639999999999295e-04
2.547000000000000000e+03 1.185191999999999843e-03 4.524119999999999097e-04
2.549000000000000000e+03 1.299887999999999912e-03 3.632039999999999466e-04
2.551000000000000000e+03 1.134215999999999740e-03 4.460399999999999240e-04
2.553000000000000000e+03 1.236167999999999729e-03 4.524119999999999097e-04
2.555000000000000000e+03 1.293515999999999763e-03 3.695759999999999323e-04
2.557000000000000000e+03 1.204307999999999854e-03 3.950639999999999295e-04
2.559000000000000000e+03 1.108727999999999797e-03 3.122279999999999522e-04
2.561000000000000000e+03 1.146959999999999820e-03 4.587839999999999497e-04
2.563000000000000000e+03 1.316339999999999828e-03 6.217919999999999177e-04
2.565000000000000000e+03 1.354571999999999851e-03 5.198399999999999289e-04
2.567000000000000000e+03 1.115099999999999729e-03 4.651559999999999354e-04
2.569000000000000000e+03 1.293515999999999763e-03 5.288759999999999555e-04
2.571000000000000000e+03 1.102355999999999865e-03 4.396679999999999382e-04
2.573000000000000000e+03 1.115099999999999729e-03 4.269239999999999125e-04
2.575000000000000000e+03 1.462895999999999771e-03 5.771879999999999632e-04
2.577000000000000000e+03 1.204307999999999854e-03 4.014359999999999153e-04
2.579000000000000000e+03 1.242539999999999877e-03 3.886919999999999438e-04
2.581000000000000000e+03 1.236167999999999729e-03 4.587839999999999497e-04
2.583000000000000000e+03 1.166075999999999831e-03 4.014359999999999153e-04
2.585000000000000000e+03 1.197935999999999923e-03 4.970159999999999726e-04
2.587000000000000000e+03 1.102355999999999865e-03 4.141799999999999410e-04
2.589000000000000000e+03 1.115099999999999729e-03 4.396679999999999382e-04
2.591000000000000000e+03 1.153331999999999751e-03 3.377159999999999494e-04
2.593000000000000000e+03 1.089611999999999786e-03 3.695759999999999323e-04
2.595000000000000000e+03 1.357235999999999729e-03 4.715279999999999212e-04
2.597000000000000000e+03 1.248911999999999809e-03 4.651559999999999354e-04
2.599000000000000000e+03 1.006775999999999808e-03 3.759479999999999181e-04
2.601000000000000000e+03 1.268027999999999820e-03 4.587839999999999497e-04
2.603000000000000000e+03 1.185191999999999843e-03 4.396679999999999382e-04
2.605000000000000000e+03 1.268027999999999820e-03 4.906439999999999326e-04
2.607000000000000000e+03 1.197935999999999923e-03 4.141799999999999410e-04
2.609000000000000000e+03 1.115099999999999729e-03 4.014359999999999153e-04
2.611000000000000000e+03 1.242539999999999877e-03 4.651559999999999354e-04
2.613000000000000000e+03 1.197935999999999923e-03 4.269239999999999125e-04
2.615000000000000000e+03 1.140587999999999888e-03 4.524119999999999097e-04
2.617000000000000000e+03 1.166075999999999831e-03 4.778999999999999069e-04
2.619000000000000000e+03 1.197935999999999923e-03 4.396679999999999382e-04
2.621000000000000000e+03 1.108727999999999797e-03 3.886919999999999438e-04
2.623000000000000000e+03 1.268027999999999820e-03 4.396679999999999382e-04
2.625000000000000000e+03 1.134215999999999740e-03 3.632039999999999466e-04
2.627000000000000000e+03 1.127843999999999808e-03 4.715279999999999212e-04
2.629000000000000000e+03 1.076867999999999923e-03 4.778999999999999069e-04
2.631000000000000000e+03 1.134215999999999740e-03 4.524119999999999097e-04
2.633000000000000000e+03 1.134215999999999740e-03 4.460399999999999240e-04
2.635000000000000000e+03 1.134215999999999740e-03 3.886919999999999438e-04
2.637000000000000000e+03 1.191563999999999774e-03 4.332959999999999525e-04
2.639000000000000000e+03 1.089611999999999786e-03 4.715279999999999212e-04
2.641000000000000000e+03 1.185191999999999843e-03 4.269239999999999125e-04
2.643000000000000000e+03 1.210679999999999786e-03 4.906439999999999326e-04
2.645000000000000000e+03 1.217051999999999717e-03 4.332959999999999525e-04
2.647000000000000000e+03 1.236167999999999729e-03 5.033879999999999041e-04
2.649000000000000000e+03 1.242539999999999877e-03 4.269239999999999125e-04
2.651000000000000000e+03 1.166075999999999831e-03 4.078079999999999553e-04
2.653000000000000000e+03 1.146959999999999820e-03 4.269239999999999125e-04
2.655000000000000000e+03 1.331747999999999786e-03 5.225039999999999156e-04
2.657000000000000000e+03 1.166075999999999831e-03 3.440879999999999351e-04
2.659000000000000000e+03 1.274399999999999752e-03 5.288759999999999555e-04
2.661000000000000000e+03 1.159703999999999900e-03 3.695759999999999323e-04
2.663000000000000000e+03 1.197935999999999923e-03 4.078079999999999553e-04
2.665000000000000000e+03 1.121471999999999877e-03 4.651559999999999354e-04
2.667000000000000000e+03 1.146959999999999820e-03 4.460399999999999240e-04
2.669000000000000000e+03 1.089611999999999786e-03 4.332959999999999525e-04
2.671000000000000000e+03 1.025891999999999820e-03 4.205519999999999268e-04
2.673000000000000000e+03 1.127843999999999808e-03 3.632039999999999466e-04
2.675000000000000000e+03 1.134215999999999740e-03 4.524119999999999097e-04
2.677000000000000000e+03 1.338119999999999718e-03 4.906439999999999326e-04
2.679000000000000000e+03 1.229795999999999797e-03 4.970159999999999726e-04
2.681000000000000000e+03 1.159703999999999900e-03 4.078079999999999553e-04
2.683000000000000000e+03 1.121471999999999877e-03 3.568319999999999608e-04
2.685000000000000000e+03 1.350863999999999798e-03 4.778999999999999069e-04
2.687000000000000000e+03 1.146959999999999820e-03 3.823199999999999581e-04
2.689000000000000000e+03 1.045007999999999831e-03 4.141799999999999410e-04
2.691000000000000000e+03 1.070495999999999774e-03 4.269239999999999125e-04
2.693000000000000000e+03 1.070495999999999774e-03 3.695759999999999323e-04
2.695000000000000000e+03 1.166075999999999831e-03 3.759479999999999181e-04
2.697000000000000000e+03 1.268027999999999820e-03 4.396679999999999382e-04
2.699000000000000000e+03 1.115099999999999729e-03 4.906439999999999326e-04
2.701000000000000000e+03 1.217051999999999717e-03 4.906439999999999326e-04
2.703000000000000000e+03 1.051379999999999763e-03 4.587839999999999497e-04
2.705000000000000000e+03 1.140587999999999888e-03 5.161319999999998756e-04
2.707000000000000000e+03 1.108727999999999797e-03 4.524119999999999097e-04
2.709000000000000000e+03 1.242539999999999877e-03 5.479919999999999670e-04
2.711000000000000000e+03 1.108727999999999797e-03 3.886919999999999438e-04
2.713000000000000000e+03 1.248911999999999809e-03 3.823199999999999581e-04
2.715000000000000000e+03 1.191563999999999774e-03 4.970159999999999726e-04
2.717000000000000000e+03 1.242539999999999877e-03 5.097599999999999441e-04
2.719000000000000000e+03 1.204307999999999854e-03 4.970159999999999726e-04
2.721000000000000000e+03 1.166075999999999831e-03 4.332959999999999525e-04
2.723000000000000000e+03 1.204307999999999854e-03 4.269239999999999125e-04
2.725000000000000000e+03 1.248911999999999809e-03 5.225039999999999156e-04
2.727000000000000000e+03 1.115099999999999729e-03 4.332959999999999525e-04
2.729000000000000000e+03 1.140587999999999888e-03 4.587839999999999497e-04
2.731000000000000000e+03 1.248911999999999809e-03 4.651559999999999354e-04
2.733000000000000000e+03 1.191563999999999774e-03 5.288759999999999555e-04
2.735000000000000000e+03 1.369979999999999809e-03 5.288759999999999555e-04
2.737000000000000000e+03 1.223423999999999866e-03 5.097599999999999441e-04
2.739000000000000000e+03 1.185191999999999843e-03 4.396679999999999382e-04
2.741000000000000000e+03 1.127843999999999808e-03 4.460399999999999240e-04
2.743000000000000000e+03 1.217051999999999717e-03 4.460399999999999240e-04
2.745000000000000000e+03 1.331747999999999786e-03 4.970159999999999726e-04
2.747000000000000000e+03 1.140587999999999888e-03 4.396679999999999382e-04
2.749000000000000000e+03 1.242539999999999877e-03 4.205519999999999268e-04
2.751000000000000000e+03 1.178819999999999911e-03 4.078079999999999553e-04
2.753000000000000000e+03 1.287143999999999832e-03 4.842719999999999469e-04
2.755000000000000000e+03 1.115099999999999729e-03 3.823199999999999581e-04
2.757000000000000000e+03 1.236167999999999729e-03 4.906439999999999326e-04
2.759000000000000000e+03 1.287143999999999832e-03 4.205519999999999268e-04
2.761000000000000000e+03 1.204307999999999854e-03 4.778999999999999069e-04
2.763000000000000000e+03 1.121471999999999877e-03 4.014359999999999153e-04
2.765000000000000000e+03 1.223423999999999866e-03 4.778999999999999069e-04
2.767000000000000000e+03 1.064123999999999843e-03 4.524119999999999097e-04
2.769000000000000000e+03 1.178819999999999911e-03 4.715279999999999212e-04
2.771000000000000000e+03 1.115099999999999729e-03 4.014359999999999153e-04
2.773000000000000000e+03 1.268027999999999820e-03 5.288759999999999555e-04
2.775000000000000000e+03 1.064123999999999843e-03 3.377159999999999494e-04
2.777000000000000000e+03 1.121471999999999877e-03 4.078079999999999553e-04
2.779000000000000000e+03 1.102355999999999865e-03 4.269239999999999125e-04
2.781000000000000000e+03 1.217051999999999717e-03 4.269239999999999125e-04
2.783000000000000000e+03 1.210679999999999786e-03 5.033879999999999041e-04
2.785000000000000000e+03 1.146959999999999820e-03 4.842719999999999469e-04
2.787000000000000000e+03 1.178819999999999911e-03 4.396679999999999382e-04
2.789000000000000000e+03 1.306259999999999843e-03 4.460399999999999240e-04
2.791000000000000000e+03 1.382723999999999889e-03 5.288759999999999555e-04
2.793000000000000000e+03 1.115099999999999729e-03 4.141799999999999410e-04
2.795000000000000000e+03 1.121471999999999877e-03 4.014359999999999153e-04
2.797000000000000000e+03 9.557999999999998138e-04 3.504599999999999209e-04
2.799000000000000000e+03 1.197935999999999923e-03 5.288759999999999555e-04
2.801000000000000000e+03 1.217051999999999717e-03 4.460399999999999240e-04
2.803000000000000000e+03 1.102355999999999865e-03 4.524119999999999097e-04
2.805000000000000000e+03 1.134215999999999740e-03 4.396679999999999382e-04
2.807000000000000000e+03 1.076867999999999923e-03 3.568319999999999608e-04
2.809000000000000000e+03 1.255283999999999740e-03 4.715279999999999212e-04
2.811000000000000000e+03 1.166075999999999831e-03 4.651559999999999354e-04
2.813000000000000000e+03 1.064123999999999843e-03 4.014359999999999153e-04
2.815000000000000000e+03 9.812879999999998652e-04 3.313439999999999636e-04
2.817000000000000000e+03 1.204307999999999854e-03 5.161319999999998756e-04
2.819000000000000000e+03 1.229795999999999797e-03 4.460399999999999240e-04
2.821000000000000000e+03 1.178819999999999911e-03 4.141799999999999410e-04
2.823000000000000000e+03 1.115099999999999729e-03 4.587839999999999497e-04
2.825000000000000000e+03 1.178819999999999911e-03 4.205519999999999268e-04
2.827000000000000000e+03 1.095983999999999934e-03 3.823199999999999581e-04
2.829000000000000000e+03 1.083239999999999854e-03 3.568319999999999608e-04
2.831000000000000000e+03 1.178819999999999911e-03 4.778999999999999069e-04
2.833000000000000000e+03 1.268027999999999820e-03 4.651559999999999354e-04
2.835000000000000000e+03 1.172447999999999763e-03 4.778999999999999069e-04
2.837000000000000000e+03 1.274399999999999752e-03 4.396679999999999382e-04
2.839000000000000000e+03 1.127843999999999808e-03 3.950639999999999295e-04
2.841000000000000000e+03 1.255283999999999740e-03 5.479919999999999670e-04
2.843000000000000000e+03 1.064123999999999843e-03 4.141799999999999410e-04
2.845000000000000000e+03 9.494279999999998823e-04 3.568319999999999608e-04
2.847000000000000000e+03 1.293515999999999763e-03 3.823199999999999581e-04
2.849000000000000000e+03 1.032263999999999751e-03 3.886919999999999438e-04
2.851000000000000000e+03 1.217051999999999717e-03 4.524119999999999097e-04
2.853000000000000000e+03 1.268027999999999820e-03 4.524119999999999097e-04
2.855000000000000000e+03 1.268027999999999820e-03 4.715279999999999212e-04
2.857000000000000000e+03 1.338119999999999718e-03 5.033879999999999041e-04
2.859000000000000000e+03 1.159703999999999900e-03 4.651559999999999354e-04
2.861000000000000000e+03 1.127843999999999808e-03 4.970159999999999726e-04
2.863000000000000000e+03 1.115099999999999729e-03 4.842719999999999469e-04
2.865000000000000000e+03 1.127843999999999808e-03 4.269239999999999125e-04
2.867000000000000000e+03 1.236167999999999729e-03 3.823199999999999581e-04
2.869000000000000000e+03 1.210679999999999786e-03 4.970159999999999726e-04
2.871000000000000000e+03 1.261655999999999889e-03 4.651559999999999354e-04
2.873000000000000000e+03 1.210679999999999786e-03 4.651559999999999354e-04
2.875000000000000000e+03 1.191563999999999774e-03 3.950639999999999295e-04
2.877000000000000000e+03 1.095983999999999934e-03 4.524119999999999097e-04
2.879000000000000000e+03 1.159703999999999900e-03 3.695759999999999323e-04
2.881000000000000000e+03 1.191563999999999774e-03 5.288759999999999555e-04
2.883000000000000000e+03 1.172447999999999763e-03 4.524119999999999097e-04
2.885000000000000000e+03 1.197935999999999923e-03 4.205519999999999268e-04
2.887000000000000000e+03 1.204307999999999854e-03 4.906439999999999326e-04
2.889000000000000000e+03 1.159703999999999900e-03 3.568319999999999608e-04
2.891000000000000000e+03 1.115099999999999729e-03 4.332959999999999525e-04
2.893000000000000000e+03 1.102355999999999865e-03 4.269239999999999125e-04
2.895000000000000000e+03 1.185191999999999843e-03 4.460399999999999240e-04
2.897000000000000000e+03 1.051379999999999763e-03 3.377159999999999494e-04
2.899000000000000000e+03 1.115099999999999729e-03 4.014359999999999153e-04
4.145000000000000000e+04 3.197890151999999375e+00 2.093966639999999657e+00
