Calc. Date= 06-29-2025, Time= 11:18:17
============================== SRIM-2013.00 ==============================
 =====================================================================
 =                   Ion Energy vs Position File                     =
 =====================================================================
 =   AXIS DEFINITIONS: X=Depth, Y,Z= Lateral plane of target surface.=
 =   (If beam enters target at an angle, this tilt is in Y direction)=
 =   Shown are: Ion Number, Energy (keV), X, Y, Z Position           =
 ==================  CALCULATION   DATA  =============================
  Ion Data: Name, Mass,   Energy , Energy Interval
           Ar     039.96  2keV    10eV
 =====================================================================
Ion       Energy     Depth (X)     Y           Z       Electronic   Energy Lost to
Number    (keV)    (Angstrom)  (Angstrom)  (Angstrom)  Stop.(eV/A)  Last Recoil(eV)
------- ----------- ---------- ----------- ----------- -----------  ---------------
0000001 2.0000E+00  0.0000E+00  0.0000E+00  0.0000E+00  9.7295E-01  0.0000E+00
0000001 1.9686E+00  1.2001E+01  7.9392E-03  2.3376E-02  9.6529E-01  8.0380E+00
0000001 1.9526E+00  3.1448E+01 -8.3864E-01  8.6833E-01  9.6136E-01  1.5934E+01
0000001 1.8680E+00  4.5487E+01 -7.7357E-01  3.8284E-01  9.4030E-01  5.7599E+01
0000001 1.8161E+00  5.9181E+01 -3.0974E+00  1.7678E-01  9.2713E-01  2.5836E+01
0000001 1.6107E+00  7.2911E+01 -3.9721E+00 -8.0695E-01  8.7314E-01  1.7979E+02
0000001 1.5409E+00  8.5292E+01 -4.1186E+00 -5.8942E+00  8.5402E-01  4.6386E+01
0000001 1.2249E+00  9.6520E+01 -3.8047E+00 -1.2904E+01  7.6143E-01  3.1599E+02
0000001 1.1696E+00  1.0343E+02 -3.6674E-01 -2.2754E+01  7.4404E-01  5.5330E+01
0000001 1.1451E+00  1.1222E+02  3.1688E+00 -3.0717E+01  7.3620E-01  6.0931E+00
0000001 6.1721E-01  1.2084E+02  7.5274E+00 -3.8357E+01  5.4050E-01  5.2788E+02
0000001 5.4398E-01  1.3140E+02  8.9063E+00 -3.8264E+01  5.0742E-01  7.3230E+01
0000001 5.2571E-01  1.4149E+02  6.6322E+00 -3.8276E+01  4.9883E-01  1.8269E+01
0000001 4.8532E-01  1.5115E+02  3.5675E+00 -3.6618E+01  4.7928E-01  3.0145E+01
0000001 2.2411E-01  1.6067E+02  3.3044E-01 -3.7435E+01  3.2569E-01  2.6121E+02
0000001 2.0988E-01  1.6567E+02 -4.3092E+00 -3.2322E+01  3.1518E-01  8.6739E+00
0000001 1.5779E-01  1.7849E+02 -1.1432E+01 -2.4342E+01  2.7328E-01  3.7460E+01
0000001 1.3935E-01  1.8280E+02 -1.7191E+01 -2.1011E+01  2.5682E-01  1.8435E+01
0000001 1.2216E-01  1.8467E+02 -2.4097E+01 -1.8089E+01  2.4046E-01  1.3224E+01
0000001 9.1716E-02  1.8412E+02 -3.0997E+01 -1.5133E+01  2.0835E-01  3.0444E+01
0000001 7.6230E-02  1.8095E+02 -3.7354E+01 -1.4869E+01  1.8995E-01  1.2523E+01
0000001 6.4408E-02  1.7988E+02 -4.3855E+01 -1.2954E+01  1.7460E-01  1.1822E+01
0000001 2.7885E-02  1.7793E+02 -5.0172E+01 -1.3609E+01  1.1488E-01  3.4203E+01
0000001 3.9519E-03  1.7261E+02 -5.3191E+01 -2.2591E+01  4.3249E-02  1.7282E+01
0000001 0.0000E+00  1.6793E+02 -4.8689E+01 -2.4485E+01  0.0000E+00  3.0551E-01
0000002 2.0000E+00  0.0000E+00  0.0000E+00  0.0000E+00  9.7295E-01  0.0000E+00
0000002 1.9891E+00  3.9702E+00  0.0000E+00  0.0000E+00  9.7030E-01  1.0876E+01
0000002 1.3305E+00  1.5240E+01 -4.3946E-01 -7.0787E-01  7.9356E-01  6.5865E+02
0000002 1.3262E+00  2.9412E+01 -1.7733E+00  8.1024E+00  7.9228E-01  4.1973E+00
0000002 1.2394E+00  4.0554E+01 -2.5114E+00  1.4277E+01  7.6591E-01  8.6801E+01
0000002 7.7260E-01  6.1366E+01  3.3198E+00  2.6964E+01  6.0472E-01  4.5847E+02
0000002 7.6363E-01  7.2411E+01  1.5271E+00  2.7734E+01  6.0120E-01  8.9749E+00
0000002 7.3788E-01  8.3555E+01  9.3952E-01  2.8496E+01  5.9098E-01  2.5745E+01
0000002 7.1899E-01  9.4250E+01 -1.1296E+00  3.0610E+01  5.8336E-01  5.7745E+00
0000002 7.0561E-01  1.0485E+02 -3.8587E+00  3.1992E+01  5.7791E-01  1.3387E+01
0000002 4.8768E-01  1.1492E+02 -7.4385E+00  3.4502E+01  4.8044E-01  2.1793E+02
0000002 4.2930E-01  1.2151E+02 -1.5062E+01  3.3900E+01  4.5077E-01  5.8382E+01
0000002 4.1554E-01  1.2528E+02 -2.4071E+01  3.4854E+01  4.4349E-01  1.1927E+01
0000002 3.9384E-01  1.3028E+02 -3.2264E+01  3.6525E+01  4.3175E-01  2.1705E+01
0000002 2.1414E-01  1.3654E+02 -3.9016E+01  3.9341E+01  3.1837E-01  1.7138E+02
0000002 1.6995E-01  1.4080E+02 -4.1129E+01  4.6317E+01  2.8362E-01  3.8819E+01
0000002 1.1670E-01  1.5384E+02 -4.1522E+01  5.5558E+01  2.3503E-01  4.1187E+01
0000002 1.0250E-01  1.5712E+02 -4.3165E+01  6.2051E+01  2.2026E-01  1.4208E+01
0000002 8.6931E-02  1.6128E+02 -4.6639E+01  6.6895E+01  2.0284E-01  1.2365E+01
0000002 5.6228E-02  1.6535E+02 -4.7666E+01  7.2538E+01  1.6314E-01  3.0702E+01
0000002 4.5991E-02  1.6543E+02 -5.0116E+01  7.8530E+01  1.4754E-01  1.0237E+01
0000002 2.4069E-02  1.6426E+02 -5.0075E+01  8.4654E+01  1.0673E-01  2.0083E+01
0000002 9.5024E-03  1.6300E+02 -4.6344E+01  8.8557E+01  6.7064E-02  1.4567E+01
0000002 0.0000E+00  1.5593E+02 -3.9222E+01  8.8947E+01  0.0000E+00  3.2470E-01
0000003 2.0000E+00  0.0000E+00  0.0000E+00  0.0000E+00  9.7295E-01  0.0000E+00
0000003 1.9815E+00  1.1607E+01  4.6926E-02 -1.4783E-01  9.6845E-01  2.7756E+00
0000003 1.8815E+00  2.3816E+01 -3.3378E-01 -3.5254E-01  9.4368E-01  7.6405E+01
0000003 1.8514E+00  3.7443E+01  3.8324E-01 -3.0813E+00  9.3610E-01  3.8564E+00
0000003 1.6981E+00  5.1098E+01  5.7805E-01 -5.4484E+00  8.9652E-01  1.2728E+02
0000003 1.6702E+00  6.3748E+01 -2.4113E+00 -9.3247E+00  8.8911E-01  3.6426E+00
0000003 1.6402E+00  7.6307E+01 -5.9190E+00 -1.2847E+01  8.8111E-01  5.9060E+00
0000003 1.5289E+00  8.8758E+01 -1.0025E+01 -1.5835E+01  8.5068E-01  1.1131E+02
0000003 1.5031E+00  1.0090E+02 -1.5234E+01 -1.5505E+01  8.4347E-01  3.3516E+00
0000003 1.3221E+00  1.1305E+02 -2.0280E+01 -1.5778E+01  7.9106E-01  1.5878E+02
0000003 1.2823E+00  1.2426E+02 -2.4904E+01 -1.1855E+01  7.7907E-01  1.9603E+01
0000003 1.2689E+00  1.3466E+02 -3.0854E+01 -7.7767E+00  7.7498E-01  1.3436E+01
0000003 1.0699E+00  1.4538E+02 -3.6906E+01 -4.9519E+00  7.1162E-01  1.9899E+02
0000003 9.9505E-01  1.5460E+02 -4.0530E+01  2.0136E+00  6.8628E-01  7.4864E+01
0000003 7.9903E-01  1.6290E+02 -4.1478E+01  1.0495E+01  6.1498E-01  1.7968E+02
0000003 7.5418E-01  1.7350E+02 -4.1792E+01  1.4431E+01  5.9747E-01  3.0948E+01
0000003 7.4024E-01  1.8360E+02 -4.4296E+01  1.8442E+01  5.9192E-01  1.3942E+01
0000003 7.2188E-01  1.9395E+02 -4.5309E+01  2.2330E+01  5.8453E-01  5.2065E+00
0000003 6.1068E-01  2.0453E+02 -4.5848E+01  2.5438E+01  5.3763E-01  9.8293E+01
0000003 5.6816E-01  2.1505E+02 -4.6937E+01  2.4457E+01  5.1857E-01  3.1101E+01
0000003 4.2133E-01  2.2536E+02 -4.5617E+01  2.3346E+01  4.4657E-01  1.4683E+02
0000003 3.6553E-01  2.3362E+02 -4.1204E+01  2.6117E+01  4.1595E-01  5.5800E+01
0000003 3.5431E-01  2.4093E+02 -3.5190E+01  2.5838E+01  4.0951E-01  3.3454E+00
0000003 3.4192E-01  2.4765E+02 -2.8650E+01  2.5099E+01  4.0229E-01  4.6813E+00
0000003 3.2955E-01  2.5374E+02 -2.1753E+01  2.3539E+01  3.9494E-01  1.2374E+01
0000003 2.9750E-01  2.6100E+02 -1.6116E+01  2.2431E+01  3.7525E-01  2.4736E+01
0000003 1.7680E-01  2.6937E+02 -1.2686E+01  2.2033E+01  2.8928E-01  1.1390E+02
0000003 4.4832E-02  2.7466E+02 -9.4944E+00  1.6770E+01  1.4567E-01  1.2728E+02
0000003 3.7061E-02  2.7854E+02 -4.9777E+00  1.8521E+01  1.3245E-01  7.7708E+00
0000003 2.5565E-03  2.8156E+02 -1.6045E+00  2.2449E+01  3.4786E-02  3.2918E+01
0000003 0.0000E+00  2.8412E+02  3.6040E-01  2.0371E+01  0.0000E+00  1.3126E+00
0000004 2.0000E+00  0.0000E+00  0.0000E+00  0.0000E+00  9.7295E-01  0.0000E+00
0000004 1.9062E+00  1.4058E+01  1.5289E-02 -2.7949E-02  9.4986E-01  9.3770E+01
0000004 1.8986E+00  1.7937E+01 -5.6215E-01  5.9260E-01  9.4798E-01  3.1077E-02
0000004 1.7884E+00  3.1572E+01 -2.5351E+00  2.7708E+00  9.2005E-01  8.3748E+01
0000004 1.6960E+00  5.6449E+01 -1.2620E+01  8.5089E+00  8.9597E-01  5.9086E+01
0000004 1.6701E+00  6.8876E+01 -1.5811E+01  1.2894E+01  8.8908E-01  2.5977E+01
0000004 1.5401E+00  8.0497E+01 -2.0014E+01  1.8349E+01  8.5378E-01  1.0598E+02
0000004 1.4753E+00  8.9886E+01 -2.6501E+01  2.5058E+01  8.3563E-01  6.4773E+01
0000004 1.1207E-01  9.7626E+01 -3.2378E+01  3.3840E+01  2.3032E-01  1.3632E+03
0000004 9.1226E-02  1.0150E+02 -2.6976E+01  3.7084E+01  2.0780E-01  2.0848E+01
0000004 8.0923E-02  1.0639E+02 -2.1821E+01  3.7280E+01  1.9571E-01  7.3507E+00
0000004 5.9396E-02  1.1159E+02 -1.7527E+01  3.5638E+01  1.6767E-01  2.1527E+01
0000004 4.8979E-02  1.1730E+02 -5.9141E+00  3.5654E+01  1.5226E-01  7.4111E+00
0000004 3.8110E-02  1.2076E+02 -9.9199E-01  3.3758E+01  1.3431E-01  8.9486E+00
0000004 2.8143E-02  1.2986E+02  6.1356E+00  3.5772E+01  1.1542E-01  3.3456E+00
0000004 1.5620E-02  1.3403E+02  1.0030E+01  3.5731E+01  8.5983E-02  1.1208E+01
0000004 4.5235E-03  1.4350E+02  1.1264E+01  3.8416E+01  4.6271E-02  7.3998E+00
0000004 0.0000E+00  1.4820E+02  7.2613E+00  4.1958E+01  0.0000E+00  1.7883E+00
0000005 2.0000E+00  0.0000E+00  0.0000E+00  0.0000E+00  9.7295E-01  0.0000E+00
0000005 1.8477E+00  1.7953E+01 -3.1025E-02 -1.5962E-02  9.3516E-01  1.5234E+02
0000005 9.2206E-01  2.2580E+01 -1.3542E+00 -2.3034E-01  6.6062E-01  9.2560E+02
0000005 5.4444E-01  2.9572E+01 -8.0458E+00  6.3310E+00  5.0763E-01  3.6217E+02
0000005 5.2028E-01  2.9193E+01 -1.4664E+01  1.4278E+01  4.9625E-01  1.3647E+01
0000005 5.0597E-01  2.9042E+01 -2.2382E+01  2.1012E+01  4.8937E-01  4.1484E+00
0000005 4.7392E-01  2.9676E+01 -2.9714E+01  2.8043E+01  4.7362E-01  2.2083E+01
0000005 4.6033E-01  2.8403E+01 -3.6200E+01  3.5588E+01  4.6678E-01  4.0927E+00
0000005 4.4623E-01  2.6221E+01 -4.2617E+01  4.2894E+01  4.5958E-01  1.4097E+01
0000005 4.3337E-01  2.2510E+01 -4.8193E+01  5.0179E+01  4.5290E-01  3.7669E+00
0000005 4.1512E-01  1.8144E+01 -5.3125E+01  5.7480E+01  4.4327E-01  9.3405E+00
0000005 7.4190E-03  8.1210E+00 -6.1597E+01  7.1806E+01  5.9258E-02  4.0325E+02
0000005 0.0000E+00  1.8221E+01 -6.6072E+01  8.3183E+01  0.0000E+00  1.5957E+00
0000006 2.0000E+00  0.0000E+00  0.0000E+00  0.0000E+00  9.7295E-01  0.0000E+00
0000006 1.9823E+00  1.3522E+01  1.0311E-01  7.8904E-02  9.6863E-01  9.6413E+00
0000006 1.9736E+00  2.4187E+01 -4.5657E-01  4.7898E-01  9.6650E-01  8.7116E+00
0000006 1.9366E+00  3.8264E+01 -2.6345E-01  9.2966E-01  9.5742E-01  9.6781E+00
0000006 1.8822E+00  5.2210E+01 -2.1930E-01  2.3539E+00  9.4386E-01  2.7623E+01
0000006 1.8402E+00  6.5843E+01  1.1109E+00  4.8219E+00  9.3326E-01  1.5749E+01
0000006 1.8362E+00  7.9469E+01  3.1039E+00  6.1925E+00  9.3225E-01  3.9998E+00
0000006 1.7992E+00  9.3075E+01  5.4488E+00  7.0228E+00  9.2281E-01  3.6973E+01
0000006 1.7641E+00  1.0617E+02  9.0225E+00  9.2962E+00  9.1376E-01  9.7226E+00
0000006 1.7336E+00  1.1887E+02  1.3515E+01  1.1765E+01  9.0585E-01  5.4141E+00
0000006 1.6868E+00  1.3124E+02  1.8354E+01  1.4832E+01  8.9353E-01  2.2113E+01
0000006 1.6542E+00  1.4282E+02  2.4483E+01  1.8245E+01  8.8485E-01  8.4253E+00
0000006 1.5049E+00  1.5408E+02  3.0501E+01  2.2560E+01  8.4397E-01  1.4931E+02
0000006 1.4976E+00  1.6525E+02  3.7444E+01  2.2923E+01  8.4194E-01  7.2318E+00
0000006 1.0655E+00  1.7610E+02  4.4793E+01  2.4033E+01  7.1014E-01  4.3219E+02
0000006 1.0399E+00  1.8817E+02  4.5350E+01  2.3334E+01  7.0158E-01  8.3304E+00
0000006 8.0364E-01  2.0019E+02  4.5731E+01  2.3698E+01  6.1675E-01  2.3629E+02
0000006 7.3009E-01  2.1026E+02  4.7059E+01  1.8703E+01  5.8785E-01  5.9588E+01
0000006 6.7394E-01  2.2059E+02  5.0188E+01  1.6235E+01  5.6479E-01  4.3137E+01
0000006 6.5184E-01  2.3120E+02  5.0621E+01  1.3963E+01  5.5545E-01  9.8288E+00
0000006 5.5449E-01  2.4160E+02  4.9831E+01  1.1229E+01  5.1230E-01  8.5373E+01
0000006 5.1907E-01  2.5008E+02  4.6341E+01  6.3399E+00  4.9566E-01  2.4771E+01
0000006 4.2288E-01  2.5950E+02  4.4258E+01  2.8913E+00  4.4739E-01  8.6040E+01
0000006 3.8208E-01  2.6690E+02  4.4471E+01 -3.4921E+00  4.2526E-01  3.2051E+01
0000006 3.6247E-01  2.7299E+02  4.7005E+01 -1.0420E+01  4.1420E-01  1.1477E+01
0000006 2.8028E-01  2.7776E+02  4.9111E+01 -1.8302E+01  3.6422E-01  8.2192E+01
0000006 2.5292E-01  2.8280E+02  4.6767E+01 -2.5306E+01  3.4599E-01  2.0848E+01
0000006 2.4057E-01  2.8855E+02  4.6751E+01 -3.1894E+01  3.3744E-01  1.2345E+01
0000006 2.1052E-01  2.9512E+02  4.5393E+01 -3.7355E+01  3.1566E-01  2.4210E+01
0000006 1.5350E-01  3.0208E+02  4.2142E+01 -4.0805E+01  2.6954E-01  5.7020E+01
0000006 7.1741E-03  3.0533E+02  3.7434E+01 -4.6224E+01  5.8272E-02  1.4208E+02
0000006 0.0000E+00  3.1283E+02  3.9826E+01 -4.3540E+01  0.0000E+00  4.0758E+00
0000007 2.0000E+00  0.0000E+00  0.0000E+00  0.0000E+00  9.7295E-01  0.0000E+00
0000007 1.9892E+00  3.9702E+00  0.0000E+00  0.0000E+00  9.7033E-01  1.0764E+01
0000007 1.8686E+00  2.8483E+01  5.0473E-01  2.1649E+00  9.4045E-01  1.1592E+02
0000007 1.8328E+00  4.1694E+01  4.3624E+00  4.0630E+00  9.3139E-01  9.7098E+00
0000007 1.2629E+00  5.4743E+01  7.9301E+00  6.9136E+00  7.7315E-01  5.6987E+02
0000007 1.0757E+00  6.3995E+01  7.8089E+00  1.5480E+01  7.1354E-01  1.8366E+02
0000007 1.0521E+00  6.9208E+01  6.3194E+00  2.6330E+01  7.0568E-01  6.2589E+00
0000007 1.0151E+00  7.4292E+01  5.7509E+00  3.7257E+01  6.9315E-01  1.9993E+01
0000007 9.4932E-01  7.8106E+01  4.1285E+00  4.8479E+01  6.7032E-01  4.9191E+01
0000007 8.7274E-01  7.9292E+01  2.5682E+00  6.0088E+01  6.4272E-01  6.0797E+01
0000007 5.8794E-01  7.7580E+01  1.7835E+00  7.1475E+01  5.2752E-01  2.8481E+02
0000007 5.7440E-01  7.0381E+01  1.8770E+00  7.9161E+01  5.2142E-01  1.3534E+01
0000007 5.4688E-01  6.2520E+01  7.8905E-01  8.5998E+01  5.0877E-01  1.6598E+01
0000007 5.2997E-01  5.3714E+01  3.1795E-01  9.1434E+01  5.0084E-01  6.3654E+00
0000007 5.0067E-01  4.4820E+01  9.2953E-01  9.6565E+01  4.8680E-01  1.9006E+01
0000007 4.9406E-01  3.6589E+01  3.3701E+00  1.0199E+02  4.8358E-01  6.6028E+00
0000007 3.3367E-01  2.7814E+01  5.8593E+00  1.0638E+02  3.9741E-01  1.6039E+02
0000007 2.9986E-01  1.9806E+01  2.6352E+00  1.0980E+02  3.7674E-01  2.6432E+01
0000007 2.5812E-01  3.3683E+00 -4.8419E+00  1.1022E+02  3.4953E-01  2.9416E+01
0000007 2.5051E-01  7.0083E+00 -6.6397E+00  1.0748E+02  0.0000E+00  2.9416E+01
0000008 2.0000E+00  0.0000E+00  0.0000E+00  0.0000E+00  9.7295E-01  0.0000E+00
0000008 1.9873E+00  7.9404E+00  1.1222E-02 -8.0243E-03  9.6986E-01  4.9408E+00
0000008 1.9120E+00  1.8151E+01 -2.3064E-01 -4.5976E-01  9.5131E-01  5.5445E+01
0000008 1.8792E+00  3.2017E+01 -3.5176E-01  1.2654E+00  9.4312E-01  6.2235E+00
0000008 1.8380E+00  4.5897E+01 -5.5625E-01  2.1916E+00  9.3270E-01  4.1264E+01
0000008 1.7715E+00  5.9608E+01  1.2394E+00  2.6432E+00  9.1570E-01  6.6419E+01
0000008 1.7431E+00  7.2681E+01  4.4648E+00  5.2114E+00  9.0831E-01  3.3443E+00
0000008 1.3649E+00  8.5680E+01  7.3238E+00  8.2504E+00  8.0376E-01  3.5340E+02
0000008 1.2936E+00  9.8360E+01  6.2884E+00  6.4398E+00  7.8248E-01  7.1311E+01
0000008 1.2898E+00  1.1095E+02  7.7821E+00  6.1292E+00  7.8133E-01  3.8062E+00
0000008 1.0818E+00  1.2358E+02  8.8344E+00  6.3449E+00  7.1558E-01  1.8814E+02
0000008 9.8803E-01  1.3466E+02  9.9453E+00  1.1205E+01  6.8385E-01  7.6418E+01
0000008 8.3911E-01  1.4380E+02  1.1981E+01  1.8522E+01  6.3021E-01  1.3266E+02
0000008 7.9889E-01  1.5000E+02  1.1663E+01  2.8125E+01  6.1492E-01  4.0213E+01
0000008 3.2815E-01  1.5450E+02  1.3066E+01  3.8397E+01  3.9411E-01  4.5684E+02
0000008 1.3171E-01  1.4592E+02  1.5333E+01  5.4572E+01  2.4969E-01  1.9264E+02
0000008 1.0896E-01  1.4445E+02  9.9678E+00  5.9812E+01  2.2710E-01  1.8936E+01
0000008 1.2534E-02  1.4462E+02  6.6734E+00  6.6389E+01  7.7023E-02  9.6429E+01
0000008 9.7537E-03  1.4027E+02  7.2652E+00  6.8676E+01  6.7945E-02  2.0172E+00
0000008 0.0000E+00  1.3618E+02  1.1039E+01  7.5722E+01  0.0000E+00  6.3840E+00
0000009 2.0000E+00  0.0000E+00  0.0000E+00  0.0000E+00  9.7295E-01  0.0000E+00
0000009 1.9727E+00  7.9402E+00 -3.6982E-02 -2.9878E-02  9.6629E-01  1.9268E+01
0000009 1.7920E+00  1.5203E+01 -8.1300E-01 -2.0467E-01  9.2097E-01  1.8069E+02
0000009 1.7399E+00  2.7849E+01 -5.0811E+00 -3.4993E+00  9.0748E-01  2.6818E+01
0000009 1.7114E+00  3.9647E+01 -1.0460E+01 -7.7515E+00  9.0001E-01  3.7454E+00
0000009 1.6810E+00  5.1066E+01 -1.6251E+01 -1.2308E+01  8.9199E-01  5.9293E+00
0000009 1.5765E+00  6.2842E+01 -2.1405E+01 -1.6527E+01  8.6382E-01  1.0449E+02
0000009 1.5579E+00  7.4179E+01 -2.4065E+01 -2.2984E+01  8.5872E-01  1.8558E+01
0000009 1.5224E+00  8.4683E+01 -2.7477E+01 -3.0352E+01  8.4887E-01  1.2726E+01
0000009 1.4956E+00  9.4428E+01 -3.0716E+01 -3.8645E+01  8.4137E-01  2.6788E+01
0000009 1.4745E+00  1.0295E+02 -3.3776E+01 -4.8175E+01  8.3541E-01  1.0880E+01
0000009 1.4089E+00  1.1067E+02 -3.7551E+01 -5.8055E+01  8.1661E-01  6.5616E+01
0000009 1.3733E+00  1.2820E+02 -4.0250E+01 -7.6888E+01  8.0622E-01  8.2683E+00
0000009 1.3532E+00  1.3671E+02 -4.2652E+01 -8.6241E+01  8.0031E-01  2.0069E+01
0000009 2.6401E-01  1.4467E+02 -4.6509E+01 -9.5525E+01  3.5350E-01  1.0892E+03
0000009 1.1134E-01  1.4662E+02 -5.5117E+01 -9.5668E+01  2.2956E-01  1.5267E+02
0000009 9.8380E-02  1.5270E+02 -5.8701E+01 -9.3471E+01  2.1579E-01  9.5694E+00
0000009 7.9554E-02  1.5733E+02 -6.3911E+01 -9.1632E+01  1.9405E-01  1.8826E+01
0000009 6.5299E-03  1.5993E+02 -7.5422E+01 -8.4830E+01  5.5594E-02  6.7624E+01
0000009 0.0000E+00  1.7383E+02 -7.4095E+01 -7.6425E+01  0.0000E+00  4.6299E-01
0000010 2.0000E+00  0.0000E+00  0.0000E+00  0.0000E+00  9.7295E-01  0.0000E+00
0000010 1.9586E+00  1.4329E+01 -1.2207E-01  3.2748E-01  9.6283E-01  3.1410E+01
0000010 1.9270E+00  3.2145E+01  9.3145E-01  2.8768E+00  9.5504E-01  4.4007E+00
0000010 1.9181E+00  4.5865E+01  2.2058E+00  5.3593E+00  9.5282E-01  8.9410E+00
0000010 1.8941E+00  5.9725E+01  3.1476E+00  6.9592E+00  9.4684E-01  2.4002E+01
0000010 1.8424E+00  7.3627E+01  4.1808E+00  6.9977E+00  9.3382E-01  2.5333E+01
0000010 1.7510E+00  8.7444E+01  3.7423E+00  7.7157E+00  9.1036E-01  6.5545E+01
0000010 1.4937E+00  1.0070E+02  1.0435E+00  9.6566E+00  8.4084E-01  2.5723E+02
0000010 1.4461E+00  1.1135E+02 -3.7908E+00  1.5640E+01  8.2732E-01  4.7656E+01
0000010 7.8543E-01  1.2059E+02 -1.0466E+01  2.1969E+01  6.0972E-01  6.6065E+02
0000010 1.1359E-01  1.3154E+02 -9.3075E+00  2.4300E+01  2.3187E-01  6.7184E+02
0000010 1.0676E-01  1.3438E+02 -3.0507E+00  2.1501E+01  2.2479E-01  3.3914E+00
0000010 9.4231E-02  1.3622E+02  3.7145E+00  1.9376E+01  2.1119E-01  9.2347E+00
0000010 8.0206E-02  1.3834E+02  1.0544E+01  1.9427E+01  1.9484E-01  1.1005E+01
0000010 6.4692E-02  1.3928E+02  1.7070E+01  1.7301E+01  1.7498E-01  1.2815E+01
0000010 4.2898E-02  1.3753E+02  2.3357E+01  1.6036E+01  1.4249E-01  2.1794E+01
0000010 2.2572E-02  1.3850E+02  2.8182E+01  1.2338E+01  1.0336E-01  1.8572E+01
0000010 1.1295E-02  1.4274E+02  3.0642E+01  9.8982E+00  7.3117E-02  1.1277E+01
0000010 9.4232E-03  1.4631E+02  2.9200E+01  6.9122E+00  6.6785E-02  1.8716E+00
0000010 0.0000E+00  1.4653E+02  3.1698E+01 -6.4814E+00  0.0000E+00  5.3990E-01
0000011 2.0000E+00  0.0000E+00  0.0000E+00  0.0000E+00  9.7295E-01  0.0000E+00
0000011 6.5036E-01  1.3210E+01 -6.6178E-02  3.5787E-02  5.5482E-01  1.3238E+03
0000011 6.4766E-01  1.6758E+01  4.4317E+00  2.2377E+00  5.5367E-01  2.7001E+00
0000011 6.3031E-01  2.8899E+01  1.9751E+01  1.1153E+01  5.4620E-01  1.1164E+01
0000011 1.3130E-01  3.4788E+01  2.7921E+01  1.4770E+01  2.4930E-01  4.9900E+02
0000011 1.2476E-01  3.4932E+01  2.9041E+01  2.2323E+01  2.4301E-01  2.7316E+00
0000011 1.1468E-01  3.4268E+01  2.9390E+01  2.9845E+01  2.3298E-01  1.0083E+01
0000011 1.0362E-01  3.2010E+01  2.8381E+01  3.6854E+01  2.2146E-01  7.6022E+00
0000011 9.3319E-02  2.9673E+01  2.9309E+01  4.3690E+01  2.1017E-01  7.0704E+00
0000011 2.3680E-02  2.9249E+01  3.0064E+01  5.0773E+01  1.0587E-01  6.9640E+01
0000011 1.9153E-02  2.6732E+01  2.6214E+01  5.3840E+01  9.5212E-02  4.5268E+00
0000011 1.3062E-03  2.6568E+01  2.1736E+01  5.6719E+01  2.4864E-02  1.6832E+01
0000011 0.0000E+00  2.8635E+01  1.9486E+01  5.5066E+01  0.0000E+00  3.8528E-01
0000012 2.0000E+00  0.0000E+00  0.0000E+00  0.0000E+00  9.7295E-01  0.0000E+00
0000012 1.7645E+00  3.9702E+00  0.0000E+00  0.0000E+00  9.1389E-01  2.3546E+02
0000012 1.7395E+00  1.4896E+01 -4.5493E-01 -3.9643E+00  9.0737E-01  3.8191E+00
0000012 1.7213E+00  4.3786E+01 -2.9289E+00 -1.5559E+01  9.0262E-01  9.9491E+00
0000012 1.7050E+00  5.6321E+01 -3.4280E+00 -2.0836E+01  8.9834E-01  1.6285E+01
0000012 1.6764E+00  6.8551E+01 -5.1649E+00 -2.6470E+01  8.9076E-01  4.2496E+00
0000012 1.6433E+00  9.2710E+01 -6.9049E+00 -3.8455E+01  8.8194E-01  5.1231E+00
0000012 1.6379E+00  1.0464E+02 -6.8266E+00 -4.4667E+01  8.8049E-01  5.3780E+00
0000012 1.6227E+00  1.1690E+02 -6.7050E+00 -5.0182E+01  8.7639E-01  1.5225E+01
0000012 1.6194E+00  1.2956E+02 -7.1240E+00 -5.4590E+01  8.7550E-01  3.2868E+00
0000012 1.5780E+00  1.4230E+02 -8.0435E+00 -5.8669E+01  8.6423E-01  1.7973E+01
0000012 2.1191E-01  1.5512E+02 -7.6402E+00 -6.2234E+01  3.1670E-01  1.3661E+03
0000012 1.7275E-01  1.5773E+02  2.7127E-01 -6.3496E+01  2.8594E-01  3.3826E+01
0000012 1.6524E-01  1.6283E+02  6.0820E+00 -6.5833E+01  2.7966E-01  7.5081E+00
0000012 1.5470E-01  1.6794E+02  1.2206E+01 -6.6513E+01  2.7059E-01  6.0664E+00
0000012 1.3212E-01  1.7305E+02  1.8160E+01 -6.5648E+01  2.5007E-01  1.8323E+01
0000012 1.2150E-01  1.7778E+02  2.3871E+01 -6.7511E+01  2.3981E-01  6.7872E+00
0000012 9.3154E-02  1.8114E+02  3.0485E+01 -6.8747E+01  2.0998E-01  2.8350E+01
0000012 8.1087E-02  1.8084E+02  3.7466E+01 -7.0184E+01  1.9591E-01  1.2068E+01
0000012 4.5969E-02  1.8306E+02  4.3847E+01 -7.1791E+01  1.4750E-01  3.5118E+01
0000012 3.9009E-02  1.8405E+02  5.4509E+01 -6.5984E+01  1.3588E-01  2.2505E+00
0000012 2.8994E-02  1.8676E+02  6.4871E+01 -6.1312E+01  1.1715E-01  2.6935E+00
0000012 5.1613E-03  1.8912E+02  6.8263E+01 -5.7340E+01  4.9426E-02  2.2490E+01
0000012 0.0000E+00  1.8422E+02  6.8906E+01 -5.1442E+01  0.0000E+00  2.8158E+00
0000013 2.0000E+00  0.0000E+00  0.0000E+00  0.0000E+00  9.7295E-01  0.0000E+00
0000013 5.6646E-01  1.9631E+01 -1.0179E-01  1.8806E-01  5.1780E-01  1.4253E+03
0000013 3.8319E-01  2.5150E+01 -8.9459E+00 -4.2008E-01  4.2587E-01  1.8327E+02
0000013 3.2119E-01  2.9082E+01 -1.5380E+01 -6.3104E+00  3.8990E-01  5.3844E+01
0000013 2.4833E-01  2.9757E+01 -2.3130E+01 -1.1236E+01  3.4284E-01  7.2866E+01
0000013 1.9192E-01  2.8048E+01 -2.7859E+01 -1.8351E+01  3.0139E-01  5.6411E+01
0000013 1.7643E-01  2.9877E+01 -3.0396E+01 -2.5989E+01  2.8898E-01  1.0513E+01
0000013 1.6441E-01  3.1283E+01 -3.4638E+01 -3.2758E+01  2.7896E-01  7.3327E+00
0000013 1.5428E-01  3.1931E+01 -4.0054E+01 -3.8602E+01  2.7023E-01  1.0131E+01
0000013 5.7126E-02  3.4392E+01 -4.5608E+01 -4.3637E+01  1.6443E-01  9.2887E+01
0000013 4.9028E-02  3.0833E+01 -4.9138E+01 -4.7764E+01  1.5233E-01  8.0975E+00
0000013 3.7261E-02  2.7373E+01 -5.0417E+01 -5.2882E+01  1.3280E-01  9.8453E+00
0000013 1.7484E-02  2.6696E+01 -5.2376E+01 -5.8510E+01  9.0970E-02  1.9777E+01
0000013 2.6579E-03  2.5752E+01 -5.7100E+01 -6.0581E+01  3.5469E-02  1.3872E+01
0000013 0.0000E+00  3.0843E+01 -5.9907E+01 -5.7541E+01  0.0000E+00  4.2879E-01
0000014 2.0000E+00  0.0000E+00  0.0000E+00  0.0000E+00  9.7295E-01  0.0000E+00
0000014 1.9672E+00  1.7220E+01  1.7221E-02 -4.2989E-01  9.6493E-01  4.9473E+00
0000014 1.8725E+00  3.0237E+01  6.2843E-01 -1.1242E+00  9.4143E-01  9.4671E+01
0000014 1.8684E+00  4.3961E+01 -1.5102E+00 -5.9584E-01  9.4040E-01  4.0996E+00
0000014 1.7294E+00  5.7646E+01 -3.8988E+00 -6.6660E-01  9.0474E-01  1.3901E+02
0000014 1.6449E+00  8.4683E+01 -1.8641E+00  1.7059E+00  8.8235E-01  7.6017E+01
0000014 1.6055E+00  9.7530E+01 -2.6056E+00  5.6420E+00  8.7173E-01  3.9368E+01
0000014 1.5756E+00  1.1047E+02 -4.8756E+00  8.1658E+00  8.6358E-01  6.5550E+00
0000014 1.5349E+00  1.2312E+02 -7.4082E+00  1.1458E+01  8.5235E-01  4.0698E+01
0000014 1.5105E+00  1.3563E+02 -1.1353E+01  1.3146E+01  8.4555E-01  2.4399E+01
0000014 1.4726E+00  1.4746E+02 -1.6772E+01  1.5218E+01  8.3487E-01  1.5625E+01
0000014 1.3964E+00  1.5958E+02 -2.0981E+01  1.7815E+01  8.1299E-01  5.4309E+01
0000014 1.3039E+00  1.7039E+02 -2.6721E+01  2.1952E+01  7.8561E-01  7.1488E+01
0000014 1.2039E+00  1.7927E+02 -3.3431E+01  2.8087E+01  7.5487E-01  8.0060E+01
0000014 6.3763E-01  1.8809E+02 -3.7459E+01  3.5922E+01  5.4936E-01  5.6629E+02
0000014 6.0190E-01  1.9871E+02 -3.8942E+01  3.5628E+01  5.3375E-01  2.3944E+01
0000014 5.6818E-01  2.0885E+02 -4.1710E+01  3.6922E+01  5.1858E-01  2.2416E+01
0000014 5.3906E-01  2.1807E+02 -4.6148E+01  3.9016E+01  5.0512E-01  2.9119E+01
0000014 5.2559E-01  2.2606E+02 -5.2519E+01  4.0527E+01  4.9877E-01  3.0347E+00
0000014 5.0391E-01  2.3428E+02 -5.8327E+01  4.2526E+01  4.8838E-01  1.1436E+01
0000014 3.5473E-01  2.4322E+02 -6.2784E+01  4.4441E+01  4.0976E-01  1.3925E+02
0000014 3.4824E-01  2.4897E+02 -6.6736E+01  5.0753E+01  4.0599E-01  6.4915E+00
0000014 3.3424E-01  2.5489E+02 -6.9494E+01  5.7469E+01  3.9775E-01  6.3904E+00
0000014 2.8652E-01  2.6131E+02 -7.1080E+01  6.3997E+01  3.6826E-01  4.7724E+01
0000014 2.2478E-01  2.6660E+02 -6.9357E+01  7.1043E+01  3.2618E-01  6.1738E+01
0000014 2.1900E-01  2.6934E+02 -7.0853E+01  7.8983E+01  3.2196E-01  5.7777E+00
0000014 2.0291E-01  2.7184E+02 -7.3655E+01  8.6594E+01  3.0991E-01  1.6087E+01
0000014 1.6658E-01  2.7299E+02 -7.4679E+01  9.4801E+01  2.8079E-01  3.6334E+01
0000014 1.3319E-01  2.7718E+02 -7.4473E+01  1.0163E+02  2.5108E-01  3.3389E+01
0000014 1.2703E-01  2.7797E+02 -7.5254E+01  1.0921E+02  2.4521E-01  6.1607E+00
0000014 9.5671E-02  2.7784E+02 -7.8194E+01  1.2397E+02  2.1280E-01  2.1466E+01
0000014 2.9514E-02  2.7544E+02 -8.0673E+01  1.3026E+02  1.1819E-01  6.3106E+01
0000014 1.5032E-02  2.7916E+02 -7.8263E+01  1.4057E+02  8.4351E-02  1.0080E+01
0000014 5.4694E-03  2.7753E+02 -8.3544E+01  1.4880E+02  5.0880E-02  7.0984E+00
0000014 0.0000E+00  2.7307E+02 -8.0547E+01  1.5316E+02  0.0000E+00  8.1566E-01
0000015 2.0000E+00  0.0000E+00  0.0000E+00  0.0000E+00  9.7295E-01  0.0000E+00
0000015 1.9006E+00  2.6710E+01  1.2884E-01 -1.3002E-01  9.4846E-01  9.0179E+01
0000015 8.5781E-01  4.0323E+01  1.4578E+00 -2.8854E+00  6.3719E-01  1.0163E+03
0000015 8.2192E-01  4.8560E+01  8.0860E+00  1.6235E+00  6.2372E-01  2.1237E+01
0000015 7.3727E-01  5.7485E+01  1.4556E+01  4.4499E+00  5.9073E-01  8.4653E+01
0000015 6.8221E-01  6.4513E+01  2.3126E+01  4.9462E+00  5.6825E-01  4.1950E+01
0000015 6.6023E-01  7.3218E+01  2.9680E+01  4.9198E+00  5.5902E-01  9.5977E+00
0000015 6.5666E-01  8.1040E+01  3.7141E+01  4.5798E+00  5.5750E-01  3.5665E+00
0000015 5.8971E-01  8.8284E+01  4.5148E+01  4.2650E+00  5.2832E-01  6.6955E+01
0000015 2.4576E-01  9.2488E+01  5.4795E+01  3.7171E+00  3.4106E-01  3.3281E+02
0000015 1.7839E-01  8.9123E+01  6.2291E+01  8.7665E-01  2.9058E-01  6.1441E+01
0000015 1.5860E-01  7.8346E+01  6.9249E+01 -8.9215E+00  2.7398E-01  7.1240E+00
0000015 1.2197E-01  6.9231E+01  7.6484E+01 -1.9574E+01  2.4027E-01  2.8236E+01
0000015 1.0996E-01  6.5134E+01  7.6600E+01 -2.5884E+01  2.2814E-01  8.3952E+00
0000015 6.0579E-02  6.0610E+01  7.8501E+01 -3.1384E+01  1.6933E-01  4.6018E+01
0000015 2.6081E-02  5.7542E+01  8.3846E+01 -3.3646E+01  1.1111E-01  3.2275E+01
0000015 1.4214E-02  4.7016E+01  8.5908E+01 -3.5244E+01  8.2022E-02  6.5894E+00
0000015 2.4314E-03  3.9661E+01  8.6300E+01 -4.1303E+01  3.3924E-02  7.8243E+00
0000015 0.0000E+00  3.8614E+01  9.2684E+01 -4.3852E+01  0.0000E+00  9.3931E-01
0000016 2.0000E+00  0.0000E+00  0.0000E+00  0.0000E+00  9.7295E-01  0.0000E+00
0000016 1.9615E+00  2.1803E+01 -4.3075E-03  3.5267E-02  9.6355E-01  3.7752E+00
0000016 1.9512E+00  3.5852E+01 -2.1999E-01  6.4147E-01  9.6101E-01  1.0314E+01
0000016 1.9456E+00  4.9870E+01 -1.0563E+00  4.3906E-01  9.5963E-01  5.6061E+00
0000016 1.8587E+00  7.7904E+01 -2.0871E+00  9.5226E-01  9.3796E-01  5.6653E+01
0000016 1.6101E+00  9.1498E+01 -4.8477E+00  6.9446E-01  8.7297E-01  2.2264E+02
0000016 1.4167E+00  1.0434E+02 -5.0152E+00  4.4654E+00  8.1888E-01  1.6998E+02
0000016 1.1848E+00  1.1534E+02 -1.9890E+00  1.0626E+01  7.4887E-01  2.1065E+02
0000016 1.0113E+00  1.3110E+02  1.1451E+01  2.4287E+01  6.9184E-01  1.6904E+02
0000016 9.2992E-01  1.4148E+02  1.4441E+01  2.9399E+01  6.6344E-01  6.4795E+01
0000016 8.3451E-01  1.4995E+02  1.9484E+01  3.5725E+01  6.2848E-01  7.9872E+01
0000016 7.9048E-01  1.6006E+02  2.3556E+01  3.9147E+01  6.1168E-01  2.9674E+01
0000016 5.9020E-02  1.7072E+02  2.5558E+01  4.2215E+01  1.6714E-01  7.3146E+02
0000016 2.9666E-02  1.7954E+02  2.0304E+01  3.4685E+01  1.1850E-01  2.1587E+01
0000016 1.8467E-02  1.8226E+02  2.1126E+01  2.9682E+01  9.3491E-02  9.9562E+00
0000016 8.9093E-03  1.8160E+02  2.2664E+01  2.4662E+01  6.4938E-02  9.5575E+00
0000016 0.0000E+00  1.9221E+02  1.9052E+01  1.3255E+01  0.0000E+00  9.6740E-01
0000017 2.0000E+00  0.0000E+00  0.0000E+00  0.0000E+00  9.7295E-01  0.0000E+00
0000017 1.9559E+00  3.2008E+01 -1.1984E+00  1.9574E-01  9.6216E-01  3.5093E+01
0000017 1.9063E+00  4.5878E+01 -2.0150E+00 -1.9147E+00  9.4988E-01  2.2543E+01
0000017 1.8749E+00  5.9814E+01 -2.6162E+00 -2.5229E+00  9.4202E-01  4.8871E+00
0000017 1.8428E+00  7.3636E+01 -3.8831E+00 -3.3589E+00  9.3393E-01  5.8710E+00
0000017 1.7891E+00  8.7438E+01 -4.9497E+00 -3.4367E+00  9.2023E-01  2.7825E+01
0000017 1.5743E+00  1.0114E+02 -4.5121E+00 -4.3281E+00  8.6321E-01  1.8955E+02
0000017 1.5473E+00  1.1361E+02  1.4238E-01 -4.1786E+00  8.5579E-01  3.9846E+00
0000017 1.5352E+00  1.2578E+02  5.4001E+00 -4.0420E+00  8.5243E-01  1.2125E+01
0000017 1.2573E+00  1.3755E+02  1.1343E+01 -3.0369E+00  7.7144E-01  2.7785E+02
0000017 1.2047E+00  1.4996E+02  1.1779E+01 -8.8063E-01  7.5513E-01  3.3166E+01
0000017 1.1383E+00  1.6228E+02  1.3531E+01 -3.0980E-01  7.3402E-01  6.6409E+01
0000017 1.1167E+00  1.7437E+02  1.4230E+01 -2.4642E+00  7.2700E-01  3.6173E+00
0000017 1.1006E+00  1.8643E+02  1.4236E+01 -4.5242E+00  7.2176E-01  1.6039E+01
0000017 1.0783E+00  1.9857E+02  1.3357E+01 -5.4164E+00  7.1442E-01  4.6758E+00
0000017 1.7119E-01  2.1056E+02  1.1688E+01 -6.2885E+00  2.8466E-01  8.8980E+02
0000017 1.2005E-01  2.1488E+02  1.8234E+01 -4.4418E+00  2.3837E-01  5.1143E+01
0000017 1.0985E-01  2.1849E+02  2.4301E+01 -6.9793E+00  2.2803E-01  6.6222E+00
0000017 9.8968E-02  2.2054E+02  3.1081E+01 -9.0166E+00  2.1643E-01  1.0886E+01
0000017 8.1398E-02  2.2461E+02  3.6842E+01 -1.0535E+01  1.9628E-01  1.7570E+01
0000017 9.5899E-03  2.2596E+02  4.3634E+01 -1.1103E+01  6.7373E-02  7.1808E+01
0000017 0.0000E+00  2.3562E+02  5.1214E+01  6.1256E+00  0.0000E+00  9.2328E-01
0000018 2.0000E+00  0.0000E+00  0.0000E+00  0.0000E+00  9.7295E-01  0.0000E+00
0000018 1.9498E+00  2.0581E+01  1.4774E-01 -2.4197E-02  9.6066E-01  1.7530E+01
0000018 1.8738E+00  3.4576E+01 -9.8406E-01  1.9288E-01  9.4175E-01  7.5987E+01
0000018 1.8392E+00  4.8017E+01 -3.3790E+00  2.8178E+00  9.3303E-01  8.3775E+00
0000018 1.7754E+00  6.1589E+01 -4.9586E+00  5.0012E+00  9.1670E-01  3.8002E+01
0000018 1.5043E+00  7.5060E+01 -7.5000E+00  5.4306E+00  8.4381E-01  2.4596E+02
0000018 1.2546E+00  8.7042E+01 -8.9556E+00  1.0680E+01  7.7061E-01  2.2745E+02
0000018 1.1220E+00  1.1214E+02 -8.0411E+00  1.2257E+01  7.2873E-01  1.2892E+02
0000018 1.0717E+00  1.2339E+02 -3.9718E+00  1.4871E+01  7.1221E-01  3.2437E+01
0000018 1.0480E+00  1.3410E+02 -5.5195E-01  1.9405E+01  7.0430E-01  6.3922E+00
0000018 8.6134E-01  1.4428E+02  3.2302E+00  2.4635E+01  6.3850E-01  1.6970E+02
0000018 7.7510E-01  1.5082E+02  9.9984E+00  3.1257E+01  6.0569E-01  7.1548E+01
0000018 4.8361E-01  1.5933E+02  1.4131E+01  3.7287E+01  4.7844E-01  2.7789E+02
0000018 2.2605E-01  1.6334E+02  2.2730E+01  4.0680E+01  3.2710E-01  2.4792E+02
0000018 2.1269E-01  1.6564E+02  2.5517E+01  4.8419E+01  3.1729E-01  1.3353E+01
0000018 1.2510E-02  1.6799E+02  3.0094E+01  5.5099E+01  7.6949E-02  1.9483E+02
0000018 2.1636E-03  1.6680E+02  2.3291E+01  6.1643E+01  3.2001E-02  7.4635E+00
0000018 0.0000E+00  1.6158E+02  1.9038E+01  5.9716E+01  0.0000E+00  7.7966E-01
0000019 2.0000E+00  0.0000E+00  0.0000E+00  0.0000E+00  9.7295E-01  0.0000E+00
0000019 1.1944E+00  1.2087E+01 -1.7044E-03 -4.3617E-02  7.5187E-01  7.9786E+02
0000019 1.1799E+00  1.6047E+01 -2.5068E+00 -2.1286E+00  7.4731E-01  6.7478E+00
0000019 1.1199E+00  2.5730E+01 -9.0063E+00 -6.3526E+00  7.2806E-01  4.1443E+01
0000019 5.3543E-01  3.4252E+01 -1.7226E+01 -9.4860E+00  5.0341E-01  5.8449E+02
0000019 5.2165E-01  3.4672E+01 -2.4721E+01 -1.6553E+01  4.9690E-01  3.3963E+00
0000019 3.6122E-01  3.5306E+01 -3.2686E+01 -2.2971E+01  4.1349E-01  1.5024E+02
0000019 2.7782E-01  3.1712E+01 -3.7125E+01 -3.0494E+01  3.6262E-01  7.5593E+01
0000019 2.4001E-01  2.8691E+01 -3.7287E+01 -3.8889E+01  3.3705E-01  3.1338E+01
0000019 1.9067E-01  2.3546E+01 -3.5942E+01 -4.5711E+01  3.0041E-01  4.3507E+01
0000019 1.5076E-01  1.6487E+01 -3.3818E+01 -4.9400E+01  2.6713E-01  3.9910E+01
0000019 1.1609E-01  1.1359E+01 -2.8548E+01 -5.2157E+01  2.3441E-01  3.4671E+01
0000019 1.0219E-01  7.5867E+00 -2.2152E+01 -5.1540E+01  2.1993E-01  1.0410E+01
0000019 9.8542E-02  5.7601E+00 -1.5131E+01 -5.1914E+01  2.1597E-01  3.6453E+00
0000019 7.4805E-02  3.6208E+00 -8.4486E+00 -5.3583E+01  1.8817E-01  2.0622E+01
0000019 6.3959E-02  1.0114E+00 -3.8278E+00 -5.7892E+01  1.7399E-01  1.0847E+01
0000019 5.1330E-02-  7.5974E+01  4.6512E+01 -1.2056E+02  0.0000E+00  1.0847E+01
0000020 2.0000E+00  0.0000E+00  0.0000E+00  0.0000E+00  9.7295E-01  0.0000E+00
0000020 1.9375E+00  3.9702E+00  0.0000E+00  0.0000E+00  9.5763E-01  6.2488E+01
0000020 1.9159E+00  8.0635E+00  6.8504E-01  2.6626E-01  9.5227E-01  1.3660E+01
0000020 1.8907E+00  1.3759E+01  1.4975E+00  1.1052E+00  9.4598E-01  1.4146E+01
0000020 1.8209E+00  2.7445E+01  2.3371E+00  3.5804E+00  9.2836E-01  6.9773E+01
0000020 1.7768E+00  4.0465E+01  1.5773E+00  8.0992E+00  9.1705E-01  1.8478E+01
0000020 5.0138E-01  5.2876E+01  6.4773E-01  1.3868E+01  4.8715E-01  1.2754E+03
0000020 3.8734E-01  5.6961E+01 -8.2791E+00  1.6478E+01  4.2818E-01  1.1404E+02
0000020 3.1694E-01  6.1503E+01 -1.6437E+01  1.4282E+01  3.8731E-01  6.2193E+01
0000020 2.8547E-01  6.6426E+01 -2.4008E+01  1.5928E+01  3.6758E-01  2.4358E+01
0000020 2.1373E-01  7.3113E+01 -2.9954E+01  1.6628E+01  3.1806E-01  7.0862E+01
0000020 2.0384E-01  8.0762E+01 -3.2055E+01  1.9516E+01  3.1061E-01  9.8960E+00
0000020 1.7199E-01  8.7594E+01 -3.5774E+01  2.2572E+01  2.8531E-01  2.6658E+01
0000020 1.6359E-01  9.4489E+01 -3.9965E+01  2.2590E+01  2.7826E-01  8.3996E+00
0000020 1.5414E-01  1.0186E+02 -4.2832E+01  2.3711E+01  2.7010E-01  9.4509E+00
0000020 1.3813E-01  1.0862E+02 -4.5630E+01  2.6656E+01  2.5569E-01  1.6011E+01
0000020 4.1052E-02  1.1418E+02 -5.0532E+01  2.8796E+01  1.3939E-01  9.3128E+01
0000020 2.1257E-02  1.1906E+02 -5.1810E+01  2.5360E+01  1.0031E-01  1.8093E+01
0000020 1.7684E-02  1.2395E+02 -4.9656E+01  2.4419E+01  9.1489E-02  2.4843E+00
0000020 1.0176E-03  1.2832E+02 -4.6843E+01  2.5195E+01  2.1947E-02  1.5705E+01
0000020 0.0000E+00  1.3043E+02 -4.8986E+01  2.6665E+01  0.0000E+00  9.2561E-01
0000021 2.0000E+00  0.0000E+00  0.0000E+00  0.0000E+00  9.7295E-01  0.0000E+00
0000021 1.8544E+00  3.9702E+00  0.0000E+00  0.0000E+00  9.3687E-01  1.4560E+02
0000021 1.8410E+00  9.3134E+00 -1.3574E+00 -6.3101E-01  9.3348E-01  2.9975E+00
0000021 1.7936E+00  2.1561E+01 -4.7056E+00 -2.5511E+00  9.2139E-01  4.7381E+01
0000021 1.2887E+00  3.3935E+01 -9.2559E+00 -6.4555E+00  7.8101E-01  4.7957E+02
0000021 1.2563E+00  4.4947E+01 -6.9860E+00 -1.2299E+01  7.7111E-01  1.2666E+01
0000021 1.2319E+00  5.6372E+01 -4.4849E+00 -1.6968E+01  7.6359E-01  4.9497E+00
0000021 8.9009E-01  6.7911E+01 -2.7679E+00 -2.1549E+01  6.4907E-01  3.4179E+02
0000021 7.7600E-01  7.7142E+01  4.1589E+00 -2.2668E+01  6.0605E-01  9.9045E+01
0000021 6.2898E-01  8.7844E+01  7.5219E+00 -2.3124E+01  5.4563E-01  1.4702E+02
0000021 6.0370E-01  9.7736E+01  7.6405E+00 -2.7190E+01  5.3455E-01  1.3612E+01
0000021 5.9616E-01  1.0684E+02  8.1541E+00 -3.2580E+01  5.3120E-01  7.5356E+00
0000021 5.8161E-01  1.1527E+02  8.6235E+00 -3.8936E+01  5.2468E-01  3.3287E+00
0000021 3.1124E-01  1.2315E+02  9.2087E+00 -4.5861E+01  3.8381E-01  2.5935E+02
0000021 3.0677E-01  1.2421E+02  8.7982E+00 -5.4934E+01  3.8105E-01  4.4691E+00
0000021 1.4428E-01  1.2615E+02  9.0180E+00 -6.3838E+01  2.6133E-01  1.6248E+02
0000021 1.1141E-01  1.2300E+02  5.5924E+00 -7.0077E+01  2.2963E-01  3.0847E+01
0000021 1.0274E-01  1.1814E+02  1.0439E+00 -7.3283E+01  2.2052E-01  8.6654E+00
0000021 9.6915E-02  1.1337E+02 -4.2928E+00 -7.4580E+01  2.1418E-01  5.8298E+00
0000021 2.0752E-02  1.0814E+02 -9.2092E+00 -7.4258E+01  9.9108E-02  7.6163E+01
0000021 1.2825E-02  1.0468E+02 -8.9106E+00 -7.0122E+01  7.7913E-02  6.8562E+00
0000021 8.3238E-03  1.0175E+02 -5.8200E+00 -6.7552E+01  6.2768E-02  4.5015E+00
0000021 0.0000E+00  1.0381E+02  1.4278E+00 -5.9458E+01  0.0000E+00  1.9991E+00
0000022 2.0000E+00  0.0000E+00  0.0000E+00  0.0000E+00  9.7295E-01  0.0000E+00
0000022 1.9886E+00  1.8017E+01  2.2017E-02 -9.6853E-02  9.7017E-01  1.1307E+01
0000022 1.9626E+00  4.2185E+01 -1.2040E+00 -1.2723E+00  9.6381E-01  2.1152E+01
0000022 1.1872E+00  5.6242E+01 -7.4456E-01 -1.0782E+00  7.4962E-01  7.4829E+02
0000022 7.6475E-01  7.4856E+01  1.4722E+01 -6.5776E+00  6.0164E-01  3.9907E+02
0000022 7.4739E-01  7.7064E+01  2.5155E+01 -9.9668E+00  5.9477E-01  3.8932E+00
0000022 7.2956E-01  7.8469E+01  3.5661E+01 -1.3359E+01  5.8763E-01  4.5935E+00
0000022 6.7163E-01  8.0427E+01  4.5804E+01 -1.7332E+01  5.6382E-01  4.4924E+01
0000022 6.5234E-01  8.0986E+01  5.6521E+01 -1.8979E+01  5.5567E-01  1.9285E+01
0000022 4.6262E-01  8.0508E+01  6.6835E+01 -2.2095E+01  4.6794E-01  1.7774E+02
0000022 4.5028E-01  8.1977E+01  7.3601E+01 -2.9278E+01  4.6165E-01  1.2342E+01
0000022 3.1194E-01  8.1830E+01  8.0242E+01 -3.6641E+01  3.8425E-01  1.2918E+02
0000022 2.8427E-01  7.6769E+01  8.5465E+01 -4.2192E+01  3.6681E-01  2.0640E+01
0000022 1.9691E-01  6.8129E+01  9.8815E+01 -5.0369E+01  3.0529E-01  8.3714E+01
0000022 1.3067E-01  6.8942E+01  1.0629E+02 -5.3870E+01  2.4869E-01  6.6239E+01
0000022 1.0232E-01  7.3909E+01  1.1177E+02 -5.5743E+01  2.2007E-01  2.4558E+01
0000022 9.6108E-02  8.0552E+01  1.1469E+02 -5.6191E+01  2.1328E-01  3.0116E+00
0000022 3.1144E-02  8.6787E+01  1.1819E+02 -5.5595E+01  1.2141E-01  6.1903E+01
0000022 2.8936E-02  9.2042E+01  1.1586E+02 -5.6406E+01  1.1703E-01  2.2082E+00
0000022 1.4095E-02  1.0124E+02  1.1202E+02 -6.0481E+01  8.1679E-02  6.8032E+00
0000022 0.0000E+00  1.0603E+02  1.1365E+02 -6.0613E+01  0.0000E+00  1.3163E+01
0000023 2.0000E+00  0.0000E+00  0.0000E+00  0.0000E+00  9.7295E-01  0.0000E+00
0000023 6.3744E-01  3.9702E+00  0.0000E+00  0.0000E+00  5.4928E-01  1.3626E+03
0000023 5.9826E-01  1.5873E+01  1.7839E+01  1.2246E+00  5.3213E-01  2.6609E+01
0000023 5.7739E-01  2.1150E+01  2.6536E+01  4.1060E+00  5.2277E-01  9.6101E+00
0000023 4.4170E-01  2.5215E+01  3.5813E+01  6.8280E+00  4.5723E-01  1.2473E+02
0000023 4.3837E-01  3.1650E+01  4.1383E+01  1.1835E+01  4.5551E-01  3.3221E+00
0000023 4.1373E-01  3.7999E+01  4.6385E+01  1.7479E+01  4.4252E-01  1.5665E+01
0000023 4.0961E-01  4.3094E+01  5.2752E+01  2.2789E+01  4.4031E-01  4.1233E+00
0000023 1.8908E-01  4.8130E+01  5.8465E+01  2.8814E+01  2.9915E-01  2.2053E+02
0000023 1.3888E-01  5.4943E+01  5.7265E+01  3.3269E+01  2.5638E-01  4.5275E+01
0000023 1.1385E-01  6.2044E+01  5.9446E+01  3.5386E+01  2.3214E-01  2.1068E+01
0000023 1.0251E-01  6.9457E+01  5.9202E+01  3.5646E+01  2.2027E-01  7.8957E+00
0000023 9.2552E-02  7.6509E+01  5.8626E+01  3.3980E+01  2.0930E-01  9.9563E+00
0000023 8.4695E-02  8.3590E+01  5.9387E+01  3.4154E+01  2.0022E-01  4.8742E+00
0000023 7.5685E-02  9.0375E+01  6.0327E+01  3.2701E+01  1.8927E-01  6.2070E+00
0000023 3.2929E-02  9.7212E+01  6.0579E+01  3.3051E+01  1.2484E-01  4.2756E+01
0000023 2.4692E-02  1.0085E+02  6.4935E+01  3.4524E+01  1.0811E-01  6.7727E+00
0000023 1.8047E-02  1.0259E+02  7.4999E+01  3.8391E+01  9.2424E-02  3.7987E+00
0000023 4.9513E-03  1.0298E+02  8.4374E+01  4.1629E+01  4.8410E-02  7.5178E+00
0000023 0.0000E+00  9.8230E+01  8.9366E+01  3.9591E+01  0.0000E+00  1.2485E+00
0000024 2.0000E+00  0.0000E+00  0.0000E+00  0.0000E+00  9.7295E-01  0.0000E+00
0000024 1.9797E+00  7.9386E+00 -1.8457E-03  1.2314E-01  9.6799E-01  2.9820E+00
0000024 1.9253E+00  3.4266E+01 -5.4392E-01  1.0072E+00  9.5460E-01  2.2149E+01
0000024 1.6095E+00  4.8198E+01  6.3465E-01  1.6868E+00  8.7282E-01  3.1571E+02
0000024 1.4990E+00  6.0470E+01 -1.8236E+00  6.4263E+00  8.4232E-01  8.7190E+01
0000024 1.2864E+00  7.2065E+01 -1.5856E+00  1.2626E+01  7.8032E-01  1.9039E+02
0000024 1.2585E+00  8.4212E+01 -4.1980E+00  1.5083E+01  7.7181E-01  8.1345E+00
0000024 1.2280E+00  9.5998E+01 -7.7199E+00  1.7808E+01  7.6237E-01  1.1139E+01
0000024 1.2168E+00  1.0767E+02 -1.0460E+01  2.1430E+01  7.5891E-01  1.1123E+01
0000024 1.1589E+00  1.1919E+02 -1.4230E+01  2.4470E+01  7.4063E-01  5.7922E+01
0000024 1.0908E+00  1.2958E+02 -2.0422E+01  2.6940E+01  7.1854E-01  4.9792E+01
0000024 1.0377E+00  1.3917E+02 -2.6125E+01  3.1811E+01  7.0083E-01  5.3112E+01
0000024 9.9762E-01  1.4913E+02 -3.2455E+01  3.4095E+01  6.8716E-01  2.3235E+01
0000024 5.5691E-01  1.5989E+02 -3.7376E+01  3.5548E+01  5.1341E-01  4.2434E+02
0000024 4.4615E-01  1.6843E+02 -3.9342E+01  2.9947E+01  4.5953E-01  1.0008E+02
0000024 2.2582E-01  1.7836E+02 -4.0006E+01  1.2883E+01  3.2693E-01  2.1697E+02
0000024 8.8525E-02  1.8638E+02 -3.8828E+01  1.0188E+01  2.0470E-01  1.3729E+02
0000024 1.0980E-02  1.8880E+02 -3.4274E+01  5.3639E+00  7.2092E-02  7.4653E+01
0000024 8.1047E-03  1.9156E+02 -3.6526E+01  2.0778E+00  6.1936E-02  2.8758E+00
0000024 0.0000E+00  1.9717E+02 -4.1240E+01 -7.1851E+00  0.0000E+00  2.9715E+00
0000025 2.0000E+00  0.0000E+00  0.0000E+00  0.0000E+00  9.7295E-01  0.0000E+00
0000025 1.9237E+00  1.9073E+01  1.3525E-01  1.2274E-01  9.5420E-01  4.7908E+01
0000025 1.8909E+00  3.2918E+01 -1.8110E+00 -4.9955E-01  9.4604E-01  3.2793E+01
0000025 1.8765E+00  4.6424E+01 -5.2086E+00 -6.3589E-02  9.4242E-01  1.4426E+01
0000025 1.6133E+00  5.9556E+01 -9.7293E+00  6.5577E-01  8.7383E-01  2.6320E+02
0000025 1.6075E+00  7.0593E+01 -1.5002E+01  6.1087E+00  8.7226E-01  5.7800E+00
0000025 1.5779E+00  8.1546E+01 -2.0886E+01  1.1050E+01  8.6422E-01  6.1858E+00
0000025 4.8574E-01  9.2769E+01 -2.6731E+01  1.5201E+01  4.7949E-01  1.0692E+03
0000025 4.7803E-01  1.0195E+02 -2.4429E+01  1.1715E+01  4.7567E-01  7.7081E+00
0000025 5.8840E-02  1.1144E+02 -2.2032E+01  9.4564E+00  1.6688E-01  4.0963E+02
0000025 3.2896E-02  1.1550E+02 -2.6889E+01  1.1059E+01  1.2478E-01  2.3765E+01
0000025 2.9038E-02  1.1533E+02 -3.2290E+01  1.3332E+01  1.1724E-01  2.3948E+00
0000025 5.1361E-03  1.1524E+02 -4.8399E+01  1.4354E+01  4.9305E-02  1.4698E+01
0000025 0.0000E+00  1.1179E+02 -5.4343E+01  1.8583E+01  0.0000E+00  2.5671E+00
0000026 2.0000E+00  0.0000E+00  0.0000E+00  0.0000E+00  9.7295E-01  0.0000E+00
0000026 1.9678E+00  7.9403E+00 -2.2514E-02 -2.0998E-02  9.6509E-01  1.6652E+01
0000026 1.8830E+00  4.1624E+01  1.6748E+00  2.7393E+00  9.4406E-01  5.3969E+01
0000026 1.7346E+00  5.4983E+01  3.2415E+00  6.3185E+00  9.0609E-01  1.2216E+02
0000026 1.6774E+00  6.8496E+01  2.0157E+00  7.6717E+00  8.9103E-01  3.2459E+01
0000026 1.5088E+00  8.1688E+01 -8.9662E-01  8.2628E+00  8.4506E-01  1.4453E+02
0000026 1.4776E+00  9.4270E+01 -2.9902E+00  4.9807E+00  8.3628E-01  8.9316E+00
0000026 1.3153E+00  1.0701E+02 -5.0605E+00  2.7076E+00  7.8902E-01  1.4035E+02
0000026 1.2190E+00  1.1788E+02 -8.6522E+00 -2.8588E+00  7.5958E-01  9.6321E+01
0000026 1.1690E+00  1.2917E+02 -8.8207E+00 -8.2248E+00  7.4385E-01  3.0992E+01
0000026 1.1046E+00  1.4999E+02 -8.2496E+00 -2.1554E+01  7.2306E-01  4.1460E+01
0000026 9.6903E-01  1.5995E+02 -1.0173E+01 -2.8347E+01  6.7724E-01  1.1789E+02
0000026 9.1779E-01  1.7122E+02 -1.2212E+01 -3.1329E+01  6.5910E-01  5.1232E+01
0000026 8.6907E-01  1.8256E+02 -1.1542E+01 -3.4017E+01  6.4136E-01  3.3329E+01
0000026 8.4477E-01  2.0480E+02 -1.5108E+01 -3.8781E+01  6.3233E-01  3.7696E+00
0000026 5.6968E-01  2.1590E+02 -1.6522E+01 -4.1232E+01  5.1927E-01  2.7509E+02
0000026 5.1866E-01  2.2407E+02 -1.2728E+01 -4.6535E+01  4.9547E-01  4.0156E+01
0000026 5.0520E-01  2.3040E+02 -9.4514E+00 -5.3885E+01  4.8900E-01  3.3165E+00
0000026 4.9384E-01  2.3698E+02 -6.9606E+00 -6.1233E+01  4.8347E-01  7.1018E+00
0000026 4.8041E-01  2.4409E+02 -3.8079E+00 -6.7714E+01  4.7685E-01  3.6407E+00
0000026 4.7136E-01  2.5058E+02 -7.9299E-01 -7.4794E+01  4.7234E-01  9.0521E+00
0000026 4.0538E-01  2.5618E+02  3.2796E+00 -8.2029E+01  4.3803E-01  5.6519E+01
0000026 3.9909E-01  2.6223E+02  3.8769E+00 -8.9571E+01  4.3462E-01  6.2875E+00
0000026 2.2530E-01  2.7175E+02  3.3840E+00 -1.0628E+02  3.2656E-01  1.5923E+02
0000026 1.7812E-01  2.7293E+02  8.2885E+00 -1.1317E+02  2.9035E-01  4.7189E+01
0000026 1.5085E-01  2.7329E+02  9.5082E+00 -1.2119E+02  2.6721E-01  2.4976E+01
0000026 1.4715E-01  2.7536E+02  1.2949E+01 -1.2794E+02  2.6391E-01  3.7005E+00
0000026 1.2346E-01  2.7713E+02  1.5303E+01 -1.3518E+02  2.4173E-01  1.9567E+01
0000026 1.1862E-01  2.7778E+02  1.9971E+01 -1.4107E+02  2.3695E-01  4.8400E+00
0000026 1.0486E-01  2.7812E+02  3.0808E+01 -1.5122E+02  2.2278E-01  4.2855E+00
0000026 9.2672E-02  2.7747E+02  3.4767E+01 -1.5732E+02  2.0944E-01  8.9310E+00
0000026 8.2805E-02  2.7877E+02  3.9296E+01 -1.6266E+02  1.9797E-01  6.8825E+00
0000026 4.0867E-02  2.8058E+02  4.4886E+01 -1.6642E+02  1.3908E-01  4.1938E+01
0000026 3.7203E-02  2.8501E+02  4.6108E+01 -1.7043E+02  1.3270E-01  1.9672E+00
0000026 2.4877E-02  2.9209E+02  4.9172E+01 -1.7922E+02  1.0851E-01  6.7547E+00
0000026 3.0812E-03  2.9891E+02  5.5982E+01 -1.8408E+02  3.8189E-02  1.7165E+01
0000026 0.0000E+00  2.9779E+02  5.6876E+01 -1.8777E+02  0.0000E+00  2.1577E+00
0000027 2.0000E+00  0.0000E+00  0.0000E+00  0.0000E+00  9.7295E-01  0.0000E+00
0000027 1.9327E+00  1.4054E+01 -5.5802E-02 -4.6282E-02  9.5644E-01  5.0981E+01
0000027 1.8396E+00  2.7909E+01  6.4853E-01  1.9138E+00  9.3312E-01  6.6282E+01
0000027 1.6709E+00  4.1599E+01 -1.0859E+00  2.9492E+00  8.8930E-01  1.6874E+02
0000027 1.1295E+00  5.4930E+01  5.5841E-01  1.5112E+00  7.3117E-01  5.1734E+02
0000027 1.1196E+00  6.3886E+01  7.8909E+00 -2.5695E+00  7.2797E-01  6.0564E+00
0000027 3.2976E-03  7.3394E+01  1.4525E+01 -6.5176E+00  3.9507E-02  1.0985E+03
0000027 0.0000E+00  8.0948E+01  1.7858E+01 -1.6734E+00  0.0000E+00  4.5148E-01
0000028 2.0000E+00  0.0000E+00  0.0000E+00  0.0000E+00  9.7295E-01  0.0000E+00
0000028 7.4073E-01  3.0601E+01 -5.4970E-01 -1.0893E+00  5.9212E-01  1.2526E+03
0000028 3.9621E-01  3.7651E+01 -3.3262E+00  7.0313E+00  4.3305E-01  3.3138E+02
0000028 2.6356E-01  4.6781E+01 -6.3174E+00  7.8122E+00  3.5320E-01  1.2430E+02
0000028 4.9466E-02  5.5167E+01 -3.8490E+00  9.0107E+00  1.5301E-01  2.0786E+02
0000028 3.2485E-02  5.9477E+01 -6.8845E+00  5.5244E+00  1.2400E-01  1.6981E+01
0000028 4.2524E-03  6.3873E+01 -1.0738E+01  5.7204E+00  4.4864E-02  2.8232E+01
0000028 0.0000E+00  5.9457E+01 -1.5107E+01  8.5844E+00  0.0000E+00  1.0656E+00
0000029 2.0000E+00  0.0000E+00  0.0000E+00  0.0000E+00  9.7295E-01  0.0000E+00
0000029 1.9837E+00  7.9396E+00  1.5053E-02 -7.9617E-02  9.6897E-01  7.5875E-02
0000029 1.9485E+00  1.7292E+01  9.4575E-02 -3.0472E-01  9.6034E-01  3.5174E+01
0000029 1.9078E+00  3.1238E+01  9.4507E-01  1.0800E+00  9.5025E-01  1.3761E+01
0000029 1.8604E+00  4.5166E+01  1.9363E+00  1.2850E+00  9.3837E-01  2.0842E+01
0000029 1.6589E+00  5.9018E+01  1.5709E+00  2.0500E+00  8.8611E-01  2.0145E+02
0000029 1.5563E+00  7.1589E+01 -3.1805E+00  3.1538E+00  8.5826E-01  1.0267E+02
0000029 1.2967E+00  8.4737E+01 -4.6210E+00  4.2587E+00  7.8342E-01  2.5955E+02
0000029 1.2559E+00  9.5640E+01 -1.1027E+01  5.3256E+00  7.7100E-01  2.0915E+01
0000029 1.2301E+00  1.0615E+02 -1.7945E+01  4.9012E+00  7.6304E-01  6.3771E+00
0000029 1.2019E+00  1.1665E+02 -2.4770E+01  5.3766E+00  7.5423E-01  9.1266E+00
0000029 1.0340E+00  1.2666E+02 -3.2059E+01  6.7106E+00  6.9959E-01  1.4905E+02
0000029 1.0006E+00  1.3316E+02 -4.1972E+01  8.6844E+00  6.8817E-01  1.6652E+01
0000029 9.8653E-01  1.3882E+02 -5.2434E+01  9.4931E+00  6.8333E-01  1.4024E+01
0000029 8.9941E-01  1.4565E+02 -6.2116E+01  1.0351E+01  6.5246E-01  8.7126E+01
0000029 8.7235E-01  1.5829E+02 -7.9916E+01  1.8277E+01  6.4257E-01  8.7073E+00
0000029 8.4412E-01  1.6461E+02 -8.8337E+01  2.3001E+01  6.3209E-01  1.3394E+01
0000029 8.3583E-01  1.6976E+02 -9.6936E+01  2.8544E+01  6.2898E-01  8.2890E+00
0000029 8.1805E-01  1.7560E+02 -1.0474E+02  3.4502E+01  6.2225E-01  3.4084E+00
0000029 6.5791E-01  1.8114E+02 -1.1302E+02  3.9980E+01  5.5803E-01  1.6014E+02
0000029 6.3376E-01  1.8250E+02 -1.2008E+02  4.8048E+01  5.4770E-01  1.2089E+01
0000029 6.2825E-01  1.8529E+02 -1.2683E+02  5.5888E+01  5.4531E-01  5.5129E+00
0000029 6.0657E-01  1.8839E+02 -1.3418E+02  6.3000E+01  5.3582E-01  1.0024E+01
0000029 5.9143E-01  1.9201E+02 -1.4045E+02  7.0751E+01  5.2909E-01  3.7693E+00
0000029 3.7596E-01  1.9566E+02 -1.4600E+02  7.8942E+01  4.2184E-01  2.0431E+02
0000029 3.3345E-01  1.9348E+02 -1.4911E+02  8.7683E+01  3.9727E-01  3.4478E+01
0000029 2.9099E-01  1.9035E+02 -1.4945E+02  9.6412E+01  3.7112E-01  3.5079E+01
0000029 2.8746E-01  1.8469E+02 -1.4987E+02  1.0342E+02  3.6886E-01  3.5303E+00
0000029 1.5097E-01  1.7945E+02 -1.5117E+02  1.1060E+02  2.6731E-01  1.2986E+02
0000029 1.4158E-01  1.7333E+02 -1.4760E+02  1.1399E+02  2.5887E-01  9.3853E+00
0000029 1.3769E-01  1.6632E+02 -1.4483E+02  1.1581E+02  2.5529E-01  3.8910E+00
0000029 1.0780E-01  1.5271E+02 -1.3795E+02  1.1706E+02  2.2588E-01  2.4918E+01
0000029 7.6571E-02  1.4786E+02 -1.3252E+02  1.1617E+02  1.9037E-01  3.1227E+01
0000029 6.6149E-02  1.4480E+02 -1.2699E+02  1.1885E+02  1.7694E-01  7.8080E+00
0000029 4.1062E-02  1.4384E+02 -1.2079E+02  1.2113E+02  1.3941E-01  2.5086E+01
0000029 0.0000E+00  1.4506E+02 -1.1717E+02  1.2589E+02  0.0000E+00  3.8607E+01
0000030 2.0000E+00  0.0000E+00  0.0000E+00  0.0000E+00  9.7295E-01  0.0000E+00
0000030 1.9335E+00  1.6668E+01  1.7458E-03 -3.7233E-02  9.5663E-01  4.1817E+01
0000030 1.8946E+00  3.4480E+01  8.7884E-01  2.2702E+00  9.4696E-01  1.1931E+01
0000030 1.8625E+00  4.8307E+01  2.3419E+00  3.2849E+00  9.3892E-01  5.6644E+00
0000030 1.8347E+00  6.2046E+01  3.4137E+00  4.9552E+00  9.3188E-01  2.7825E+01
0000030 1.8179E+00  7.5389E+01  5.2337E+00  8.0967E+00  9.2760E-01  1.6778E+01
0000030 1.7629E+00  8.8907E+01  5.8202E+00  1.0794E+01  9.1346E-01  2.9434E+01
0000030 1.7335E+00  1.0255E+02  5.6110E+00  1.1918E+01  9.0582E-01  4.3564E+00
0000030 1.6528E+00  1.1607E+02  5.6578E+00  1.3666E+01  8.8448E-01  8.0700E+01
0000030 1.5400E+00  1.2919E+02  2.8390E+00  1.4865E+01  8.5376E-01  1.1284E+02
0000030 1.5067E+00  1.4186E+02  2.3616E+00  1.8663E+01  8.4449E-01  1.0656E+01
0000030 8.7518E-01  1.5450E+02  2.9844E+00  2.2324E+01  6.4361E-01  6.3154E+02
0000030 5.6616E-01  1.6087E+02  5.9416E+00  3.1490E+01  5.1766E-01  3.0902E+02
0000030 5.5055E-01  1.6190E+02  4.5866E+00  4.1792E+01  5.1048E-01  4.8009E+00
0000030 5.1698E-01  1.6197E+02  3.3175E+00  5.2089E+01  4.9467E-01  2.2983E+01
0000030 5.0246E-01  1.6200E+02 -6.5431E-04  6.1764E+01  4.8767E-01  4.3982E+00
0000030 4.9387E-01  1.6122E+02 -3.7409E+00  7.1182E+01  4.8349E-01  8.5864E+00
0000030 4.8947E-01  1.5976E+02 -8.4631E+00  8.0017E+01  4.8132E-01  4.4071E+00
0000030 2.1910E-01  1.5852E+02 -1.3991E+01  8.8382E+01  3.2203E-01  2.6064E+02
0000030 8.6940E-02  1.5175E+02 -1.7828E+01  9.1764E+01  2.0285E-01  1.2670E+02
0000030 5.5004E-02  1.4383E+02 -2.6837E+01  8.4859E+01  1.6135E-01  2.2821E+01
0000030 3.8522E-02  1.3811E+02 -2.7818E+01  8.2047E+01  1.3503E-01  1.4401E+01
0000030 2.7267E-02  1.3210E+02 -2.8018E+01  8.2536E+01  1.1360E-01  9.6252E+00
0000030 1.4047E-02  1.2326E+02 -2.1838E+01  8.5458E+01  8.1539E-02  1.0153E+01
0000030 1.6439E-03  1.1886E+02 -2.1921E+01  8.7924E+01  2.7894E-02  1.1580E+01
0000030 0.0000E+00  1.1613E+02 -1.6089E+01  8.6454E+01  0.0000E+00  5.7117E-01
0000031 2.0000E+00  0.0000E+00  0.0000E+00  0.0000E+00  9.7295E-01  0.0000E+00
0000031 1.9737E+00  1.4165E+01 -2.5087E-01  1.1784E-01  9.6653E-01  4.9858E+00
0000031 1.9171E+00  2.6100E+01 -4.7132E-01  8.5154E-01  9.5257E-01  5.6597E+01
0000031 1.8867E+00  3.9899E+01  1.6412E+00  1.6569E+00  9.4500E-01  3.7141E+00
0000031 1.8769E+00  5.3668E+01  3.3136E+00  2.8995E+00  9.4253E-01  9.8455E+00
0000031 1.8473E+00  6.7500E+01  3.9829E+00  4.1879E+00  9.3507E-01  3.3964E+00
0000031 1.7846E+00  8.1288E+01  5.0338E+00  5.0189E+00  9.1907E-01  3.6758E+01
0000031 1.7622E+00  9.4738E+01  7.8055E+00  4.9574E+00  9.1329E-01  2.2384E+01
0000031 1.6346E+00  1.0780E+02  1.1836E+01  5.6900E+00  8.7960E-01  1.0261E+02
0000031 1.5788E+00  1.2114E+02  1.2623E+01  7.1207E+00  8.6446E-01  3.2150E+01
0000031 1.5697E+00  1.4728E+02  1.0455E+01  1.1674E+01  8.6196E-01  5.5907E+00
0000031 1.5057E+00  1.6017E+02  8.4814E+00  1.4272E+01  8.4419E-01  6.4032E+01
0000031 1.4800E+00  1.7332E+02  7.9875E+00  1.4638E+01  8.3695E-01  3.4941E+00
0000031 1.3200E+00  1.8643E+02  7.9903E+00  1.4603E+01  7.9044E-01  1.5992E+02
0000031 1.2045E+00  1.9848E+02  5.6949E+00  1.8073E+01  7.5507E-01  1.1549E+02
0000031 1.1814E+00  2.1059E+02  2.7301E+00  1.7822E+01  7.4778E-01  4.3276E+00
0000031 1.1590E+00  2.2254E+02 -5.5973E-01  1.8236E+01  7.4064E-01  3.8904E+00
0000031 1.0993E+00  2.3433E+02 -4.2290E+00  1.8062E+01  7.2134E-01  4.1333E+01
0000031 5.0666E-01  2.4594E+02 -7.3263E+00  2.0161E+01  4.8970E-01  5.9267E+02
0000031 4.8921E-01  2.5022E+02 -1.4966E+01  2.5351E+01  4.8120E-01  7.4756E+00
0000031 1.4584E-01  2.5797E+02 -2.9071E+01  3.7450E+01  2.6274E-01  3.2648E+02
0000031 7.5598E-02  2.5534E+02 -3.0260E+01  4.4697E+01  1.8916E-01  6.6148E+01
0000031 2.4345E-02  2.4815E+02 -2.3294E+01  5.3798E+01  1.0734E-01  4.5712E+01
0000031 8.3021E-03  2.4353E+02 -2.4601E+01  5.6600E+01  6.2686E-02  1.6043E+01
0000031 0.0000E+00  2.3490E+02 -2.4688E+01  4.4795E+01  0.0000E+00  9.4771E-01
0000032 2.0000E+00  0.0000E+00  0.0000E+00  0.0000E+00  9.7295E-01  0.0000E+00
0000032 1.9298E+00  1.0129E+01  1.9053E-02  4.8530E-02  9.5573E-01  5.0359E+01
0000032 1.7236E+00  3.2904E+01 -3.1502E+00  1.3117E+00  9.0322E-01  2.0555E+02
0000032 1.7130E+00  4.5899E+01 -1.6932E+00  5.0982E+00  9.0044E-01  1.0586E+01
0000032 1.6819E+00  5.9110E+01 -1.0524E+00  8.2324E+00  8.9224E-01  1.0114E+01
0000032 1.6162E+00  7.2309E+01 -1.4468E+00  1.1186E+01  8.7463E-01  6.5710E+01
0000032 7.0106E-01  8.4588E+01 -1.0695E+00  1.6532E+01  5.7604E-01  8.9173E+02
0000032 6.8088E-01  9.4526E+01 -6.5548E-01  1.1914E+01  5.6769E-01  7.5417E+00
0000032 5.9820E-01  1.0388E+02  1.6862E-01  6.3972E+00  5.3211E-01  8.2688E+01
0000032 3.5826E-01  1.1342E+02 -2.3877E+00  2.6324E+00  4.1179E-01  2.2868E+02
0000032 2.4616E-01  1.2794E+02 -1.4148E+01  4.6827E+00  3.4134E-01  1.0724E+02
0000032 2.2088E-01  1.3378E+02 -1.9189E+01  6.7080E-01  3.2333E-01  1.9346E+01
0000032 2.1187E-01  1.3956E+02 -2.2222E+01 -4.7807E+00  3.1667E-01  3.5161E+00
0000032 1.5271E-01  1.4588E+02 -2.4367E+01 -9.9236E+00  2.6885E-01  5.9156E+01
0000032 1.4385E-01  1.5349E+02 -2.6189E+01 -1.0759E+01  2.6094E-01  4.6225E+00
0000032 1.1590E-01  1.6059E+02 -2.9291E+01 -1.1434E+01  2.3421E-01  2.3898E+01
0000032 7.1595E-02  1.6749E+02 -3.0986E+01 -9.2012E+00  1.8408E-01  4.4300E+01
0000032 5.6328E-02  1.7123E+02 -3.1827E+01 -3.6075E+00  1.6328E-01  1.5267E+01
0000032 4.4028E-02  1.7207E+02 -3.1688E+01  2.8116E+00  1.4436E-01  1.0185E+01
0000032 3.4643E-02  1.7116E+02 -2.9448E+01  8.5043E+00  1.2805E-01  7.6003E+00
0000032 2.0708E-02  1.6802E+02 -2.6906E+01  1.2826E+01  9.9003E-02  1.3934E+01
0000032 1.2408E-03  1.6442E+02 -2.8147E+01  1.6653E+01  2.4234E-02  1.8398E+01
0000032 0.0000E+00  1.6512E+02 -2.5977E+01  1.9240E+01  0.0000E+00  1.0039E+00
0000033 2.0000E+00  0.0000E+00  0.0000E+00  0.0000E+00  9.7295E-01  0.0000E+00
0000033 1.9862E+00  1.5362E+01  9.8804E-02  2.0619E-01  9.6958E-01  7.0589E-01
0000033 1.9203E+00  2.9453E+01  6.0786E-01  6.8548E-01  9.5337E-01  3.8518E+01
0000033 1.9143E+00  4.3366E+01 -8.3231E-01  8.7898E-01  9.5187E-01  6.0198E+00
0000033 1.8361E+00  5.7224E+01 -2.5713E+00  3.5061E-01  9.3223E-01  5.1566E+01
0000033 1.0735E+00  7.0578E+01 -6.0636E+00  1.2394E+00  7.1282E-01  7.3680E+02
0000033 1.0611E+00  8.0102E+01 -8.4379E+00 -5.8770E+00  7.0870E-01  1.2376E+01
0000033 1.0200E+00  9.0147E+01 -9.7360E+00 -1.2478E+01  6.9484E-01  2.3962E+01
0000033 9.1944E-01  9.9710E+01 -1.2799E+01 -1.9006E+01  6.5969E-01  8.3950E+01
0000033 9.0572E-01  1.1688E+02 -2.4247E+01 -2.9886E+01  6.5475E-01  7.5048E+00
0000033 7.6906E-01  1.2630E+02 -2.9375E+01 -3.4429E+01  6.0333E-01  1.3665E+02
0000033 7.4376E-01  1.3208E+02 -3.6683E+01 -4.0642E+01  5.9332E-01  2.5307E+01
0000033 2.9257E-01  1.3843E+02 -4.4689E+01 -4.5027E+01  3.7213E-01  4.3800E+02
0000033 7.6913E-02  1.4598E+02 -4.8411E+01 -4.1783E+01  1.9080E-01  2.1566E+02
0000033 6.8030E-02  1.4704E+02 -4.8904E+01 -3.5011E+01  1.7944E-01  6.2608E+00
0000033 3.2218E-02  1.5344E+02 -5.0826E+01 -2.3554E+01  1.2349E-01  3.0836E+01
0000033 2.5940E-02  1.5498E+02 -5.9887E+01 -1.6575E+01  1.1081E-01  4.4999E+00
0000033 1.8506E-02  1.5849E+02 -6.9882E+01 -1.3994E+01  9.3592E-02  3.9688E+00
0000033 9.5637E-03  1.6729E+02 -7.3662E+01 -1.2644E+01  6.7280E-02  1.5201E+00
0000033 0.0000E+00  1.7640E+02 -8.0981E+01 -1.3054E+01  0.0000E+00  1.2736E+00
0000034 2.0000E+00  0.0000E+00  0.0000E+00  0.0000E+00  9.7295E-01  0.0000E+00
0000034 1.9435E+00  3.9702E+00  0.0000E+00  0.0000E+00  9.5910E-01  4.8801E+01
0000034 1.9250E+00  1.6179E+01  1.8431E+00 -5.8697E-01  9.5454E-01  1.8454E+01
0000034 1.8471E+00  2.0142E+01  2.0565E+00 -7.0504E-01  9.3503E-01  7.7887E+01
0000034 1.7048E+00  3.3755E+01  3.0252E+00  1.6661E+00  8.9828E-01  1.4233E+02
0000034 1.6248E+00  5.8002E+01  1.0615E+01  1.1206E+01  8.7696E-01  5.1935E+01
0000034 1.4599E+00  6.9639E+01  1.6500E+01  1.4353E+01  8.3126E-01  1.4141E+02
0000034 1.4320E+00  8.0211E+01  2.0543E+01  2.0879E+01  8.2327E-01  6.1998E+00
0000034 1.4071E+00  9.0225E+01  2.4725E+01  2.8042E+01  8.1609E-01  3.4604E+00
0000034 1.3782E+00  1.0035E+02  2.8277E+01  3.5284E+01  8.0767E-01  7.7615E+00
0000034 1.1440E+00  1.1093E+02  3.1901E+01  4.1673E+01  7.3586E-01  2.3415E+02
0000034 1.1223E+00  1.1921E+02  3.1546E+01  5.0777E+01  7.2884E-01  2.1754E+01
0000034 1.1184E+00  1.2862E+02  3.1156E+01  5.8616E+01  7.2757E-01  3.8892E+00
0000034 1.0923E+00  1.3841E+02  3.0429E+01  6.5938E+01  7.1904E-01  8.2663E+00
0000034 9.0119E-01  1.4757E+02  3.0200E+01  7.3957E+01  6.5311E-01  1.7363E+02
0000034 8.9311E-01  1.5792E+02  3.3110E+01  7.8384E+01  6.5017E-01  8.0757E+00
0000034 8.2058E-01  1.6788E+02  3.7047E+01  8.2859E+01  6.2321E-01  5.7442E+01
0000034 5.0572E-01  1.7738E+02  4.2886E+01  8.5095E+01  4.8925E-01  3.1486E+02
0000034 4.6883E-01  1.8228E+02  5.1444E+01  8.2577E+01  4.7107E-01  2.6930E+01
0000034 4.4529E-01  1.8589E+02  6.0753E+01  8.1903E+01  4.5909E-01  2.3547E+01
0000034 2.2958E-01  1.8810E+02  7.0080E+01  7.9465E+01  3.2964E-01  2.1571E+02
0000034 1.3628E-01  1.8392E+02  7.6689E+01  7.5972E+01  2.5398E-01  8.7649E+01
0000034 7.6313E-02  1.7830E+02  7.8262E+01  7.0947E+01  1.9005E-01  5.9968E+01
0000034 2.2493E-02  1.7477E+02  8.3710E+01  6.8739E+01  1.0318E-01  5.1212E+01
0000034 1.1602E-02  1.7621E+02  8.8889E+01  6.9790E+01  7.4105E-02  1.0891E+01
0000034 8.1648E-03  1.7976E+02  9.1098E+01  7.2331E+01  6.2165E-02  3.4376E+00
0000034 0.0000E+00  1.8849E+02  9.4497E+01  8.4234E+01  0.0000E+00  6.7386E-01
0000035 2.0000E+00  0.0000E+00  0.0000E+00  0.0000E+00  9.7295E-01  0.0000E+00
0000035 1.9487E+00  3.9702E+00  0.0000E+00  0.0000E+00  9.6040E-01  4.3525E+01
0000035 1.6572E+00  1.5887E+01 -4.3638E-01 -1.7263E+00  8.8564E-01  2.9160E+02
0000035 1.6143E+00  2.7508E+01  3.9832E+00 -4.1258E+00  8.7410E-01  2.0456E+01
0000035 1.5861E+00  4.0184E+01  8.1444E+00 -5.3074E+00  8.6644E-01  4.7802E+00
0000035 5.0967E-01  5.3020E+01  1.1634E+01 -6.2362E+00  4.9116E-01  1.0764E+03
0000035 4.9060E-01  5.9167E+01  9.0657E+00 -1.3955E+01  4.8188E-01  1.9075E+01
0000035 4.8456E-01  6.5339E+01  8.4542E+00 -2.1937E+01  4.7890E-01  6.0392E+00
0000035 4.2540E-01  7.0822E+01  8.5893E+00 -3.0395E+01  4.4872E-01  5.9153E+01
0000035 4.0149E-01  7.3418E+01  6.8511E+00 -3.9675E+01  4.3593E-01  1.5123E+01
0000035 2.6486E-01  7.4346E+01  5.8961E+00 -4.9251E+01  3.5407E-01  1.3663E+02
0000035 1.7131E-02  8.0054E+01  4.1846E+00 -5.5771E+01  9.0046E-02  2.4773E+02
0000035 1.7123E-03  8.4323E+01  2.3740E+00 -5.3363E+01  2.8469E-02  1.5418E+01
0000035 0.0000E+00  8.6813E+01  4.9938E+00 -5.3325E+01  0.0000E+00  1.1020E+00
0000036 2.0000E+00  0.0000E+00  0.0000E+00  0.0000E+00  9.7295E-01  0.0000E+00
0000036 1.8616E+00  7.9405E+00  7.3207E-03  7.9926E-03  9.3868E-01  1.2294E+02
0000036 1.8371E+00  1.7110E+01 -1.9326E+00  1.3380E+00  9.3250E-01  6.6932E+00
0000036 1.8037E+00  3.0646E+01 -4.5377E+00  2.4920E+00  9.2398E-01  7.6073E+00
0000036 8.6123E-01  4.4163E+01 -7.1538E+00  2.7493E+00  6.3846E-01  9.1706E+02
0000036 8.1749E-01  5.1621E+01 -9.9544E+00  1.1050E+01  6.2204E-01  4.3745E+01
0000036 7.9518E-01  5.9238E+01 -1.0166E+01  1.9482E+01  6.1349E-01  2.2302E+01
0000036 7.8931E-01  6.5319E+01 -1.0451E+01  2.8993E+01  6.1122E-01  5.8765E+00
0000036 7.6660E-01  7.2043E+01 -1.1263E+01  3.8003E+01  6.0237E-01  8.9238E+00
0000036 7.1852E-01  7.8297E+01 -1.0995E+01  4.7285E+01  5.8317E-01  3.4597E+01
0000036 4.1274E-01  8.4609E+01 -1.3078E+01  5.6086E+01  4.4199E-01  2.9292E+02
0000036 3.9345E-01  9.3706E+01 -1.1657E+01  5.9221E+01  4.3154E-01  1.0687E+01
0000036 3.8319E-01  1.0224E+02 -1.1001E+01  6.3621E+01  4.2587E-01  1.0265E+01
0000036 3.7912E-01  1.1082E+02 -8.9482E+00  6.7337E+01  4.2361E-01  4.0676E+00
0000036 3.3564E-01  1.1949E+02 -6.2687E+00  7.0297E+01  3.9858E-01  4.3482E+01
0000036 2.5860E-01  1.2682E+02 -8.5452E-01  7.2132E+01  3.4986E-01  6.9626E+01
0000036 2.4832E-01  1.3050E+02  6.8524E+00  7.4198E+01  3.4283E-01  4.1306E+00
0000036 2.3050E-01  1.3371E+02  1.4349E+01  7.7263E+01  3.3030E-01  1.1852E+01
0000036 2.2072E-01  1.3512E+02  2.2380E+01  7.9921E+01  3.2322E-01  4.1119E+00
0000036 1.7853E-01  1.3578E+02  3.0098E+01  8.3416E+01  2.9069E-01  4.2188E+01
0000036 1.6715E-01  1.3554E+02  3.5371E+01  8.9601E+01  2.8127E-01  1.1383E+01
0000036 1.5831E-01  1.3729E+02  4.0126E+01  9.5819E+01  2.7373E-01  4.3279E+00
0000036 1.3927E-01  1.3788E+02  4.5398E+01  1.0172E+02  2.5675E-01  1.9038E+01
0000036 1.9998E-02  1.4081E+02  5.0999E+01  1.0617E+02  9.7291E-02  1.1927E+02
0000036 6.9805E-03  1.5284E+02  6.5539E+01  1.0083E+02  5.7480E-02  3.0977E+00
0000036 0.0000E+00  1.5500E+02  6.8047E+01  9.7794E+01  0.0000E+00  6.1370E+00
0000037 2.0000E+00  0.0000E+00  0.0000E+00  0.0000E+00  9.7295E-01  0.0000E+00
0000037 1.8540E+00  2.3012E+01  2.4861E-01 -2.0387E-02  9.3676E-01  1.3719E+02
0000037 5.8624E-01  3.6317E+01  4.1047E+00 -6.1209E-01  5.2676E-01  1.2417E+03
0000037 5.7996E-01  4.0116E+01  1.1432E+01 -7.1422E+00  5.2393E-01  6.2840E+00
0000037 5.6916E-01  4.4892E+01  1.8495E+01 -1.3268E+01  5.1903E-01  1.0796E+01
0000037 1.0003E-01  5.0873E+01  2.4987E+01 -1.8867E+01  2.1759E-01  4.6913E+02
0000037 2.8189E-02  5.7615E+01  2.2645E+01 -2.0049E+01  1.1551E-01  7.1843E+01
0000037 6.2468E-03  5.8987E+01  1.9558E+01 -2.4643E+01  5.4375E-02  2.0625E+01
0000037 0.0000E+00  7.1583E+01  7.9646E+00 -3.0638E+01  0.0000E+00  8.8468E-01
0000038 2.0000E+00  0.0000E+00  0.0000E+00  0.0000E+00  9.7295E-01  0.0000E+00
0000038 1.9896E+00  2.1237E+01  1.1759E-01 -8.5278E-02  9.7043E-01  2.4946E+00
0000038 1.8206E+00  3.5346E+01 -2.4768E-01 -5.1202E-02  9.2829E-01  1.4165E+02
0000038 1.6904E+00  4.8541E+01 -4.2950E+00 -1.7198E-01  8.9447E-01  1.3023E+02
0000038 1.6604E+00  6.0525E+01 -9.8336E+00  2.8688E+00  8.8650E-01  2.9997E+01
0000038 1.6197E+00  7.2292E+01 -1.6258E+01  4.3514E+00  8.7557E-01  4.0673E+01
0000038 1.5710E+00  8.4120E+01 -2.1625E+01  7.6619E+00  8.6232E-01  2.5191E+01
0000038 1.5055E+00  9.5490E+01 -2.8173E+01  9.8631E+00  8.4414E-01  6.5535E+01
0000038 1.4309E+00  1.0734E+02 -3.2529E+01  1.3603E+01  8.2298E-01  7.4541E+01
0000038 1.4030E+00  1.1965E+02 -3.3994E+01  1.7515E+01  8.1490E-01  6.5579E+00
0000038 1.3690E+00  1.3188E+02 -3.6260E+01  2.1054E+01  8.0498E-01  1.2874E+01
0000038 1.2208E+00  1.4359E+02 -3.9134E+01  2.5544E+01  7.6016E-01  1.2748E+02
0000038 1.2172E+00  1.5434E+02 -4.5116E+01  2.7767E+01  7.5901E-01  3.6855E+00
0000038 1.2084E+00  1.6535E+02 -5.0802E+01  2.9422E+01  7.5627E-01  8.7796E+00
0000038 1.1461E+00  1.7670E+02 -5.5893E+01  3.0273E+01  7.3652E-01  4.3423E+01
0000038 1.1395E+00  1.8703E+02 -6.2583E+01  2.9685E+01  7.3440E-01  6.5860E+00
0000038 2.8646E-01  1.9773E+02 -6.8553E+01  2.8638E+01  3.6822E-01  8.3498E+02
0000038 2.5872E-01  2.0422E+02 -6.7342E+01  3.4727E+01  3.4994E-01  2.1130E+01
0000038 2.4618E-01  2.0967E+02 -6.3893E+01  4.0699E+01  3.4135E-01  1.2537E+01
0000038 2.3565E-01  2.1347E+02 -6.0399E+01  4.7697E+01  3.3397E-01  4.5935E+00
0000038 2.2947E-01  2.1827E+02 -5.7240E+01  5.4116E+01  3.2956E-01  6.1795E+00
0000038 2.1736E-01  2.2185E+02 -5.3610E+01  6.1005E+01  3.2075E-01  1.2111E+01
0000038 1.8875E-01  2.2488E+02 -4.8354E+01  6.6916E+01  2.9889E-01  2.3179E+01
0000038 1.5285E-01  2.2988E+02 -4.3119E+01  7.0820E+01  2.6898E-01  3.0976E+01
0000038 1.3794E-01  2.3215E+02 -3.6145E+01  7.3687E+01  2.5552E-01  1.0998E+01
0000038 1.2573E-01  2.3586E+02 -3.0508E+01  7.7427E+01  2.4395E-01  1.2216E+01
0000038 1.0732E-01  2.3788E+02 -2.5411E+01  8.2647E+01  2.2538E-01  1.4712E+01
0000038 9.6051E-02  2.3897E+02 -1.7793E+01  9.5044E+01  2.1322E-01  8.6814E+00
0000038 2.0801E-02  2.4060E+02 -1.5930E+01  1.0178E+02  9.9224E-02  7.2190E+01
0000038 1.8687E-02  2.4252E+02 -1.9743E+01  1.0509E+02  9.4048E-02  2.1135E+00
0000038 0.0000E+00  2.4975E+02 -2.5472E+01  1.0795E+02  0.0000E+00  1.1283E+01
0000039 2.0000E+00  0.0000E+00  0.0000E+00  0.0000E+00  9.7295E-01  0.0000E+00
0000039 1.9835E+00  7.9394E+00  3.3141E-02  8.5096E-02  9.6892E-01  4.0466E-02
0000039 1.9253E+00  3.4602E+01 -1.7657E-01  4.2677E-01  9.5461E-01  5.5429E+01
0000039 1.8635E+00  4.8352E+01 -2.6650E+00  1.2521E+00  9.3916E-01  3.5068E+01
0000039 1.6719E+00  6.2165E+01 -3.2984E+00  2.4934E+00  8.8958E-01  1.9156E+02
0000039 1.6473E+00  7.4471E+01 -6.5076E+00  7.0559E+00  8.8300E-01  2.4634E+01
0000039 1.6365E+00  8.6019E+01 -1.0989E+01  1.2325E+01  8.8009E-01  1.0837E+01
0000039 1.2340E+00  9.7150E+01 -1.6473E+01  1.7486E+01  7.6424E-01  3.7882E+02
0000039 1.1726E+00  1.0931E+02 -1.5861E+01  2.0463E+01  7.4501E-01  4.2165E+01
0000039 1.0173E+00  1.2056E+02 -1.4787E+01  2.5538E+01  6.9392E-01  1.5531E+02
0000039 4.0954E-01  1.4024E+02 -2.0298E+01  3.7954E+01  4.4027E-01  5.8661E+02
0000039 3.6005E-01  1.4206E+02 -1.8826E+01  4.7378E+01  4.1282E-01  4.9490E+01
0000039 3.5479E-01  1.4097E+02 -1.5711E+01  5.6221E+01  4.0979E-01  5.2562E+00
0000039 3.2495E-01  1.3987E+02 -1.1557E+01  6.4591E+01  3.9218E-01  2.9837E+01
0000039 3.1362E-01  1.3630E+02 -7.0520E+00  7.1816E+01  3.8528E-01  4.0950E+00
0000039 3.0301E-01  1.3217E+02 -3.4208E+00  7.9140E+01  3.7871E-01  1.0613E+01
0000039 2.7518E-01  1.2954E+02  9.6136E-01  8.6658E+01  3.6090E-01  2.7822E+01
0000039 2.2867E-01  1.2844E+02  3.2782E+00  9.5186E+01  3.2899E-01  4.6519E+01
0000039 1.4910E-01  1.3095E+02  5.0183E+00  1.0319E+02  2.6566E-01  7.3928E+01
0000039 3.5585E-02  1.2856E+02  7.2860E+00  1.1030E+02  1.2978E-01  1.0936E+02
0000039 1.3952E-02  1.2623E+02  1.2710E+01  1.1104E+02  8.1265E-02  2.1632E+01
0000039 6.7233E-03  1.2761E+02  1.6323E+01  1.1427E+02  5.6411E-02  7.2292E+00
0000039 0.0000E+00  1.3082E+02  3.0848E+01  1.1147E+02  0.0000E+00  1.2602E+00
0000040 2.0000E+00  0.0000E+00  0.0000E+00  0.0000E+00  9.7295E-01  0.0000E+00
0000040 1.9656E+00  8.2557E+00  2.4681E-02  6.3980E-04  9.6454E-01  1.8294E+01
0000040 1.8895E+00  1.5443E+01 -5.6642E-01  2.8464E-01  9.4568E-01  6.2214E+01
0000040 1.8785E+00  2.9011E+01 -3.5076E+00 -8.7041E-01  9.4293E-01  1.0954E+01
0000040 1.8141E+00  5.6172E+01 -9.3865E+00 -1.4983E+00  9.2664E-01  5.7803E+01
0000040 8.0870E-01  6.9097E+01 -1.3328E+01 -4.2514E+00  6.1869E-01  1.0054E+03
0000040 7.8834E-01  7.4207E+01 -2.3433E+01 -3.7153E+00  6.1085E-01  6.3372E+00
0000040 6.7270E-01  7.8414E+01 -3.3851E+01 -2.8479E+00  5.6427E-01  1.1563E+02
0000040 6.5570E-01  8.3322E+01 -4.2332E+01  1.8375E+00  5.5709E-01  4.7435E+00
0000040 6.4777E-01  8.8132E+01 -5.1198E+01  5.6922E+00  5.5372E-01  7.9317E+00
0000040 5.7042E-01  9.2794E+01 -6.0503E+01  8.4534E+00  5.1961E-01  6.5423E+01
0000040 5.4359E-01  9.6592E+01 -7.0231E+01  7.8876E+00  5.0724E-01  2.6835E+01
0000040 5.1249E-01  1.0135E+02 -7.9089E+01  5.4566E+00  4.9251E-01  3.1102E+01
0000040 4.6557E-01  1.0491E+02 -8.7504E+01  9.0280E-01  4.6943E-01  3.6862E+01
0000040 4.5006E-01  1.0634E+02 -9.6902E+01 -2.1680E+00  4.6154E-01  6.1324E+00
0000040 4.2148E-01  1.0820E+02 -1.0578E+02 -6.1838E+00  4.4665E-01  2.8576E+01
0000040 4.0676E-01  1.1238E+02 -1.1385E+02 -9.7580E+00  4.3878E-01  5.9967E+00
0000040 1.3977E-01  1.1649E+02 -1.2229E+02 -1.2213E+01  2.5721E-01  2.5848E+02
0000040 1.2570E-01  1.3112E+02 -1.2340E+02 -1.6731E+01  2.4391E-01  3.7222E+00
0000040 1.1940E-01  1.3800E+02 -1.2320E+02 -1.9891E+01  2.3773E-01  2.5979E+00
0000040 7.3211E-02  1.4505E+02 -1.2384E+02 -2.2345E+01  1.8615E-01  4.6193E+01
0000040 3.3092E-02  1.5393E+02 -1.1709E+02 -2.9983E+01  1.2515E-01  3.7751E+01
0000040 2.1890E-02  1.5587E+02 -1.1160E+02 -2.9265E+01  1.0179E-01  1.1203E+01
0000040 4.3228E-03  1.5581E+02 -1.0728E+02 -2.5946E+01  4.5233E-02  1.7567E+01
0000040 0.0000E+00  1.5608E+02 -1.0929E+02 -1.8171E+01  0.0000E+00  3.2212E+00
0000041 2.0000E+00  0.0000E+00  0.0000E+00  0.0000E+00  9.7295E-01  0.0000E+00
0000041 1.9896E+00  3.9702E+00  0.0000E+00  0.0000E+00  9.7041E-01  1.0430E+01
0000041 1.2707E-01  1.0829E+01  3.2441E-01  3.7590E-01  2.4525E-01  1.8625E+03
0000041 1.1807E-01  1.1965E+01 -3.3769E+00  1.2555E+00  2.3640E-01  9.0046E+00
0000041 1.0809E-01  1.5805E+01 -9.4132E+00  3.4242E+00  2.2618E-01  9.9839E+00
0000041 9.4141E-02  1.8621E+01 -1.4885E+01  7.4353E+00  2.1109E-01  1.0622E+01
0000041 7.2739E-02  2.7055E+01 -2.3020E+01  1.5396E+01  1.8555E-01  1.7614E+01
0000041 6.4596E-02  2.9363E+01 -3.4585E+01  2.1939E+01  1.7486E-01  5.4902E+00
0000041 3.5989E-02  3.5410E+01 -4.5925E+01  2.4728E+01  1.3051E-01  2.3287E+01
0000041 2.7302E-02  4.4935E+01 -4.7469E+01  3.1233E+01  1.1368E-01  4.0541E+00
0000041 1.8503E-02  4.7825E+01 -4.8174E+01  3.6060E+01  9.3584E-02  7.5096E+00
0000041 0.0000E+00  4.7057E+01 -5.1886E+01  4.5365E+01  0.0000E+00  1.2318E+01
0000042 2.0000E+00  0.0000E+00  0.0000E+00  0.0000E+00  9.7295E-01  0.0000E+00
0000042 1.9804E+00  3.9702E+00  0.0000E+00  0.0000E+00  9.6818E-01  1.1829E+01
0000042 1.9531E+00  1.6666E+01 -3.2613E-01 -9.2521E-01  9.6147E-01  2.7033E+00
0000042 9.6883E-01  3.8317E+01  2.2289E-02 -2.7096E+00  6.7717E-01  9.8130E+02
0000042 9.2428E-01  4.6553E+01 -7.2745E+00 -7.0545E+00  6.6142E-01  4.4556E+01
0000042 7.5284E-01  5.2709E+01 -1.5867E+01 -1.2069E+01  5.9693E-01  1.7144E+02
0000042 1.8696E-01  6.1809E+01 -2.0347E+01 -1.6696E+01  2.9747E-01  5.6588E+02
0000042 1.6960E-01  7.2544E+01 -1.0027E+01 -2.3401E+01  2.8333E-01  1.3072E+01
0000042 1.5814E-01  7.9080E+01 -6.3366E+00 -2.6298E+01  2.7359E-01  6.9051E+00
0000042 1.2984E-01  8.6039E+01 -2.7650E+00 -2.7608E+01  2.4790E-01  2.3957E+01
0000042 1.0903E-01  9.0741E+01  2.9089E+00 -2.9545E+01  2.2717E-01  2.0814E+01
0000042 8.5337E-02  9.5147E+01  1.6768E+01 -2.9657E+01  2.0098E-01  1.3071E+01
0000042 3.1910E-03  9.6670E+01  2.3350E+01 -3.1535E+01  3.8863E-02  7.9328E+01
0000042 0.0000E+00  1.0063E+02  2.3210E+01 -3.1740E+01  0.0000E+00  2.3719E+00
0000043 2.0000E+00  0.0000E+00  0.0000E+00  0.0000E+00  9.7295E-01  0.0000E+00
0000043 1.9679E+00  1.2830E+01  9.5241E-03  2.5129E-01  9.6512E-01  5.7389E+00
0000043 1.1507E+00  3.6756E+01 -5.8349E-01  3.0783E-01  7.3799E-01  8.1505E+02
0000043 1.1131E+00  4.6160E+01 -6.0933E+00 -5.4518E+00  7.2585E-01  3.7540E+01
0000043 8.7890E-01  5.3941E+01 -1.2270E+01 -1.2585E+01  6.4498E-01  2.3422E+02
0000043 8.5288E-01  5.9765E+01 -1.3896E+01 -2.2438E+01  6.3536E-01  1.1117E+01
0000043 8.4921E-01  6.4706E+01 -1.4677E+01 -3.2769E+01  6.3399E-01  3.6611E+00
0000043 7.6482E-01  6.9543E+01 -1.4717E+01 -4.3166E+01  6.0167E-01  8.4390E+01
0000043 7.5992E-01  7.1380E+01 -1.6743E+01 -5.4017E+01  5.9974E-01  4.9058E+00
0000043 1.9497E-01  7.4090E+01 -1.8749E+01 -6.4669E+01  3.0378E-01  5.5155E+02
0000043 1.0569E-01  6.8540E+01 -2.1940E+01 -6.9921E+01  2.2367E-01  8.9272E+01
0000043 7.2111E-02  6.3407E+01 -2.7148E+01 -6.9824E+01  1.8475E-01  3.0312E+01
0000043 6.7318E-02  5.7643E+01 -2.9413E+01 -6.7046E+01  1.7850E-01  2.2853E+00
0000043 3.9171E-02  4.5434E+01 -3.3631E+01 -6.3947E+01  1.3616E-01  2.5595E+01
0000043 1.1480E-02  3.6134E+01 -3.8311E+01 -6.9572E+01  7.3713E-02  2.2224E+01
0000043 8.6607E-03  3.5926E+01 -4.0804E+01 -7.3763E+01  6.4026E-02  2.0996E+00
0000043 0.0000E+00  3.5572E+01 -4.4695E+01 -7.6297E+01  0.0000E+00  7.9868E+00
0000044 2.0000E+00  0.0000E+00  0.0000E+00  0.0000E+00  9.7295E-01  0.0000E+00
0000044 1.9721E+00  1.4886E+01 -8.8551E-02  5.6448E-02  9.6615E-01  6.4415E+00
0000044 1.9026E+00  3.5266E+01  8.3671E-01 -4.5581E-01  9.4896E-01  4.2180E+01
0000044 1.3740E+00  4.9095E+01 -9.9995E-02 -2.0799E+00  8.0644E-01  5.2857E+02
0000044 1.3484E+00  5.9080E+01 -1.9599E+00 -9.9871E+00  7.9890E-01  2.5573E+01
0000044 7.1702E-01  6.8040E+01 -5.0568E+00 -1.8606E+01  5.8256E-01  6.1094E+02
0000044 7.0978E-01  7.8036E+01 -9.7028E+00 -1.8587E+01  5.7961E-01  7.2395E+00
0000044 6.8508E-01  8.8197E+01 -1.3796E+01 -1.7624E+01  5.6944E-01  1.1952E+01
0000044 6.1504E-01  9.7669E+01 -1.9143E+01 -1.6805E+01  5.3954E-01  5.7621E+01
0000044 5.9473E-01  1.0637E+02 -2.3889E+01 -1.2941E+01  5.3056E-01  8.8293E+00
0000044 5.6947E-01  1.1421E+02 -2.9417E+01 -8.5293E+00  5.1917E-01  2.5262E+01
0000044 1.5478E-01  1.2082E+02 -3.4660E+01 -2.3470E+00  2.7067E-01  4.1469E+02
0000044 1.4765E-01  1.2500E+02 -4.0790E+01 -5.0467E+00  2.6436E-01  2.8561E+00
0000044 1.2854E-01  1.2991E+02 -4.6540E+01 -7.0366E+00  2.4666E-01  1.4972E+01
0000044 1.1470E-01  1.3379E+02 -5.1564E+01 -1.1223E+01  2.3300E-01  1.3840E+01
0000044 1.0703E-01  1.3543E+02 -5.6513E+01 -1.6523E+01  2.2508E-01  7.6704E+00
0000044 4.8018E-02  1.3619E+02 -6.2600E+01 -2.0537E+01  1.5076E-01  5.5714E+01
0000044 3.7028E-02  1.3396E+02 -6.8443E+01 -1.9908E+01  1.3239E-01  1.0990E+01
0000044 2.2419E-02  1.3475E+02 -7.4376E+01 -1.9660E+01  1.0301E-01  1.3023E+01
0000044 1.9484E-02  1.3640E+02 -7.8415E+01 -1.6355E+01  9.6032E-02  1.8073E+00
0000044 4.4682E-03  1.3937E+02 -8.1558E+01 -1.3216E+01  4.5988E-02  1.5016E+01
0000044 0.0000E+00  1.3802E+02 -8.2377E+01 -9.3401E+00  0.0000E+00  3.1909E+00
0000045 2.0000E+00  0.0000E+00  0.0000E+00  0.0000E+00  9.7295E-01  0.0000E+00
0000045 1.7770E+00  9.1696E+00 -2.1615E-02  4.0586E-03  9.1711E-01  2.1284E+02
0000045 1.3258E+00  1.2921E+01  1.5256E-01  1.2913E+00  7.9215E-01  4.4397E+02
0000045 1.2980E+00  2.4889E+01  4.3535E+00 -9.4869E-02  7.8382E-01  2.7746E+01
0000045 1.2900E+00  3.6140E+01  1.0170E+01 -9.4478E-01  7.8138E-01  8.0555E+00
0000045 1.0478E+00  4.7465E+01  1.5581E+01 -2.7063E+00  7.0424E-01  2.3243E+02
0000045 1.0313E+00  5.6738E+01  1.9572E+01 -9.2918E+00  6.9865E-01  1.6563E+01
0000045 9.3946E-01  6.6727E+01  2.3673E+01 -1.4545E+01  6.6683E-01  7.5029E+01
0000045 7.9813E-01  7.7747E+01  2.5015E+01 -1.8376E+01  6.1463E-01  1.4133E+02
0000045 7.6052E-01  8.9004E+01  2.4018E+01 -1.8277E+01  5.9997E-01  2.3710E+01
0000045 6.1270E-01  9.9840E+01  2.1773E+01 -1.6720E+01  5.3852E-01  1.3441E+02
0000045 2.4335E-03  1.0957E+02  2.3515E+01 -1.2797E+01  3.3938E-02  5.9882E+02
0000045 0.0000E+00  1.0973E+02  2.0150E+01 -1.1015E+01  0.0000E+00  1.3980E+00
0000046 2.0000E+00  0.0000E+00  0.0000E+00  0.0000E+00  9.7295E-01  0.0000E+00
0000046 1.9366E+00  1.3444E+01  2.1953E-02  2.5745E-02  9.5741E-01  4.4910E+01
0000046 1.9299E+00  2.1801E+01 -4.6612E-01  1.2155E+00  9.5576E-01  6.6979E+00
0000046 1.8946E+00  3.5620E+01 -2.0352E+00  2.8705E+00  9.4696E-01  8.5826E+00
0000046 1.8529E+00  4.9492E+01 -3.1266E+00  3.7165E+00  9.3648E-01  1.5323E+01
0000046 1.8492E+00  6.3239E+01 -3.3679E+00  5.4874E+00  9.3555E-01  3.6729E+00
0000046 4.9948E-01  9.0797E+01 -4.7815E+00  7.8818E+00  4.8622E-01  1.3200E+03
0000046 4.5765E-01  9.5520E+01 -5.5347E+00  1.6834E+01  4.6542E-01  4.1833E+01
0000046 2.7364E-01  9.8722E+01 -3.7832E+00  2.6093E+01  3.5989E-01  1.7475E+02
0000046 5.6125E-02  1.0297E+02 -7.7257E+00  3.2839E+01  1.6299E-01  2.1751E+02
0000046 3.9165E-02  9.7023E+01 -1.7965E+01  3.7460E+01  1.3615E-01  9.4338E+00
0000046 2.6154E-02  9.0855E+01 -2.6993E+01  3.3472E+01  1.1126E-01  4.9371E+00
0000046 1.5921E-02  8.1865E+01 -3.0769E+01  2.8625E+01  8.6808E-02  5.3236E+00
0000046 8.4738E-03  7.9070E+01 -3.4963E+01  2.7521E+01  6.3331E-02  6.5513E+00
0000046 0.0000E+00  6.6437E+01 -3.1644E+01  2.2821E+01  0.0000E+00  7.4951E-01
0000047 2.0000E+00  0.0000E+00  0.0000E+00  0.0000E+00  9.7295E-01  0.0000E+00
0000047 1.9607E+00  1.3178E+01  1.7217E-01 -1.6724E-01  9.6335E-01  1.2305E+01
0000047 1.9531E+00  1.7127E+01  4.2626E-01 -4.9555E-01  9.6147E-01  1.6694E-02
0000047 1.9193E+00  3.1102E+01  1.2948E+00 -1.6301E+00  9.5312E-01  6.7523E+00
0000047 1.8842E+00  4.4911E+01  2.4444E+00 -3.5304E+00  9.4436E-01  8.4454E+00
0000047 5.7216E-01  5.8623E+01  2.8002E+00 -5.9143E+00  5.2040E-01  1.3120E+03
0000047 5.5286E-01  6.4817E+01  1.0644E+01 -2.8083E+00  5.1154E-01  8.4101E+00
0000047 5.3907E-01  7.1742E+01  1.8083E+01 -6.7411E-01  5.0513E-01  3.1596E+00
0000047 1.2111E-01  7.8932E+01  2.5359E+01  7.3060E-01  2.3942E-01  4.0753E+02
0000047 1.1472E-01  8.4643E+01  2.5762E+01 -4.1360E+00  2.3302E-01  2.7942E+00
0000047 1.0459E-01  8.9536E+01  2.5790E+01 -9.7316E+00  2.2249E-01  1.0133E+01
0000047 8.4434E-02  9.2971E+01  2.7358E+01 -1.5976E+01  1.9991E-01  2.0151E+01
0000047 2.4005E-02  9.4843E+01  2.6122E+01 -2.2605E+01  1.0659E-01  5.7631E+01
0000047 9.9400E-03  9.7913E+01  2.9657E+01 -2.5570E+01  6.8591E-02  1.2883E+01
0000047 0.0000E+00  1.1346E+02  3.6444E+01 -2.2979E+01  0.0000E+00  4.5943E-01
0000048 2.0000E+00  0.0000E+00  0.0000E+00  0.0000E+00  9.7295E-01  0.0000E+00
0000048 1.8583E+00  3.9702E+00  0.0000E+00  0.0000E+00  9.3785E-01  1.3396E+02
0000048 1.8460E+00  8.7682E+00  8.2891E-01  9.8577E-01  9.3474E-01  3.0005E+00
0000048 1.8371E+00  1.2629E+01  1.5047E+00  1.6164E+00  9.3248E-01  1.5182E+00
0000048 1.7988E+00  2.5994E+01  3.9888E+00  4.1792E+00  9.2273E-01  1.2413E+01
0000048 1.7532E+00  3.9293E+01  5.5154E+00  7.3668E+00  9.1095E-01  4.5631E+01
0000048 1.7482E+00  5.2089E+01  9.1757E+00  1.0496E+01  9.0964E-01  5.0228E+00
0000048 1.7107E+00  6.4783E+01  1.2523E+01  1.4279E+01  8.9982E-01  1.2680E+01
0000048 1.7012E+00  7.6960E+01  1.6198E+01  1.9061E+01  8.9732E-01  9.5027E+00
0000048 1.6805E+00  8.9103E+01  1.9035E+01  2.4412E+01  8.9187E-01  2.0613E+01
0000048 1.6518E+00  1.0116E+02  2.0506E+01  3.0364E+01  8.8420E-01  4.6404E+00
0000048 1.5469E+00  1.1307E+02  2.2677E+01  3.6282E+01  8.5568E-01  1.0484E+02
0000048 1.4999E+00  1.2330E+02  2.3246E+01  4.4689E+01  8.4257E-01  2.4352E+01
0000048 1.1185E+00  1.3353E+02  2.2154E+01  5.2881E+01  7.2759E-01  3.8142E+02
0000048 8.1828E-01  1.4541E+02  2.3898E+01  5.5244E+01  6.2234E-01  2.8238E+02
0000048 7.2802E-01  1.5571E+02  1.9596E+01  5.7393E+01  5.8701E-01  7.6116E+01
0000048 1.9015E-01  1.6391E+02  1.2489E+01  5.9542E+01  3.0000E-01  5.2488E+02
0000048 1.7393E-01  1.6735E+02  1.2101E+01  6.7018E+01  2.8692E-01  1.6223E+01
0000048 8.8585E-02  1.7272E+02  1.1664E+01  7.3047E+01  2.0477E-01  8.5345E+01
0000048 5.9659E-02  1.7265E+02  1.3038E+01  7.9975E+01  1.6804E-01  2.8926E+01
0000048 3.9646E-02  1.7389E+02  9.9020E+00  9.2210E+01  1.3699E-01  1.0021E+01
0000048 1.9782E-02  1.7583E+02  3.3447E+00  1.0192E+02  9.6764E-02  1.3703E+01
0000048 9.7647E-03  1.7570E+02  1.1084E+00  1.1180E+02  6.7984E-02  5.1033E+00
0000048 0.0000E+00  1.7664E+02 -1.3674E+00  1.2238E+02  0.0000E+00  1.2604E+00
0000049 2.0000E+00  0.0000E+00  0.0000E+00  0.0000E+00  9.7295E-01  0.0000E+00
0000049 1.9845E+00  7.9405E+00  1.1021E-02 -3.9911E-03  9.6918E-01  2.1980E-02
0000049 1.6826E+00  1.9065E+01  3.2448E-02  2.0614E-02  8.9241E-01  3.0195E+02
0000049 2.7585E-01  3.1538E+01 -3.2431E-01 -5.2157E+00  3.6134E-01  1.3826E+03
0000049 2.6672E-01  4.4388E+01 -6.9005E+00  5.1043E+00  3.5531E-01  4.1412E+00
0000049 1.2542E-01  5.1758E+01 -9.0120E+00  9.5175E+00  2.4365E-01  1.3502E+02
0000049 6.7801E-02  5.3224E+01 -1.0889E+01  1.6700E+01  1.7914E-01  5.7619E+01
0000049 4.9647E-02  5.2442E+01 -8.1490E+00  2.2772E+01  1.5329E-01  1.5750E+01
0000049 3.9541E-02  5.2914E+01 -8.4812E+00  2.9070E+01  1.3680E-01  8.1675E+00
0000049 3.9473E-03  5.2266E+01 -6.5070E+00  3.4766E+01  4.3224E-02  3.5594E+01
0000049 0.0000E+00  4.5155E+01 -5.5989E+00  3.7862E+01  0.0000E+00  2.5276E+00
0000050 2.0000E+00  0.0000E+00  0.0000E+00  0.0000E+00  9.7295E-01  0.0000E+00
0000050 1.9790E+00  1.1828E+01 -7.8424E-04  3.8400E-02  9.6782E-01  3.5709E-01
0000050 1.0801E+00  3.3178E+01 -5.0688E-01  1.1991E-01  7.1499E-01  8.7105E+02
0000050 1.0395E+00  4.2434E+01  6.7705E+00 -2.8453E+00  7.0145E-01  2.3158E+01
0000050 9.7845E-01  5.2071E+01  1.2702E+01 -6.9306E+00  6.8053E-01  4.4206E+01
0000050 9.1215E-01  6.1506E+01  1.6870E+01 -1.2780E+01  6.5707E-01  6.6301E+01
0000050 6.9280E-01  6.8630E+01  2.2366E+01 -2.0199E+01  5.7264E-01  2.0402E+02
0000050 2.8259E-01  7.7454E+01  2.8471E+01 -2.2312E+01  3.6573E-01  4.1020E+02
0000050 1.1878E-01  7.8063E+01  3.7234E+01 -2.4060E+01  2.3711E-01  1.6382E+02
0000050 1.0311E-01  7.7456E+01  4.9423E+01 -1.5565E+01  2.2091E-01  1.2147E+01
0000050 9.7734E-02  7.4396E+01  5.5069E+01 -1.2143E+01  2.1508E-01  5.3753E+00
0000050 7.4382E-02  7.1390E+01  5.9635E+01 -7.4558E+00  1.8763E-01  2.3352E+01
0000050 4.2361E-02  7.1686E+01  6.3352E+01 -1.7356E+00  1.4160E-01  2.9459E+01
0000050 8.2503E-03  6.8395E+01  6.7507E+01  1.3642E+00  6.2490E-02  3.2372E+01
0000050 0.0000E+00  7.2716E+01  7.5031E+01  8.0594E+00  0.0000E+00  6.3288E-01
0000051 2.0000E+00  0.0000E+00  0.0000E+00  0.0000E+00  9.7295E-01  0.0000E+00
0000051 1.9869E+00  3.9702E+00  0.0000E+00  0.0000E+00  9.6976E-01  5.3642E+00
0000051 1.9792E+00  7.9351E+00  1.2350E-01  1.6485E-01  9.6787E-01  3.1555E-02
0000051 1.9268E+00  1.9657E+01  4.7193E-01  6.0835E-01  9.5498E-01  2.9649E+01
0000051 1.6143E+00  3.3484E+01  2.6067E+00  1.1109E+00  8.7412E-01  2.8575E+02
0000051 1.5340E+00  4.5633E+01  3.5756E+00  6.6660E+00  8.5211E-01  6.9999E+01
0000051 2.4788E-01  5.8482E+01  3.3450E+00  9.7896E+00  3.4253E-01  1.2862E+03
0000051 2.3671E-01  6.2964E+01 -2.9187E+00  5.7246E+00  3.3472E-01  5.1967E+00
0000051 1.9426E-01  6.7708E+01 -9.5279E+00  2.8602E+00  3.0323E-01  4.2455E+01
0000051 1.8803E-01  6.9069E+01 -1.6480E+01 -1.4154E+00  2.9833E-01  6.2255E+00
0000051 1.6841E-01  7.0178E+01 -2.4067E+01 -4.3744E+00  2.8233E-01  1.4719E+01
0000051 2.3138E-02  6.9313E+01 -3.0978E+01 -8.3786E+00  1.0465E-01  1.4074E+02
0000051 1.9226E-02  6.8409E+01 -3.5230E+01 -4.9997E+00  9.5394E-02  3.4579E+00
0000051 0.0000E+00  6.7843E+01 -3.7765E+01 -3.4557E-01  0.0000E+00  1.8454E+01
0000052 2.0000E+00  0.0000E+00  0.0000E+00  0.0000E+00  9.7295E-01  0.0000E+00
0000052 1.9887E+00  9.4994E+00 -5.8997E-02  4.6644E-02  9.7020E-01  1.5853E-01
0000052 1.9017E+00  2.7578E+01 -4.2741E-01  1.4900E-01  9.4873E-01  5.9629E+01
0000052 1.8685E+00  4.1339E+01 -1.3409E-01 -2.1462E+00  9.4043E-01  6.6883E+00
0000052 1.5556E+00  5.5019E+01 -6.6822E-01 -4.5074E+00  8.5807E-01  2.8680E+02
0000052 1.5239E+00  6.7738E+01 -3.4494E+00 -1.9373E+00  8.4928E-01  8.9400E+00
0000052 1.4815E+00  8.0642E+01 -5.4230E+00  4.8125E-02  8.3740E-01  1.9891E+01
0000052 1.4358E+00  9.3167E+01 -7.2082E+00  3.4930E+00  8.2438E-01  4.5730E+01
0000052 1.4297E+00  1.0516E+02 -7.4055E+00  8.5242E+00  8.2263E-01  6.0722E+00
0000052 1.0483E+00  1.1722E+02 -8.3971E+00  1.3271E+01  7.0438E-01  3.6011E+02
0000052 1.0093E+00  1.2915E+02 -7.8950E+00  1.1564E+01  6.9117E-01  2.1981E+01
0000052 9.4085E-01  1.4061E+02 -6.1464E+00  8.7027E+00  6.6732E-01  5.1925E+01
0000052 7.6070E-01  1.5144E+02 -1.9630E+00  6.9110E+00  6.0005E-01  1.6447E+02
0000052 7.3872E-01  1.6217E+02 -1.6213E-01  9.4908E+00  5.9131E-01  1.0749E+01
0000052 7.0294E-01  1.7278E+02  4.5868E-01  1.2691E+01  5.7681E-01  2.2660E+01
0000052 6.8333E-01  1.8266E+02  1.3396E-01  1.7449E+01  5.6871E-01  6.9456E+00
0000052 5.6348E-01  1.9273E+02  6.9834E-01  2.1586E+01  5.1643E-01  1.0746E+02
0000052 4.9422E-01  2.0029E+02  4.1200E+00  2.7904E+01  4.8366E-01  5.8485E+01
0000052 2.1420E-01  2.0938E+02  5.2469E+00  3.2227E+01  3.1841E-01  2.8002E+02
0000052 2.0956E-01  2.1158E+02  7.9019E+00  3.9936E+01  3.1494E-01  4.6373E+00
0000052 7.4422E-02  2.1843E+02  1.3210E+01  5.4220E+01  1.8768E-01  1.2678E+02
0000052 4.6939E-02  2.2455E+02  1.1254E+01  5.6527E+01  1.4905E-01  2.7483E+01
0000052 2.6561E-02  2.2739E+02  8.5315E+00  6.1393E+01  1.1212E-01  2.0378E+01
0000052 1.6607E-02  2.2562E+02  5.4194E+00  7.1790E+01  8.8659E-02  6.2315E+00
0000052 5.4601E-03  2.2511E+02  2.0645E+00  7.5725E+01  5.0837E-02  1.0225E+01
0000052 0.0000E+00  2.2049E+02  5.3233E+00  8.6093E+01  0.0000E+00  1.3135E+00
0000053 2.0000E+00  0.0000E+00  0.0000E+00  0.0000E+00  9.7295E-01  0.0000E+00
0000053 1.2060E+00  1.3179E+01  1.9907E-02  9.9849E-03  7.5552E-01  7.7608E+02
0000053 1.1993E+00  2.2610E+01 -1.6257E+00 -7.3477E+00  7.5342E-01  6.7102E+00
0000053 1.1844E+00  4.1362E+01 -2.9519E+00 -2.3652E+01  7.4872E-01  1.1065E+01
0000053 1.1620E+00  5.1444E+01 -3.0769E+00 -3.0895E+01  7.4162E-01  3.7584E+00
0000053 3.2630E-01  6.1845E+01 -2.9404E+00 -3.7565E+01  3.9299E-01  8.1738E+02
0000053 3.0530E-01  6.8251E+01  3.6435E+00 -3.6587E+01  3.8014E-01  1.3735E+01
0000053 1.5542E-01  7.3174E+01  1.1079E+01 -3.4741E+01  2.7122E-01  1.4989E+02
0000053 1.4715E-01  8.0878E+01  1.2738E+01 -3.4150E+01  2.6391E-01  3.9784E+00
0000053 5.3308E-02  8.8168E+01  1.5044E+01 -3.2532E+01  1.5884E-01  9.3846E+01
0000053 4.3179E-02  9.0897E+01  2.0617E+01 -3.4135E+01  1.4296E-01  8.0927E+00
0000053 3.2101E-02  9.5278E+01  2.4950E+01 -3.4221E+01  1.2326E-01  1.1078E+01
0000053 3.8953E-03  1.0071E+02  2.6589E+01 -3.5591E+01  4.2938E-02  2.6766E+01
0000053 0.0000E+00  1.0593E+02  2.3172E+01 -3.8694E+01  0.0000E+00  5.0071E-01
0000054 2.0000E+00  0.0000E+00  0.0000E+00  0.0000E+00  9.7295E-01  0.0000E+00
0000054 1.9671E+00  1.4275E+01 -3.6842E-02  2.8990E-02  9.6493E-01  1.2763E+01
0000054 1.8487E+00  2.5380E+01 -9.2959E-01 -2.0905E-01  9.3543E-01  9.6914E+01
0000054 1.6139E+00  3.8600E+01 -5.0754E+00 -1.5921E-01  8.7399E-01  2.0895E+02
0000054 1.5078E+00  5.0101E+01 -1.0468E+01  4.0872E+00  8.4480E-01  8.2604E+01
0000054 1.0497E+00  6.0377E+01 -1.8229E+01  6.8434E+00  7.0486E-01  4.5817E+02
0000054 9.1697E-01  8.4098E+01 -2.0460E+01  1.0325E+01  6.5880E-01  1.0901E+02
0000054 9.0761E-01  9.4385E+01 -2.5597E+01  1.2360E+01  6.5543E-01  9.3559E+00
0000054 8.9643E-01  1.0459E+02 -3.0273E+01  1.5477E+01  6.5138E-01  1.1185E+01
0000054 8.7551E-01  1.1502E+02 -3.3808E+01  1.9157E+01  6.4373E-01  5.7898E+00
0000054 8.4789E-01  1.2505E+02 -3.8193E+01  2.2843E+01  6.3350E-01  1.2748E+01
0000054 8.2040E-01  1.5457E+02 -4.9891E+01  3.5843E+01  6.2315E-01  5.2456E+00
0000054 8.1357E-01  1.6463E+02 -5.4317E+01  3.8774E+01  6.2054E-01  6.8353E+00
0000054 7.9472E-01  1.7423E+02 -5.9668E+01  4.1631E+01  6.1331E-01  4.7605E+00
0000054 7.8488E-01  1.8374E+02 -6.4572E+01  4.5236E+01  6.0951E-01  9.8363E+00
0000054 6.8507E-01  1.9249E+02 -7.0329E+01  4.9366E+01  5.6943E-01  9.9814E+01
0000054 6.5426E-01  1.9802E+02 -7.7431E+01  5.5522E+01  5.5648E-01  1.8385E+01
0000054 6.3155E-01  2.0431E+02 -8.3014E+01  6.2284E+01  5.4674E-01  2.2715E+01
0000054 6.1576E-01  2.1043E+02 -9.0000E+01  6.7612E+01  5.3986E-01  1.5787E+01
0000054 5.8056E-01  2.1768E+02 -9.5732E+01  7.2884E+01  5.2420E-01  2.3712E+01
0000054 5.5349E-01  2.2389E+02 -1.0064E+02  7.9789E+01  5.1184E-01  1.6059E+01
0000054 5.4921E-01  2.2856E+02 -1.0574E+02  8.7539E+01  5.0985E-01  4.2811E+00
0000054 5.3267E-01  2.3257E+02 -1.1146E+02  9.5204E+01  5.0212E-01  5.9598E+00
0000054 5.2678E-01  2.3743E+02 -1.1653E+02  1.0273E+02  4.9933E-01  5.8937E+00
0000054 5.0869E-01  2.4313E+02 -1.2166E+02  1.0957E+02  4.9068E-01  1.8093E+01
0000054 3.5775E-01  2.4762E+02 -1.2597E+02  1.1763E+02  4.1149E-01  1.5094E+02
0000054 3.3542E-01  2.5062E+02 -1.2494E+02  1.2651E+02  3.9845E-01  1.4570E+01
0000054 2.5292E-01  2.5441E+02 -1.2071E+02  1.4417E+02  3.4599E-01  7.2214E+01
0000054 2.3896E-01  2.5720E+02 -1.2302E+02  1.5213E+02  3.3631E-01  7.9026E+00
0000054 2.2897E-01  2.5906E+02 -1.2414E+02  1.6049E+02  3.2920E-01  4.1810E+00
0000054 2.0654E-01  2.6180E+02 -1.2454E+02  1.6860E+02  3.1266E-01  1.6791E+01
0000054 4.2792E-02  2.6589E+02 -1.2324E+02  1.7580E+02  1.4232E-01  1.5851E+02
0000054 3.6355E-02  2.6436E+02 -1.2677E+02  1.8060E+02  1.3118E-01  6.4368E+00
0000054 2.1032E-02  2.6421E+02 -1.2854E+02  1.8630E+02  9.9774E-02  1.5323E+01
0000054 1.8310E-02  2.6263E+02 -1.3279E+02  1.8926E+02  9.3093E-02  2.7224E+00
0000054 8.5124E-03  2.6528E+02 -1.4166E+02  1.9207E+02  6.3475E-02  2.9082E+00
0000054 0.0000E+00  2.7421E+02 -1.5570E+02  1.9812E+02  0.0000E+00  7.7215E-01
0000055 2.0000E+00  0.0000E+00  0.0000E+00  0.0000E+00  9.7295E-01  0.0000E+00
0000055 9.5253E-01  3.9702E+00  0.0000E+00  0.0000E+00  6.7145E-01  1.0397E+03
0000055 9.4704E-01  6.7160E+00 -2.6629E+00  1.0642E+00  6.6952E-01  1.5746E-01
0000055 9.3472E-01  1.1062E+01 -6.9907E+00  2.7597E+00  6.6515E-01  3.8010E+00
0000055 8.3074E-01  1.8671E+01 -1.5481E+01  5.5184E+00  6.2706E-01  8.8375E+01
0000055 5.8738E-01  2.4843E+01 -2.2996E+01  1.1483E+01  5.2727E-01  2.4336E+02
0000055 5.6486E-01  3.0529E+01 -3.1857E+01  1.1369E+01  5.1707E-01  1.1421E+01
0000055 5.2670E-01  3.4955E+01 -4.1285E+01  1.0717E+01  4.9929E-01  3.8159E+01
0000055 2.7652E-01  3.9623E+01 -4.9850E+01  7.4992E+00  3.6177E-01  2.3992E+02
0000055 2.4335E-01  4.6675E+01 -5.1938E+01  2.4610E+00  3.3938E-01  2.6722E+01
0000055 2.1265E-01  5.1866E+01 -5.6057E+01 -3.1376E+00  3.1725E-01  2.4812E+01
0000055 8.9141E-02  5.7018E+01 -5.7517E+01 -9.6511E+00  2.0541E-01  1.1815E+02
0000055 5.6607E-02  5.6047E+01 -5.5958E+01 -2.3516E+01  1.6369E-01  2.5327E+01
0000055 4.9355E-02  5.7719E+01 -5.2897E+01 -2.8980E+01  1.5284E-01  5.1305E+00
0000055 3.2656E-02  5.7597E+01 -4.9079E+01 -3.4011E+01  1.2432E-01  1.6699E+01
0000055 1.3268E-02  5.7576E+01 -4.3488E+01 -3.5748E+01  7.9247E-02  1.9388E+01
0000055 0.0000E+00  5.4615E+01 -3.8112E+01 -4.3251E+01  0.0000E+00  9.6527E+00
0000056 2.0000E+00  0.0000E+00  0.0000E+00  0.0000E+00  9.7295E-01  0.0000E+00
0000056 1.9896E+00  3.9702E+00  0.0000E+00  0.0000E+00  9.7043E-01  2.6424E+00
0000056 1.9533E+00  1.5436E+01 -3.5312E-01  2.2328E-01  9.6153E-01  1.4029E+01
0000056 1.8192E+00  2.4797E+01 -1.0930E+00  1.0614E+00  9.2794E-01  1.3411E+02
0000056 1.6199E+00  3.7598E+01 -4.0061E+00  5.3119E+00  8.7563E-01  1.9933E+02
0000056 1.5987E+00  4.8386E+01 -5.0034E+00  1.3207E+01  8.6989E-01  2.1172E+01
0000056 1.5413E+00  5.8484E+01 -4.9309E+00  2.1956E+01  8.5413E-01  3.4132E+01
0000056 1.5356E+00  6.7690E+01 -6.4903E+00  3.1344E+01  8.5253E-01  5.7736E+00
0000056 7.7326E-01  7.7009E+01 -8.7989E+00  4.0444E+01  6.0498E-01  7.6232E+02
0000056 5.0580E-01  8.1391E+01 -1.7963E+01  4.5207E+01  4.8929E-01  2.5389E+02
0000056 4.0307E-01  9.2452E+01 -3.4774E+01  4.2356E+01  4.3679E-01  9.9402E+01
0000056 2.5208E-01  9.4797E+01 -4.4010E+01  4.4031E+01  3.4542E-01  1.5100E+02
0000056 2.2828E-01  9.1617E+01 -5.1466E+01  4.7302E+01  3.2871E-01  2.3799E+01
0000056 2.1135E-01  8.0072E+01 -6.3557E+01  5.0276E+01  3.1629E-01  3.5618E+00
0000056 6.6290E-03  7.3735E+01 -6.9102E+01  5.0395E+01  5.6014E-02  2.0472E+02
0000056 0.0000E+00  8.5793E+01 -7.4905E+01  5.3130E+01  0.0000E+00  1.3044E+00
0000057 2.0000E+00  0.0000E+00  0.0000E+00  0.0000E+00  9.7295E-01  0.0000E+00
0000057 1.9568E+00  8.4439E+00 -3.7237E-02 -8.2283E-03  9.6239E-01  3.4327E+01
0000057 1.9397E+00  1.5051E+01  6.7365E-01  4.0073E-01  9.5817E-01  4.3351E+00
0000057 1.8344E+00  4.2960E+01  3.1701E+00  1.3223E+00  9.3181E-01  1.0190E+02
0000057 1.0278E+00  5.6482E+01  1.5741E+00  3.7355E+00  6.9748E-01  7.8088E+02
0000057 1.0079E+00  6.6903E+01  6.5355E+00  4.5786E-01  6.9068E-01  3.2029E+00
0000057 9.9518E-01  7.7588E+01  1.1043E+01 -2.3930E+00  6.8632E-01  1.2675E+01
0000057 5.1383E-01  8.8738E+01  1.4325E+01 -4.9718E+00  4.9316E-01  4.6501E+02
0000057 1.2546E-01  9.7190E+01  9.7471E+00 -8.4284E+00  2.4369E-01  3.8836E+02
0000057 1.1370E-01  9.6664E+01  3.0276E+00 -1.1869E+01  2.3198E-01  1.1765E+01
0000057 7.3936E-03  9.5005E+01 -2.2852E+00 -1.6775E+01  5.9157E-02  1.0286E+02
0000057 0.0000E+00  1.1097E+02  4.8776E+00 -1.9698E+01  0.0000E+00  9.5178E-01
0000058 2.0000E+00  0.0000E+00  0.0000E+00  0.0000E+00  9.7295E-01  0.0000E+00
0000058 1.5841E+00  3.3069E+01 -1.4840E-01 -1.7464E+00  8.6590E-01  4.0718E+02
0000058 1.5673E+00  4.4491E+01 -2.4981E+00 -8.2060E+00  8.6129E-01  1.6802E+01
0000058 9.5298E-01  5.5463E+01 -6.1404E+00 -1.4773E+01  6.7161E-01  5.9141E+02
0000058 9.4287E-01  6.4226E+01 -1.4014E+01 -1.4508E+01  6.6804E-01  1.0107E+01
0000058 9.3857E-01  7.2928E+01 -2.1778E+01 -1.3036E+01  6.6651E-01  4.3032E+00
0000058 7.2071E-01  8.2128E+01 -2.8925E+01 -1.1575E+01  5.8406E-01  2.1786E+02
0000058 6.2093E-01  9.2039E+01 -3.1175E+01 -7.2728E+00  5.4212E-01  8.6888E+01
0000058 3.4452E-01  1.0245E+02 -3.3449E+01 -6.8187E+00  4.0382E-01  2.6484E+02
0000058 3.2811E-01  1.1009E+02 -3.2507E+01 -1.2123E+01  3.9408E-01  8.8613E+00
0000058 1.8104E-01  1.1836E+02 -3.1279E+01 -1.6080E+01  2.9272E-01  1.3978E+02
0000058 1.2716E-01  1.2430E+02 -3.5783E+01 -1.9382E+01  2.4533E-01  5.3875E+01
0000058 1.1838E-01  1.2667E+02 -3.9757E+01 -2.5393E+01  2.3671E-01  5.0535E+00
0000058 9.9467E-02  1.2894E+02 -5.0444E+01 -3.5412E+01  2.1698E-01  1.4139E+01
0000058 8.2678E-02  1.3171E+02 -5.6639E+01 -3.7885E+01  1.9782E-01  1.3653E+01
0000058 6.1806E-02  1.3182E+02 -6.3284E+01 -3.9983E+01  1.7104E-01  2.0872E+01
0000058 2.5170E-02  1.3132E+02 -6.7746E+01 -4.4807E+01  1.0915E-01  3.6636E+01
0000058 0.0000E+00  1.3316E+02 -6.3208E+01 -6.0063E+01  0.0000E+00  1.8402E+01
0000059 2.0000E+00  0.0000E+00  0.0000E+00  0.0000E+00  9.7295E-01  0.0000E+00
0000059 1.4251E+00  3.9702E+00  0.0000E+00  0.0000E+00  8.2129E-01  5.6719E+02
0000059 1.4144E+00  7.3283E+00 -2.1179E+00 -1.9423E-02  8.1821E-01  4.1334E+00
0000059 7.4838E-01  1.4009E+01 -5.8480E+00 -1.1422E-01  5.9517E-01  6.5353E+02
0000059 6.4861E-01  2.1752E+01 -8.4774E+00 -7.6692E+00  5.5407E-01  8.6522E+01
0000059 3.2330E-02  2.6267E+01 -1.2758E+01 -1.6461E+01  1.2370E-01  6.1628E+02
0000059 2.8947E-02  3.1303E+01 -1.4918E+01 -1.4428E+01  1.1705E-01  1.9364E+00
0000059 1.7920E-02  4.2116E+01 -1.5113E+01 -1.2516E+01  9.2096E-02  3.9385E+00
0000059 6.7862E-03  4.6274E+01 -1.1991E+01 -1.1686E+01  5.6675E-02  1.1134E+01
0000059 0.0000E+00  4.4588E+01 -7.7808E+00 -6.5718E+00  0.0000E+00  3.5103E-01
0000060 2.0000E+00  0.0000E+00  0.0000E+00  0.0000E+00  9.7295E-01  0.0000E+00
0000060 1.8149E+00  1.7839E+01 -3.9447E-01  7.0864E-01  9.2683E-01  1.5130E+02
0000060 3.1507E-01  3.5053E+01 -2.5663E+00 -3.0878E+00  3.8617E-01  1.4742E+03
0000060 2.9564E-01  4.0439E+01 -4.0918E+00  4.1735E+00  3.7407E-01  1.9435E+01
0000060 2.8778E-01  4.4816E+01 -3.6732E+00  1.2076E+01  3.6907E-01  7.8556E+00
0000060 2.7386E-01  4.7835E+01 -3.0569E+00  2.0523E+01  3.6003E-01  7.2811E+00
0000060 2.6380E-01  4.9488E+01 -2.0280E+00  2.9203E+01  3.5336E-01  3.6590E+00
0000060 1.6485E-01  5.0346E+01 -1.6644E+00  3.7979E+01  2.7933E-01  9.2714E+01
0000060 1.5802E-01  5.3920E+01  2.3560E+00  4.3899E+01  2.7348E-01  6.8314E+00
0000060 1.4513E-01  5.7875E+01  7.3785E+00  4.8590E+01  2.6209E-01  1.2891E+01
0000060 8.8513E-02  6.3328E+01  1.0706E+01  5.3054E+01  2.0468E-01  5.6614E+01
0000060 7.7661E-02  7.6928E+01  1.3590E+01  5.3301E+01  1.9172E-01  2.6576E+00
0000060 6.4925E-02  8.9320E+01  1.9164E+01  5.3629E+01  1.7530E-01  4.3768E+00
0000060 6.2395E-03  9.4757E+01  2.2858E+01  5.4656E+01  5.4344E-02  5.8686E+01
0000060 0.0000E+00  9.2693E+01  2.4561E+01  4.2189E+01  0.0000E+00  5.9967E-01
0000061 2.0000E+00  0.0000E+00  0.0000E+00  0.0000E+00  9.7295E-01  0.0000E+00
0000061 1.9807E+00  7.9404E+00  4.9062E-03  1.7955E-02  9.6824E-01  3.8533E+00
0000061 1.9362E+00  1.9917E+01  3.7495E-01 -3.1864E-01  9.5730E-01  2.1273E+01
0000061 1.9297E+00  3.3824E+01  2.7841E-01 -2.0726E+00  9.5569E-01  6.5169E+00
0000061 1.8953E+00  4.7655E+01  9.0750E-01 -4.1858E+00  9.4715E-01  7.5551E+00
0000061 1.8050E+00  6.1310E+01  2.3475E+00 -6.6015E+00  9.2431E-01  7.9537E+01
0000061 1.7499E+00  7.3942E+01  5.0745E+00 -1.1365E+01  9.1008E-01  2.9715E+01
0000061 1.7207E+00  8.7000E+01  7.7200E+00 -1.4403E+01  9.0247E-01  4.2706E+00
0000061 1.6766E+00  1.0001E+02  9.7951E+00 -1.7810E+01  8.9082E-01  1.9567E+01
0000061 1.6488E+00  1.1307E+02  1.0410E+01 -2.1258E+01  8.8341E-01  3.7031E+00
0000061 1.5076E+00  1.2611E+02  1.1582E+01 -2.4388E+01  8.4472E-01  1.1745E+02
0000061 1.4261E+00  1.3791E+02  1.6113E+01 -2.8077E+01  8.2159E-01  8.1445E+01
0000061 1.3906E+00  1.4928E+02  1.8480E+01 -3.3896E+01  8.1130E-01  3.5507E+01
0000061 1.0010E+00  1.5946E+02  2.1682E+01 -4.1161E+01  6.8832E-01  3.6869E+02
0000061 2.1553E-01  1.6667E+02  3.0162E+01 -4.5432E+01  3.1940E-01  7.8545E+02
0000061 2.0662E-01  1.7979E+02  3.5310E+01 -3.6194E+01  3.1272E-01  5.6414E+00
0000061 2.6246E-02  1.8589E+02  3.7268E+01 -3.0785E+01  1.1146E-01  1.7513E+02
0000061 5.0558E-03  1.8487E+02  4.2197E+01 -2.8263E+01  4.8919E-02  1.9935E+01
0000061 0.0000E+00  1.8136E+02  4.8515E+01 -3.6291E+01  0.0000E+00  3.4127E-01
0000062 2.0000E+00  0.0000E+00  0.0000E+00  0.0000E+00  9.7295E-01  0.0000E+00
0000062 1.9693E+00  1.5675E+01  9.7167E-02 -8.5964E-02  9.6545E-01  7.7120E+00
0000062 1.3856E+00  3.3708E+01 -4.8754E-01  3.1695E-01  8.0984E-01  5.5593E+02
0000062 1.2008E+00  5.5912E+01  8.0963E+00 -9.5584E+00  7.5391E-01  1.7979E+02
0000062 1.1253E+00  6.7924E+01  1.1375E+01 -9.8919E+00  7.2980E-01  7.5550E+01
0000062 1.0978E+00  8.0159E+01  1.1719E+01 -9.1586E+00  7.2084E-01  9.5806E+00
0000062 1.0571E+00  1.0448E+02  1.3039E+01 -9.2266E+00  7.0735E-01  3.5815E+01
0000062 1.0310E+00  1.1635E+02  1.4301E+01 -1.1046E+01  6.9855E-01  9.0458E+00
0000062 6.0276E-01  1.2824E+02  1.5796E+01 -1.1764E+01  5.3413E-01  4.1142E+02
0000062 5.1937E-01  1.3664E+02  1.7524E+01 -5.5527E+00  4.9581E-01  7.2075E+01
0000062 2.8394E-01  1.4237E+02  2.1476E+01  1.9564E+00  3.6660E-01  2.3543E+02
0000062 2.1551E-01  1.4117E+02  2.4581E+01  1.0280E+01  3.1938E-01  6.1852E+01
0000062 1.9794E-01  1.4398E+02  2.8351E+01  1.7308E+01  3.0609E-01  1.2169E+01
0000062 1.8976E-01  1.4855E+02  3.1618E+01  2.3431E+01  2.9969E-01  5.2463E+00
0000062 6.3362E-02  1.5691E+02  4.0410E+01  3.4411E+01  1.7318E-01  1.1844E+02
0000062 5.6398E-02  1.5673E+02  3.9332E+01  4.0942E+01  1.6338E-01  4.6711E+00
0000062 1.0751E-03  1.5676E+02  3.6562E+01  4.6797E+01  2.2558E-02  5.3206E+01
0000062 0.0000E+00  1.5476E+02  3.3939E+01  4.6097E+01  0.0000E+00  2.8834E-01
0000063 2.0000E+00  0.0000E+00  0.0000E+00  0.0000E+00  9.7295E-01  0.0000E+00
0000063 1.9841E+00  7.9404E+00  1.9358E-02  7.0948E-03  9.6907E-01  4.3550E-01
0000063 1.9433E+00  2.1102E+01  1.6229E-01  2.0898E-01  9.5906E-01  1.5266E+01
0000063 1.9113E+00  3.5054E+01  5.8317E-01  1.6320E+00  9.5114E-01  5.0499E+00
0000063 1.8733E+00  4.8929E+01  3.1582E-01  3.2564E+00  9.4162E-01  1.1489E+01
0000063 1.7522E+00  6.2800E+01  7.5732E-01  4.0514E+00  9.1069E-01  9.4867E+01
0000063 1.7239E+00  7.6282E+01 -9.4884E-01  2.5716E+00  9.0329E-01  3.4675E+00
0000063 1.6467E+00  8.9672E+01 -2.3705E+00  5.5589E-01  8.8285E-01  7.7124E+01
0000063 1.5821E+00  1.0302E+02 -1.0514E+00 -5.6535E-01  8.6535E-01  4.0873E+01
0000063 1.4532E+00  1.1587E+02  2.3402E+00 -1.5467E+00  8.2934E-01  1.2892E+02
0000063 1.4246E+00  1.2786E+02  4.7199E+00 -6.1040E+00  8.2115E-01  6.9092E+00
0000063 1.2540E+00  1.3948E+02  6.9521E+00 -1.1471E+01  7.7042E-01  1.4926E+02
0000063 1.2117E+00  1.5183E+02  6.2977E+00 -1.3813E+01  7.5730E-01  4.2352E+01
0000063 1.1071E+00  1.6376E+02  3.3698E+00 -1.6023E+01  7.2388E-01  1.0458E+02
0000063 1.0796E+00  1.8424E+02 -7.4869E+00 -2.3661E+01  7.1483E-01  5.9562E+00
0000063 1.0040E+00  1.9411E+02 -1.2822E+01 -2.8306E+01  6.8935E-01  5.8239E+01
0000063 9.9863E-01  2.0392E+02 -1.9299E+01 -3.0345E+01  6.8751E-01  5.3649E+00
0000063 9.6887E-01  2.1340E+02 -2.6358E+01 -3.1821E+01  6.7719E-01  1.3381E+01
0000063 9.5212E-01  2.3032E+02 -4.1933E+01 -3.7179E+01  6.7131E-01  8.7350E+00
0000063 7.5132E-01  2.3917E+02 -4.9321E+01 -3.9616E+01  5.9633E-01  1.8498E+02
0000063 7.3364E-01  2.4390E+02 -5.7751E+01 -4.5165E+01  5.8927E-01  1.7685E+01
0000063 6.8094E-01  2.4793E+02 -6.7131E+01 -4.9469E+01  5.6772E-01  3.9637E+01
0000063 6.6230E-01  2.4979E+02 -7.7382E+01 -5.2649E+01  5.5989E-01  6.2786E+00
0000063 5.7593E-01  2.5247E+02 -8.7560E+01 -5.5171E+01  5.2211E-01  8.6367E+01
0000063 5.1827E-01  2.5774E+02 -9.6619E+01 -5.4961E+01  4.9528E-01  4.6717E+01
0000063 3.3527E-01  2.6256E+02 -1.0522E+02 -5.7702E+01  3.9836E-01  1.7285E+02
0000063 3.1643E-01  2.6834E+02 -1.1189E+02 -5.4791E+01  3.8700E-01  1.1437E+01
0000063 2.8380E-01  2.7418E+02 -1.1751E+02 -5.0496E+01  3.6651E-01  3.2629E+01
0000063 2.7753E-01  2.8392E+02 -1.2591E+02 -3.8073E+01  3.6243E-01  2.8925E+00
0000063 1.7836E-01  2.8845E+02 -1.3007E+02 -3.1612E+01  2.9055E-01  9.9170E+01
0000063 8.4914E-02  2.9230E+02 -1.2889E+02 -2.4549E+01  2.0048E-01  8.8720E+01
0000063 1.2819E-02  3.0021E+02 -1.3681E+02 -1.6277E+01  7.7895E-02  6.6821E+01
0000063 1.9325E-03  3.0270E+02 -1.3414E+02 -1.2909E+01  3.0243E-02  1.0112E+01
0000063 0.0000E+00  3.0605E+02 -1.3547E+02 -1.2152E+01  0.0000E+00  1.0663E+00
0000064 2.0000E+00  0.0000E+00  0.0000E+00  0.0000E+00  9.7295E-01  0.0000E+00
0000064 1.9534E+00  1.3562E+01 -2.9389E-02  4.8515E-02  9.6155E-01  2.0155E+01
0000064 1.9324E+00  2.3738E+01  9.6850E-01  1.9224E-01  9.5637E-01  1.3559E+00
0000064 2.4407E-01  3.7682E+01  2.3239E+00  1.8377E-02  3.3989E-01  1.6615E+03
0000064 2.1312E-01  4.1141E+01 -1.9663E+00 -6.6888E+00  3.1761E-01  2.5050E+01
0000064 2.0470E-01  4.4192E+01 -3.6391E+00 -1.4374E+01  3.1127E-01  3.0677E+00
0000064 1.0163E-01  4.7186E+01 -4.2932E+00 -2.2158E+01  2.1933E-01  9.7857E+01
0000064 5.3949E-02  5.3290E+01 -2.3087E+00 -2.5544E+01  1.5980E-01  4.7683E+01
0000064 4.9710E-02  5.4874E+01  1.3859E+00 -3.0554E+01  1.5339E-01  2.1859E+00
0000064 3.1073E-02  5.7158E+01  3.9983E+00 -3.5842E+01  1.2127E-01  1.8637E+01
0000064 2.7772E-02  5.9638E+01  8.8370E+00 -3.7869E+01  1.1465E-01  1.8940E+00
0000064 1.3856E-02  6.2220E+01  1.2779E+01 -4.1054E+01  8.0984E-02  1.3916E+01
0000064 6.8464E-03  6.9084E+01  2.5319E+01 -4.2172E+01  5.6926E-02  2.9838E+00
0000064 0.0000E+00  7.9924E+01  2.7466E+01 -4.3486E+01  0.0000E+00  5.1918E-01
0000065 2.0000E+00  0.0000E+00  0.0000E+00  0.0000E+00  9.7295E-01  0.0000E+00
0000065 1.9792E+00  1.1814E+01  4.8791E-02  3.7419E-02  9.6788E-01  5.4115E+00
0000065 1.9606E+00  1.5780E+01  8.5290E-02 -1.5061E-01  9.6332E-01  1.8581E+01
0000065 1.9565E+00  2.9707E+01  1.2347E+00 -1.7140E+00  9.6233E-01  4.0718E+00
0000065 1.8444E+00  4.3663E+01  1.7443E+00 -3.2923E+00  9.3434E-01  8.5072E+01
0000065 1.8135E+00  5.7018E+01  5.1370E+00 -4.6641E+00  9.2648E-01  5.0331E+00
0000065 1.7812E+00  7.0124E+01  8.9874E+00 -6.5462E+00  9.1820E-01  3.2277E+01
0000065 1.7430E+00  8.2658E+01  1.3297E+01 -1.0116E+01  9.0829E-01  1.3033E+01
0000065 1.6567E+00  9.4852E+01  1.7294E+01 -1.4775E+01  8.8551E-01  8.6328E+01
0000065 1.6386E+00  1.0586E+02  2.0177E+01 -2.2004E+01  8.8067E-01  1.8049E+01
0000065 1.6011E+00  1.1597E+02  2.3430E+01 -3.0249E+01  8.7052E-01  1.3893E+01
0000065 1.5630E+00  1.2679E+02  2.6283E+01 -3.7556E+01  8.6011E-01  1.4800E+01
0000065 1.0209E+00  1.3736E+02  3.0354E+01 -4.4500E+01  6.9512E-01  5.4211E+02
0000065 1.0121E+00  1.4290E+02  2.9503E+01 -5.5084E+01  6.9212E-01  8.8033E+00
0000065 8.4497E-01  1.4847E+02  2.9764E+01 -6.5661E+01  6.3241E-01  1.6710E+02
0000065 7.8060E-01  1.5315E+02  3.4641E+01 -7.4908E+01  6.0784E-01  6.4366E+01
0000065 7.2080E-01  1.5682E+02  4.2047E+01 -8.2530E+01  5.8410E-01  4.6131E+01
0000065 6.0730E-01  1.5989E+02  4.7281E+01 -9.1749E+01  5.3614E-01  1.1350E+02
0000065 5.8857E-01  1.5928E+02  5.4475E+01 -9.9524E+01  5.2781E-01  7.3574E+00
0000065 3.2551E-01  1.5875E+02  6.2432E+01 -1.0641E+02  3.9252E-01  2.6306E+02
0000065 3.1183E-01  1.5225E+02  6.7499E+01 -1.1056E+02  3.8418E-01  6.4301E+00
0000065 2.7930E-01  1.4495E+02  7.1695E+01 -1.1413E+02  3.6359E-01  3.2535E+01
0000065 2.6676E-01  1.3978E+02  7.7939E+01 -1.1790E+02  3.5533E-01  6.0405E+00
0000065 2.7179E-02  1.3408E+02  8.4197E+01 -1.2045E+02  1.1342E-01  2.3958E+02
0000065 9.4567E-03  1.3147E+02  9.1209E+01 -1.1229E+02  6.6903E-02  1.4201E+01
0000065 0.0000E+00  1.4082E+02  1.0056E+02 -1.1065E+02  0.0000E+00  4.9885E+00
0000066 2.0000E+00  0.0000E+00  0.0000E+00  0.0000E+00  9.7295E-01  0.0000E+00
0000066 1.9825E+00  1.7122E+01 -8.5270E-02  2.9198E-02  9.6869E-01  1.7391E+01
0000066 1.9501E+00  3.9874E+01  2.1502E+00  2.5670E-01  9.6073E-01  3.1193E+01
0000066 1.4593E+00  5.3567E+01  4.9498E+00  1.6197E+00  8.3109E-01  4.9077E+02
0000066 1.3936E+00  6.3146E+01  1.2538E+01  6.2367E+00  8.1216E-01  4.3987E+01
0000066 1.3690E+00  7.2184E+01  1.9035E+01  1.2788E+01  8.0495E-01  3.6508E+00
0000066 1.0530E+00  8.0949E+01  2.5233E+01  1.9869E+01  7.0598E-01  3.1594E+02
0000066 1.0280E+00  9.1931E+01  3.0026E+01  2.1302E+01  6.9756E-01  7.9503E+00
0000066 9.9800E-01  1.0291E+02  3.4271E+01  2.3640E+01  6.8729E-01  3.0034E+01
0000066 9.0667E-01  1.1356E+02  3.9578E+01  2.4252E+01  6.5509E-01  7.4949E+01
0000066 8.6803E-01  1.2497E+02  4.1693E+01  2.5163E+01  6.4098E-01  2.3387E+01
0000066 8.3672E-01  1.3576E+02  4.5338E+01  2.6976E+01  6.2931E-01  3.1312E+01
0000066 7.7759E-01  1.4605E+02  5.0309E+01  2.7115E+01  6.0667E-01  5.9129E+01
0000066 6.0824E-01  1.5647E+02  5.3705E+01  2.4652E+01  5.3656E-01  1.5571E+02
0000066 5.5208E-01  1.6362E+02  5.8672E+01  1.8591E+01  5.1118E-01  4.4775E+01
0000066 5.4350E-01  1.7224E+02  6.3213E+01  1.5010E+01  5.0719E-01  8.5833E+00
0000066 2.8764E-01  1.8149E+02  6.6892E+01  1.2170E+01  3.6898E-01  2.4537E+02
0000066 2.4485E-01  1.8723E+02  7.3211E+01  1.4984E+01  3.4043E-01  4.2788E+01
0000066 2.3105E-01  1.8980E+02  8.0981E+01  1.7896E+01  3.3070E-01  7.8788E+00
0000066 1.8992E-01  1.9121E+02  8.8469E+01  2.1841E+01  2.9982E-01  4.1139E+01
0000066 1.6481E-01  1.8987E+02  9.6437E+01  2.3438E+01  2.7930E-01  2.0163E+01
0000066 1.5226E-01  1.8640E+02  1.0312E+02  2.6134E+01  2.6845E-01  1.2556E+01
0000066 9.2821E-02  1.8141E+02  1.0827E+02  2.9365E+01  2.0960E-01  5.5211E+01
0000066 8.6491E-02  1.7817E+02  1.0991E+02  3.5501E+01  2.0233E-01  3.3420E+00
0000066 5.3137E-02  1.7408E+02  1.1056E+02  4.1182E+01  1.5859E-01  3.3354E+01
0000066 4.7791E-02  1.7401E+02  1.1314E+02  4.7047E+01  1.5040E-01  3.3136E+00
0000066 3.0465E-02  1.7564E+02  1.1619E+02  5.8948E+01  1.2008E-01  1.3475E+01
0000066 1.5854E-02  1.7869E+02  1.1538E+02  6.3792E+01  8.6625E-02  1.3223E+01
0000066 1.2501E-03  1.7764E+02  1.2085E+02  7.1571E+01  2.4324E-02  9.3202E+00
0000066 0.0000E+00  1.7605E+02  1.1909E+02  7.4084E+01  0.0000E+00  8.7439E-01
0000067 2.0000E+00  0.0000E+00  0.0000E+00  0.0000E+00  9.7295E-01  0.0000E+00
0000067 1.9532E+00  1.0395E+01 -4.8724E-02 -2.8319E-03  9.6151E-01  4.6647E+01
0000067 1.9425E+00  1.5799E+01 -3.6943E-01  7.8181E-01  9.5888E-01  1.7085E-01
0000067 1.9067E+00  2.9675E+01 -1.2147E+00  2.6658E+00  9.4998E-01  8.9641E+00
0000067 1.3852E-01  4.3477E+01 -1.1309E+00  4.7796E+00  2.5606E-01  1.7416E+03
0000067 1.0617E-01  4.4818E+01 -6.5516E+00  1.0110E+01  2.2417E-01  2.8399E+01
0000067 9.4645E-02  4.4462E+01 -1.9718E+01  1.6270E+01  2.1165E-01  8.3721E+00
0000067 8.8634E-02  4.2738E+01 -2.5171E+01  2.0571E+01  2.0482E-01  2.9826E+00
0000067 6.6085E-02  3.8938E+01 -3.5736E+01  2.8697E+01  1.7686E-01  1.5167E+01
0000067 4.8654E-02  3.5811E+01 -4.8438E+01  3.0515E+01  1.5175E-01  1.1996E+01
0000067 3.0236E-02  3.7106E+01 -5.4500E+01  3.1645E+01  1.1963E-01  1.8312E+01
0000067 2.7347E-02  3.4610E+01 -5.9500E+01  3.3099E+01  1.1377E-01  2.8889E+00
0000067 3.7246E-03  3.2874E+01 -6.3991E+01  3.6096E+01  4.1987E-02  2.3622E+01
0000067 0.0000E+00  3.1249E+01 -6.7694E+01  3.0405E+01  0.0000E+00  7.6056E-01
0000068 2.0000E+00  0.0000E+00  0.0000E+00  0.0000E+00  9.7295E-01  0.0000E+00
0000068 1.4020E+00  1.6375E+01  7.1203E-02  2.8788E-02  8.1462E-01  5.9788E+02
0000068 1.3525E+00  2.4707E+01 -4.9171E+00 -1.9502E+00  8.0009E-01  3.3439E+01
0000068 1.3077E+00  3.6166E+01 -1.0608E+01 -2.7938E+00  7.8674E-01  2.4234E+01
0000068 1.2643E+00  4.6660E+01 -1.7690E+01 -3.9909E+00  7.7357E-01  2.3403E+01
0000068 1.2389E+00  5.6103E+01 -2.5784E+01 -6.0871E+00  7.6577E-01  5.8546E+00
0000068 1.2075E+00  6.5033E+01 -3.4441E+01 -7.7720E+00  7.5599E-01  1.2218E+01
0000068 7.3837E-01  7.4291E+01 -4.2782E+01 -8.2863E+00  5.9117E-01  4.6912E+02
0000068 7.2043E-01  7.7200E+01 -5.2770E+01 -4.4192E+00  5.8395E-01  4.8184E+00
0000068 6.0352E-01  8.0197E+01 -6.2317E+01  2.3337E-01  5.3447E-01  1.0402E+02
0000068 5.8265E-01  8.0014E+01 -7.0280E+01  7.2187E+00  5.2514E-01  9.5485E+00
0000068 5.5157E-01  8.1168E+01 -7.8167E+01  1.4069E+01  5.1095E-01  3.1073E+01
0000068 2.8051E-01  8.2895E+01 -8.7211E+01  1.8859E+01  3.6438E-01  2.6046E+02
0000068 1.6647E-01  8.8231E+01 -9.4269E+01  1.7565E+01  2.8070E-01  1.1404E+02
0000068 1.5907E-01  9.0054E+01 -9.9683E+01  1.1944E+01  2.7439E-01  2.9019E+00
0000068 4.8171E-02  9.1436E+01 -1.0577E+02  7.0338E+00  1.5100E-01  1.0654E+02
0000068 1.1816E-02  9.1739E+01 -1.1177E+02  8.8824E+00  7.4785E-02  3.6355E+01
0000068 2.3543E-03  9.5959E+01 -1.1423E+02  8.4597E+00  3.3382E-02  9.4619E+00
0000068 0.0000E+00  9.3897E+01 -1.1993E+02  5.2102E+00  0.0000E+00  3.5599E-01
0000069 2.0000E+00  0.0000E+00  0.0000E+00  0.0000E+00  9.7295E-01  0.0000E+00
0000069 1.9840E+00  1.1910E+01 -6.6694E-02 -1.2057E-02  9.6905E-01  1.8850E-02
0000069 1.9472E+00  2.6013E+01 -1.5581E-01 -1.6545E-01  9.6003E-01  9.4045E+00
0000069 1.9348E+00  4.0007E+01 -1.1593E+00 -6.4869E-01  9.5696E-01  1.2453E+01
0000069 1.9037E+00  5.3853E+01 -2.8338E+00 -2.0199E+00  9.4924E-01  4.2660E+00
0000069 1.8875E+00  6.7722E+01 -3.8697E+00 -3.2109E+00  9.4519E-01  1.6179E+01
0000069 1.5803E+00  8.1382E+01 -5.0297E+00 -5.6659E+00  8.6487E-01  3.0717E+02
0000069 1.5038E+00  9.3303E+01 -1.2688E+00 -1.0277E+01  8.4366E-01  5.3522E+01
0000069 1.4727E+00  1.0521E+02  3.7525E+00 -1.2763E+01  8.3489E-01  8.9088E+00
0000069 1.4402E+00  1.1735E+02  7.8144E+00 -1.5510E+01  8.2563E-01  1.0621E+01
0000069 1.3709E+00  1.2979E+02  1.0873E+01 -1.7856E+01  8.0552E-01  6.9304E+01
0000069 1.2867E+00  1.4228E+02  1.1158E+01 -2.0896E+01  7.8040E-01  8.0619E+01
0000069 1.2174E+00  1.5420E+02  8.3768E+00 -2.4172E+01  7.5908E-01  6.9354E+01
0000069 1.1859E+00  1.7641E+02 -2.3812E+00 -2.7984E+01  7.4921E-01  8.5739E+00
0000069 1.1750E+00  1.8744E+02 -7.4865E+00 -3.0558E+01  7.4575E-01  1.0913E+01
0000069 1.1324E+00  1.9843E+02 -1.1954E+01 -3.4137E+01  7.3210E-01  2.4153E+01
0000069 4.6109E-01  2.0923E+02 -1.7406E+01 -3.6233E+01  4.6716E-01  6.7128E+02
0000069 4.5070E-01  2.1177E+02 -2.7014E+01 -3.5444E+01  4.6187E-01  1.0389E+01
0000069 4.3071E-01  2.1402E+02 -3.6649E+01 -3.6126E+01  4.5151E-01  1.9993E+01
0000069 4.1437E-01  2.1776E+02 -4.5518E+01 -3.8082E+01  4.4286E-01  1.6342E+01
0000069 3.9408E-01  2.2304E+02 -5.3611E+01 -3.9237E+01  4.3189E-01  1.1661E+01
0000069 3.5722E-01  2.2682E+02 -6.2376E+01 -4.0490E+01  4.1119E-01  3.6862E+01
0000069 3.4629E-01  2.3475E+02 -7.7881E+01 -4.7572E+01  4.0485E-01  7.1498E+00
0000069 3.3541E-01  2.3835E+02 -8.5370E+01 -5.1877E+01  3.9844E-01  3.3037E+00
0000069 2.1286E-01  2.4190E+02 -9.2320E+01 -5.6929E+01  3.1741E-01  1.1515E+02
0000069 1.6824E-01  2.4111E+02 -9.6526E+01 -6.4197E+01  2.8219E-01  4.4617E+01
0000069 1.5152E-01  2.4402E+02 -9.8059E+01 -7.9777E+01  2.6780E-01  5.8905E+00
0000069 1.1828E-01  2.4555E+02 -9.6765E+01 -8.7378E+01  2.3661E-01  2.9035E+01
0000069 8.7895E-02  2.4402E+02 -9.7164E+01 -9.4687E+01  2.0397E-01  3.0384E+01
0000069 7.9333E-02  2.4553E+02 -9.5313E+01 -1.0132E+02  1.9378E-01  8.5616E+00
0000069 4.8385E-02  2.4564E+02 -8.6846E+01 -1.1189E+02  1.5133E-01  2.1739E+01
0000069 2.7658E-02  2.4523E+02 -8.0690E+01 -1.1313E+02  1.1441E-01  2.0727E+01
0000069 2.2004E-03  2.4799E+02 -7.5871E+01 -1.1192E+02  3.2272E-02  2.4157E+01
0000069 0.0000E+00  2.4718E+02 -7.7441E+01 -1.0552E+02  0.0000E+00  8.2241E-01
0000070 2.0000E+00  0.0000E+00  0.0000E+00  0.0000E+00  9.7295E-01  0.0000E+00
0000070 1.9582E+00  3.9702E+00  0.0000E+00  0.0000E+00  9.6272E-01  3.4108E+01
0000070 1.9137E+00  1.7067E+01  5.4451E-01  1.6401E+00  9.5172E-01  4.4506E+01
0000070 1.8906E+00  2.5360E+01 -1.9335E-01  3.3660E+00  9.4597E-01  6.8522E+00
0000070 1.8851E+00  3.8759E+01 -2.0189E+00  6.7275E+00  9.4458E-01  5.5509E+00
0000070 1.8758E+00  5.2132E+01 -4.4942E+00  9.7055E+00  9.4226E-01  9.2678E+00
0000070 1.8506E+00  6.5283E+01 -6.7688E+00  1.3612E+01  9.3590E-01  2.5220E+01
0000070 1.8118E+00  7.8150E+01 -7.9115E+00  1.8633E+01  9.2604E-01  1.2861E+01
0000070 1.7573E+00  9.0932E+01 -1.0154E+01  2.3283E+01  9.1201E-01  2.8961E+01
0000070 1.4299E+00  1.1677E+02 -1.1010E+01  3.2197E+01  8.2268E-01  3.2254E+02
0000070 1.3783E+00  1.2971E+02 -1.1473E+01  3.1066E+01  8.0770E-01  3.0200E+01
0000070 1.3672E+00  1.4256E+02 -1.1770E+01  3.1830E+01  8.0443E-01  1.1154E+01
0000070 1.3402E+00  1.5541E+02 -1.1629E+01  3.1520E+01  7.9646E-01  6.2728E+00
0000070 1.3263E+00  1.6815E+02 -1.1558E+01  3.0343E+01  7.9230E-01  1.3962E+01
0000070 1.2957E+00  1.8091E+02 -1.1623E+01  3.0464E+01  7.8312E-01  1.0322E+01
0000070 1.2695E+00  1.9354E+02 -1.0883E+01  3.1375E+01  7.7515E-01  2.6238E+01
0000070 1.2413E+00  2.0612E+02 -1.1907E+01  3.1899E+01  7.6651E-01  8.5727E+00
0000070 1.2110E+00  2.1867E+02 -1.2249E+01  3.1630E+01  7.5710E-01  1.1056E+01
0000070 1.1711E+00  2.3105E+02 -1.3769E+01  3.1462E+01  7.4450E-01  2.1061E+01
0000070 1.1657E+00  2.4310E+02 -1.6147E+01  2.9915E+01  7.4279E-01  5.3887E+00
0000070 1.1280E+00  2.5510E+02 -1.9014E+01  2.9049E+01  7.3067E-01  1.9347E+01
0000070 1.0960E+00  2.7793E+02 -2.6324E+01  2.3944E+01  7.2026E-01  2.5672E+01
0000070 1.0215E+00  2.8964E+02 -2.9448E+01  2.2713E+01  6.9533E-01  7.4559E+01
0000070 1.0040E+00  3.0107E+02 -3.2456E+01  2.4652E+01  6.8936E-01  1.7444E+01
0000070 4.5862E-01  3.1282E+02 -3.4397E+01  2.5486E+01  4.6591E-01  5.2896E+02
0000070 1.5582E-01  3.2252E+02 -4.9690E+01  3.3579E+01  2.7157E-01  2.9546E+02
0000070 9.7740E-02  3.2881E+02 -4.9636E+01  3.8378E+01  2.1509E-01  5.3785E+01
0000070 8.7860E-02  3.3509E+02 -5.2890E+01  3.9719E+01  2.0393E-01  9.8799E+00
0000070 7.8985E-02  3.4385E+02 -6.3487E+01  4.1691E+01  1.9335E-01  2.9698E+00
0000070 6.5902E-02  3.4881E+02 -6.8268E+01  4.2157E+01  1.7661E-01  1.0412E+01
0000070 5.6622E-02  3.5331E+02 -7.2272E+01  4.5022E+01  1.6371E-01  6.9234E+00
0000070 8.1263E-03  3.5902E+02 -7.4740E+01  4.6850E+01  6.2019E-02  4.8496E+01
0000070 0.0000E+00  3.6296E+02 -6.5782E+01  4.8416E+01  0.0000E+00  8.6292E-01
0000071 2.0000E+00  0.0000E+00  0.0000E+00  0.0000E+00  9.7295E-01  0.0000E+00
0000071 1.8725E+00  2.2655E+01 -9.6903E-01 -1.6173E-01  9.4142E-01  1.2186E+02
0000071 1.6226E+00  3.6008E+01 -4.0905E+00  2.1061E+00  8.7637E-01  2.4984E+02
0000071 1.5098E+00  4.9112E+01 -2.1240E+00  4.1714E+00  8.4535E-01  8.9310E+01
0000071 1.4990E+00  6.1049E+01  2.7014E+00  6.9608E+00  8.4233E-01  1.0763E+01
0000071 1.4110E+00  7.3033E+01  7.8334E+00  8.6821E+00  8.1723E-01  6.5868E+01
0000071 1.4050E+00  8.5609E+01  1.0944E+01  8.5906E+00  8.1547E-01  6.0490E+00
0000071 1.3337E+00  9.8000E+01  1.4616E+01  7.8898E+00  7.9451E-01  5.0205E+01
0000071 1.3238E+00  1.1068E+02  1.6118E+01  8.3248E+00  7.9155E-01  9.9055E+00
0000071 1.2856E+00  1.2336E+02  1.7327E+01  7.6982E+00  7.8007E-01  3.8128E+01
0000071 9.4203E-01  1.3597E+02  1.6372E+01  7.0358E+00  6.6774E-01  3.4360E+02
0000071 9.3834E-01  1.4604E+02  1.9489E+01  1.8337E+00  6.6643E-01  3.6992E+00
0000071 8.9035E-01  1.5637E+02  2.1951E+01 -3.1681E+00  6.4916E-01  3.2342E+01
0000071 1.5357E-01  1.6719E+02  2.2440E+01 -7.3247E+00  2.6960E-01  7.2207E+02
0000071 1.4710E-01  1.6775E+02  2.4868E+01 -1.4804E+01  2.6387E-01  6.4626E+00
0000071 1.0422E-01  1.6703E+02  2.6308E+01 -2.2452E+01  2.2210E-01  4.2885E+01
0000071 2.9115E-02  1.6566E+02  3.1211E+01 -2.7673E+01  1.1739E-01  7.1864E+01
0000071 1.5523E-02  1.5739E+02  3.8454E+01 -2.5867E+01  8.5715E-02  7.9262E+00
0000071 4.0782E-03  1.4908E+02  4.2767E+01 -2.7200E+01  4.3935E-02  5.5737E+00
0000071 0.0000E+00  1.3991E+02  5.0130E+01 -3.4678E+01  0.0000E+00  6.8480E-01
0000072 2.0000E+00  0.0000E+00  0.0000E+00  0.0000E+00  9.7295E-01  0.0000E+00
0000072 1.9816E+00  7.9404E+00 -1.4490E-02  1.5911E-02  9.6847E-01  1.0595E+01
0000072 1.8959E+00  2.5957E+01  1.1571E+00 -6.6865E-01  9.4730E-01  8.4675E+01
0000072 1.8213E+00  3.9781E+01 -2.5892E-01  4.7026E-01  9.2847E-01  7.4618E+01
0000072 1.6805E+00  5.3522E+01 -3.7721E-01 -8.3559E-01  8.9185E-01  1.4081E+02
0000072 1.6514E+00  6.6571E+01 -3.9376E+00 -5.6948E-01  8.8411E-01  4.9183E+00
0000072 1.6236E+00  7.9367E+01 -8.1420E+00 -5.6116E-01  8.7663E-01  2.7838E+01
0000072 1.5709E+00  9.1683E+01 -1.3269E+01 -1.9594E+00  8.6229E-01  5.2685E+01
0000072 1.4399E+00  1.0413E+02 -1.6747E+01 -5.1221E+00  8.2555E-01  1.3101E+02
0000072 1.2583E+00  1.1690E+02 -1.6441E+01 -7.6429E+00  7.7175E-01  1.6007E+02
0000072 1.2207E+00  1.2834E+02 -1.1966E+01 -1.0439E+01  7.6011E-01  3.7655E+01
0000072 1.2150E+00  1.4035E+02 -8.6467E+00 -1.1476E+01  7.5833E-01  5.7175E+00
0000072 1.1870E+00  1.5215E+02 -4.6098E+00 -1.2098E+01  7.4954E-01  2.7991E+01
0000072 9.6015E-01  1.7487E+02  4.3716E+00 -1.6530E+01  6.7413E-01  2.0446E+02
0000072 9.3925E-01  1.8511E+02  9.3340E+00 -1.3385E+01  6.6675E-01  4.9843E+00
0000072 9.1806E-01  2.0460E+02  2.1234E+01 -8.0411E+00  6.5919E-01  1.6282E+01
0000072 8.9261E-01  2.1389E+02  2.8190E+01 -6.7119E+00  6.4999E-01  1.0049E+01
0000072 8.8669E-01  2.2381E+02  3.4100E+01 -5.5540E+00  6.4783E-01  5.9251E+00
0000072 7.7389E-01  2.3406E+02  3.9470E+01 -5.0945E+00  6.0522E-01  9.7790E+01
0000072 7.6822E-01  2.4277E+02  4.5307E+01 -1.0950E+00  6.0300E-01  5.6671E+00
0000072 6.8107E-01  2.5170E+02  5.0358E+01  3.4088E+00  5.6777E-01  7.3648E+01
0000072 6.6490E-01  2.6128E+02  5.5430E+01  4.4669E+00  5.6099E-01  3.7982E+00
0000072 5.7709E-02  2.7049E+02  6.0861E+01  6.1679E+00  1.6527E-01  5.9504E+02
0000072 4.8461E-02  2.7246E+02  7.0189E+01 -2.3533E+00  1.5145E-01  3.6853E+00
0000072 1.0699E-02  2.7483E+02  7.8400E+01 -1.1072E+01  7.1162E-02  3.0323E+01
0000072 4.3740E-03  2.7616E+02  8.2818E+01 -9.6610E+00  4.5500E-02  5.6385E+00
0000072 0.0000E+00  2.7933E+02  8.1506E+01 -9.1202E-01  0.0000E+00  7.0539E-01
0000073 2.0000E+00  0.0000E+00  0.0000E+00  0.0000E+00  9.7295E-01  0.0000E+00
0000073 1.9855E+00  3.9702E+00  0.0000E+00  0.0000E+00  9.6942E-01  6.7493E+00
0000073 1.2011E+00  1.0373E+01 -1.2579E-01 -3.5138E-01  7.5400E-01  7.7197E+02
0000073 1.1949E+00  1.3325E+01 -4.6142E-01 -2.9848E+00  7.5204E-01  2.4715E-01
0000073 1.1756E+00  2.2470E+01 -1.4431E+00 -1.1363E+01  7.4595E-01  1.9262E+01
0000073 1.0964E+00  3.1827E+01 -3.8617E+00 -1.9119E+01  7.2039E-01  6.0692E+01
0000073 1.0737E+00  4.2547E+01 -4.8629E+00 -2.4825E+01  7.1287E-01  5.2217E+00
0000073 1.0456E+00  5.3269E+01 -5.0173E+00 -3.0483E+01  7.0351E-01  2.8024E+01
0000073 6.4174E-01  6.3119E+01 -6.5303E+00 -3.7253E+01  5.5113E-01  4.0391E+02
0000073 5.5571E-01  6.8714E+01 -1.8471E+00 -4.5140E+01  5.1286E-01  7.4182E+01
0000073 5.3533E-01  7.0813E+01  2.7379E+00 -5.4232E+01  5.0337E-01  2.0383E+01
0000073 3.0189E-01  7.2112E+01  8.8961E+00 -6.2397E+01  3.7801E-01  2.2306E+02
0000073 2.8125E-01  7.7514E+01  9.6601E+00 -6.9661E+01  3.6486E-01  1.3772E+01
0000073 2.7737E-01  8.4042E+01  9.3033E+00 -7.5769E+01  3.6233E-01  3.8846E+00
0000073 2.6781E-01  9.1084E+01  9.6024E+00 -8.1236E+01  3.5603E-01  3.0906E+00
0000073 1.9902E-01  9.8495E+01  9.2910E+00 -8.6071E+01  3.0692E-01  6.8794E+01
0000073 1.8837E-01  1.0221E+02  8.2936E+00 -9.3446E+01  2.9860E-01  1.0646E+01
0000073 1.7790E-01  1.0494E+02  8.9182E+00 -1.0118E+02  2.9018E-01  5.5673E+00
0000073 1.6973E-01  1.0672E+02  1.0610E+01 -1.0892E+02  2.8343E-01  3.4555E+00
0000073 1.3056E-01  1.0762E+02  1.1588E+01 -1.1686E+02  2.4859E-01  3.9163E+01
0000073 9.7338E-02  1.1072E+02  9.5947E+00 -1.2354E+02  2.1464E-01  2.9432E+01
0000073 7.6814E-02  1.1549E+02  1.0608E+01 -1.2882E+02  1.9068E-01  2.0525E+01
0000073 6.8045E-02  1.2146E+02  1.2942E+01 -1.3129E+02  1.7946E-01  8.7688E+00
0000073 5.1578E-02  1.2791E+02  1.4792E+01 -1.3153E+02  1.5625E-01  1.4058E+01
0000073 4.4288E-02  1.3415E+02  1.3531E+01 -1.3144E+02  1.4478E-01  5.2989E+00
0000073 2.1741E-02  1.3949E+02  1.0392E+01 -1.3126E+02  1.0144E-01  2.2547E+01
0000073 1.8368E-02  1.4466E+02  1.1720E+01 -1.3021E+02  9.3240E-02  2.2689E+00
0000073 1.4756E-03  1.5336E+02  1.1227E+01 -1.2472E+02  2.6427E-02  1.3804E+01
0000073 0.0000E+00  1.5218E+02  1.2566E+01 -1.2167E+02  0.0000E+00  7.7340E-01
0000074 2.0000E+00  0.0000E+00  0.0000E+00  0.0000E+00  9.7295E-01  0.0000E+00
0000074 1.9715E+00  1.6133E+01 -8.0989E-02  2.9878E-02  9.6599E-01  4.7610E+00
0000074 1.5728E+00  2.8769E+01 -2.0531E-01 -5.5857E-01  8.6280E-01  3.9868E+02
0000074 1.5153E+00  4.0877E+01  4.0047E+00  3.0142E+00  8.4687E-01  3.4572E+01
0000074 1.4892E+00  5.2184E+01  9.9921E+00  6.1996E+00  8.3956E-01  3.7433E+00
0000074 1.0595E+00  6.3496E+01  1.6150E+01  8.7462E+00  7.0815E-01  4.0763E+02
0000074 9.9917E-01  7.4833E+01  1.8621E+01  5.3651E+00  6.8770E-01  6.0335E+01
0000074 9.7189E-01  8.4704E+01  2.2568E+01 -2.0978E-02  6.7824E-01  1.0892E+01
0000074 9.6606E-01  9.4070E+01  2.7642E+01 -5.1875E+00  6.7621E-01  5.8276E+00
0000074 8.2510E-01  1.0383E+02  3.2704E+01 -9.5275E+00  6.2493E-01  1.2497E+02
0000074 8.0668E-01  1.1323E+02  3.9134E+01 -9.8040E+00  6.1791E-01  4.1834E+00
0000074 7.5567E-01  1.2223E+02  4.5955E+01 -1.0682E+01  5.9806E-01  3.7010E+01
0000074 4.9880E-01  1.3668E+02  6.2006E+01 -1.6195E+01  4.8589E-01  2.3957E+02
0000074 4.7407E-01  1.3751E+02  7.0886E+01 -2.1032E+01  4.7369E-01  1.4868E+01
0000074 4.6753E-01  1.3871E+02  7.8689E+01 -2.7221E+01  4.7042E-01  6.5352E+00
0000074 4.5472E-01  1.3900E+02  8.6040E+01 -3.3994E+01  4.6392E-01  3.4077E+00
0000074 3.5554E-01  1.4014E+02  9.3303E+01 -4.0682E+01  4.1022E-01  9.9175E+01
0000074 3.3571E-01  1.3971E+02  9.6679E+01 -4.9457E+01  3.9862E-01  1.9828E+01
0000074 2.4114E-01  1.3563E+02  9.9535E+01 -6.7307E+01  3.3784E-01  8.9903E+01
0000074 2.2211E-01  1.3718E+02  1.0331E+02 -7.4945E+01  3.2424E-01  1.3176E+01
0000074 1.2720E-01  1.3928E+02  1.0515E+02 -8.2983E+01  2.4537E-01  8.9392E+01
0000074 3.4097E-02  1.3803E+02  1.1046E+02 -8.8254E+01  1.2704E-01  8.9382E+01
0000074 2.1961E-02  1.4226E+02  1.1419E+02 -8.9969E+01  1.0195E-01  1.0637E+01
0000074 1.7148E-02  1.4744E+02  1.1573E+02 -8.9226E+01  9.0092E-02  3.7001E+00
0000074 8.8963E-03  1.5350E+02  1.2126E+02 -8.3438E+01  6.4890E-02  4.7355E+00
0000074 0.0000E+00  1.5287E+02  1.2522E+02 -8.1036E+01  0.0000E+00  8.0292E+00
0000075 2.0000E+00  0.0000E+00  0.0000E+00  0.0000E+00  9.7295E-01  0.0000E+00
0000075 1.9494E+00  2.7490E+01 -1.3946E-01 -3.0133E-01  9.6057E-01  1.4911E+01
0000075 1.8537E+00  4.1493E+01 -7.1394E-01  5.6601E-01  9.3669E-01  6.8725E+01
0000075 1.8495E+00  5.4894E+01 -1.6590E+00  3.9931E+00  9.3564E-01  4.1649E+00
0000075 1.8375E+00  6.8318E+01 -1.9474E+00  7.4177E+00  9.3259E-01  1.2051E+01
0000075 1.7863E+00  8.1453E+01 -2.9690E+00  1.1636E+01  9.1950E-01  5.1215E+01
0000075 1.7182E+00  9.3959E+01 -6.1611E+00  1.6338E+01  9.0182E-01  4.2780E+01
0000075 1.6617E+00  1.0703E+02 -8.7798E+00  1.9056E+01  8.8686E-01  3.1997E+01
0000075 1.6321E+00  1.2033E+02 -1.0835E+01  2.0006E+01  8.7893E-01  5.6374E+00
0000075 1.6506E-02  1.3366E+02 -1.2099E+01  2.0979E+01  8.8388E-02  1.5920E+03
0000075 6.5657E-03  1.3515E+02 -1.4354E+01  1.1406E+01  5.5746E-02  6.3954E+00
0000075 0.0000E+00  1.4337E+02 -2.0897E+01  8.6932E+00  0.0000E+00  4.7700E-01
0000076 2.0000E+00  0.0000E+00  0.0000E+00  0.0000E+00  9.7295E-01  0.0000E+00
0000076 1.9181E+00  1.2894E+01 -6.2638E-02  2.1145E-02  9.5283E-01  7.4022E+01
0000076 1.9070E+00  1.6794E+01  2.8373E-01 -6.3731E-01  9.5006E-01  3.5708E+00
0000076 1.7996E+00  3.0467E+01  2.0892E+00 -2.8200E+00  9.2293E-01  8.0852E+01
0000076 1.7676E+00  4.3259E+01  3.4112E+00 -7.7194E+00  9.1468E-01  6.5988E+00
0000076 1.7303E+00  5.6101E+01  3.9083E+00 -1.2468E+01  9.0498E-01  1.2248E+01
0000076 9.8819E-01  6.8910E+01  5.4904E+00 -1.6841E+01  6.8391E-01  7.1745E+02
0000076 9.3865E-01  7.5185E+01  4.7854E+00 -2.6911E+01  6.6654E-01  4.9547E+01
0000076 8.9845E-01  8.0878E+01  6.6815E+00 -3.7004E+01  6.5211E-01  2.4549E+01
0000076 3.7466E-01  8.6675E+01  6.6656E+00 -4.7076E+01  4.2111E-01  5.2379E+02
0000076 3.6790E-01  1.0531E+02  9.2919E+00 -4.9660E+01  4.1729E-01  3.0294E+00
0000076 3.0711E-01  1.1473E+02  1.0368E+01 -4.9686E+01  3.8126E-01  5.2878E+01
0000076 2.7548E-01  1.2350E+02  7.8703E+00 -5.0056E+01  3.6109E-01  3.1633E+01
0000076 2.6709E-01  1.3757E+02 -2.4206E+00 -5.3315E+01  3.5555E-01  3.2077E+00
0000076 2.4607E-01  1.4365E+02 -8.3229E+00 -5.5863E+01  3.4128E-01  2.1017E+01
0000076 2.3366E-01  1.4776E+02 -1.4913E+01 -5.9772E+01  3.3256E-01  6.4723E+00
0000076 1.8928E-01  1.5263E+02 -2.1465E+01 -6.2474E+01  2.9932E-01  4.4379E+01
0000076 1.3765E-01  1.5553E+02 -2.9164E+01 -6.2168E+01  2.5525E-01  4.6704E+01
0000076 1.1516E-01  1.6123E+02 -3.4077E+01 -6.0487E+01  2.3347E-01  1.8554E+01
0000076 8.0200E-02  1.6818E+02 -3.6640E+01 -5.9905E+01  1.9483E-01  3.1489E+01
0000076 7.3051E-02  1.7401E+02 -3.7021E+01 -5.6173E+01  1.8595E-01  4.4498E+00
0000076 6.1735E-02  1.8030E+02 -3.8146E+01 -5.3848E+01  1.7094E-01  1.1316E+01
0000076 4.7928E-02  1.8688E+02 -3.8557E+01 -5.4112E+01  1.5062E-01  1.3807E+01
0000076 3.6869E-02  1.9248E+02 -3.9374E+01 -5.1401E+01  1.3210E-01  1.1059E+01
0000076 2.6774E-02  2.0414E+02 -3.8599E+01 -5.1399E+01  1.1257E-01  4.6480E+00
0000076 1.7087E-02  2.1760E+02 -3.5461E+01 -5.9726E+01  8.9931E-02  4.4500E+00
0000076 7.3530E-03  2.2215E+02 -3.9859E+01 -7.7423E+01  5.8994E-02  3.6710E+00
0000076 0.0000E+00  2.1392E+02 -3.4450E+01 -8.0493E+01  0.0000E+00  5.6358E-01
0000077 2.0000E+00  0.0000E+00  0.0000E+00  0.0000E+00  9.7295E-01  0.0000E+00
0000077 1.7991E+00  1.6197E+01 -8.8528E-02  1.0672E-01  9.2280E-01  1.6913E+02
0000077 5.3204E-01  2.5159E+01 -1.1469E+00 -2.3716E+00  5.0182E-01  1.2671E+03
0000077 5.0095E-01  3.2980E+01  2.6613E+00  3.1348E+00  4.8694E-01  2.0760E+01
0000077 4.8073E-01  3.9702E+01  8.1847E+00  8.3745E+00  4.7701E-01  2.0225E+01
0000077 4.6482E-01  4.5515E+01  1.5230E+01  1.2598E+01  4.6905E-01  6.3070E+00
0000077 4.5018E-01  5.1012E+01  2.1741E+01  1.7806E+01  4.6161E-01  5.2678E+00
0000077 3.4188E-01  5.7090E+01  2.7379E+01  2.3246E+01  4.0227E-01  9.9146E+01
0000077 1.4258E-01  5.9550E+01  3.5566E+01  2.6992E+01  2.5978E-01  1.9180E+02
0000077 7.4183E-03  5.5297E+01  4.1820E+01  2.8751E+01  5.9255E-02  1.3516E+02
0000077 0.0000E+00  4.7627E+01  4.0681E+01  3.1316E+01  0.0000E+00  3.2984E+00
0000078 2.0000E+00  0.0000E+00  0.0000E+00  0.0000E+00  9.7295E-01  0.0000E+00
0000078 1.3201E+00  1.1727E+01 -8.9366E-02 -1.9963E-02  7.9044E-01  6.5688E+02
0000078 1.3160E+00  2.5444E+01  4.0926E+00 -8.6104E+00  7.8924E-01  3.9799E+00
0000078 1.2919E+00  3.5489E+01  7.5934E+00 -1.5615E+01  7.8198E-01  3.9825E+00
0000078 1.2745E+00  4.5047E+01  1.1210E+01 -2.3119E+01  7.7670E-01  1.7412E+01
0000078 1.2568E+00  5.3690E+01  1.4505E+01 -3.1730E+01  7.7127E-01  1.7758E+01
0000078 1.2217E+00  6.2533E+01  1.6331E+01 -4.0510E+01  7.6042E-01  3.5111E+01
0000078 1.1981E+00  6.9970E+01  1.7192E+01 -5.0530E+01  7.5305E-01  4.5230E+00
0000078 1.1599E+00  7.7959E+01  1.7851E+01 -6.0054E+01  7.4095E-01  1.9444E+01
0000078 1.1211E+00  8.4615E+01  1.8784E+01 -7.0417E+01  7.2846E-01  2.0470E+01
0000078 3.7827E-01  9.1874E+01  2.1057E+01 -8.0021E+01  4.2313E-01  7.4288E+02
0000078 3.1716E-01  9.5982E+01  2.9437E+01 -8.2006E+01  3.8745E-01  6.1114E+01
0000078 2.9672E-01  1.0132E+02  3.5295E+01 -8.6641E+01  3.7475E-01  1.3323E+01
0000078 2.8417E-01  1.0796E+02  3.9857E+01 -9.0767E+01  3.6675E-01  1.2543E+01
0000078 2.1323E-01  1.1546E+02  4.4072E+01 -9.3280E+01  3.1769E-01  6.4368E+01
0000078 1.8849E-01  1.2134E+02  4.5900E+01 -9.9053E+01  2.9869E-01  2.4739E+01
0000078 1.7870E-01  1.2616E+02  5.0303E+01 -1.0405E+02  2.9083E-01  4.8747E+00
0000078 1.6617E-01  1.3152E+02  5.5081E+01 -1.0787E+02  2.8045E-01  7.7984E+00
0000078 6.4742E-02  1.3590E+02  5.9376E+01 -1.1303E+02  1.7505E-01  1.0143E+02
0000078 5.6407E-02  1.3932E+02  5.7271E+01 -1.1833E+02  1.6340E-01  6.0073E+00
0000078 3.1088E-02  1.4078E+02  5.4700E+01 -1.2409E+02  1.2130E-01  2.5318E+01
0000078 7.4442E-03  1.4007E+02  5.6014E+01 -1.2970E+02  5.9359E-02  2.3644E+01
0000078 0.0000E+00  1.4260E+02  5.0501E+01 -1.4015E+02  0.0000E+00  2.5628E+00
0000079 2.0000E+00  0.0000E+00  0.0000E+00  0.0000E+00  9.7295E-01  0.0000E+00
0000079 1.9681E+00  3.9702E+00  0.0000E+00  0.0000E+00  9.6517E-01  2.4156E+01
0000079 1.9557E+00  9.6348E+00  5.1492E-01 -3.5853E-01  9.6213E-01  1.3712E+00
0000079 1.9480E+00  1.3590E+01  7.7114E-01 -5.8703E-01  9.6022E-01  8.8166E-02
0000079 1.9360E+00  2.7583E+01  1.5835E+00 -1.3847E+00  9.5725E-01  1.2045E+01
0000079 1.8930E+00  4.1549E+01  1.3584E+00 -2.5589E+00  9.4658E-01  1.6094E+01
0000079 1.8855E+00  5.5308E+01  1.8039E-02 -4.3408E+00  9.4468E-01  7.5677E+00
0000079 1.8712E+00  8.3041E+01 -1.3472E+00 -6.1852E+00  9.4110E-01  8.9304E+00
0000079 1.8649E+00  9.6814E+01 -2.6080E+00 -7.5458E+00  9.3952E-01  6.2703E+00
0000079 7.9611E-01  1.1063E+02 -3.8292E+00 -8.1044E+00  6.1385E-01  1.0427E+03
0000079 7.0565E-01  1.1752E+02 -1.2061E+01 -4.5786E+00  5.7792E-01  9.0461E+01
0000079 6.2732E-01  1.2485E+02 -2.0236E+01 -4.8492E+00  5.4490E-01  7.8330E+01
0000079 6.0957E-01  1.3246E+02 -2.6829E+01 -8.4220E+00  5.3714E-01  6.0981E+00
0000079 5.7465E-01  1.3926E+02 -3.3953E+01 -1.2405E+01  5.2153E-01  3.4920E+01
0000079 5.5828E-01  1.4706E+02 -4.0734E+01 -1.4079E+01  5.1404E-01  5.4502E+00
0000079 4.4392E-01  1.6355E+02 -5.3004E+01 -1.7079E+01  4.5838E-01  9.8034E+01
0000079 4.2253E-01  1.7897E+02 -6.0219E+01 -2.7066E+01  4.4720E-01  1.8338E+01
0000079 3.9310E-01  1.8527E+02 -6.3238E+01 -3.3900E+01  4.3135E-01  2.9430E+01
0000079 3.7917E-01  1.8936E+02 -6.7213E+01 -4.1653E+01  4.2363E-01  5.6352E+00
0000079 3.3966E-01  1.9274E+02 -7.0449E+01 -4.9971E+01  4.0096E-01  3.9509E+01
0000079 7.8623E-02  1.9840E+02 -7.1860E+01 -5.7243E+01  1.9291E-01  2.6103E+02
0000079 3.1029E-02  1.9610E+02 -8.0803E+01 -6.7250E+01  1.2119E-01  4.1481E+01
0000079 7.7664E-03  1.9145E+02 -8.2301E+01 -7.0389E+01  6.0630E-02  2.1856E+01
0000079 0.0000E+00  1.9221E+02 -7.6648E+01 -7.9603E+01  0.0000E+00  1.6802E+00
0000080 2.0000E+00  0.0000E+00  0.0000E+00  0.0000E+00  9.7295E-01  0.0000E+00
0000080 3.6188E-02  3.9702E+00  0.0000E+00  0.0000E+00  1.3088E-01  1.9561E+03
0000080 1.3345E-02  4.5515E+00 -4.1130E+00 -1.0010E+00  7.9477E-02  2.1724E+01
0000080 1.0420E-02-  5.7050E+01 -6.6428E+01  4.7787E+01  0.0000E+00  2.2382E+00
0000081 2.0000E+00  0.0000E+00  0.0000E+00  0.0000E+00  9.7295E-01  0.0000E+00
0000081 1.9583E+00  3.0859E+01 -4.2630E-01  3.2913E-01  9.6277E-01  4.3843E+00
0000081 9.0786E-01  4.4871E+01 -1.1552E+00  1.1973E+00  6.5552E-01  1.0505E+03
0000081 8.5761E-01  5.3223E+01 -3.0209E+00 -6.7066E+00  6.3712E-01  5.0249E+01
0000081 5.4416E-01  6.2354E+01 -6.6590E+00 -1.2664E+01  5.0750E-01  3.1345E+02
0000081 3.0151E-01  6.8937E+01 -1.4583E+01 -1.3639E+01  3.7777E-01  2.4264E+02
0000081 2.9178E-01  7.7268E+01 -1.6087E+01 -1.6929E+01  3.7163E-01  2.8709E+00
0000081 2.7666E-01  8.5221E+01 -1.8341E+01 -2.0532E+01  3.6187E-01  8.4209E+00
0000081 2.6519E-01  9.2596E+01 -2.2019E+01 -2.3935E+01  3.5429E-01  1.1465E+01
0000081 2.4979E-01  9.8741E+01 -2.6745E+01 -2.8172E+01  3.4385E-01  9.1393E+00
0000081 2.1632E-01  1.0427E+02 -3.2656E+01 -3.1420E+01  3.1998E-01  2.7469E+01
0000081 1.7342E-01  1.1050E+02 -3.8376E+01 -3.1820E+01  2.8650E-01  4.2909E+01
0000081 5.9880E-02  1.1826E+02 -4.0628E+01 -3.1953E+01  1.6835E-01  1.0891E+02
0000081 3.2907E-02  1.2142E+02 -4.3452E+01 -3.6949E+01  1.2480E-01  2.6973E+01
0000081 5.5654E-03  1.2410E+02 -4.1792E+01 -4.1889E+01  5.1324E-02  2.7341E+01
0000081 0.0000E+00  1.1025E+02 -4.1400E+01 -4.1734E+01  0.0000E+00  5.0356E-01
0000082 2.0000E+00  0.0000E+00  0.0000E+00  0.0000E+00  9.7295E-01  0.0000E+00
0000082 1.9782E+00  1.2707E+01  3.3165E-02 -7.8125E-02  9.6764E-01  4.5687E+00
0000082 1.9336E+00  2.4710E+01  3.8700E-01  3.0185E-01  9.5666E-01  2.1421E+01
0000082 1.4329E+00  3.8618E+01 -3.0092E-03  1.9713E+00  8.2353E-01  5.0071E+02
0000082 1.3681E+00  4.9055E+01 -5.1300E+00  7.7927E+00  8.0471E-01  4.3304E+01
0000082 8.1850E-01  5.8997E+01 -8.6481E+00  1.5149E+01  6.2242E-01  5.4964E+02
0000082 7.7916E-01  7.8544E+01 -2.0118E+01  1.4073E+01  6.0728E-01  1.8260E+01
0000082 7.4139E-01  8.7061E+01 -2.7439E+01  1.4484E+01  5.9238E-01  3.7772E+01
0000082 4.8358E-01  9.6447E+01 -3.3230E+01  1.3151E+01  4.7842E-01  2.5781E+02
0000082 4.6411E-01  1.0414E+02 -3.7498E+01  1.8058E+01  4.6869E-01  9.8258E+00
0000082 4.4968E-01  1.1224E+02 -4.2122E+01  2.1618E+01  4.6135E-01  5.0746E+00
0000082 4.2391E-01  1.2073E+02 -4.6542E+01  2.4218E+01  4.4793E-01  1.6625E+01
0000082 3.9994E-01  1.2826E+02 -5.1095E+01  2.8488E+01  4.3508E-01  2.3967E+01
0000082 2.6335E-01  1.3454E+02 -5.7494E+01  3.2092E+01  3.5306E-01  1.3659E+02
0000082 2.3081E-01  1.3691E+02 -6.5991E+01  3.2064E+01  3.3052E-01  2.6314E+01
0000082 2.1882E-01  1.3703E+02 -7.4401E+01  3.3753E+01  3.2182E-01  6.3191E+00
0000082 2.0979E-01  1.3842E+02 -8.2456E+01  3.6025E+01  3.1512E-01  3.5668E+00
0000082 1.5345E-01  1.4194E+02 -9.6913E+01  4.3585E+01  2.6950E-01  4.4348E+01
0000082 1.1531E-01  1.4727E+02 -1.0222E+02  4.5959E+01  2.3362E-01  3.3897E+01
0000082 1.0861E-01  1.4924E+02 -1.0816E+02  4.9979E+01  2.2673E-01  3.2224E+00
0000082 2.0403E-02  1.5162E+02 -1.1320E+02  5.4775E+01  9.8270E-02  8.8204E+01
0000082 1.3924E-02  1.5478E+02 -1.1135E+02  5.8726E+01  8.1182E-02  6.4786E+00
0000082 5.7279E-03  1.6271E+02 -1.0563E+02  5.9539E+01  5.2068E-02  5.3007E+00
0000082 0.0000E+00  1.7188E+02 -1.0906E+02  6.3911E+01  0.0000E+00  1.1760E+00
0000083 2.0000E+00  0.0000E+00  0.0000E+00  0.0000E+00  9.7295E-01  0.0000E+00
0000083 1.9747E+00  1.5951E+01  3.6301E-02  1.8347E-02  9.6677E-01  1.9918E+00
0000083 1.5942E+00  2.6961E+01  1.7008E-01  3.7011E-01  8.6866E-01  3.8047E+02
0000083 1.2814E+00  3.8807E+01  5.6085E+00  3.2639E+00  7.7877E-01  2.8965E+02
0000083 1.2762E+00  5.0698E+01  5.4648E+00  7.5896E+00  7.7721E-01  5.1376E+00
0000083 1.2255E+00  6.2632E+01  4.5634E+00  1.1659E+01  7.6160E-01  5.0754E+01
0000083 1.1961E+00  7.4781E+01  5.8031E+00  1.4409E+01  7.5243E-01  1.0249E+01
0000083 1.1739E+00  8.6557E+01  7.8897E+00  1.7848E+01  7.4541E-01  3.4917E+00
0000083 1.1506E+00  9.8044E+01  1.0318E+01  2.1797E+01  7.3797E-01  2.3317E+01
0000083 9.5792E-01  1.0871E+02  1.3682E+01  2.6974E+01  6.7335E-01  1.7449E+02
0000083 9.4326E-01  1.1981E+02  1.7678E+01  2.7351E+01  6.6818E-01  1.4668E+01
0000083 9.0761E-01  1.3085E+02  2.1310E+01  2.9141E+01  6.5543E-01  3.5646E+01
0000083 8.8146E-01  1.5258E+02  2.5277E+01  3.6412E+01  6.4592E-01  2.0462E+01
0000083 8.7622E-01  1.6281E+02  2.7840E+01  4.1180E+01  6.4400E-01  5.2359E+00
0000083 8.6222E-01  1.7298E+02  3.1182E+01  4.5519E+01  6.3883E-01  1.4003E+01
0000083 7.9632E-01  1.8234E+02  3.5382E+01  5.0724E+01  6.1393E-01  6.5904E+01
0000083 7.8744E-01  1.8947E+02  4.0004E+01  5.8166E+01  6.1050E-01  8.8802E+00
0000083 6.7855E-01  1.9675E+02  4.5484E+01  6.4792E+01  5.6672E-01  9.5126E+01
0000083 6.2102E-01  2.0624E+02  4.9078E+01  6.8723E+01  5.4216E-01  4.5200E+01
0000083 6.1772E-01  2.1565E+02  5.0018E+01  7.3657E+01  5.4072E-01  3.3004E+00
0000083 5.9979E-01  2.2527E+02  5.0307E+01  7.8224E+01  5.3281E-01  6.4152E+00
0000083 5.7442E-01  2.3503E+02  5.1464E+01  8.2138E+01  5.2142E-01  2.5368E+01
0000083 5.5742E-01  2.4527E+02  5.1395E+01  8.4318E+01  5.1365E-01  6.0700E+00
0000083 4.9243E-01  2.5542E+02  5.0255E+01  8.6340E+01  4.8278E-01  5.4308E+01
0000083 4.7713E-01  2.6415E+02  4.6526E+01  8.9821E+01  4.7522E-01  5.5258E+00
0000083 4.2906E-01  2.7325E+02  4.3790E+01  9.3074E+01  4.5064E-01  4.8073E+01
0000083 3.7729E-01  2.8231E+02  4.0014E+01  9.3300E+01  4.2258E-01  4.2928E+01
0000083 4.1342E-03  2.8978E+02  3.4347E+01  9.1572E+01  4.4235E-02  3.7315E+02
0000083 0.0000E+00  2.9252E+02  3.6570E+01  9.3725E+01  0.0000E+00  3.2814E+00
0000084 2.0000E+00  0.0000E+00  0.0000E+00  0.0000E+00  9.7295E-01  0.0000E+00
0000084 1.9779E+00  1.3987E+01 -1.4912E-01  3.0900E-02  9.6756E-01  2.1372E+00
0000084 1.8210E+00  2.3874E+01  2.7299E-02  3.2866E-02  9.2840E-01  1.3775E+02
0000084 1.8078E+00  3.7237E+01 -2.9061E+00  1.8622E+00  9.2502E-01  1.3215E+01
0000084 1.7696E+00  5.0403E+01 -6.7950E+00  3.0354E+00  9.1520E-01  1.2713E+01
0000084 1.5737E+00  7.5912E+01 -1.5584E+01  7.7010E+00  8.6304E-01  1.8909E+02
0000084 1.3853E+00  8.8985E+01 -1.5904E+01  1.0177E+01  8.0974E-01  1.8837E+02
0000084 1.0801E+00  1.0153E+02 -1.3043E+01  9.3403E+00  7.1501E-01  3.0518E+02
0000084 6.7972E-01  1.1078E+02 -5.1788E+00  9.6240E+00  5.6721E-01  4.0039E+02
0000084 6.4022E-01  1.2179E+02  7.2421E+00  2.3640E+01  5.5048E-01  3.2822E+01
0000084 4.8422E-01  1.2802E+02  1.4235E+01  2.8890E+01  4.7874E-01  1.5599E+02
0000084 4.4480E-01  1.3023E+02  3.1137E+01  3.9589E+01  4.5884E-01  2.6508E+01
0000084 4.2792E-01  1.3325E+02  3.9884E+01  4.3080E+01  4.5005E-01  7.8044E+00
0000084 1.0910E-01  1.3703E+02  4.8607E+01  4.5487E+01  2.2724E-01  3.0999E+02
0000084 9.3219E-02  1.2980E+02  6.1289E+01  4.5746E+01  2.1005E-01  1.1990E+01
0000084 7.0014E-02  1.2546E+02  6.6665E+01  4.7516E+01  1.8204E-01  2.3205E+01
0000084 5.9144E-02  1.1923E+02  6.9179E+01  4.8172E+01  1.6731E-01  8.4126E+00
0000084 4.5125E-02  1.0498E+02  8.0732E+01  4.2553E+01  1.4615E-01  4.5986E+00
0000084 3.4290E-02  1.0124E+02  8.5688E+01  4.2827E+01  1.2740E-01  9.0197E+00
0000084 2.3594E-02  9.6412E+01  8.8722E+01  4.1287E+01  1.0568E-01  9.1906E+00
0000084 9.2091E-03  8.8192E+01  9.5601E+01  4.2863E+01  6.6021E-02  1.2190E+01
0000084 0.0000E+00  8.5212E+01  9.7033E+01  3.9516E+01  0.0000E+00  8.1195E+00
0000085 2.0000E+00  0.0000E+00  0.0000E+00  0.0000E+00  9.7295E-01  0.0000E+00
0000085 1.9734E+00  1.3206E+01 -2.2565E-02  2.7853E-03  9.6645E-01  9.5199E-01
0000085 1.9597E+00  2.0099E+01  5.0977E-02  1.2631E-01  9.6310E-01  3.3947E-01
0000085 1.9452E+00  3.4153E+01  3.8261E-01  4.1296E-01  9.5952E-01  3.7017E+00
0000085 1.8981E+00  4.8160E+01  1.2535E+00  4.1225E-01  9.4783E-01  2.0167E+01
0000085 1.8237E+00  6.1919E+01  3.5287E+00  6.0315E-01  9.2907E-01  7.4418E+01
0000085 4.5578E-01  7.4861E+01  8.2890E+00 -1.0006E-01  4.6447E-01  1.3422E+03
0000085 3.5222E-01  8.1907E+01  2.9842E+00 -4.6927E+00  4.0830E-01  9.4326E+01
0000085 1.9872E-02  8.7185E+01  8.1656E-01 -1.2154E+01  9.6984E-02  3.2468E+02
0000085 0.0000E+00  1.0152E+02  1.7077E+00 -1.3025E+01  0.0000E+00  1.0615E+01
0000086 2.0000E+00  0.0000E+00  0.0000E+00  0.0000E+00  9.7295E-01  0.0000E+00
0000086 1.9641E+00  3.9702E+00  0.0000E+00  0.0000E+00  9.6417E-01  2.8222E+01
0000086 1.9574E+00  1.4982E+01  9.4936E-01 -9.1670E-01  9.6254E-01  6.6340E+00
0000086 1.7207E+00  3.2973E+01  1.5769E+00 -1.8480E+00  9.0247E-01  2.3665E+02
0000086 1.6709E+00  4.5993E+01  2.1547E-01  1.8671E+00  8.8932E-01  4.9796E+01
0000086 1.6635E+00  5.8169E+01 -2.9195E+00  6.8097E+00  8.8732E-01  7.4957E+00
0000086 1.2981E+00  7.0322E+01 -6.7854E+00  1.1219E+01  7.8385E-01  3.4140E+02
0000086 1.1932E+00  8.0175E+01 -1.4778E+01  1.1622E+01  7.5150E-01  1.0494E+02
0000086 1.1574E+00  8.8232E+01 -2.3610E+01  1.5050E+01  7.4014E-01  1.7088E+01
0000086 1.1257E+00  9.6451E+01 -3.2613E+01  1.6997E+01  7.2994E-01  1.3406E+01
0000086 8.7291E-01  1.0428E+02 -4.1483E+01  2.0219E+01  6.4278E-01  2.5279E+02
0000086 8.3398E-01  1.0657E+02 -5.2210E+01  2.3810E+01  6.2828E-01  3.7388E+01
0000086 8.1170E-01  1.0806E+02 -6.3445E+01  2.5204E+01  6.1983E-01  7.9292E+00
0000086 3.5820E-01  1.1023E+02 -7.4569E+01  2.5717E+01  4.1176E-01  4.5350E+02
0000086 2.8520E-01  1.0798E+02 -8.1103E+01  3.2131E+01  3.6741E-01  7.2998E+01
0000086 2.2272E-01  1.0946E+02 -8.5802E+01  3.9633E+01  3.2468E-01  6.2479E+01
0000086 1.0398E-01  1.1449E+02 -8.8523E+01  4.5939E+01  2.2184E-01  1.1322E+02
0000086 1.4935E-02  1.1813E+02 -9.4716E+01  4.7172E+01  8.4077E-02  8.5806E+01
0000086 7.2723E-03  1.2495E+02 -9.8590E+01  4.1698E+01  5.8670E-02  2.8843E+00
0000086 0.0000E+00  1.2027E+02 -1.0142E+02  2.9262E+01  0.0000E+00  7.4780E-01
0000087 2.0000E+00  0.0000E+00  0.0000E+00  0.0000E+00  9.7295E-01  0.0000E+00
0000087 1.9723E+00  1.6208E+01 -3.0286E-01  5.0738E-02  9.6620E-01  2.5946E+00
0000087 1.9646E+00  2.0178E+01 -2.5828E-01  4.9537E-02  9.6431E-01  1.1632E-02
0000087 1.9593E+00  3.4246E+01 -1.2169E-01  7.1982E-02  9.6300E-01  5.3549E+00
0000087 1.8723E+00  4.8279E+01  6.1319E-01  5.1894E-01  9.4138E-01  8.6974E+01
0000087 1.8549E+00  6.1972E+01  5.4446E-01 -1.8685E+00  9.3699E-01  1.7419E+01
0000087 1.8448E+00  7.5587E+01 -8.5361E-01 -4.0991E+00  9.3445E-01  1.0059E+01
0000087 1.7207E+00  8.9259E+01 -2.6384E+00 -5.3863E+00  9.0246E-01  1.2416E+02
0000087 1.7042E+00  1.0275E+02 -9.2573E-01 -5.8412E+00  8.9813E-01  1.6479E+01
0000087 1.6916E+00  1.1601E+02  1.5725E+00 -7.3460E+00  8.9480E-01  1.2609E+01
0000087 1.6636E+00  1.2940E+02  2.9142E+00 -8.9462E+00  8.8735E-01  3.7798E+00
0000087 1.5691E+00  1.4280E+02  4.2164E+00 -9.9014E+00  8.6179E-01  7.0526E+01
0000087 1.5567E+00  1.5567E+02  7.3525E+00 -8.8055E+00  8.5837E-01  1.2420E+01
0000087 1.5458E+00  1.6866E+02  9.5006E+00 -7.0669E+00  8.5537E-01  1.0863E+01
0000087 1.4928E+00  1.8136E+02  1.2699E+01 -5.1047E+00  8.4059E-01  3.0292E+01
0000087 1.4655E+00  1.9368E+02  1.7213E+01 -4.4116E+00  8.3286E-01  5.2566E+00
0000087 1.4386E+00  2.0617E+02  2.0983E+01 -3.5328E+00  8.2519E-01  5.0765E+00
0000087 1.4127E+00  2.1875E+02  2.4098E+01 -2.2437E+00  8.1770E-01  4.4925E+00
0000087 1.3862E+00  2.3143E+02  2.6495E+01 -1.0526E+00  8.1002E-01  5.2281E+00
0000087 1.3196E+00  2.4418E+02  2.8110E+01  1.5848E-02  7.9032E-01  6.6627E+01
0000087 1.2402E+00  2.6916E+02  2.5689E+01  4.2843E+00  7.6616E-01  7.2621E+01
0000087 1.1639E+00  2.8118E+02  2.6574E+01  7.7916E+00  7.4223E-01  5.7034E+01
0000087 1.1545E+00  2.9239E+02  3.0016E+01  1.1714E+01  7.3920E-01  9.4736E+00
0000087 1.1489E+00  3.0397E+02  3.3075E+01  1.4658E+01  7.3742E-01  5.5630E+00
0000087 1.0974E+00  3.1555E+02  3.5465E+01  1.8136E+01  7.2071E-01  3.5037E+01
0000087 1.0736E+00  3.2633E+02  3.7241E+01  2.3535E+01  7.1285E-01  6.2189E+00
0000087 1.0683E+00  3.3670E+02  3.9758E+01  2.9300E+01  7.1109E-01  5.3087E+00
0000087 9.8998E-01  3.6970E+02  4.4568E+01  4.3528E+01  6.8452E-01  5.3736E+01
0000087 9.3759E-01  3.8036E+02  4.3524E+01  4.8686E+01  6.6617E-01  5.2382E+01
0000087 9.2971E-01  3.9170E+02  4.1903E+01  5.1252E+01  6.6336E-01  7.8856E+00
0000087 8.6078E-01  4.0291E+02  3.9284E+01  5.3437E+01  6.3830E-01  5.3381E+01
0000087 6.8509E-01  4.1278E+02  3.4952E+01  5.7444E+01  5.6944E-01  1.6101E+02
0000087 1.6003E-03  4.2258E+02  3.0276E+01  5.6415E+01  2.7522E-02  6.7107E+02
0000087 0.0000E+00  4.2430E+02  3.3420E+01  5.6446E+01  0.0000E+00  9.9829E-01
0000088 2.0000E+00  0.0000E+00  0.0000E+00  0.0000E+00  9.7295E-01  0.0000E+00
0000088 1.9895E+00  1.3905E+01 -3.3242E-01 -2.8864E-01  9.7040E-01  5.4266E+00
0000088 1.6761E+00  2.7955E+01 -1.6709E+00 -4.3442E-01  8.9069E-01  2.8601E+02
0000088 1.6556E+00  4.0007E+01 -6.5150E+00 -4.1822E+00  8.8524E-01  2.0465E+01
0000088 1.5850E+00  5.2079E+01 -1.2007E+01 -6.5835E+00  8.6614E-01  4.6806E+01
0000088 1.3760E+00  6.3047E+01 -1.9385E+01 -8.3268E+00  8.0701E-01  1.8592E+02
0000088 1.3348E+00  7.4224E+01 -2.5224E+01 -5.7259E+00  7.9485E-01  2.0367E+01
0000088 1.2722E+00  8.4929E+01 -3.2051E+01 -4.2626E+00  7.7598E-01  6.2633E+01
0000088 1.2479E+00  9.6546E+01 -3.6999E+01 -4.6239E+00  7.6854E-01  4.6867E+00
0000088 1.1411E+00  1.0779E+02 -4.2621E+01 -4.9227E+00  7.3493E-01  1.0674E+02
0000088 8.9722E-01  1.1974E+02 -4.4938E+01 -6.6930E+00  6.5167E-01  2.4393E+02
0000088 5.6708E-01  1.3087E+02 -4.4786E+01 -3.3579E+00  5.1808E-01  3.1499E+02
0000088 5.3991E-01  1.4068E+02 -4.4419E+01 -6.9271E+00  5.0552E-01  1.6350E+01
0000088 4.4779E-01  1.5005E+02 -4.2332E+01 -1.0738E+01  4.6038E-01  9.2122E+01
0000088 4.1379E-01  1.5665E+02 -4.0304E+01 -1.7834E+01  4.4255E-01  2.4880E+01
0000088 4.0047E-01  1.6468E+02 -3.8912E+01 -2.3156E+01  4.3537E-01  4.7048E+00
0000088 3.6710E-01  1.7301E+02 -3.8415E+01 -2.8024E+01  4.1684E-01  3.3368E+01
0000088 1.9971E-01  1.8215E+02 -3.7279E+01 -3.0289E+01  3.0745E-01  1.5949E+02
0000088 8.7274E-02  1.9185E+02 -3.4571E+01 -4.3383E+01  2.0324E-01  1.0317E+02
0000088 7.8404E-02  1.9026E+02 -2.7322E+01 -5.5154E+01  1.9264E-01  4.1891E+00
0000088 4.6770E-02  1.8766E+02 -2.5233E+01 -6.1192E+01  1.4879E-01  3.1634E+01
0000088 8.7335E-03  1.8889E+02 -2.1273E+01 -6.5872E+01  6.4294E-02  3.8037E+01
0000088 0.0000E+00  1.9644E+02 -2.4290E+01 -6.7768E+01  0.0000E+00  3.5714E+00
0000089 2.0000E+00  0.0000E+00  0.0000E+00  0.0000E+00  9.7295E-01  0.0000E+00
0000089 1.9785E+00  1.0512E+01 -2.8523E-02 -4.2691E-02  9.6771E-01  9.4189E-01
0000089 1.6763E+00  2.2445E+01 -2.6376E-01  6.4380E-02  8.9075E-01  2.7906E+02
0000089 1.4772E+00  3.4949E+01 -3.0783E+00 -4.2373E+00  8.3618E-01  1.7504E+02
0000089 1.4619E+00  4.5212E+01 -4.8415E+00 -1.2190E+01  8.3182E-01  1.5341E+01
0000089 1.4420E+00  5.4875E+01 -7.7434E+00 -2.0498E+01  8.2614E-01  1.9918E+01
0000089 1.4385E+00  6.4103E+01 -1.2093E+01 -2.8594E+01  8.2516E-01  3.4221E+00
0000089 8.3339E-01  7.3672E+01 -1.5928E+01 -3.6543E+01  6.2806E-01  6.0514E+02
0000089 1.7053E-01  8.3670E+01 -1.2154E+01 -4.0560E+01  2.8410E-01  6.4853E+02
0000089 1.5893E-01  8.7776E+01 -6.9891E+00 -3.5941E+01  2.7427E-01  7.0202E+00
0000089 8.5778E-02  9.2531E+01 -1.4600E+00 -3.2803E+01  2.0150E-01  6.8797E+01
0000089 5.4638E-02  9.4363E+01  5.1952E+00 -3.4076E+01  1.6081E-01  2.8312E+01
0000089 3.9477E-02  9.9043E+01  9.5571E+00 -3.3350E+01  1.3669E-01  1.5161E+01
0000089 7.6635E-03  1.0636E+02  1.3948E+01 -2.5003E+01  6.0227E-02  2.9080E+01
0000089 0.0000E+00  1.1552E+02  2.6890E+01 -2.4512E+01  0.0000E+00  3.6967E-01
0000090 2.0000E+00  0.0000E+00  0.0000E+00  0.0000E+00  9.7295E-01  0.0000E+00
0000090 1.9886E+00  1.5606E+01  1.6358E-01 -3.9416E-01  9.7017E-01  9.7169E-02
0000090 1.4665E+00  2.9713E+01  1.7133E-01 -7.8862E-01  8.3313E-01  4.9470E+02
0000090 3.3666E-01  4.0939E+01  6.1307E+00 -3.8775E+00  3.9918E-01  1.1080E+03
0000090 1.6237E-01  4.7490E+01  1.3115E+00 -8.3915E+00  2.7722E-01  1.6687E+02
0000090 9.7546E-03  4.7406E+01 -4.4350E+00 -1.3919E+01  6.7949E-02  1.4819E+02
0000090 0.0000E+00  6.1855E+01  4.5121E+00 -2.3604E+01  0.0000E+00  3.5054E-01
0000091 2.0000E+00  0.0000E+00  0.0000E+00  0.0000E+00  9.7295E-01  0.0000E+00
0000091 1.9769E+00  1.4722E+01 -9.7951E-02 -2.1514E-01  9.6731E-01  2.0964E+01
0000091 1.8941E+00  2.8684E+01  4.4800E-01 -2.0373E+00  9.4683E-01  5.5561E+01
0000091 1.8899E+00  4.2244E+01 -1.1246E+00 -4.8637E+00  9.4579E-01  4.1756E+00
0000091 1.7959E+00  5.5735E+01 -2.2431E+00 -8.1562E+00  9.2198E-01  6.7611E+01
0000091 1.6382E+00  6.9303E+01 -4.3464E+00 -8.9851E+00  8.8056E-01  1.3236E+02
0000091 1.1217E+00  8.2523E+01 -2.8664E+00 -1.0920E+01  7.2864E-01  4.9283E+02
0000091 1.1031E+00  9.2803E+01 -7.7946E+00 -1.5409E+01  7.2258E-01  1.8575E+01
0000091 1.0809E+00  1.0246E+02 -1.2371E+01 -2.1304E+01  7.1527E-01  4.5775E+00
0000091 7.0372E-01  1.1171E+02 -1.6729E+01 -2.7847E+01  5.7713E-01  3.5983E+02
0000091 6.7809E-01  1.1475E+02 -2.0227E+01 -3.7798E+01  5.6653E-01  1.2959E+01
0000091 6.5861E-01  1.1656E+02 -2.4596E+01 -4.7597E+01  5.5833E-01  7.1461E+00
0000091 5.7147E-01  1.1726E+02 -2.9079E+01 -5.7408E+01  5.2008E-01  8.7147E+01
0000091 5.3375E-01  1.1844E+02 -3.6530E+01 -6.4657E+01  5.0262E-01  2.6836E+01
0000091 5.1478E-01  1.1736E+02 -4.4068E+01 -7.1597E+01  4.9361E-01  8.6139E+00
0000091 3.7381E-01  1.1669E+02 -5.0667E+01 -7.9370E+01  4.2063E-01  1.4096E+02
0000091 3.5742E-01  1.1888E+02 -5.9194E+01 -8.2982E+01  4.1130E-01  8.3887E+00
0000091 3.4981E-02  1.1966E+02 -6.7926E+01 -8.6440E+01  1.2867E-01  3.1468E+02
0000091 2.5218E-02  1.1637E+02 -6.8297E+01 -9.1358E+01  1.0925E-01  8.2375E+00
0000091 9.5956E-03  1.1014E+02 -6.5026E+01 -9.9467E+01  6.7393E-02  1.1145E+01
0000091 0.0000E+00  1.1368E+02 -7.3177E+01 -1.0985E+02  0.0000E+00  7.6228E-01
0000092 2.0000E+00  0.0000E+00  0.0000E+00  0.0000E+00  9.7295E-01  0.0000E+00
0000092 1.9899E+00  3.9702E+00  0.0000E+00  0.0000E+00  9.7049E-01  2.3918E+00
0000092 1.9616E+00  7.9381E+00 -6.7701E-02 -1.1972E-01  9.6357E-01  2.8251E+01
0000092 1.9597E+00  1.4982E+01 -9.2513E-01  8.2010E-02  9.6310E-01  1.9149E+00
0000092 1.9143E+00  2.8879E+01 -3.0415E+00  3.5813E-01  9.5189E-01  1.8294E+01
0000092 1.6475E+00  4.2431E+01 -6.4642E+00  4.2200E-01  8.8306E-01  2.6682E+02
0000092 1.6286E+00  5.3309E+01 -1.4394E+01  4.5846E-01  8.7797E-01  1.8936E+01
0000092 7.8793E-01  7.3593E+01 -3.1889E+01  2.0211E+00  6.1069E-01  8.3725E+02
0000092 6.2583E-01  8.4741E+01 -3.0996E+01  3.3923E+00  5.4426E-01  1.4834E+02
0000092 6.0062E-01  9.4533E+01 -2.7764E+01  6.0322E-01  5.3318E-01  2.5209E+01
0000092 5.9657E-01  1.0446E+02 -2.4164E+01 -7.4952E-02  5.3138E-01  4.0497E+00
0000092 2.2478E-02  1.1404E+02 -1.9768E+01 -7.7649E-01  1.0315E-01  5.6286E+02
0000092 1.9544E-02  1.1683E+02 -2.3670E+01 -3.4265E+00  9.6179E-02  1.8038E+00
0000092 8.4516E-03  1.2990E+02 -2.9521E+01 -8.8704E+00  6.3248E-02  6.1772E+00
0000092 0.0000E+00  1.3401E+02 -2.5118E+01 -1.4377E+01  0.0000E+00  3.7236E+00
0000093 2.0000E+00  0.0000E+00  0.0000E+00  0.0000E+00  9.7295E-01  0.0000E+00
0000093 1.9872E+00  3.9702E+00  0.0000E+00  0.0000E+00  9.6984E-01  5.0358E+00
0000093 1.9733E+00  1.5391E+01  5.3747E-02  5.7232E-01  9.6643E-01  1.3949E+01
0000093 1.9618E+00  1.9349E+01  3.6614E-01  6.1462E-01  9.6361E-01  3.8462E+00
0000093 1.9264E+00  3.3368E+01  1.3917E+00  1.4759E-01  9.5488E-01  8.2739E+00
0000093 1.9181E+00  4.7290E+01  2.0631E+00 -1.1632E+00  9.5281E-01  8.3369E+00
0000093 1.8800E+00  6.1086E+01  2.6191E+00 -3.3790E+00  9.4330E-01  1.1440E+01
0000093 1.8326E+00  7.4703E+01  2.3022E+00 -6.2185E+00  9.3135E-01  4.7338E+01
0000093 1.6542E+00  8.8362E+01  3.7784E+00 -7.7684E+00  8.8485E-01  1.5270E+02
0000093 1.2080E+00  1.0169E+02  3.0894E+00 -5.9398E+00  7.5615E-01  4.2234E+02
0000093 1.0775E+00  1.1288E+02 -8.5388E-01 -9.8178E+00  7.1415E-01  1.1159E+02
0000093 1.0693E+00  1.2302E+02 -2.2167E+00 -1.6330E+01  7.1143E-01  8.1897E+00
0000093 1.0408E+00  1.3313E+02 -2.5346E+00 -2.3002E+01  7.0188E-01  1.1303E+01
0000093 9.7323E-01  1.4347E+02 -1.7588E+00 -2.9105E+01  6.7871E-01  6.7580E+01
0000093 8.5857E-01  1.5458E+02  4.1355E-01 -3.2581E+01  6.3748E-01  1.1465E+02
0000093 8.2249E-01  1.6487E+02  5.4973E+00 -3.3318E+01  6.2394E-01  3.6084E+01
0000093 7.7871E-01  1.7456E+02  1.1293E+01 -3.1886E+01  6.0710E-01  2.9581E+01
0000093 4.0848E-01  1.8399E+02  1.6323E+01 -2.8432E+01  4.3971E-01  3.7023E+02
0000093 9.1072E-02  1.8976E+02  2.3426E+01 -3.1664E+01  2.0762E-01  3.1741E+02
0000093 5.9282E-02  1.8848E+02  3.0053E+01 -2.9454E+01  1.6751E-01  3.1790E+01
0000093 4.9122E-02  1.9094E+02  3.5027E+01 -2.5994E+01  1.5248E-01  7.9689E+00
0000093 2.6192E-02  1.9141E+02  3.9237E+01 -2.1315E+01  1.1134E-01  2.1005E+01
0000093 1.8465E-02  1.9416E+02  3.9799E+01 -1.6440E+01  9.3488E-02  7.7269E+00
0000093 9.5543E-03  1.9229E+02  3.5789E+01 -2.0518E+00  6.7247E-02  2.7880E+00
0000093 0.0000E+00  1.9108E+02  3.0446E+01  4.4587E+00  0.0000E+00  4.3442E+00
0000094 2.0000E+00  0.0000E+00  0.0000E+00  0.0000E+00  9.7295E-01  0.0000E+00
0000094 1.9838E+00  1.6568E+01 -2.4033E-01  7.8355E-03  9.6900E-01  3.3844E-01
0000094 1.9763E+00  3.0671E+01 -4.2438E-01  9.9091E-02  9.6718E-01  7.4466E+00
0000094 1.9091E+00  4.4740E+01 -5.1670E-01 -6.6818E-01  9.5059E-01  6.7229E+01
0000094 1.7736E+00  7.2400E+01  2.5041E+00  1.6591E+00  9.1623E-01  1.3190E+02
0000094 1.7113E+00  8.5829E+01  3.3609E+00 -9.7712E-01  8.9999E-01  4.7813E+01
0000094 1.6615E+00  9.9173E+01  5.7431E+00 -1.9465E+00  8.8681E-01  4.9758E+01
0000094 1.5028E+00  1.1189E+02  9.1260E+00 -4.9119E+00  8.4339E-01  1.3480E+02
0000094 1.4418E+00  1.2302E+02  1.1886E+01 -1.1360E+01  8.2608E-01  3.8862E+01
0000094 1.4103E+00  1.3488E+02  1.3030E+01 -1.6622E+01  8.1703E-01  9.9007E+00
0000094 1.4051E+00  1.4708E+02  1.3935E+01 -2.0881E+01  8.1551E-01  5.2212E+00
0000094 9.5627E-01  1.5931E+02  1.5558E+01 -2.4816E+01  6.7277E-01  4.2773E+02
0000094 9.4542E-01  1.6734E+02  1.3148E+01 -3.3110E+01  6.6894E-01  1.0852E+01
0000094 9.0839E-01  1.7601E+02  1.0170E+01 -4.0480E+01  6.5571E-01  2.1293E+01
0000094 8.8458E-01  1.8337E+02  6.2527E+00 -4.8615E+01  6.4706E-01  2.3811E+01
0000094 7.7823E-01  1.9933E+02 -4.4049E+00 -6.1519E+01  6.0692E-01  8.7013E+01
0000094 7.0542E-01  2.0540E+02 -8.2290E+00 -7.0168E+01  5.7783E-01  7.2806E+01
0000094 3.4716E-01  2.1136E+02 -1.4757E+01 -7.6681E+01  4.0536E-01  3.5826E+02
0000094 3.3057E-01  2.1975E+02 -1.8864E+01 -7.5964E+01  3.9555E-01  9.0067E+00
0000094 3.1514E-01  2.2732E+02 -2.4187E+01 -7.5692E+01  3.8622E-01  8.0940E+00
0000094 3.0855E-01  2.3507E+02 -2.8834E+01 -7.4130E+01  3.8215E-01  6.5933E+00
0000094 6.1027E-03  2.4307E+02 -3.2509E+01 -7.1699E+01  5.3745E-02  3.0245E+02
0000094 0.0000E+00  2.4491E+02 -3.2475E+01 -6.4306E+01  0.0000E+00  1.8702E+00
0000095 2.0000E+00  0.0000E+00  0.0000E+00  0.0000E+00  9.7295E-01  0.0000E+00
0000095 6.4165E-01  3.0022E+01 -1.0691E+00  8.1035E-01  5.5110E-01  1.3227E+03
0000095 6.1976E-01  3.5737E+01 -8.6619E+00  5.8227E+00  5.4161E-01  1.0052E+01
0000095 6.0472E-01  4.0938E+01 -1.7045E+01  9.8591E+00  5.3500E-01  1.5042E+01
0000095 5.8956E-01  4.6626E+01 -2.4331E+01  1.5045E+01  5.2825E-01  3.8189E+00
0000095 5.4083E-01  5.1844E+01 -3.2166E+01  1.9782E+01  5.0595E-01  3.7595E+01
0000095 5.1935E-01  5.8783E+01 -3.7953E+01  2.4797E+01  4.9580E-01  1.1028E+01
0000095 5.0413E-01  6.6489E+01 -4.2462E+01  2.9808E+01  4.8848E-01  5.0591E+00
0000095 4.8587E-01  7.3637E+01 -4.7814E+01  3.4677E+01  4.7955E-01  8.3229E+00
0000095 4.5907E-01  8.1592E+01 -5.2307E+01  3.8953E+01  4.6614E-01  2.6803E+01
0000095 4.4771E-01  9.0663E+01 -5.5372E+01  4.1695E+01  4.6033E-01  1.1365E+01
0000095 9.4024E-02  1.0980E+02 -5.8732E+01  4.5300E+01  2.1096E-01  3.4047E+02
0000095 7.6683E-02  1.1763E+02 -6.8198E+01  3.8171E+01  1.9051E-01  1.1753E+01
0000095 5.2031E-02  1.2290E+02 -7.0821E+01  3.4628E+01  1.5693E-01  2.4652E+01
0000095 4.7859E-02  1.2899E+02 -7.0030E+01  3.2912E+01  1.5051E-01  4.1722E+00
0000095 3.8835E-02  1.3456E+02 -6.7522E+01  3.1464E+01  1.3558E-01  7.1340E+00
0000095 2.8974E-03  1.4576E+02 -6.3909E+01  1.8760E+01  3.7032E-02  2.7396E+01
0000095 0.0000E+00  1.4954E+02 -6.3092E+01  1.9362E+01  0.0000E+00  2.6617E+00
0000096 2.0000E+00  0.0000E+00  0.0000E+00  0.0000E+00  9.7295E-01  0.0000E+00
0000096 1.9763E+00  1.5056E+01  1.5745E-01 -6.5175E-02  9.6716E-01  1.7020E+00
0000096 1.8280E+00  2.3727E+01  4.5034E-01  7.3452E-02  9.3018E-01  1.4823E+02
0000096 1.8190E+00  3.7143E+01 -2.0649E+00 -2.0614E+00  9.2787E-01  9.0606E+00
0000096 1.7889E+00  5.0653E+01 -4.6213E+00 -3.2288E+00  9.2016E-01  4.4968E+00
0000096 1.6355E+00  6.3979E+01 -7.8227E+00 -4.2255E+00  8.7984E-01  1.2805E+02
0000096 1.4753E+00  7.6394E+01 -1.2410E+01 -1.9061E+00  8.3564E-01  1.3656E+02
0000096 1.4501E+00  8.7330E+01 -1.9616E+01 -2.0976E+00  8.2847E-01  3.3270E+00
0000096 1.4440E+00  9.8551E+01 -2.6263E+01 -2.3021E+00  8.2674E-01  6.0565E+00
0000096 1.4138E+00  1.1014E+02 -3.2215E+01 -2.2045E+00  8.1804E-01  8.6713E+00
0000096 1.3371E+00  1.2200E+02 -3.7404E+01 -1.4889E+00  7.9554E-01  7.6702E+01
0000096 1.3291E+00  1.3332E+02 -4.2894E+01 -3.7352E+00  7.9314E-01  8.0624E+00
0000096 1.1425E+00  1.4483E+02 -4.8288E+01 -5.0088E+00  7.3535E-01  1.6636E+02
0000096 1.1093E+00  1.5503E+02 -5.2452E+01 -1.0485E+01  7.2461E-01  3.3136E+01
0000096 1.0993E+00  1.6396E+02 -5.6770E+01 -1.7621E+01  7.2133E-01  1.0019E+01
0000096 1.0658E+00  1.7347E+02 -6.1285E+01 -2.3770E+01  7.1025E-01  1.5937E+01
0000096 1.0024E+00  1.8352E+02 -6.4436E+01 -2.9729E+01  6.8881E-01  4.6162E+01
0000096 9.9748E-01  1.9428E+02 -6.5308E+01 -3.4810E+01  6.8711E-01  4.9466E+00
0000096 8.4286E-01  2.0482E+02 -6.6962E+01 -4.0105E+01  6.3162E-01  1.3824E+02
0000096 8.3926E-01  2.1254E+02 -6.7129E+01 -4.8557E+01  6.3027E-01  3.6021E+00
0000096 6.5452E-01  2.2079E+02 -6.7274E+01 -5.6479E+01  5.5659E-01  1.7033E+02
0000096 1.1436E-01  2.2667E+02 -7.2080E+01 -6.4144E+01  2.3266E-01  5.2814E+02
0000096 9.5067E-02  2.2608E+02 -6.9063E+01 -7.0906E+01  2.1212E-01  1.5840E+01
0000096 8.7748E-02  2.2541E+02 -6.3907E+01 -7.5831E+01  2.0380E-01  7.3196E+00
0000096 6.0514E-02  2.2590E+02 -5.7847E+01 -7.9402E+01  1.6924E-01  2.7234E+01
0000096 5.4765E-02  2.2724E+02 -5.5009E+01 -8.5167E+01  1.6100E-01  3.5273E+00
0000096 2.7929E-02  2.2896E+02 -5.0990E+01 -8.9898E+01  1.1498E-01  2.4762E+01
0000096 1.8197E-02  2.3006E+02 -5.2897E+01 -1.0082E+02  9.2806E-02  6.2947E+00
0000096 9.5816E-03  2.2553E+02 -5.0420E+01 -1.0904E+02  6.7344E-02  1.3655E+00
0000096 0.0000E+00  2.1354E+02 -4.2880E+01 -1.2277E+02  0.0000E+00  9.6263E-01
0000097 2.0000E+00  0.0000E+00  0.0000E+00  0.0000E+00  9.7295E-01  0.0000E+00
0000097 1.9187E+00  9.9343E+00  5.4408E-02  2.5294E-02  9.5297E-01  6.9473E+01
0000097 1.8964E+00  1.7224E+01  1.2646E-02 -1.3252E+00  9.4742E-01  8.1964E+00
0000097 1.8217E+00  3.0939E+01 -9.5562E-01 -3.6513E+00  9.2856E-01  4.8315E+01
0000097 1.7762E+00  4.4292E+01  3.5356E-02 -7.0044E+00  9.1690E-01  4.5442E+01
0000097 1.3156E+00  5.7406E+01  3.0736E+00 -9.6435E+00  7.8912E-01  4.6059E+02
0000097 1.2910E+00  6.8982E+01  6.2766E+00 -5.4089E+00  7.8169E-01  4.5316E+00
0000097 1.2685E+00  8.0266E+01  9.3171E+00 -4.9819E-01  7.7486E-01  2.2489E+01
0000097 1.1872E+00  9.1040E+01  1.3935E+01  4.1853E+00  7.4962E-01  8.1281E+01
0000097 1.0128E+00  1.0116E+02  1.6263E+01  1.1007E+01  6.9238E-01  1.7439E+02
0000097 8.8302E-01  1.1166E+02  2.1220E+01  1.3850E+01  6.4649E-01  1.1325E+02
0000097 8.7858E-01  1.2074E+02  2.8391E+01  1.3623E+01  6.4486E-01  4.4445E+00
0000097 8.5167E-01  1.3024E+02  3.4952E+01  1.3040E+01  6.3491E-01  2.6908E+01
0000097 8.3602E-01  1.4024E+02  4.0479E+01  1.4125E+01  6.2905E-01  1.5651E+01
0000097 7.5046E-01  1.4937E+02  4.7284E+01  1.4979E+01  5.9599E-01  7.1183E+01
0000097 7.2648E-01  1.5620E+02  5.6071E+01  1.4398E+01  5.8639E-01  2.3982E+01
0000097 6.9447E-01  1.6201E+02  6.5197E+01  1.2130E+01  5.7333E-01  1.9045E+01
0000097 6.3261E-01  1.6617E+02  7.5032E+01  9.7399E+00  5.4720E-01  6.1855E+01
0000097 1.2150E-01  1.6852E+02  8.4186E+01  4.7037E+00  2.3980E-01  5.1112E+02
0000097 1.1412E-01  1.6303E+02  8.9321E+01  4.4640E+00  2.3241E-01  3.7715E+00
0000097 9.0005E-02  1.5681E+02  9.3370E+01  4.5213E+00  2.0640E-01  2.0662E+01
0000097 8.4474E-02  1.5178E+02  9.7319E+01  7.5782E+00  1.9996E-01  2.6065E+00
0000097 7.4527E-02  1.4666E+02  1.0026E+02  1.1327E+01  1.8782E-01  9.9468E+00
0000097 5.7841E-02  1.4168E+02  1.0096E+02  1.5950E+01  1.6546E-01  1.4120E+01
0000097 1.0002E-02  1.3603E+02  9.9312E+01  1.8736E+01  6.8804E-02  4.7839E+01
0000097 8.3238E-03  1.3232E+02  9.9146E+01  1.5748E+01  6.2768E-02  1.6779E+00
0000097 0.0000E+00  1.2324E+02  1.0103E+02  1.1873E+01  0.0000E+00  9.5620E-01
0000098 2.0000E+00  0.0000E+00  0.0000E+00  0.0000E+00  9.7295E-01  0.0000E+00
0000098 1.8217E+00  3.9702E+00  0.0000E+00  0.0000E+00  9.2857E-01  1.7828E+02
0000098 1.8141E+00  7.7594E+00  1.0240E+00 -5.9670E-01  9.2663E-01  2.5797E-01
0000098 1.7156E+00  2.4639E+01  5.8843E+00 -3.2147E+00  9.0113E-01  7.2831E+01
0000098 1.7093E+00  3.8135E+01  7.0459E+00 -4.4126E+00  8.9947E-01  6.3239E+00
0000098 1.6382E+00  5.1602E+01  7.5655E+00 -6.1287E+00  8.8057E-01  7.1070E+01
0000098 1.2076E+00  6.4815E+01  5.3794E+00 -7.2906E+00  7.5602E-01  4.3064E+02
0000098 1.1460E+00  7.4639E+01 -2.0785E+00 -5.4393E+00  7.3649E-01  6.1588E+01
0000098 8.6439E-01  8.4136E+01 -8.5247E+00 -9.7501E-01  6.3963E-01  2.6347E+02
0000098 7.9179E-01  9.0358E+01 -1.8195E+01 -3.6182E-01  6.1218E-01  5.7873E+01
0000098 7.7984E-01  9.6423E+01 -2.7038E+01  3.1404E+00  6.0755E-01  1.1946E+01
0000098 7.5303E-01  1.0154E+02 -3.5973E+01  7.6495E+00  5.9701E-01  2.6807E+01
0000098 7.3506E-01  1.0827E+02 -4.3589E+01  1.2232E+01  5.8984E-01  4.6597E+00
0000098 7.2246E-01  1.1543E+02 -5.1147E+01  1.6042E+01  5.8477E-01  1.2596E+01
0000098 5.8670E-01  1.2252E+02 -5.9244E+01  1.8506E+01  5.2697E-01  1.3576E+02
0000098 5.6092E-01  1.3150E+02 -6.4642E+01  1.7446E+01  5.1526E-01  2.5780E+01
0000098 4.9931E-01  1.3970E+02 -7.0265E+01  1.4329E+01  4.8614E-01  6.1616E+01
0000098 4.6890E-01  1.4681E+02 -7.7501E+01  1.4082E+01  4.7110E-01  2.0545E+01
0000098 4.3269E-01  1.6193E+02 -9.0188E+01  1.1067E+01  4.5255E-01  2.2108E+01
0000098 4.0631E-01  1.6818E+02 -9.7759E+01  1.1535E+01  4.3854E-01  2.6379E+01
0000098 8.0101E-02  1.7317E+02 -1.0568E+02  1.4054E+01  1.9471E-01  3.1771E+02
0000098 7.5155E-02  1.7104E+02 -1.1169E+02  1.1337E+01  1.8861E-01  4.9460E+00
0000098 3.5565E-02  1.6746E+02 -1.1679E+02  8.5244E+00  1.2974E-01  3.9591E+01
0000098 2.8672E-02  1.6486E+02 -1.1753E+02  3.2254E+00  1.1650E-01  6.8923E+00
0000098 1.4404E-02  1.6403E+02 -1.2022E+02 -1.7540E+00  8.2569E-02  1.4268E+01
0000098 6.6950E-03  1.6698E+02 -1.2156E+02 -5.6507E+00  5.6293E-02  6.8715E+00
0000098 0.0000E+00  1.7019E+02 -1.1842E+02 -1.3996E+01  0.0000E+00  5.9675E-01
0000099 2.0000E+00  0.0000E+00  0.0000E+00  0.0000E+00  9.7295E-01  0.0000E+00
0000099 7.6313E-01  3.9702E+00  0.0000E+00  0.0000E+00  6.0100E-01  1.2291E+03
0000099 6.8619E-01  9.8474E+00  5.8313E+00 -4.6453E+00  5.6990E-01  7.6940E+01
0000099 6.6654E-01  1.7798E+01  9.3326E+00 -9.2009E+00  5.6168E-01  8.4722E+00
0000099 6.1967E-01  2.6393E+01  1.4235E+01 -1.3623E+01  5.4157E-01  3.4696E+01
0000099 6.0411E-01  3.3390E+01  2.1051E+01 -1.7887E+01  5.3473E-01  4.0133E+00
0000099 5.9929E-01  4.0625E+01  2.7988E+01 -2.1326E+01  5.3259E-01  4.8221E+00
0000099 4.8410E-01  4.8106E+01  3.4262E+01 -2.5395E+01  4.7868E-01  1.1519E+02
0000099 2.0058E-01  5.1921E+01  4.3151E+01 -2.8224E+01  3.0812E-01  2.8352E+02
0000099 1.7850E-01  4.9046E+01  5.0867E+01 -2.6963E+01  2.9067E-01  1.6944E+01
0000099 1.3075E-01  4.4183E+01  5.7180E+01 -2.5351E+01  2.4877E-01  4.7752E+01
0000099 1.2429E-01  4.2918E+01  6.3625E+01 -2.1466E+01  2.4255E-01  6.4579E+00
0000099 1.1956E-01  4.1470E+01  6.8954E+01 -1.6312E+01  2.3788E-01  4.7315E+00
0000099 1.0550E-01  3.5442E+01  8.4855E+01 -2.0167E+00  2.2346E-01  4.9272E+00
0000099 9.3123E-02  3.2803E+01  9.0182E+01  2.2363E+00  2.0994E-01  1.2375E+01
0000099 8.6682E-02  3.0070E+01  9.3463E+01  7.9504E+00  2.0255E-01  3.4462E+00
0000099 7.8304E-02  2.8617E+01  9.6461E+01  1.4145E+01  1.9252E-01  8.3775E+00
0000099 6.2884E-02  2.6339E+01  1.0090E+02  1.8903E+01  1.7252E-01  1.2765E+01
0000099 5.1724E-02  2.8428E+01  1.1046E+02  2.7627E+01  1.5647E-01  6.4044E+00
0000099 4.7673E-02  3.0360E+01  1.1621E+02  2.9570E+01  1.5021E-01  4.0517E+00
0000099 1.6497E-02  3.0600E+01  1.2231E+02  3.1038E+01  8.8364E-02  2.9290E+01
0000099 1.0116E-03  3.8507E+01  1.2589E+02  3.5515E+01  2.1881E-02  1.0483E+01
0000099 0.0000E+00  3.8310E+01  1.2802E+02  3.8092E+01  0.0000E+00  6.5099E-01
0000100 2.0000E+00  0.0000E+00  0.0000E+00  0.0000E+00  9.7295E-01  0.0000E+00
0000100 1.9678E+00  2.5467E+01  3.0495E-01 -5.8076E-01  9.6508E-01  2.7769E+00
0000100 1.9336E+00  3.9520E+01  1.9819E-01 -1.3437E+00  9.5667E-01  6.9818E+00
0000100 1.0672E+00  5.3498E+01 -6.8853E-01 -1.7909E+00  7.1072E-01  8.6642E+02
0000100 1.0394E+00  6.3034E+01  5.1083E+00  2.9029E+00  7.0140E-01  1.0598E+01
0000100 1.0299E+00  7.2027E+01  1.0654E+01  8.6557E+00  6.9818E-01  9.5467E+00
0000100 8.4667E-01  8.0817E+01  1.5461E+01  1.5269E+01  6.3304E-01  1.8319E+02
0000100 8.2272E-01  8.6086E+01  2.3849E+01  2.1029E+01  6.2402E-01  9.4449E+00
0000100 7.5497E-01  9.2150E+01  3.2180E+01  2.5865E+01  5.9778E-01  6.7749E+01
0000100 7.4896E-01  9.6948E+01  3.8973E+01  3.3300E+01  5.9539E-01  6.0116E+00
0000100 7.2696E-01  1.0609E+02  5.0617E+01  4.9895E+01  5.8659E-01  4.2012E+00
0000100 6.9447E-01  1.1068E+02  5.5346E+01  5.8774E+01  5.7333E-01  1.9515E+01
0000100 6.7961E-01  1.1354E+02  6.0574E+01  6.7951E+01  5.6716E-01  1.4859E+01
0000100 6.5699E-01  1.1778E+02  6.6041E+01  7.6357E+01  5.5764E-01  1.0278E+01
0000100 6.1704E-01  1.2084E+02  7.1207E+01  8.5338E+01  5.4042E-01  3.9946E+01
0000100 5.7155E-01  1.2626E+02  7.5998E+01  9.3148E+01  5.2012E-01  3.3983E+01
0000100 5.4252E-01  1.3346E+02  7.9280E+01  9.9991E+01  5.0674E-01  1.8138E+01
0000100 5.2850E-01  1.3927E+02  8.3733E+01  1.0730E+02  5.0015E-01  3.5443E+00
0000100 3.2954E-01  1.4437E+02  8.8619E+01  1.1477E+02  3.9494E-01  1.9896E+02
0000100 3.1427E-01  1.5120E+02  9.4701E+01  1.1619E+02  3.8568E-01  1.5277E+01
0000100 2.8734E-01  1.5904E+02  9.9099E+01  1.1800E+02  3.6879E-01  2.6923E+01
0000100 3.8952E-02  1.6737E+02  1.0241E+02  1.1740E+02  1.3578E-01  2.4839E+02
0000100 7.1069E-03  1.7000E+02  1.0283E+02  1.2283E+02  5.7998E-02  3.1845E+01
0000100 0.0000E+00  1.7643E+02  8.7516E+01  1.2019E+02  0.0000E+00  4.8890E-01
0000101 2.0000E+00  0.0000E+00  0.0000E+00  0.0000E+00  9.7295E-01  0.0000E+00
0000101 1.9703E+00  1.4077E+01  6.3807E-02 -2.1616E-02  9.6571E-01  2.2235E+00
0000101 1.8579E+00  1.8046E+01 -3.8971E-02  7.5925E-03  9.3775E-01  1.0475E+02
0000101 1.8284E+00  3.1600E+01  2.4215E+00  1.6458E+00  9.3028E-01  3.4889E+00
0000101 1.5603E+00  4.5176E+01  4.7711E+00  2.6878E+00  8.5938E-01  2.6807E+02
0000101 1.5286E+00  5.7467E+01  3.7196E+00  7.6067E+00  8.5058E-01  8.9570E+00
0000101 1.3534E+00  6.9973E+01  3.4059E+00  1.1864E+01  8.0037E-01  1.5268E+02
0000101 1.2211E+00  8.1197E+01  7.0346E+00  1.6895E+01  7.6023E-01  1.1180E+02
0000101 1.1642E+00  9.2656E+01  1.1815E+01  1.8396E+01  7.4232E-01  5.6870E+01
0000101 1.0681E+00  1.0433E+02  1.5741E+01  1.7341E+01  7.1101E-01  7.7789E+01
0000101 8.8427E-01  1.1515E+02  2.0865E+01  1.9157E+01  6.4695E-01  1.6657E+02
0000101 6.8592E-01  1.2446E+02  2.7228E+01  1.6540E+01  5.6979E-01  1.9835E+02
0000101 6.7107E-01  1.3407E+02  2.8603E+01  1.1558E+01  5.6359E-01  1.4846E+01
0000101 4.8603E-01  1.4286E+02  3.1010E+01  5.6578E+00  4.7963E-01  1.8504E+02
0000101 4.4472E-01  1.5150E+02  2.7918E+01  1.4727E+00  4.5880E-01  3.1637E+01
0000101 4.3268E-01  1.5888E+02  2.5804E+01 -4.7660E+00  4.5254E-01  1.2045E+01
0000101 4.2091E-01  1.6513E+02  2.2731E+01 -1.1697E+01  4.4635E-01  1.1761E+01
0000101 3.1517E-01  1.7002E+02  1.9366E+01 -1.9455E+01  3.8623E-01  9.7023E+01
0000101 3.0204E-01  1.7578E+02  1.3366E+01 -2.3320E+01  3.7810E-01  1.3128E+01
0000101 2.4088E-01  1.8249E+02  8.9366E+00 -2.7550E+01  3.3766E-01  5.4290E+01
0000101 2.1403E-01  1.8721E+02  6.6064E+00 -3.4424E+01  3.1828E-01  2.6856E+01
0000101 1.3945E-01  1.9366E+02  6.0910E+00 -3.9843E+01  2.5691E-01  7.4576E+01
0000101 1.1816E-01  2.0842E+02  2.1667E+00 -4.0313E+01  2.3649E-01  1.0334E+01
0000101 1.0449E-01  2.1546E+02  1.4011E+00 -3.7896E+01  2.2239E-01  1.3668E+01
0000101 1.3794E-02  2.2149E+02 -1.7056E+00 -3.5226E+01  8.0801E-02  8.7450E+01
0000101 5.1234E-03  2.2268E+02  1.3156E-01 -3.0693E+01  4.9244E-02  7.8567E+00
0000101 0.0000E+00  2.2859E+02  4.0974E+00 -2.8701E+01  0.0000E+00  1.1670E+00
0000102 2.0000E+00  0.0000E+00  0.0000E+00  0.0000E+00  9.7295E-01  0.0000E+00
0000102 1.9873E+00  3.9702E+00  0.0000E+00  0.0000E+00  9.6986E-01  4.9538E+00
0000102 5.4268E-01  1.7498E+01 -6.6542E-01 -1.1486E-01  5.0681E-01  1.4446E+03
0000102 5.3822E-01  1.9738E+01  2.6060E+00  8.3295E-02  5.0472E-01  4.4258E-01
0000102 5.2676E-01  2.5669E+01  1.1051E+01  3.2834E-01  4.9932E-01  1.1457E+01
0000102 5.0602E-01  3.1820E+01  1.9103E+01  2.0116E+00  4.8940E-01  1.0481E+01
0000102 4.8658E-01  4.3440E+01  3.5732E+01  3.0232E+00  4.7990E-01  1.4488E+01
0000102 4.7565E-01  5.0027E+01  4.3212E+01  4.5925E+00  4.7448E-01  1.0927E+01
0000102 2.8487E-01  5.5383E+01  5.1571E+01  6.0843E+00  3.6720E-01  1.9078E+02
0000102 2.7153E-01  5.5042E+01  6.0403E+01  4.5495E+00  3.5850E-01  6.7540E+00
0000102 2.6541E-01  5.3590E+01  6.9136E+01  3.8566E+00  3.5443E-01  6.1229E+00
0000102 2.3965E-01  4.9778E+01  8.6322E+01  4.7084E+00  3.3679E-01  2.2594E+01
0000102 1.7950E-01  4.6401E+01  9.4018E+01  6.7440E+00  2.9148E-01  5.4321E+01
0000102 1.6288E-01  3.3306E+01  1.0295E+02  1.0006E+01  2.7766E-01  7.3617E+00
0000102 1.2161E-01  2.6762E+01  1.0749E+02  1.0501E+01  2.3992E-01  3.6839E+01
0000102 1.0419E-01  2.3309E+01  1.1389E+02  1.2431E+01  2.2207E-01  1.7415E+01
0000102 8.3233E-02  2.1653E+01  1.2098E+02  1.2243E+01  1.9848E-01  1.7722E+01
0000102 6.8253E-02  2.1074E+01  1.2728E+02  9.2890E+00  1.7974E-01  1.4981E+01
0000102 5.3759E-02  2.0045E+01  1.3392E+02  9.2674E+00  1.5952E-01  1.2079E+01
0000102 2.9403E-02  1.7933E+01  1.3947E+02  1.1703E+01  1.1797E-01  2.4356E+01
0000102 7.5329E-03  2.1488E+01  1.4944E+02  1.3262E+01  5.9711E-02  1.1700E+01
0000102 0.0000E+00  2.8239E+01  1.5818E+02  8.0173E+00  0.0000E+00  6.0962E-01
0000103 2.0000E+00  0.0000E+00  0.0000E+00  0.0000E+00  9.7295E-01  0.0000E+00
0000103 1.9850E+00  3.9702E+00  0.0000E+00  0.0000E+00  9.6930E-01  7.2713E+00
0000103 1.9654E+00  1.1425E+01  2.3642E-01 -3.8420E-01  9.6451E-01  5.0819E+00
0000103 1.9272E+00  3.5864E+01  2.5995E+00 -2.4499E+00  9.5508E-01  7.5669E+00
0000103 1.9045E+00  4.9628E+01  3.8939E+00 -4.6646E+00  9.4943E-01  2.2717E+01
0000103 1.8636E+00  6.3451E+01  5.6774E+00 -5.4410E+00  9.3918E-01  1.4375E+01
0000103 1.7829E+00  7.7139E+01  7.0089E+00 -7.3438E+00  9.1863E-01  5.4619E+01
0000103 1.7543E+00  9.0126E+01  1.0411E+01 -1.0221E+01  9.1123E-01  3.3625E+00
0000103 1.6357E+00  1.0285E+02  1.4217E+01 -1.3463E+01  8.7988E-01  9.3729E+01
0000103 1.6069E+00  1.1604E+02  1.6770E+01 -1.3812E+01  8.7210E-01  5.1340E+00
0000103 1.5647E+00  1.2928E+02  1.8712E+01 -1.3714E+01  8.6057E-01  4.2218E+01
0000103 1.5226E+00  1.4212E+02  2.1407E+01 -1.1619E+01  8.4893E-01  4.2053E+01
0000103 1.4925E+00  1.5523E+02  2.2980E+01 -1.1376E+01  8.4049E-01  7.6846E+00
0000103 7.3190E-01  1.6814E+02  2.5234E+01 -1.0505E+01  5.8858E-01  7.3852E+02
0000103 7.1320E-01  1.7702E+02  1.9022E+01 -8.2240E+00  5.8101E-01  5.6630E+00
0000103 1.1335E-01  1.8634E+02  1.3382E+01 -6.6135E+00  2.3162E-01  5.9986E+02
0000103 6.8390E-02  1.8546E+02  7.3612E+00 -2.3752E+00  1.7992E-01  4.4956E+01
0000103 5.8340E-02  1.8355E+02  2.2700E+00  9.6990E+00  1.6617E-01  3.3065E+00
0000103 4.9811E-02  1.8324E+02 -2.1639E+00  1.4468E+01  1.5355E-01  6.3623E+00
0000103 3.5256E-02  1.8471E+02 -7.1633E+00  1.8059E+01  1.2918E-01  1.4555E+01
0000103 4.9431E-03  1.8502E+02 -1.3076E+01  1.8504E+01  4.8370E-02  2.8779E+01
0000103 0.0000E+00  1.8982E+02 -1.3293E+01  1.2954E+01  0.0000E+00  1.9671E+00
0000104 2.0000E+00  0.0000E+00  0.0000E+00  0.0000E+00  9.7295E-01  0.0000E+00
0000104 1.9741E+00  3.9702E+00  0.0000E+00  0.0000E+00  9.6662E-01  2.5946E+01
0000104 1.9610E+00  1.0581E+01  6.2040E-01  4.3502E-01  9.6341E-01  2.2831E-01
0000104 1.9533E+00  1.4523E+01  1.0254E+00  6.6970E-01  9.6152E-01  4.8184E-02
0000104 1.9404E+00  2.8471E+01  2.4457E+00  1.5686E+00  9.5834E-01  1.2893E+01
0000104 1.8180E+00  4.2435E+01  3.7287E+00  1.3346E+00  9.2763E-01  9.5460E+01
0000104 1.7629E+00  5.6032E+01  3.1644E+00  3.6062E+00  9.1345E-01  2.9566E+01
0000104 1.7563E+00  6.9341E+01  4.1633E+00  6.6602E+00  9.1174E-01  6.6091E+00
0000104 1.7479E+00  9.6185E+01  6.8149E+00  1.1124E+01  9.0957E-01  4.4926E+00
0000104 1.6506E+00  1.0954E+02  7.8063E+00  1.3823E+01  8.8388E-01  7.2463E+01
0000104 1.5800E+00  1.2298E+02  7.0975E+00  1.4296E+01  8.6479E-01  7.0550E+01
0000104 1.5685E+00  1.3613E+02  9.1523E+00  1.4986E+01  8.6161E-01  1.1576E+01
0000104 1.5338E+00  1.6228E+02  1.1689E+01  1.8924E+01  8.5204E-01  4.7440E+00
0000104 1.5260E+00  1.7535E+02  1.2923E+01  2.0461E+01  8.4987E-01  7.8035E+00
0000104 1.3794E+00  1.8849E+02  1.4149E+01  2.1055E+01  8.0801E-01  1.2418E+02
0000104 1.3526E+00  2.0051E+02  1.8736E+01  2.0271E+01  8.0013E-01  5.9498E+00
0000104 1.0298E+00  2.1223E+02  2.3721E+01  1.8792E+01  6.9815E-01  3.2282E+02
0000104 9.8525E-01  2.2272E+02  2.4260E+01  1.2997E+01  6.8289E-01  2.7764E+01
0000104 9.6407E-01  2.3205E+02  2.4435E+01  5.6416E+00  6.7551E-01  2.1183E+01
0000104 7.8063E-01  2.4057E+02  2.3250E+01 -2.4540E+00  6.0785E-01  1.8344E+02
0000104 7.3745E-01  2.4465E+02  2.3254E+01 -1.2934E+01  5.9080E-01  2.9508E+01
0000104 6.1827E-01  2.4745E+02  2.5061E+01 -2.3515E+01  5.4096E-01  1.0607E+02
0000104 6.0977E-01  2.5186E+02  1.9413E+01 -4.3540E+01  5.3723E-01  4.0738E+00
0000104 5.9095E-01  2.5310E+02  1.6319E+01 -5.3623E+01  5.2887E-01  7.4078E+00
0000104 4.8326E-01  2.5420E+02  1.2147E+01 -6.3244E+01  4.7826E-01  9.6536E+01
0000104 4.6091E-01  2.5221E+02  1.0988E+01 -7.3050E+01  4.6707E-01  2.2350E+01
0000104 4.5550E-01  2.5231E+02  1.0349E+01 -8.2998E+01  4.6432E-01  5.4132E+00
0000104 4.3491E-01  2.5200E+02  1.0708E+01 -9.2928E+01  4.5371E-01  1.1357E+01
0000104 4.1455E-01  2.5281E+02  1.2167E+01 -1.0263E+02  4.4296E-01  2.0362E+01
0000104 3.7593E-01  2.5201E+02  1.4960E+01 -1.1192E+02  4.2182E-01  2.9992E+01
0000104 3.3986E-01  2.5233E+02  1.9867E+01 -1.2008E+02  4.0107E-01  2.8037E+01
0000104 3.2533E-01  2.4982E+02  2.5702E+01 -1.3755E+02  3.9241E-01  3.4921E+00
0000104 3.0635E-01  2.4821E+02  2.7700E+01 -1.4642E+02  3.8079E-01  1.8971E+01
0000104 2.9352E-01  2.4775E+02  2.7791E+01 -1.5552E+02  3.7273E-01  5.8972E+00
0000104 1.8273E-01  2.4674E+02  2.9017E+01 -1.6441E+02  2.9409E-01  1.1078E+02
0000104 6.0300E-02  2.4312E+02  2.5802E+01 -1.7099E+02  1.6894E-01  1.2243E+02
0000104 3.0048E-02  2.3793E+02  2.1787E+01 -1.7086E+02  1.1926E-01  3.0252E+01
0000104 1.4485E-02  2.3273E+02  2.1770E+01 -1.7335E+02  8.2801E-02  1.5563E+01
0000104 2.0361E-03  2.3069E+02  1.6217E+01 -1.8108E+02  3.1044E-02  8.6123E+00
0000104 0.0000E+00  2.3041E+02  1.7679E+01 -1.8447E+02  0.0000E+00  9.5161E-01
0000105 2.0000E+00  0.0000E+00  0.0000E+00  0.0000E+00  9.7295E-01  0.0000E+00
0000105 1.0350E+00  1.2823E+01  9.5822E-02 -9.0949E-03  6.9992E-01  9.3982E+02
0000105 9.2347E-01  2.5888E+01 -1.4497E+00 -1.1839E+01  6.6113E-01  9.3782E+01
0000105 9.0165E-01  3.1859E+01 -3.3649E+00 -2.1712E+01  6.5327E-01  6.3584E+00
0000105 6.0685E-01  3.8597E+01 -5.3455E+00 -3.0982E+01  5.3594E-01  2.9479E+02
0000105 5.7745E-01  5.3577E+01 -1.7891E+01 -3.9172E+01  5.2280E-01  1.4557E+01
0000105 4.2528E-01  5.9413E+01 -2.5250E+01 -4.3839E+01  4.4866E-01  1.4121E+02
0000105 4.0554E-01  6.7728E+01 -3.0390E+01 -4.4404E+01  4.3812E-01  1.9745E+01
0000105 3.7900E-01  7.4702E+01 -3.7114E+01 -4.4573E+01  4.2354E-01  2.6538E+01
0000105 8.4717E-02  7.9759E+01 -4.5139E+01 -4.5639E+01  2.0025E-01  2.8620E+02
0000105 3.5854E-03  7.7256E+01 -5.1066E+01 -4.2875E+01  4.1195E-02  7.8328E+01
0000105 0.0000E+00  7.5124E+01 -4.9699E+01 -3.9721E+01  0.0000E+00  2.7124E+00
0000106 2.0000E+00  0.0000E+00  0.0000E+00  0.0000E+00  9.7295E-01  0.0000E+00
0000106 1.9793E+00  9.9751E+00 -3.1659E-02  4.3592E-02  9.6790E-01  1.1709E+00
0000106 1.9532E+00  2.2346E+01 -2.3663E-01  3.9991E-01  9.6151E-01  2.0756E+00
0000106 1.9378E+00  3.6382E+01 -4.1562E-02  9.6720E-01  9.5770E-01  1.5434E+01
0000106 1.9055E+00  5.0289E+01  1.1225E+00  2.3118E+00  9.4970E-01  5.4188E+00
0000106 4.8418E-01  6.4123E+01  1.6947E+00  4.1068E+00  4.7872E-01  1.3948E+03
0000106 4.7086E-01  6.8143E+01  5.9792E-01  1.3284E+01  4.7209E-01  3.6685E+00
0000106 4.5703E-01  7.2643E+01 -1.1298E+00  2.2064E+01  4.6510E-01  4.3740E+00
0000106 3.3776E-01  7.7947E+01 -2.6066E+00  3.0351E+01  3.9984E-01  1.1001E+02
0000106 3.1597E-01  8.0595E+01 -8.0995E+00  3.7384E+01  3.8672E-01  1.4353E+01
0000106 2.2624E-01  8.1412E+01 -1.4197E+01  4.4190E+01  3.2724E-01  8.2625E+01
0000106 2.0515E-01  8.8604E+01 -1.8275E+01  5.9044E+01  3.1161E-01  1.6226E+01
0000106 1.7015E-01  9.0756E+01 -2.1854E+01  6.6296E+01  2.8379E-01  3.4997E+01
0000106 1.4753E-01  9.5298E+01 -2.6354E+01  7.1189E+01  2.6425E-01  2.2619E+01
0000106 1.3691E-01  1.0467E+02 -3.0051E+01  8.3067E+01  2.5456E-01  8.1013E+00
0000106 7.6911E-02  1.0732E+02 -3.1755E+01  9.0096E+01  1.9080E-01  5.6074E+01
0000106 4.4319E-02  1.1336E+02 -2.4515E+01  9.9816E+01  1.4483E-01  2.6197E+01
0000106 1.6893E-02  1.1883E+02 -2.3625E+01  1.0258E+02  8.9418E-02  2.7427E+01
0000106 9.0603E-03  1.2354E+02 -3.1493E+01  1.0629E+02  6.5486E-02  3.6204E+00
0000106 0.0000E+00  1.3359E+02 -4.4479E+01  1.0112E+02  0.0000E+00  6.4007E-01
0000107 2.0000E+00  0.0000E+00  0.0000E+00  0.0000E+00  9.7295E-01  0.0000E+00
0000107 1.9387E+00  1.3788E+01  1.0589E-01  3.9416E-01  9.5791E-01  5.2226E+01
0000107 1.8849E+00  2.7448E+01  2.6495E-01  3.5560E+00  9.4454E-01  2.6893E+01
0000107 1.6268E+00  4.0871E+01  2.0685E+00  6.7831E+00  8.7749E-01  2.5809E+02
0000107 1.6149E+00  5.4150E+01  2.7329E+00  4.9655E+00  8.7427E-01  1.1924E+01
0000107 7.6760E-01  6.7196E+01  4.0359E+00  2.2218E+00  6.0276E-01  8.4729E+02
0000107 6.4050E-01  7.5743E+01  8.9823E+00  7.5052E+00  5.5060E-01  1.1360E+02
0000107 5.9503E-01  8.0698E+01  1.6254E+01  1.3662E+01  5.3070E-01  4.5463E+01
0000107 4.6508E-01  8.4808E+01  2.5146E+01  1.7608E+01  4.6918E-01  1.1875E+02
0000107 4.2038E-01  9.1782E+01  3.2276E+01  1.8135E+01  4.4607E-01  3.5322E+01
0000107 3.3367E-01  9.6833E+01  4.0304E+01  2.0468E+01  3.9740E-01  7.8003E+01
0000107 3.1940E-01  1.0235E+02  4.5424E+01  2.5905E+01  3.8882E-01  6.8862E+00
0000107 2.9015E-01  1.0882E+02  4.9948E+01  3.0613E+01  3.7059E-01  2.2097E+01
0000107 2.6938E-01  1.1352E+02  5.6153E+01  3.5141E+01  3.5707E-01  1.4100E+01
0000107 2.5389E-01  1.1969E+02  6.1076E+01  3.9175E+01  3.4665E-01  1.5492E+01
0000107 2.1195E-01  1.2505E+02  6.7449E+01  4.1874E+01  3.1673E-01  4.1941E+01
0000107 1.9906E-01  1.3157E+02  7.2767E+01  4.1350E+01  3.0695E-01  7.5487E+00
0000107 1.6419E-01  1.3729E+02  7.8761E+01  4.2055E+01  2.7877E-01  3.4873E+01
0000107 1.5001E-01  1.4132E+02  8.5261E+01  3.9730E+01  2.6646E-01  1.4176E+01
0000107 1.3954E-01  1.4419E+02  9.2551E+01  3.9299E+01  2.5699E-01  1.0472E+01
0000107 1.1788E-01  1.5677E+02  1.1165E+02  4.1810E+01  2.3621E-01  1.1097E+01
0000107 1.0414E-01  1.5968E+02  1.1841E+02  4.0520E+01  2.2202E-01  1.0209E+01
0000107 9.3884E-02  1.6077E+02  1.2515E+02  3.7936E+01  2.1080E-01  1.0257E+01
0000107 8.7579E-02  1.6087E+02  1.3227E+02  3.7395E+01  2.0360E-01  3.2926E+00
0000107 7.9254E-02  1.6026E+02  1.3909E+02  3.5739E+01  1.9368E-01  5.4561E+00
0000107 4.8954E-02  1.5808E+02  1.4560E+02  3.4901E+01  1.5222E-01  2.7622E+01
0000107 1.0439E-02  1.5874E+02  1.5146E+02  3.7125E+01  7.0291E-02  3.6595E+01
0000107 2.9889E-03  1.6313E+02  1.5290E+02  3.8455E+01  3.7612E-02  6.7747E+00
0000107 0.0000E+00  1.6717E+02  1.5455E+02  4.3261E+01  0.0000E+00  2.9742E-01
0000108 2.0000E+00  0.0000E+00  0.0000E+00  0.0000E+00  9.7295E-01  0.0000E+00
0000108 1.6271E+00  3.9702E+00  0.0000E+00  0.0000E+00  8.7758E-01  3.7287E+02
0000108 1.5767E+00  1.3185E+01 -4.3806E+00 -5.1141E-01  8.6388E-01  5.0394E+01
0000108 1.5638E+00  2.7249E+01 -1.4299E+01 -2.1295E+00  8.6033E-01  1.2839E+01
0000108 1.5523E+00  3.7327E+01 -2.2857E+01 -3.4622E+00  8.5717E-01  1.1440E+01
0000108 1.4468E+00  4.7519E+01 -3.1344E+01 -3.6662E+00  8.2752E-01  1.0556E+02
0000108 1.4384E+00  5.8630E+01 -3.7605E+01 -6.3633E+00  8.2511E-01  8.4230E+00
0000108 1.4050E+00  7.0138E+01 -4.2970E+01 -9.2299E+00  8.1547E-01  1.1913E+01
0000108 1.2473E+00  8.1278E+01 -4.9202E+01 -1.1363E+01  7.6837E-01  1.5763E+02
0000108 1.2137E+00  9.0031E+01 -5.6208E+01 -1.7050E+01  7.5792E-01  1.4366E+01
0000108 1.1050E+00  9.8061E+01 -6.2931E+01 -2.3852E+01  7.2321E-01  1.0863E+02
0000108 9.6664E-01  1.0834E+02 -6.7320E+01 -2.8772E+01  6.7641E-01  1.2073E+02
0000108 9.4627E-01  1.1666E+02 -6.9871E+01 -3.6768E+01  6.6924E-01  2.0368E+01
0000108 9.2657E-01  1.2420E+02 -7.3945E+01 -4.4830E+01  6.6224E-01  3.9622E+00
0000108 8.7333E-01  1.3218E+02 -7.7444E+01 -5.2644E+01  6.4293E-01  3.7729E+01
0000108 7.6615E-01  1.4138E+02 -8.1318E+01 -5.8444E+01  6.0219E-01  1.0719E+02
0000108 1.7744E-02  1.4751E+02 -8.7575E+01 -6.5417E+01  9.1644E-02  7.4840E+02
0000108 1.9220E-03  1.5637E+02 -7.5901E+01 -6.6777E+01  3.0162E-02  1.0750E+01
0000108 0.0000E+00  1.6091E+02 -7.7619E+01 -6.2407E+01  0.0000E+00  4.0287E-01
0000109 2.0000E+00  0.0000E+00  0.0000E+00  0.0000E+00  9.7295E-01  0.0000E+00
0000109 1.9706E+00  1.4262E+01 -2.5536E-01  4.3802E-02  9.6577E-01  1.4577E+01
0000109 1.9345E+00  2.8272E+01 -1.0916E+00 -1.0747E+00  9.5687E-01  8.9190E+00
0000109 1.4862E+00  4.2197E+01 -2.6080E+00 -1.5295E+00  8.3872E-01  4.2141E+02
0000109 1.3306E+00  5.3590E+01 -3.0915E+00 -8.0225E+00  7.9360E-01  1.5561E+02
0000109 1.1638E+00  6.5162E+01  1.0479E-01 -1.2377E+01  7.4220E-01  1.4650E+02
0000109 1.1315E+00  7.7073E+01  3.4132E+00 -1.2464E+01  7.3183E-01  1.3941E+01
0000109 1.0991E+00  8.9000E+01  6.1023E+00 -1.1336E+01  7.2125E-01  1.4507E+01
0000109 1.0883E+00  1.0048E+02  1.0105E+01 -1.0397E+01  7.1770E-01  1.0805E+01
0000109 1.0750E+00  1.1207E+02  1.3798E+01 -1.0620E+01  7.1331E-01  1.3260E+01
0000109 1.0658E+00  1.3530E+02  2.0403E+01 -8.6915E+00  7.1027E-01  5.0062E+00
0000109 1.0514E+00  1.4708E+02  2.3181E+01 -8.6819E+00  7.0545E-01  1.4402E+01
0000109 4.2908E-01  1.5842E+02  2.7290E+01 -8.5418E+00  4.5065E-01  6.0535E+02
0000109 2.7291E-01  1.6266E+02  3.4337E+01 -1.3893E+01  3.5941E-01  1.4733E+02
0000109 1.2046E-01  1.6238E+02  3.8530E+01 -2.1727E+01  2.3878E-01  1.4606E+02
0000109 9.1986E-02  1.6625E+02  3.7598E+01 -2.8091E+01  2.0866E-01  2.8472E+01
0000109 8.5599E-02  1.7176E+02  3.9171E+01 -3.2301E+01  2.0128E-01  6.3865E+00
0000109 1.4830E-02  1.7584E+02  4.1161E+01 -3.7651E+01  8.3780E-02  6.7945E+01
0000109 0.0000E+00  1.7345E+02  4.3718E+01 -4.1355E+01  0.0000E+00  1.3342E+01
0000110 2.0000E+00  0.0000E+00  0.0000E+00  0.0000E+00  9.7295E-01  0.0000E+00
0000110 1.9757E+00  3.9702E+00  0.0000E+00  0.0000E+00  9.6701E-01  2.4337E+01
0000110 1.9603E+00  8.1726E+00 -3.5892E-01  2.9772E-01  9.6325E-01  7.1698E+00
0000110 1.9503E+00  1.7748E+01 -7.8009E-01  5.4999E-01  9.6079E-01  1.0010E+01
0000110 1.1229E+00  3.1727E+01 -2.0673E+00  1.7348E-01  7.2902E-01  8.0045E+02
0000110 1.1062E+00  4.1795E+01  4.1788E+00  3.3074E+00  7.2360E-01  1.6658E+01
0000110 9.3741E-01  5.0914E+01  1.1537E+01  6.7456E+00  6.6610E-01  1.5114E+02
0000110 8.8613E-01  5.9528E+01  1.5787E+01  1.3492E+01  6.4763E-01  5.1271E+01
0000110 7.6358E-01  6.7615E+01  2.2248E+01  1.8691E+01  6.0118E-01  1.2255E+02
0000110 7.4329E-01  7.6077E+01  2.4738E+01  2.5569E+01  5.9314E-01  2.0292E+01
0000110 7.3980E-01  8.5512E+01  2.7200E+01  3.0905E+01  5.9174E-01  3.4872E+00
0000110 7.2236E-01  1.0476E+02  3.1500E+01  4.0999E+01  5.8473E-01  1.0624E+01
0000110 4.7737E-01  1.1361E+02  3.2767E+01  4.7479E+01  4.7534E-01  2.4499E+02
0000110 4.6463E-01  1.1776E+02  3.0135E+01  5.6241E+01  4.6895E-01  3.1867E+00
0000110 4.2138E-01  1.2262E+02  2.7738E+01  6.4632E+01  4.4659E-01  3.3890E+01
0000110 3.6735E-01  1.2647E+02  2.7807E+01  7.3615E+01  4.1698E-01  5.4023E+01
0000110 3.3793E-01  1.2992E+02  3.2273E+01  9.1656E+01  3.9994E-01  2.4818E+01
0000110 8.9002E-02  1.3161E+02  3.6569E+01  9.9740E+01  2.0525E-01  2.4893E+02
0000110 5.9296E-02  1.3810E+02  3.8879E+01  1.0134E+02  1.6753E-01  2.9706E+01
0000110 4.4272E-03  1.4340E+02  4.9942E+01  1.0491E+02  4.5776E-02  4.5740E+01
0000110 0.0000E+00  1.3905E+02  5.2134E+01  1.1470E+02  0.0000E+00  9.7142E-01
0000111 2.0000E+00  0.0000E+00  0.0000E+00  0.0000E+00  9.7295E-01  0.0000E+00
0000111 1.8073E+00  3.2076E+01  3.4380E-01 -5.1334E-01  9.2489E-01  1.5555E+02
0000111 1.7680E+00  4.5292E+01  4.1846E+00  1.0383E-01  9.1478E-01  1.3837E+01
0000111 1.7370E+00  5.8065E+01  8.9946E+00  1.3023E+00  9.0672E-01  5.9193E+00
0000111 1.2091E+00  8.4149E+01  1.6673E+01  3.3211E+00  7.5649E-01  5.2413E+02
0000111 1.1304E+00  1.0574E+02  1.3545E+01  1.5385E+01  7.3147E-01  5.6014E+01
0000111 1.0202E+00  1.1483E+02  1.1828E+01  2.3455E+01  6.9490E-01  1.1022E+02
0000111 9.9195E-01  1.2229E+02  1.3391E+01  3.2694E+01  6.8521E-01  1.1614E+01
0000111 4.2876E-01  1.2978E+02  1.6170E+01  4.1512E+01  4.5049E-01  5.6320E+02
0000111 4.1171E-01  1.3818E+02  2.1243E+01  4.1486E+01  4.4144E-01  8.2119E+00
0000111 3.2310E-01  1.4710E+02  2.5096E+01  4.1803E+01  3.9106E-01  8.0022E+01
0000111 1.7442E-01  1.5626E+02  2.4629E+01  4.2668E+01  2.8732E-01  1.4147E+02
0000111 1.0692E-01  1.6776E+02  2.3372E+01  5.3909E+01  2.2496E-01  6.0259E+01
0000111 2.8185E-02  1.6951E+02  2.4721E+01  6.0897E+01  1.1550E-01  7.8730E+01
0000111 4.5626E-03  1.7458E+02  1.8106E+01  6.7612E+01  4.6471E-02  1.6185E+01
0000111 0.0000E+00  1.8014E+02  2.5080E+01  7.4359E+01  0.0000E+00  2.1073E+00
0000112 2.0000E+00  0.0000E+00  0.0000E+00  0.0000E+00  9.7295E-01  0.0000E+00
0000112 1.9780E+00  1.3646E+01  1.7373E-02  5.0082E-02  9.6758E-01  1.4221E+01
0000112 1.9565E+00  2.3625E+01 -4.4075E-01  8.0133E-01  9.6230E-01  2.1469E+00
0000112 1.7592E+00  3.7656E+01 -7.3451E-01  1.5492E+00  9.1249E-01  1.9730E+02
0000112 1.6169E+00  5.0379E+01 -1.0522E+00  6.5780E+00  8.7482E-01  1.1726E+02
0000112 1.4900E+00  6.2598E+01 -4.7603E+00  1.0635E+01  8.3980E-01  1.2689E+02
0000112 1.4426E+00  7.3554E+01 -6.5240E+00  1.7654E+01  8.2634E-01  2.5326E+01
0000112 1.4091E+00  8.4984E+01 -6.8230E+00  2.3897E+01  8.1666E-01  3.3589E+01
0000112 1.3676E+00  9.5782E+01 -5.3976E+00  3.0904E+01  8.0456E-01  2.0280E+01
0000112 1.3435E+00  1.0721E+02 -4.8490E+00  3.6775E+01  7.9745E-01  2.4081E+01
0000112 1.3244E+00  1.1770E+02 -4.1008E+00  4.4064E+01  7.9174E-01  1.9165E+01
0000112 1.2416E+00  1.2778E+02 -1.8964E+00  5.1564E+01  7.6659E-01  6.2600E+01
0000112 1.2321E+00  1.3622E+02  2.4508E+00  5.9788E+01  7.6367E-01  9.4438E+00
0000112 1.0653E+00  1.4457E+02  5.8210E+00  6.8501E+01  7.1007E-01  1.4774E+02
0000112 1.0583E+00  1.5198E+02  1.2853E+01  7.4989E+01  7.0775E-01  6.9409E+00
0000112 8.5593E-01  1.5994E+02  1.9948E+01  8.0673E+01  6.3650E-01  1.8528E+02
0000112 7.0159E-01  1.6742E+02  2.8627E+01  8.1507E+01  5.7626E-01  1.3972E+02
0000112 6.5462E-01  1.7206E+02  3.7451E+01  8.6083E+01  5.5664E-01  3.4326E+01
0000112 6.3803E-01  1.7755E+02  4.4511E+01  9.2127E+01  5.4954E-01  4.5744E+00
0000112 5.6436E-01  1.8258E+02  5.2188E+01  9.7685E+01  5.1684E-01  6.1875E+01
0000112 5.3417E-01  1.8617E+02  6.6759E+01  1.1213E+02  5.0282E-01  1.5529E+01
0000112 4.0355E-01  1.8884E+02  7.2472E+01  1.2029E+02  4.3704E-01  1.2027E+02
0000112 3.7983E-01  1.9185E+02  7.3323E+01  1.2944E+02  4.2400E-01  2.3717E+01
0000112 3.6088E-01  1.9455E+02  7.6439E+01  1.3806E+02  4.1329E-01  1.8953E+01
0000112 3.4999E-01  1.9795E+02  8.1184E+01  1.4548E+02  4.0701E-01  3.0811E+00
0000112 3.3628E-01  2.0189E+02  8.5234E+01  1.5297E+02  3.9896E-01  6.0756E+00
0000112 2.6320E-01  2.0464E+02  8.9344E+01  1.6084E+02  3.5296E-01  6.5655E+01
0000112 2.5385E-01  2.1046E+02  9.1012E+01  1.6726E+02  3.4663E-01  3.1256E+00
0000112 1.7149E-01  2.1609E+02  9.1760E+01  1.7392E+02  2.8490E-01  8.2356E+01
0000112 3.4611E-03  2.1688E+02  9.1922E+01  1.8194E+02  4.0475E-02  1.6803E+02
0000112 0.0000E+00  2.1040E+02  9.0503E+01  1.8536E+02  0.0000E+00  2.1891E+00
0000113 2.0000E+00  0.0000E+00  0.0000E+00  0.0000E+00  9.7295E-01  0.0000E+00
0000113 1.9629E+00  1.2643E+01  2.0998E-02  8.7848E-04  9.6389E-01  1.2477E+01
0000113 1.9482E+00  1.9734E+01 -2.0591E-01 -5.0822E-01  9.6027E-01  1.0167E+00
0000113 1.9148E+00  3.3748E+01 -3.8265E-01 -1.3427E+00  9.5199E-01  6.4769E+00
0000113 7.2545E-01  4.7628E+01 -7.5801E-01 -2.9572E+00  5.8598E-01  1.1893E+03
0000113 7.1718E-01  5.4112E+01  6.7230E+00 -7.8721E+00  5.8263E-01  8.2645E+00
0000113 7.0003E-01  6.1271E+01  1.3284E+01 -1.3088E+01  5.7562E-01  4.3141E+00
0000113 6.6414E-01  6.7718E+01  2.0254E+01 -1.8568E+01  5.6067E-01  3.5881E+01
0000113 6.3392E-01  7.3140E+01  2.8800E+01 -2.2422E+01  5.4776E-01  1.8081E+01
0000113 2.4246E-01  7.8522E+01  3.7820E+01 -2.4535E+01  3.3876E-01  3.7972E+02
0000113 2.3543E-01  7.5947E+01  4.6031E+01 -2.3489E+01  3.3381E-01  7.0325E+00
0000113 2.1897E-01  7.3274E+01  5.3841E+01 -2.1024E+01  3.2194E-01  1.0699E+01
0000113 1.7417E-01  7.1078E+01  6.0929E+01 -1.6912E+01  2.8712E-01  4.4806E+01
0000113 1.5942E-01  6.5722E+01  6.6443E+01 -1.4392E+01  2.7469E-01  1.0102E+01
0000113 1.4549E-01  6.0590E+01  7.2475E+01 -1.3767E+01  2.6241E-01  9.5708E+00
0000113 1.0681E-01  4.9082E+01  8.1935E+01 -9.5702E+00  2.2484E-01  2.9923E+01
0000113 9.8550E-02  4.1738E+01  9.4355E+01 -1.1394E+01  2.1597E-01  4.5885E+00
0000113 7.8586E-02  3.9402E+01  1.0069E+02 -1.3918E+01  1.9286E-01  1.9963E+01
0000113 3.7909E-02  3.6573E+01  1.0475E+02 -1.8735E+01  1.3395E-01  3.8016E+01
0000113 2.8804E-02  3.2136E+01  1.0881E+02 -1.8805E+01  1.1676E-01  9.1047E+00
0000113 1.5948E-02  1.6017E+01  1.0880E+02 -1.7428E+01  8.6883E-02  4.5567E+00
0000113 1.1608E-03  8.3597E+00  1.0396E+02 -2.1934E+01  2.3440E-02  1.3326E+01
0000113 0.0000E+00  7.7102E+00  1.0628E+02 -2.4353E+01  0.0000E+00  3.3043E-01
0000114 2.0000E+00  0.0000E+00  0.0000E+00  0.0000E+00  9.7295E-01  0.0000E+00
0000114 1.9811E+00  8.9478E+00  2.7842E-02  1.3072E-01  9.6834E-01  6.4660E-02
0000114 1.6615E+00  2.7007E+01 -3.2769E-02  7.0768E-01  8.8681E-01  2.9185E+02
0000114 1.5678E+00  3.9555E+01  4.4007E+00 -1.5006E+00  8.6144E-01  6.9792E+01
0000114 1.3273E+00  5.0688E+01  1.0534E+01 -5.4037E+00  7.9261E-01  2.1763E+02
0000114 1.1098E+00  6.3135E+01  1.3329E+01 -5.8111E+00  7.2478E-01  1.9722E+02
0000114 1.0916E+00  7.3553E+01  1.7675E+01 -1.0492E+01  7.1881E-01  1.8197E+01
0000114 1.0844E+00  8.3715E+01  2.3241E+01 -1.4225E+01  7.1641E-01  7.2659E+00
0000114 1.0052E+00  9.3550E+01  2.9604E+01 -1.7465E+01  6.8976E-01  6.1773E+01
0000114 9.3755E-01  1.0440E+02  3.4494E+01 -1.8386E+01  6.6615E-01  5.1169E+01
0000114 8.9768E-01  1.1382E+02  4.0993E+01 -2.0973E+01  6.5183E-01  3.9868E+01
0000114 8.6782E-01  1.2394E+02  4.5411E+01 -2.4590E+01  6.4090E-01  2.9861E+01
0000114 7.9777E-01  1.3316E+02  4.9581E+01 -3.0112E+01  6.1449E-01  5.5278E+01
0000114 7.7572E-01  1.4252E+02  5.0897E+01 -3.6312E+01  6.0594E-01  8.1612E+00
0000114 2.9574E-01  1.5141E+02  5.3243E+01 -4.2745E+01  3.7414E-01  4.7998E+02
0000114 2.7847E-01  1.5265E+02  5.1293E+01 -5.1489E+01  3.6305E-01  1.0502E+01
0000114 2.5246E-01  1.5512E+02  4.8343E+01 -5.9546E+01  3.4568E-01  1.9527E+01
0000114 2.3660E-01  1.5970E+02  4.5857E+01 -6.6569E+01  3.3465E-01  9.8116E+00
0000114 1.5929E-01  1.6479E+02  4.5034E+01 -7.3477E+01  2.7458E-01  7.1542E+01
0000114 1.4430E-01  1.6988E+02  4.8647E+01 -7.8392E+01  2.6134E-01  1.0630E+01
0000114 1.1745E-01  1.7443E+02  5.3813E+01 -8.2027E+01  2.3578E-01  2.2778E+01
0000114 2.7125E-02  1.7980E+02  5.6108E+01 -8.6676E+01  1.1331E-01  9.0327E+01
0000114 1.9714E-02  1.8201E+02  6.1275E+01 -8.5953E+01  9.6596E-02  7.4109E+00
0000114 1.9423E-03  1.8698E+02  6.6737E+01 -7.8570E+01  3.0320E-02  1.5550E+01
0000114 0.0000E+00  1.8273E+02  7.1827E+01 -7.7687E+01  0.0000E+00  2.8822E-01
0000115 2.0000E+00  0.0000E+00  0.0000E+00  0.0000E+00  9.7295E-01  0.0000E+00
0000115 1.7726E+00  1.3308E+01 -2.3352E-02  3.2646E-02  9.1597E-01  2.0149E+02
0000115 1.7114E+00  1.7066E+01 -1.2998E+00  9.9201E-02  9.0001E-01  5.3985E+01
0000115 1.5147E+00  2.8970E+01 -7.8401E+00  5.5136E-01  8.4671E-01  1.9669E+02
0000115 1.4888E+00  3.9554E+01 -1.4624E+01 -3.4208E+00  8.3945E-01  3.5245E+00
0000115 1.4373E+00  5.0043E+01 -2.1094E+01 -7.9445E+00  8.2480E-01  5.1525E+01
0000115 1.4040E+00  6.0804E+01 -2.8090E+01 -1.0097E+01  8.1519E-01  1.1834E+01
0000115 1.3643E+00  7.1638E+01 -3.5099E+01 -1.1061E+01  8.0357E-01  1.8626E+01
0000115 7.5487E-01  8.2056E+01 -4.2610E+01 -1.0673E+01  5.9774E-01  6.0939E+02
0000115 7.1691E-01  9.3016E+01 -4.1516E+01 -8.9026E+00  5.8252E-01  2.4625E+01
0000115 6.9950E-01  1.0385E+02 -4.2451E+01 -7.1244E+00  5.7540E-01  4.5638E+00
0000115 6.7857E-01  1.1458E+02 -4.2626E+01 -4.8999E+00  5.6673E-01  2.0931E+01
0000115 6.4175E-01  1.2492E+02 -4.1147E+01 -1.8337E+00  5.5114E-01  3.6817E+01
0000115 3.9933E-01  1.3429E+02 -3.7409E+01  1.8721E+00  4.3475E-01  2.3058E+02
0000115 3.8789E-01  1.4061E+02 -3.8329E+01  9.1121E+00  4.2848E-01  3.0490E+00
0000115 1.7011E-01  1.4735E+02 -3.8636E+01  1.5932E+01  2.8376E-01  2.0955E+02
0000115 1.3946E-01  1.5334E+02 -4.3820E+01  1.7359E+01  2.5692E-01  2.6084E+01
0000115 9.5672E-02  1.6008E+02 -4.7399E+01  1.6103E+01  2.1280E-01  3.9815E+01
0000115 8.6845E-02  1.6433E+02 -5.0764E+01  1.1412E+01  2.0274E-01  5.7748E+00
0000115 6.5932E-02  1.7339E+02 -5.8488E+01  4.1679E+00  1.7665E-01  1.5665E+01
0000115 3.9839E-02  1.7761E+02 -5.9239E+01 -9.4842E-01  1.3732E-01  2.6093E+01
0000115 1.8835E-02  1.8901E+02 -6.2713E+01 -1.8131E+00  9.4420E-02  1.6558E+01
0000115 2.2183E-03  1.9280E+02 -7.2137E+01 -2.5508E+00  3.2403E-02  1.3150E+01
0000115 0.0000E+00  1.9329E+02 -7.2431E+01 -6.2658E+00  0.0000E+00  1.2438E+00
0000116 2.0000E+00  0.0000E+00  0.0000E+00  0.0000E+00  9.7295E-01  0.0000E+00
0000116 1.9838E+00  1.1910E+01  5.5667E-03 -1.1204E-01  9.6899E-01  1.3466E-01
0000116 1.9472E+00  2.6013E+01  1.2222E-01 -2.1022E-01  9.6002E-01  9.2268E+00
0000116 1.8035E+00  4.0020E+01 -6.1940E-01 -7.4792E-01  9.2391E-01  1.4374E+02
0000116 1.6268E+00  5.3000E+01 -4.4735E+00 -3.2513E+00  8.7749E-01  1.7668E+02
0000116 1.6095E+00  6.3909E+01 -9.2530E+00 -9.4343E+00  8.7282E-01  1.7241E+01
0000116 1.2830E+00  7.5428E+01 -1.3941E+01 -1.4381E+01  7.7927E-01  3.2654E+02
0000116 1.1334E+00  8.4745E+01 -1.4280E+01 -2.2942E+01  7.3243E-01  1.2987E+02
0000116 1.0044E+00  9.5649E+01 -1.2607E+01 -2.8343E+01  6.8949E-01  1.2902E+02
0000116 9.8309E-01  1.0721E+02 -1.3968E+01 -3.0974E+01  6.8214E-01  4.8337E+00
0000116 9.6269E-01  1.1851E+02 -1.6051E+01 -3.3937E+01  6.7502E-01  2.0402E+01
0000116 9.3048E-01  1.2986E+02 -1.6449E+01 -3.7186E+01  6.6364E-01  3.2211E+01
0000116 3.7670E-01  1.4112E+02 -1.8779E+01 -3.9469E+01  4.2225E-01  5.3823E+02
0000116 2.6752E-01  1.5620E+02 -2.0020E+01 -2.7943E+01  3.5584E-01  9.7465E+01
0000116 2.4737E-01  1.6062E+02 -2.3798E+01 -2.1271E+01  3.4218E-01  1.3849E+01
0000116 2.3797E-01  1.6500E+02 -2.9112E+01 -1.5941E+01  3.3561E-01  3.4388E+00
0000116 2.2619E-01  1.6844E+02 -3.4505E+01 -1.0147E+01  3.2720E-01  5.9886E+00
0000116 2.1782E-01  1.7281E+02 -3.8866E+01 -4.2426E+00  3.2109E-01  2.7776E+00
0000116 2.0727E-01  1.7793E+02 -4.2759E+01  1.2816E+00  3.1321E-01  1.0555E+01
0000116 1.6303E-01  1.9038E+02 -4.9435E+01  1.0179E+01  2.7779E-01  4.0092E+01
0000116 1.5253E-01  1.9774E+02 -4.9992E+01  1.3216E+01  2.6869E-01  1.0504E+01
0000116 1.4550E-01  2.0401E+02 -5.1315E+01  1.7788E+01  2.6243E-01  7.0230E+00
0000116 1.1227E-01  2.1335E+02 -5.6566E+01  2.8991E+01  2.3052E-01  2.5420E+01
0000116 1.0238E-01  2.1909E+02 -6.0266E+01  3.1850E+01  2.2013E-01  6.4844E+00
0000116 9.0703E-02  2.2563E+02 -6.2462E+01  3.4116E+01  2.0720E-01  8.4735E+00
0000116 8.8270E-02  2.3165E+02 -6.6131E+01  3.4938E+01  2.0440E-01  2.4327E+00
0000116 3.9141E-02  2.3696E+02 -7.0720E+01  3.5716E+01  1.3611E-01  4.9129E+01
0000116 4.4321E-03  2.3855E+02 -7.8924E+01  2.7796E+01  4.5802E-02  2.6456E+01
0000116 0.0000E+00  2.4224E+02 -8.0144E+01  2.6277E+01  0.0000E+00  3.2989E+00
0000117 2.0000E+00  0.0000E+00  0.0000E+00  0.0000E+00  9.7295E-01  0.0000E+00
0000117 1.8335E+00  3.9702E+00  0.0000E+00  0.0000E+00  9.3158E-01  1.5876E+02
0000117 1.8178E+00  9.2484E+00  1.4130E+00 -6.4392E-01  9.2759E-01  1.5673E+01
0000117 1.8079E+00  2.0800E+01  5.3764E+00 -2.8656E+00  9.2506E-01  9.9007E+00
0000117 5.3225E-01  3.3225E+01  1.0448E+01 -5.9835E+00  5.0192E-01  1.2502E+03
0000117 5.0374E-01  4.1862E+01  4.8606E+00 -5.5295E+00  4.8829E-01  2.8507E+01
0000117 4.8150E-01  5.1084E+01  1.0435E+00 -3.5856E+00  4.7739E-01  1.2306E+01
0000117 3.7483E-01  5.9439E+01 -4.0708E+00 -1.2672E+00  4.2121E-01  9.7059E+01
0000117 3.5380E-01  6.5976E+01 -1.0812E+01 -2.8460E+00  4.0922E-01  1.3008E+01
0000117 3.3701E-01  7.3029E+01 -1.6358E+01 -5.6585E+00  3.9939E-01  9.1026E+00
0000117 1.7917E-01  7.9098E+01 -2.2990E+01 -8.0523E+00  2.9121E-01  1.5252E+02
0000117 1.4660E-01  8.0274E+01 -3.0882E+01 -6.4538E+00  2.6342E-01  3.2564E+01
0000117 1.2225E-01  7.8186E+01 -3.7959E+01 -3.8962E+00  2.4055E-01  2.0237E+01
0000117 5.5430E-02  7.7381E+01 -4.3666E+01  9.4688E-01  1.6197E-01  6.3202E+01
0000117 4.6002E-02  8.0881E+01 -4.8953E+01  2.1597E+00  1.4756E-01  9.4276E+00
0000117 3.9884E-02  8.3952E+01 -5.3035E+01  5.7338E+00  1.3740E-01  6.1181E+00
0000117 2.1020E-02  8.8335E+01 -6.7919E+01  1.3493E+01  9.9746E-02  8.0298E+00
0000117 1.4623E-02  9.1559E+01 -7.0021E+01  1.7300E+01  8.3193E-02  5.3177E+00
0000117 8.2246E-03  9.3125E+01 -7.8858E+01  2.0877E+01  6.2393E-02  2.4447E+00
0000117 0.0000E+00  9.4742E+01 -8.3105E+01  2.0051E+01  0.0000E+00  7.8400E+00
0000118 2.0000E+00  0.0000E+00  0.0000E+00  0.0000E+00  9.7295E-01  0.0000E+00
0000118 1.7975E+00  2.0125E+01 -1.2166E-01  4.9147E-02  9.2238E-01  1.9470E+02
0000118 1.7562E+00  3.3174E+01 -3.6827E+00 -2.4619E+00  9.1172E-01  4.1274E+01
0000118 1.7459E+00  6.0128E+01 -8.1186E+00 -3.6732E+00  9.0905E-01  6.8857E+00
0000118 1.7066E+00  7.3584E+01 -1.0144E+01 -4.8444E+00  8.9875E-01  1.4522E+01
0000118 1.6576E+00  8.6844E+01 -1.1867E+01 -7.2173E+00  8.8575E-01  2.4597E+01
0000118 5.4011E-01  9.9669E+01 -1.3252E+01 -1.1137E+01  5.0561E-01  1.0936E+03
0000118 3.9489E-01  1.0431E+02 -7.5683E+00 -1.8411E+01  4.3233E-01  1.3477E+02
0000118 3.7397E-01  1.1248E+02 -6.4049E+00 -3.5769E+01  4.2072E-01  1.7078E+01
0000118 3.6207E-01  1.1697E+02 -4.0420E+00 -4.3819E+01  4.1397E-01  3.8951E+00
0000118 3.3968E-01  1.2065E+02 -1.1572E+00 -5.2032E+01  4.0097E-01  2.2392E+01
0000118 1.4727E-01  1.2552E+02 -2.8136E-01 -5.9931E+01  2.6402E-01  1.8493E+02
0000118 1.3879E-01  1.3049E+02 -5.1126E+00 -6.3546E+01  2.5631E-01  4.3512E+00
0000118 1.2913E-01  1.3513E+02 -1.0733E+01 -6.6100E+01  2.4722E-01  9.6633E+00
0000118 7.8422E-02  1.4004E+02 -2.4547E+01 -6.9667E+01  1.9266E-01  4.5762E+01
0000118 6.0930E-02  1.4947E+02 -3.4247E+01 -7.0408E+01  1.6982E-01  1.1275E+01
0000118 5.7670E-02  1.5226E+02 -3.9110E+01 -7.3833E+01  1.6522E-01  3.2603E+00
0000118 2.6377E-02  1.5616E+02 -4.2929E+01 -7.7373E+01  1.1174E-01  2.9143E+01
0000118 3.1527E-03  1.5901E+02 -4.7661E+01 -7.6266E+01  3.8629E-02  2.1965E+01
0000118 0.0000E+00  1.5732E+02 -5.0774E+01 -7.8039E+01  0.0000E+00  2.7252E+00
0000119 2.0000E+00  0.0000E+00  0.0000E+00  0.0000E+00  9.7295E-01  0.0000E+00
0000119 1.9826E+00  1.4767E+01  2.3372E-01  2.1024E-01  9.6871E-01  5.5736E+00
0000119 1.9761E+00  2.8841E+01  4.7805E-01  1.0498E+00  9.6712E-01  6.5085E+00
0000119 1.6469E+00  4.2893E+01 -8.4410E-02  1.9248E+00  8.8290E-01  3.0192E+02
0000119 1.6033E+00  5.5388E+01 -3.5406E+00 -1.6953E+00  8.7112E-01  4.3668E+01
0000119 1.5759E+00  6.7370E+01 -8.8716E+00 -4.2992E+00  8.6366E-01  4.0453E+00
0000119 1.5486E+00  7.9012E+01 -1.4556E+01 -7.3698E+00  8.5615E-01  4.2700E+00
0000119 1.4401E+00  9.0836E+01 -1.9590E+01 -1.0621E+01  8.2561E-01  8.5818E+01
0000119 1.3394E+00  1.0179E+02 -2.6563E+01 -1.1551E+01  7.9622E-01  7.9213E+01
0000119 1.3295E+00  1.1174E+02 -3.3628E+01 -1.5389E+01  7.9327E-01  9.8964E+00
0000119 1.3054E+00  1.2217E+02 -4.0407E+01 -1.8279E+01  7.8603E-01  3.8971E+00
0000119 1.0985E+00  1.3214E+02 -4.7603E+01 -2.1495E+01  7.2108E-01  1.8685E+02
0000119 1.0833E+00  1.3890E+02 -5.7702E+01 -2.2495E+01  7.1607E-01  1.5201E+01
0000119 1.0460E+00  1.4524E+02 -6.7792E+01 -2.4867E+01  7.0362E-01  1.9937E+01
0000119 7.6813E-01  1.5252E+02 -7.6828E+01 -2.8110E+01  6.0297E-01  2.6090E+02
0000119 7.5815E-01  1.6285E+02 -8.0747E+01 -2.9958E+01  5.9904E-01  9.9834E+00
0000119 1.8211E-01  1.7345E+02 -8.3467E+01 -3.2148E+01  2.9359E-01  5.6266E+02
0000119 1.0507E-01  1.7719E+02 -8.9125E+01 -2.7604E+01  2.2300E-01  7.2246E+01
0000119 9.3034E-02  1.7723E+02 -9.1740E+01 -2.0784E+01  2.0984E-01  8.7736E+00
0000119 8.7050E-02  1.7803E+02 -9.2363E+01 -1.3725E+01  2.0298E-01  5.9837E+00
0000119 4.6074E-02  1.7749E+02 -9.1767E+01 -6.7318E+00  1.4767E-01  3.8118E+01
0000119 3.3858E-02  1.7073E+02 -8.4662E+01  4.1978E-01  1.2659E-01  5.0068E+00
0000119 8.7092E-03  1.6665E+02 -8.0547E+01  1.4891E+00  6.4205E-02  2.5149E+01
0000119 0.0000E+00  1.6440E+02 -6.7386E+01  8.6007E+00  0.0000E+00  6.4002E-01
0000120 2.0000E+00  0.0000E+00  0.0000E+00  0.0000E+00  9.7295E-01  0.0000E+00
0000120 1.9652E+00  1.5687E+01 -5.0287E-02 -7.4072E-02  9.6446E-01  1.1855E+01
0000120 1.9576E+00  1.9647E+01 -7.0591E-02  2.0826E-01  9.6257E-01  1.2502E-02
0000120 1.8354E+00  3.3671E+01 -1.4390E-01  1.1724E+00  9.3204E-01  9.5141E+01
0000120 1.7979E+00  4.7335E+01 -3.4556E-02 -9.5974E-01  9.2249E-01  1.1657E+01
0000120 1.6857E+00  6.0952E+01  1.0659E+00 -2.5942E+00  8.9323E-01  1.1223E+02
0000120 1.6565E+00  7.4384E+01 -5.6033E-01 -2.1333E+00  8.8547E-01  4.9985E+00
0000120 1.6418E+00  8.7671E+01 -2.5573E+00 -1.0449E+00  8.8154E-01  1.4656E+01
0000120 1.6221E+00  1.0083E+02 -4.1512E+00  1.2391E+00  8.7621E-01  1.9783E+01
0000120 1.6178E+00  1.1412E+02 -4.3544E+00  3.0436E+00  8.7507E-01  4.2527E+00
0000120 1.5887E+00  1.2746E+02 -4.7823E+00  4.2019E+00  8.6715E-01  5.6737E+00
0000120 1.5734E+00  1.4079E+02 -4.7530E+00  4.7037E+00  8.6297E-01  1.5277E+01
0000120 9.5119E-01  1.5401E+02 -5.9653E+00  5.6041E+00  6.7098E-01  6.2222E+02
0000120 9.2392E-01  1.6315E+02 -2.1128E+00  1.1958E+01  6.6129E-01  1.1463E+01
0000120 7.3650E-01  1.7164E+02  2.8697E+00  1.8277E+01  5.9042E-01  1.8742E+02
0000120 6.2069E-01  1.7555E+02  8.0645E+00  2.7264E+01  5.4202E-01  1.0271E+02
0000120 5.4420E-01  1.8157E+02  9.6497E+00  3.5919E+01  5.0752E-01  6.4934E+01
0000120 4.9362E-01  1.8968E+02  9.5271E+00  4.2353E+01  4.8336E-01  5.0576E+01
0000120 4.4327E-01  1.9870E+02  7.4811E+00  4.6448E+01  4.5805E-01  4.0561E+01
0000120 4.1357E-01  2.0596E+02  5.5689E+00  5.2880E+01  4.4244E-01  2.9699E+01
0000120 1.6696E-01  2.1359E+02  1.7880E+00  5.7596E+01  2.8111E-01  2.3801E+02
0000120 1.0461E-01  2.2018E+02  5.3667E+00  6.0432E+01  2.2252E-01  6.2345E+01
0000120 8.1222E-02  2.2320E+02  7.8655E+00  6.6587E+01  1.9607E-01  2.0142E+01
0000120 3.0029E-02  2.2716E+02  1.2259E+01  7.0232E+01  1.1922E-01  4.8470E+01
0000120 1.6578E-02  2.2557E+02  1.5766E+01  7.4526E+01  8.8580E-02  1.2076E+01
0000120 8.1595E-03  2.1663E+02  2.7246E+01  7.6814E+01  6.2145E-02  2.2620E+00
0000120 0.0000E+00  2.2201E+02  3.5821E+01  8.7003E+01  0.0000E+00  1.3620E+00
0000121 2.0000E+00  0.0000E+00  0.0000E+00  0.0000E+00  9.7295E-01  0.0000E+00
0000121 1.9854E+00  1.0539E+01 -1.4664E-01 -1.1711E-01  9.6940E-01  1.5795E-01
0000121 1.9491E+00  2.1217E+01 -2.9446E-01 -2.7790E-01  9.6048E-01  1.5662E+01
0000121 1.9170E+00  3.5222E+01  6.6383E-01  5.2678E-03  9.5256E-01  5.0441E+00
0000121 1.8836E+00  4.9199E+01  1.0492E+00 -1.4708E-01  9.4422E-01  3.3402E+01
0000121 1.7289E+00  6.2944E+01  3.2457E+00 -2.4936E-02  9.0460E-01  1.2850E+02
0000121 1.6178E+00  7.6488E+01  1.7834E+00  2.0730E-01  8.7507E-01  1.1103E+02
0000121 1.5849E+00  8.9478E+01  8.0933E-01 -2.9400E+00  8.6611E-01  9.4961E+00
0000121 1.5744E+00  1.0228E+02 -1.1824E+00 -6.0754E+00  8.6323E-01  1.0508E+01
0000121 1.5191E+00  1.1515E+02 -2.0985E+00 -9.3409E+00  8.4793E-01  3.2328E+01
0000121 1.4797E+00  1.4027E+02 -7.2697E+00 -1.5383E+01  8.3688E-01  8.3563E+00
0000121 1.4392E+00  1.5237E+02 -9.7115E+00 -1.9801E+01  8.2533E-01  1.8613E+01
0000121 1.3835E+00  1.6423E+02 -1.0933E+01 -2.5024E+01  8.0921E-01  3.4192E+01
0000121 1.0197E+00  1.7583E+02 -1.0183E+01 -3.0613E+01  6.9472E-01  3.6377E+02
0000121 9.9311E-01  1.8651E+02 -4.8421E+00 -3.1447E+01  6.8561E-01  9.9552E+00
0000121 9.3361E-01  1.9728E+02  2.2544E-01 -3.1122E+01  6.6475E-01  4.3181E+01
0000121 8.9311E-01  2.0661E+02  7.2808E+00 -3.0286E+01  6.5017E-01  4.0504E+01
0000121 8.5750E-01  2.1427E+02  1.5794E+01 -2.8416E+01  6.3708E-01  3.5608E+01
0000121 8.3149E-01  2.2220E+02  2.3156E+01 -2.4550E+01  6.2734E-01  1.1365E+01
0000121 8.1666E-01  2.3059E+02  2.9440E+01 -2.0043E+01  6.2172E-01  1.4832E+01
0000121 6.7276E-01  2.3969E+02  3.4385E+01 -1.5366E+01  5.6430E-01  1.2976E+02
0000121 6.5832E-01  2.5024E+02  3.6660E+01 -1.4130E+01  5.5821E-01  1.4440E+01
0000121 6.2194E-01  2.6026E+02  4.0408E+01 -1.2595E+01  5.4256E-01  2.4322E+01
0000121 6.0449E-01  2.6946E+02  4.5783E+01 -1.2095E+01  5.3490E-01  5.8675E+00
0000121 9.7423E-03  2.7901E+02  5.0374E+01 -1.2191E+01  6.7906E-02  5.8341E+02
0000121 0.0000E+00  2.8754E+02  5.9743E+01 -2.5177E+01  0.0000E+00  5.1512E-01
0000122 2.0000E+00  0.0000E+00  0.0000E+00  0.0000E+00  9.7295E-01  0.0000E+00
0000122 1.9526E+00  3.1984E+01 -3.7754E-02  3.9929E-01  9.6136E-01  1.0893E+01
0000122 1.9138E+00  4.6005E+01 -8.3474E-01  5.0232E-02  9.5175E-01  1.1821E+01
0000122 1.6404E+00  5.9906E+01 -1.2689E+00 -1.3312E+00  8.8115E-01  2.4681E+02
0000122 1.2362E+00  7.1872E+01 -3.2436E+00 -7.1391E+00  7.6493E-01  3.8050E+02
0000122 9.0891E-01  8.4084E+01 -6.0210E+00 -6.4313E+00  6.5590E-01  3.0810E+02
0000122 8.8189E-01  9.3143E+01 -1.0126E+01 -3.5952E-01  6.4607E-01  1.1739E+01
0000122 8.5378E-01  1.0141E+02 -1.3990E+01  6.7572E+00  6.3570E-01  1.3158E+01
0000122 7.4579E-01  1.0965E+02 -1.6508E+01  1.4341E+01  5.9414E-01  9.3386E+01
0000122 7.3881E-01  1.1688E+02 -2.2403E+01  2.0403E+01  5.9135E-01  6.9876E+00
0000122 3.7061E-01  1.2942E+02 -3.4077E+01  3.4424E+01  4.1882E-01  3.4653E+02
0000122 3.4479E-01  1.3468E+02 -4.1967E+01  3.3881E+01  4.0398E-01  1.7856E+01
0000122 1.0143E-01  1.4041E+02 -4.9220E+01  3.5293E+01  2.1911E-01  2.4336E+02
0000122 4.4796E-02  1.4624E+02 -4.8849E+01  3.9584E+01  1.4561E-01  5.3458E+01
0000122 2.4495E-02  1.4847E+02 -4.4366E+01  4.3251E+01  1.0768E-01  1.8494E+01
0000122 1.4343E-02  1.4658E+02 -4.0115E+01  4.6302E+01  8.2394E-02  8.9547E+00
0000122 0.0000E+00  1.4740E+02 -3.5195E+01  4.7201E+01  0.0000E+00  1.3159E+01
0000123 2.0000E+00  0.0000E+00  0.0000E+00  0.0000E+00  9.7295E-01  0.0000E+00
0000123 1.9758E+00  7.9404E+00  2.2753E-02  8.0789E-03  9.6706E-01  1.6360E+01
0000123 1.6621E+00  2.6977E+01 -1.4507E+00  2.8128E-01  8.8695E-01  3.1360E+02
0000123 1.6580E+00  3.9391E+01 -2.3793E+00 -4.9176E+00  8.8586E-01  4.0879E+00
0000123 1.5443E+00  5.1924E+01 -2.6930E+00 -9.8806E+00  8.5496E-01  1.1365E+02
0000123 1.5033E+00  6.3004E+01 -5.8112E+00 -1.6437E+01  8.4352E-01  1.8403E+01
0000123 9.0425E-01  7.3770E+01 -7.7299E+00 -2.3758E+01  6.5421E-01  5.9902E+02
0000123 8.3467E-01  8.5203E+01  1.4794E+00 -4.1790E+01  6.2854E-01  6.5754E+01
0000123 7.8463E-01  8.7774E+01  6.8895E+00 -5.1514E+01  6.0941E-01  3.5678E+01
0000123 7.7651E-01  9.7189E+01  1.4396E+01 -7.0499E+01  6.0625E-01  3.6231E+00
0000123 7.2675E-01  1.0527E+02  2.0711E+01 -9.0435E+01  5.8650E-01  3.0861E+01
0000123 6.9985E-01  1.0699E+02  2.3389E+01 -1.0103E+02  5.7554E-01  1.3934E+01
0000123 6.5134E-01  1.0717E+02  2.6151E+01 -1.1163E+02  5.5524E-01  4.8505E+01
0000123 6.3498E-01  1.0772E+02  3.1491E+01 -1.2098E+02  5.4822E-01  4.3863E+00
0000123 5.9081E-01  1.0750E+02  3.6409E+01 -1.3050E+02  5.2881E-01  4.4171E+01
0000123 5.7261E-01  1.0530E+02  3.9344E+01 -1.4038E+02  5.2060E-01  1.4901E+01
0000123 3.7502E-01  1.0161E+02  4.2696E+01 -1.4959E+02  4.2131E-01  1.9760E+02
0000123 2.9629E-01  1.0048E+02  5.0377E+01 -1.5511E+02  3.7449E-01  7.0702E+01
0000123 2.8775E-01  9.3908E+01  6.6601E+01 -1.5944E+02  3.6905E-01  4.1093E+00
0000123 2.7352E-01  8.5212E+01  8.1795E+01 -1.6307E+02  3.5981E-01  7.1887E+00
0000123 2.0521E-01  7.9256E+01  8.8338E+01 -1.6397E+02  3.1166E-01  6.1906E+01
0000123 1.0326E-01  7.6934E+01  9.5777E+01 -1.6703E+02  2.2108E-01  9.6733E+01
0000123 9.7964E-02  7.6686E+01  1.0261E+02 -1.6453E+02  2.1533E-01  5.2994E+00
0000123 4.4278E-02  7.7509E+01  1.0966E+02 -1.6328E+02  1.4477E-01  5.0584E+01
0000123 3.7495E-02  7.7037E+01  1.1313E+02 -1.5817E+02  1.3322E-01  4.9897E+00
0000123 7.7621E-03  7.7139E+01  1.1796E+02 -1.5460E+02  6.0613E-02  2.8134E+01
0000123 0.0000E+00  7.9103E+01  1.1753E+02 -1.5050E+02  0.0000E+00  6.8810E+00
0000124 2.0000E+00  0.0000E+00  0.0000E+00  0.0000E+00  9.7295E-01  0.0000E+00
0000124 1.9893E+00  1.7257E+01  4.0744E-01 -3.0655E-01  9.7034E-01  7.7956E+00
0000124 1.9585E+00  3.6055E+01  2.5486E-01 -1.6695E+00  9.6280E-01  3.3479E+00
0000124 4.5652E-01  5.0024E+01 -1.3341E-01 -3.2005E+00  4.6484E-01  1.4749E+03
0000124 4.4891E-01  5.7080E+01 -8.8005E+00 -1.9602E+01  4.6095E-01  3.0369E+00
0000124 4.3238E-01  5.9488E+01 -1.2867E+01 -2.8312E+01  4.5239E-01  7.3909E+00
0000124 4.1916E-01  6.0938E+01 -1.7735E+01 -3.6725E+01  4.4542E-01  1.3221E+01
0000124 3.9356E-01  6.3228E+01 -2.3694E+01 -4.4107E+01  4.3160E-01  1.6909E+01
0000124 3.7196E-01  6.6072E+01 -3.0786E+01 -4.9961E+01  4.1959E-01  2.1591E+01
0000124 3.3837E-01  7.0557E+01 -3.7977E+01 -5.4266E+01  4.0020E-01  2.5614E+01
0000124 3.2167E-01  7.4525E+01 -4.3633E+01 -6.0509E+01  3.9019E-01  9.2503E+00
0000124 4.2657E-02  7.7396E+01 -5.0260E+01 -6.6223E+01  1.4209E-01  2.7901E+02
0000124 3.6925E-02  7.2738E+01 -5.2556E+01 -6.9515E+01  1.3220E-01  3.9850E+00
0000124 2.7821E-02  6.4002E+01 -6.0123E+01 -7.1587E+01  1.1475E-01  4.3759E+00
0000124 3.6194E-03  5.9210E+01 -6.3028E+01 -7.0606E+01  4.1390E-02  2.4202E+01
0000124 0.0000E+00  5.4069E+01 -6.1094E+01 -7.9409E+01  0.0000E+00  1.2334E+00
0000125 2.0000E+00  0.0000E+00  0.0000E+00  0.0000E+00  9.7295E-01  0.0000E+00
0000125 1.9897E+00  7.9375E+00 -8.8144E-02  1.2518E-01  9.7043E-01  7.3581E+00
0000125 1.9504E+00  2.0073E+01  2.1669E-01  4.5991E-02  9.6082E-01  1.5656E+01
0000125 1.9463E+00  3.4044E+01  1.2968E+00  9.7381E-01  9.5980E-01  4.1501E+00
0000125 1.8124E+00  4.8017E+01  1.8040E+00  2.2037E+00  9.2621E-01  1.0692E+02
0000125 1.2917E+00  6.1291E+01  5.4831E+00  2.7680E+00  7.8192E-01  5.2070E+02
0000125 1.0881E+00  7.2197E+01  7.2041E+00 -3.4661E+00  7.1766E-01  1.8379E+02
0000125 1.0674E+00  8.1828E+01  4.2964E+00 -1.0302E+01  7.1079E-01  3.2514E+00
0000125 5.6033E-01  9.1001E+01  1.0784E+00 -1.7518E+01  5.1499E-01  5.0709E+02
0000125 5.5695E-01  9.2040E+01 -3.4210E+00 -2.6856E+01  5.1343E-01  3.3816E+00
0000125 5.4950E-01  9.3561E+01 -8.4591E+00 -3.5829E+01  5.0999E-01  7.4530E+00
0000125 4.9458E-01  9.4497E+01 -1.2572E+01 -4.5303E+01  4.8383E-01  5.4914E+01
0000125 3.8539E-01  9.8013E+01 -1.7920E+01 -5.3151E+01  4.2709E-01  1.0920E+02
0000125 3.6386E-01  1.0253E+02 -1.9348E+01 -7.1654E+01  4.1499E-01  8.1794E+00
0000125 1.6523E-01  1.0475E+02 -2.1023E+01 -8.0695E+01  2.7965E-01  1.9078E+02
0000125 1.5802E-01  1.1165E+02 -2.2665E+01 -8.4397E+01  2.7349E-01  7.2086E+00
0000125 1.4531E-01  1.1903E+02 -2.2917E+01 -8.7298E+01  2.6225E-01  1.2715E+01
0000125 1.2140E-01  1.2653E+02 -2.1409E+01 -8.8789E+01  2.3971E-01  2.3908E+01
0000125 1.0688E-01  1.3275E+02 -1.7205E+01 -8.9170E+01  2.2492E-01  1.0910E+01
0000125 8.1471E-02  1.3837E+02 -1.2863E+01 -8.7342E+01  1.9637E-01  2.2116E+01
0000125 3.0883E-02  1.4514E+02 -1.1338E+01 -8.7062E+01  1.2090E-01  5.0588E+01
0000125 2.5808E-02  1.4877E+02 -1.1994E+01 -8.2586E+01  1.1052E-01  5.0746E+00
0000125 1.4543E-02  1.5075E+02 -1.1093E+01 -7.7412E+01  8.2966E-02  1.1265E+01
0000125 9.5105E-03  1.5729E+02 -1.4205E+01 -7.0649E+01  6.7093E-02  2.1756E+00
0000125 0.0000E+00  1.6302E+02 -1.5767E+01 -5.9164E+01  0.0000E+00  5.5758E+00
0000126 2.0000E+00  0.0000E+00  0.0000E+00  0.0000E+00  9.7295E-01  0.0000E+00
0000126 8.9317E-02  1.7659E+01 -8.9299E-02  1.1249E-01  2.0561E-01  1.8838E+03
0000126 6.7555E-03  1.9889E+01 -1.0896E+01  1.3072E-01  5.6546E-02  7.9319E+01
0000126 0.0000E+00  2.8361E+01 -9.3313E+00  1.3227E+01  0.0000E+00  9.1097E-01
0000127 2.0000E+00  0.0000E+00  0.0000E+00  0.0000E+00  9.7295E-01  0.0000E+00
0000127 1.8249E+00  1.4843E+01  3.6707E-03  6.4002E-02  9.2939E-01  1.6727E+02
0000127 1.7843E+00  3.1868E+01 -4.5467E+00  2.4226E+00  9.1899E-01  1.4735E+01
0000127 1.6589E+00  4.4859E+01 -7.8353E+00  5.4229E+00  8.8612E-01  1.0012E+02
0000127 1.5849E+00  5.6807E+01 -9.9567E+00  1.1304E+01  8.6611E-01  5.0183E+01
0000127 1.5581E+00  6.9359E+01 -1.0271E+01  1.5789E+01  8.5877E-01  3.6391E+00
0000127 1.5435E+00  8.2036E+01 -1.0258E+01  1.9733E+01  8.5474E-01  1.4597E+01
0000127 1.5379E+00  9.4980E+01 -1.0706E+01  2.2506E+01  8.5319E-01  5.6069E+00
0000127 1.4766E+00  1.0783E+02 -1.0461E+01  2.5665E+01  8.3600E-01  6.1332E+01
0000127 1.4128E+00  1.2091E+02 -9.9920E+00  2.6198E+01  8.1773E-01  4.1931E+01
0000127 1.3370E+00  1.3377E+02 -1.0116E+01  2.4598E+01  7.9551E-01  7.5756E+01
0000127 1.1812E+00  1.4582E+02 -1.2213E+01  2.0880E+01  7.4771E-01  1.5581E+02
0000127 1.1431E+00  1.5801E+02 -1.4420E+01  2.1540E+01  7.3557E-01  1.9512E+01
0000127 9.6238E-01  1.7012E+02 -1.6462E+01  2.0604E+01  6.7492E-01  1.6264E+02
0000127 8.4082E-01  1.8144E+02 -1.4099E+01  1.8230E+01  6.3085E-01  1.0562E+02
0000127 7.4699E-01  1.9126E+02 -8.3218E+00  1.7173E+01  5.9461E-01  9.3833E+01
0000127 4.3295E-01  1.9969E+02 -2.7152E+00  1.2545E+01  4.5269E-01  3.0080E+02
0000127 4.2085E-01  2.0898E+02 -4.0816E+00  9.6517E+00  4.4632E-01  3.1989E+00
0000127 3.3521E-01  2.1812E+02 -6.2575E+00  6.9838E+00  3.9832E-01  7.6921E+01
0000127 1.8423E-01  2.2683E+02 -4.2112E+00  4.4668E+00  2.9530E-01  1.5098E+02
0000127 4.1193E-02  2.3263E+02 -7.3262E+00 -3.9094E-01  1.3963E-01  1.4304E+02
0000127 3.7501E-02  2.3249E+02 -5.9226E+00 -6.3346E+00  1.3323E-01  1.9860E+00
0000127 1.5519E-02  2.3110E+02 -5.0772E+00 -1.2115E+01  8.5705E-02  2.0382E+01
0000127 9.7466E-03  2.3080E+02 -1.0355E+01 -2.0467E+01  6.7921E-02  3.1317E+00
0000127 0.0000E+00  2.2754E+02 -1.1961E+01 -2.3527E+01  0.0000E+00  9.0870E+00
0000128 2.0000E+00  0.0000E+00  0.0000E+00  0.0000E+00  9.7295E-01  0.0000E+00
0000128 1.8032E-01  2.6021E+01  3.5024E-01  2.0673E-01  2.9214E-01  1.8097E+03
0000128 1.7015E-01  2.8468E+01  4.1741E+00 -6.5590E+00  2.8379E-01  1.0162E+01
0000128 1.5766E-01  3.0934E+01  9.4865E+00 -1.2083E+01  2.7317E-01  7.9228E+00
0000128 1.3184E-01  3.3346E+01  1.3331E+01 -1.8581E+01  2.4980E-01  2.5826E+01
0000128 1.2084E-01  3.4738E+01  1.4264E+01 -2.6038E+01  2.3915E-01  7.1815E+00
0000128 7.6418E-02  3.4899E+01  1.3867E+01 -3.3536E+01  1.9018E-01  4.0826E+01
0000128 5.9730E-02  3.7718E+01  1.0565E+01 -3.8852E+01  1.6814E-01  1.4076E+01
0000128 4.0334E-02  4.0369E+01  1.0205E+01 -4.4828E+01  1.3817E-01  1.7195E+01
0000128 1.4741E-02  4.0495E+01  1.2434E+01 -5.0489E+01  8.3528E-02  2.3911E+01
0000128 3.7912E-03  3.7130E+01  1.1691E+01 -5.4237E+01  4.2361E-02  1.0949E+01
0000128 0.0000E+00  3.7997E+01  9.1721E+00 -5.7328E+01  0.0000E+00  2.5099E+00
0000129 2.0000E+00  0.0000E+00  0.0000E+00  0.0000E+00  9.7295E-01  0.0000E+00
0000129 1.9397E+00  1.6838E+01  1.3468E-01  7.5882E-02  9.5816E-01  5.2336E+01
0000129 1.3257E+00  2.1496E+01 -1.7843E-01  7.7757E-01  7.9212E-01  6.1400E+02
0000129 1.3011E+00  3.0920E+01  2.1306E-01  9.3706E+00  7.8475E-01  4.3320E+00
0000129 9.6134E-01  4.0452E+01  1.2811E+00  1.7696E+01  6.7455E-01  3.1984E+02
0000129 7.6079E-01  4.5026E+01 -9.5067E-01  2.8351E+01  6.0008E-01  2.0054E+02
0000129 5.5106E-01  4.9411E+01  2.1791E+00  3.8143E+01  5.1071E-01  1.9632E+02
0000129 4.9220E-01  4.8868E+01  2.3416E+00  4.8505E+01  4.8266E-01  4.8267E+01
0000129 3.3101E-01  4.5356E+01  2.2377E+00  5.7991E+01  3.9582E-01  1.6119E+02
0000129 3.2374E-01  4.2413E+01  7.4531E+00  6.5063E+01  3.9145E-01  7.2625E+00
0000129 3.1112E-01  3.8674E+01  1.1584E+01  7.2413E+01  3.8374E-01  5.3997E+00
0000129 3.0273E-01  3.4275E+01  1.6265E+01  7.8919E+01  3.7853E-01  8.3960E+00
0000129 2.7917E-01  3.1232E+01  2.0977E+01  8.6072E+01  3.6351E-01  1.6674E+01
0000129 1.4232E-01  2.3550E+01  3.3444E+01  9.6086E+01  2.5954E-01  1.2846E+02
0000129 1.3113E-01  2.0641E+01  4.0429E+01  9.4355E+01  2.4913E-01  1.1189E+01
0000129 1.2371E-01  1.6251E+01  4.6091E+01  9.1717E+01  2.4198E-01  3.6128E+00
0000129 1.0758E-01  1.2368E+01  5.1361E+01  8.7964E+01  2.2565E-01  1.2481E+01
0000129 8.6849E-02  7.0726E+00  5.6098E+01  8.6127E+01  2.0275E-01  1.7416E+01
0000129 7.8030E-02  1.3000E+00  5.9989E+01  8.7148E+01  1.9218E-01  8.8184E+00
0000129 6.5799E-02-  3.9347E+01  7.8157E+01  8.1368E+01  0.0000E+00  8.8184E+00
0000130 2.0000E+00  0.0000E+00  0.0000E+00  0.0000E+00  9.7295E-01  0.0000E+00
0000130 1.9776E+00  1.0611E+01 -1.8401E-01  2.7960E-02  9.6750E-01  1.7318E-01
0000130 1.3531E+00  2.2920E+01 -5.5727E-01 -3.0849E-02  8.0028E-01  6.0070E+02
0000130 1.0959E+00  3.3798E+01  5.5947E+00  2.8444E+00  7.2021E-01  2.5722E+02
0000130 9.3813E-01  4.5667E+01  8.0475E+00  1.5972E+00  6.6636E-01  1.4020E+02
0000130 5.5894E-01  5.6371E+01  1.2031E+01  4.3165E+00  5.1435E-01  3.7920E+02
0000130 5.3029E-01  6.4945E+01  9.1574E+00  9.4750E+00  5.0099E-01  1.7941E+01
0000130 4.9311E-01  7.3814E+01  8.1434E+00  1.4588E+01  4.8311E-01  2.6873E+01
0000130 4.8010E-01  8.2918E+01  9.2984E+00  1.8854E+01  4.7670E-01  3.2270E+00
0000130 2.8876E-02  9.1817E+01  9.7610E+00  2.3523E+01  1.1691E-01  4.4163E+02
0000130 1.8611E-02  9.0503E+01  1.0906E+01  2.8978E+01  9.3855E-02  8.9259E+00
0000130 6.5637E-03  9.0399E+01  1.4633E+01  3.2745E+01  5.5738E-02  1.1052E+01
0000130 0.0000E+00  9.9034E+01  2.3036E+01  3.1916E+01  0.0000E+00  2.5056E+00
0000131 2.0000E+00  0.0000E+00  0.0000E+00  0.0000E+00  9.7295E-01  0.0000E+00
0000131 1.9837E+00  7.9404E+00 -3.2134E-03 -1.4802E-02  9.6898E-01  8.1065E-01
0000131 1.9473E+00  3.4829E+01 -8.5301E-01  6.1878E-01  9.6004E-01  3.3152E+01
0000131 1.7301E+00  4.8760E+01 -2.0285E+00 -6.4913E-01  9.0493E-01  2.1712E+02
0000131 1.6883E+00  6.2064E+01 -4.5983E-01  1.8507E+00  8.9394E-01  1.7132E+01
0000131 1.6606E+00  7.4945E+01  1.3420E+00  5.6281E+00  8.8656E-01  3.5409E+00
0000131 1.5236E+00  8.7913E+01  2.5937E+00  9.1198E+00  8.4922E-01  1.1303E+02
0000131 1.5175E+00  9.9351E+01  3.0075E+00  1.5702E+01  8.4751E-01  6.0967E+00
0000131 1.4674E+00  1.1066E+02  4.2412E+00  2.2377E+01  8.3338E-01  5.0198E+01
0000131 1.4500E+00  1.3427E+02  1.9034E+00  3.3368E+01  8.2844E-01  1.3348E+01
0000131 1.3528E+00  1.4604E+02 -7.4779E-01  3.8304E+01  8.0018E-01  7.5615E+01
0000131 1.3261E+00  1.5617E+02 -3.3150E+00  4.5745E+01  7.9227E-01  6.1159E+00
0000131 1.2681E+00  1.6590E+02 -6.6538E+00  5.3288E+01  7.7472E-01  3.7868E+01
0000131 1.2515E+00  1.7670E+02 -9.9368E+00  5.8937E+01  7.6964E-01  1.6575E+01
0000131 4.5491E-01  1.8719E+02 -1.2169E+01  6.5524E+01  4.6402E-01  7.7720E+02
0000131 4.4193E-01  1.9193E+02 -2.0838E+01  6.6567E+01  4.5735E-01  3.7623E+00
0000131 1.7284E-01  1.9680E+02 -2.9220E+01  6.8471E+01  2.8602E-01  2.6909E+02
0000131 1.5325E-01  1.9417E+02 -3.6834E+01  6.7862E+01  2.6933E-01  1.4966E+01
0000131 1.4838E-01  1.8975E+02 -4.3161E+01  6.6277E+01  2.6501E-01  4.8711E+00
0000131 7.9560E-02  1.8452E+02 -4.8540E+01  6.4039E+01  1.9405E-01  6.4671E+01
0000131 4.4614E-02  1.8385E+02 -6.0864E+01  5.8498E+01  1.4531E-01  2.5877E+01
0000131 2.0706E-02  1.8565E+02 -6.3598E+01  5.3233E+01  9.8996E-02  2.3908E+01
0000131 1.6942E-02  1.8643E+02 -6.1765E+01  4.8214E+01  8.9548E-02  3.7636E+00
0000131 8.9903E-03  1.8925E+02 -6.0747E+01  4.3947E+01  6.5232E-02  7.9516E+00
0000131 0.0000E+00  1.8542E+02 -5.1360E+01  4.1382E+01  0.0000E+00  1.2516E+00
0000132 2.0000E+00  0.0000E+00  0.0000E+00  0.0000E+00  9.7295E-01  0.0000E+00
0000132 1.9842E+00  7.9404E+00 -9.9877E-03  1.7287E-02  9.6910E-01  3.0750E-01
0000132 1.5304E+00  1.1910E+01  2.6913E-02  5.0166E-02  8.5108E-01  4.5385E+02
0000132 5.2923E-01  2.3521E+01 -4.2577E+00  4.6908E+00  5.0049E-01  1.0011E+03
0000132 4.7937E-01  2.5342E+01 -1.3488E+01  8.8405E+00  4.7633E-01  4.9859E+01
0000132 4.4025E-01  2.4850E+01 -2.3316E+01  1.0912E+01  4.5649E-01  2.9535E+01
0000132 6.0227E-03  2.5549E+01 -3.3157E+01  1.0758E+01  5.3391E-02  4.3423E+02
0000132 0.0000E+00  2.9539E+01 -4.0068E+01 -1.2741E+00  0.0000E+00  7.2449E-01
0000133 2.0000E+00  0.0000E+00  0.0000E+00  0.0000E+00  9.7295E-01  0.0000E+00
0000133 1.8902E+00  1.5360E+01 -2.8751E-02  3.8661E-03  9.4586E-01  8.7665E+01
0000133 1.8247E+00  1.9243E+01  7.6026E-01  2.5081E-01  9.2933E-01  5.7982E+01
0000133 1.6544E+00  3.2324E+01  5.0843E+00 -6.9049E-01  8.8490E-01  1.4463E+02
0000133 1.6089E+00  4.3348E+01  1.2731E+01 -1.9528E+00  8.7265E-01  4.5455E+01
0000133 1.5674E+00  5.3926E+01  2.0171E+01 -5.3956E+00  8.6133E-01  1.8143E+01
0000133 1.5514E+00  6.5196E+01  2.6359E+01 -8.7845E+00  8.5692E-01  1.6001E+01
0000133 1.4070E+00  7.6253E+01  3.3310E+01 -1.1089E+01  8.1606E-01  1.2170E+02
0000133 1.2089E+00  8.8346E+01  3.7913E+01 -1.0663E+01  7.5643E-01  1.7699E+02
0000133 1.1831E+00  9.9263E+01  4.1560E+01 -5.8491E+00  7.4831E-01  6.9243E+00
0000133 1.1498E+00  1.0991E+02  4.6068E+01 -1.3356E+00  7.3771E-01  1.4696E+01
0000133 1.1379E+00  1.1981E+02  5.1749E+01  3.3073E+00  7.3389E-01  1.1881E+01
0000133 1.1069E+00  1.3036E+02  5.6841E+01  7.0501E+00  7.2383E-01  3.0984E+01
0000133 1.0708E+00  1.3985E+02  6.2259E+01  1.2498E+01  7.1192E-01  1.8458E+01
0000133 1.0477E+00  1.4955E+02  6.8314E+01  1.6504E+01  7.0421E-01  5.8116E+00
0000133 6.3542E-01  1.5909E+02  7.4901E+01  1.9802E+01  5.4841E-01  4.1232E+02
0000133 5.8402E-01  1.6260E+02  8.1087E+01  2.7825E+01  5.2576E-01  3.9638E+01
0000133 5.2923E-01  1.6390E+02  8.8622E+01  3.5043E+01  5.0049E-01  4.3737E+01
0000133 5.6497E-02  1.7174E+02  1.0361E+02  4.6674E+01  1.6353E-01  4.6872E+02
0000133 4.9800E-02  1.7229E+02  1.0127E+02  5.2690E+01  1.5353E-01  4.5783E+00
0000133 3.5692E-02  1.7433E+02  9.2508E+01  6.1098E+01  1.2998E-01  8.1447E+00
0000133 2.2960E-02  1.7366E+02  8.8591E+01  6.5527E+01  1.0425E-01  1.2732E+01
0000133 4.0510E-03  1.7072E+02  8.7498E+01  7.0042E+01  4.3788E-02  1.8909E+01
0000133 0.0000E+00  1.7270E+02  9.1700E+01  8.0081E+01  0.0000E+00  1.0043E+00
0000134 2.0000E+00  0.0000E+00  0.0000E+00  0.0000E+00  9.7295E-01  0.0000E+00
0000134 8.7330E-01  3.9702E+00  0.0000E+00  0.0000E+00  6.4292E-01  1.1267E+03
0000134 8.6682E-01  6.5943E+00 -2.6847E-01 -2.9673E+00  6.4053E-01  1.3822E+00
0000134 6.9510E-01  1.1617E+01 -8.5744E-01 -9.1199E+00  5.7359E-01  1.6151E+02
0000134 3.4332E-01  1.9800E+01  2.5674E+00 -1.5530E+01  4.0311E-01  3.5178E+02
0000134 3.2682E-01  2.0629E+01  4.5585E+00 -2.4618E+01  3.9330E-01  8.9712E+00
0000134 3.1823E-01  2.2170E+01  5.1993E+00 -3.3708E+01  3.8811E-01  8.5829E+00
0000134 2.9020E-01  2.3495E+01  7.3032E+00 -4.2553E+01  3.7062E-01  2.8036E+01
0000134 2.8736E-01  2.2097E+01  9.1756E+00 -5.1252E+01  3.6880E-01  2.8388E+00
0000134 2.3229E-01  2.1138E+01  1.1807E+01 -5.9793E+01  3.3158E-01  5.5068E+01
0000134 1.8932E-01  1.9201E+01  1.7464E+01 -6.5961E+01  2.9934E-01  3.7279E+01
0000134 1.7961E-01  1.6872E+01  2.4732E+01 -6.9042E+01  2.9157E-01  4.7798E+00
0000134 1.6774E-01  1.3377E+01  3.1375E+01 -7.2193E+01  2.8177E-01  7.1193E+00
0000134 1.4843E-01  1.1122E+01  3.7826E+01 -7.6405E+01  2.6506E-01  1.4788E+01
0000134 1.3963E-01  7.6442E+00  4.2467E+01 -8.1664E+01  2.5708E-01  4.6529E+00
0000134 1.1372E-01  5.2589E+00  4.6676E+01 -8.7695E+01  2.3200E-01  2.1935E+01
0000134 8.7457E-02  5.9303E+00  5.0346E+01 -9.4110E+01  2.0346E-01  2.2816E+01
0000134 7.5121E-02  1.1033E+01  5.3511E+01 -1.0670E+02  1.8856E-01  4.0307E+00
0000134 6.4886E-02  1.0461E+01  5.8051E+01 -1.1942E+02  1.7525E-01  6.2920E+00
0000134 3.0554E-02  1.1344E+01  6.1165E+01 -1.2523E+02  1.2026E-01  3.4331E+01
0000134 1.2797E-02  1.1210E+01  6.6728E+01 -1.2681E+02  7.7827E-02  1.7758E+01
0000134 1.5634E-03  1.3642E+01  7.0655E+01 -1.2498E+02  2.7203E-02  1.0460E+01
0000134 0.0000E+00  1.1372E+01  7.3169E+01 -1.2386E+02  0.0000E+00  1.0971E+00
0000135 2.0000E+00  0.0000E+00  0.0000E+00  0.0000E+00  9.7295E-01  0.0000E+00
0000135 1.9100E+00  1.5802E+01  5.3752E-02  4.4250E-02  9.5082E-01  5.9178E+01
0000135 1.9018E+00  1.9714E+01  2.0648E-01 -6.1590E-01  9.4877E-01  8.2174E+00
0000135 1.8519E+00  3.3570E+01  1.2497E-01 -2.2692E+00  9.3624E-01  4.9927E+01
0000135 1.7027E+00  4.7382E+01 -9.8991E-01 -1.9104E+00  8.9774E-01  1.4917E+02
0000135 1.6924E+00  6.0036E+01 -5.2636E+00  5.0526E-01  8.9500E-01  1.0385E+01
0000135 1.6849E+00  7.2768E+01 -9.6986E+00  1.8762E+00  8.9303E-01  7.4303E+00
0000135 1.1144E+00  8.5665E+01 -1.3381E+01  3.7088E+00  7.2627E-01  5.4633E+02
0000135 1.0600E+00  9.6294E+01 -1.0380E+01  8.9688E+00  7.0831E-01  3.6650E+01
0000135 1.0488E+00  1.0767E+02 -8.8866E+00  1.2758E+01  7.0456E-01  1.1219E+01
0000135 1.0274E+00  1.1872E+02 -6.2213E+00  1.6792E+01  6.9733E-01  4.4041E+00
0000135 1.0176E+00  1.2957E+02 -2.8234E+00  2.0606E+01  6.9402E-01  9.7302E+00
0000135 9.4060E-01  1.3986E+02  1.2370E+00  2.5192E+01  6.6723E-01  7.7049E+01
0000135 9.1650E-01  1.4891E+02  8.0181E+00  2.8371E+01  6.5863E-01  8.4213E+00
0000135 8.8619E-01  1.5728E+02  1.5093E+01  3.2393E+01  6.4765E-01  3.0309E+01
0000135 7.5136E-01  1.6432E+02  2.3671E+01  3.5719E+01  5.9635E-01  1.3483E+02
0000135 7.4146E-01  1.7388E+02  2.8480E+01  3.8812E+01  5.9241E-01  9.8931E+00
0000135 5.1581E-01  1.8281E+02  3.4390E+01  4.1779E+01  4.9411E-01  2.2565E+02
0000135 4.9892E-01  1.9292E+02  3.4386E+01  4.3300E+01  4.8595E-01  6.7889E+00
0000135 4.8190E-01  2.0306E+02  3.4496E+01  4.3642E+01  4.7759E-01  1.7021E+01
0000135 3.5913E-01  2.1291E+02  3.6389E+01  4.4491E+01  4.1229E-01  1.2277E+02
0000135 2.7584E-01  2.2185E+02  3.3967E+01  4.2708E+01  3.6133E-01  7.5506E+01
0000135 1.3260E-01  2.3004E+02  3.1548E+01  4.5268E+01  2.5053E-01  1.4324E+02
0000135 1.2212E-01  2.3577E+02  2.7788E+01  4.1863E+01  2.4042E-01  6.6501E+00
0000135 1.1498E-01  2.4034E+02  2.2742E+01  3.8662E+01  2.3329E-01  3.5178E+00
0000135 7.2373E-02  2.4547E+02  1.7758E+01  3.6632E+01  1.8508E-01  3.9140E+01
0000135 1.1002E-02  2.4953E+02  1.2828E+01  3.8948E+01  7.2163E-02  6.1370E+01
0000135 7.4351E-03  2.4772E+02  8.3920E+00  3.8231E+01  5.9323E-02  3.5672E+00
0000135 0.0000E+00  2.4684E+02 -3.4902E-02  3.8897E+01  0.0000E+00  4.3385E+00
0000136 2.0000E+00  0.0000E+00  0.0000E+00  0.0000E+00  9.7295E-01  0.0000E+00
0000136 1.9646E+00  3.9702E+00  0.0000E+00  0.0000E+00  9.6429E-01  2.7721E+01
0000136 1.4499E+00  1.7621E+01 -1.1655E+00 -1.1269E+00  8.2842E-01  4.8811E+02
0000136 1.4265E+00  2.2302E+01  5.8540E-01 -9.0655E-02  8.2171E-01  1.4937E+01
0000136 1.3943E+00  3.4472E+01  3.8526E+00  3.0704E+00  8.1236E-01  1.0926E+01
0000136 1.3721E+00  4.6306E+01  8.1717E+00  5.9251E+00  8.0588E-01  2.2162E+01
0000136 1.3468E+00  5.7967E+01  1.3396E+01  7.4367E+00  7.9840E-01  4.6059E+00
0000136 1.2819E+00  6.9466E+01  1.8972E+01  8.3034E+00  7.7893E-01  6.4884E+01
0000136 1.2688E+00  8.0006E+01  2.5824E+01  6.8509E+00  7.7494E-01  1.3106E+01
0000136 1.1837E+00  8.9840E+01  3.3668E+01  5.7935E+00  7.4849E-01  8.5114E+01
0000136 1.1158E+00  1.0088E+02  3.8791E+01  3.3680E+00  7.2671E-01  4.9316E+01
0000136 7.1573E-01  1.1138E+02  4.2940E+01 -1.3559E+00  5.8204E-01  4.0003E+02
0000136 6.8928E-01  1.2135E+02  3.9787E+01 -4.8350E+00  5.7118E-01  1.3619E+01
0000136 6.2568E-01  1.3143E+02  3.6102E+01 -6.8804E+00  5.4419E-01  6.3600E+01
0000136 5.5844E-01  1.4145E+02  3.5354E+01 -1.0488E+01  5.1412E-01  6.7239E+01
0000136 5.3847E-01  1.5991E+02  2.7507E+01 -1.5903E+01  5.0484E-01  4.3218E+00
0000136 4.7949E-01  1.6859E+02  2.2768E+01 -1.8867E+01  4.7640E-01  5.8979E+01
0000136 2.8441E-01  1.7511E+02  1.7527E+01 -2.4449E+01  3.6690E-01  1.9508E+02
0000136 2.3715E-01  1.8387E+02  1.7148E+01 -2.6300E+01  3.3503E-01  4.0681E+01
0000136 1.8639E-01  1.9220E+02  1.5247E+01 -2.5088E+01  2.9702E-01  4.4982E+01
0000136 1.7645E-01  1.9872E+02  1.3302E+01 -2.0500E+01  2.8899E-01  9.9378E+00
0000136 1.6140E-01  2.0410E+02  1.2044E+01 -1.4558E+01  2.7639E-01  1.5051E+01
0000136 1.1796E-01  2.1024E+02  1.2828E+01 -9.5574E+00  2.3629E-01  3.9039E+01
0000136 9.6797E-02  2.2477E+02  1.3520E+01 -7.0322E+00  2.1405E-01  1.1180E+01
0000136 5.8304E-02  2.3137E+02  1.5020E+01 -4.6201E+00  1.6612E-01  3.8243E+01
0000136 2.3419E-02  2.3730E+02  1.6666E+01 -6.7738E+00  1.0528E-01  3.2720E+01
0000136 9.8145E-03  2.4223E+02  1.4463E+01 -5.6621E+00  6.8157E-02  1.2443E+01
0000136 0.0000E+00  2.4348E+02  7.2898E+00 -4.9293E+00  0.0000E+00  1.1444E+00
0000137 2.0000E+00  0.0000E+00  0.0000E+00  0.0000E+00  9.7295E-01  0.0000E+00
0000137 1.9678E+00  1.5425E+01  2.5856E-02  1.0207E-01  9.6509E-01  2.0457E+00
0000137 1.8931E+00  3.3458E+01 -1.7102E-01  7.2842E-01  9.4658E-01  7.4663E+01
0000137 1.8830E+00  4.7158E+01 -2.3514E+00 -6.2533E-01  9.4407E-01  1.0055E+01
0000137 1.8006E+00  6.0740E+01 -5.3133E+00 -1.3411E+00  9.2318E-01  5.6126E+01
0000137 8.3247E-01  7.4476E+01 -6.1115E+00 -9.8357E-01  6.2771E-01  9.6813E+02
0000137 1.1013E-01  8.1796E+01 -1.0629E+01  6.5183E+00  2.2831E-01  7.0801E+02
0000137 9.1772E-02  8.6315E+01 -1.5487E+01  3.3031E+00  2.0842E-01  1.8357E+01
0000137 8.0817E-02  9.1198E+01 -1.7708E+01 -1.3670E+00  1.9558E-01  1.0955E+01
0000137 6.5320E-02  9.4435E+01 -1.8712E+01 -7.4215E+00  1.7583E-01  1.2783E+01
0000137 1.6655E-02  9.4896E+01 -1.9940E+01 -1.3951E+01  8.8787E-02  4.8665E+01
0000137 3.1375E-03  9.8190E+01 -1.7215E+01 -1.6910E+01  3.8536E-02  1.2594E+01
0000137 0.0000E+00  1.0707E+02 -2.1343E+01 -1.4463E+01  0.0000E+00  5.3655E-01
0000138 2.0000E+00  0.0000E+00  0.0000E+00  0.0000E+00  9.7295E-01  0.0000E+00
0000138 1.1709E+00  7.9404E+00  8.2283E-03 -1.7570E-02  7.4445E-01  8.2905E+02
0000138 1.1061E+00  1.2615E+01 -1.0085E+00  3.7412E+00  7.2357E-01  6.4767E+01
0000138 1.0651E+00  2.0359E+01 -1.5838E+00  1.3165E+01  7.1001E-01  2.3413E+01
0000138 9.6701E-01  2.9031E+01 -3.1856E+00  2.1452E+01  6.7654E-01  9.8045E+01
0000138 9.3512E-01  3.5388E+01 -2.4521E+00  3.1396E+01  6.6529E-01  1.5894E+01
0000138 9.1465E-01  4.2128E+01 -3.1515E+00  4.0972E+01  6.5796E-01  2.0470E+01
0000138 2.6648E-01  4.9922E+01 -2.8012E+00  4.9650E+01  3.5515E-01  6.3281E+02
0000138 4.7746E-02  5.6305E+01  3.3004E+00  5.0148E+01  1.5033E-01  2.1245E+02
0000138 3.9401E-02  6.1126E+01  1.8521E+00  5.3900E+01  1.3656E-01  6.4569E+00
0000138 2.9864E-02  6.5854E+01  2.7683E+00  5.7576E+01  1.1889E-01  9.5371E+00
0000138 1.5487E-02  7.0819E+01  5.4261E+00  5.8797E+01  8.5618E-02  1.3007E+01
0000138 7.2247E-03  7.8611E+01  6.2770E+00  5.2807E+01  5.8477E-02  4.3398E+00
0000138 0.0000E+00  8.2423E+01  8.0117E+00  4.4599E+01  0.0000E+00  8.8121E-01
0000139 2.0000E+00  0.0000E+00  0.0000E+00  0.0000E+00  9.7295E-01  0.0000E+00
0000139 1.9628E+00  7.9345E+00 -2.9137E-02  2.1606E-01  9.6385E-01  2.3478E+01
0000139 1.9428E+00  1.1873E+01  3.6261E-01  5.2705E-01  9.5893E-01  1.2367E+01
0000139 1.9387E+00  2.5886E+01  7.8121E-01  1.0737E+00  9.5791E-01  4.0949E+00
0000139 1.9037E+00  3.9855E+01  1.0740E+00  2.2505E+00  9.4923E-01  8.1366E+00
0000139 1.8846E+00  5.3802E+01  1.5599E+00  2.5329E+00  9.4447E-01  1.9040E+01
0000139 1.7204E+00  6.7666E+01  9.0586E-01  3.6171E+00  9.0238E-01  1.6422E+02
0000139 1.6485E+00  8.0324E+01 -3.4368E+00  6.0853E+00  8.8332E-01  4.7361E+01
0000139 1.6211E+00  9.3361E+01 -5.5424E+00  8.7083E+00  8.7595E-01  3.6157E+00
0000139 1.5746E+00  1.0629E+02 -8.2144E+00  1.1063E+01  8.6330E-01  4.6484E+01
0000139 1.5548E+00  1.1953E+02 -9.1514E+00  1.1986E+01  8.5786E-01  1.9753E+01
0000139 7.3185E-01  1.3276E+02 -8.5973E+00  1.2888E+01  5.8855E-01  8.0022E+02
0000139 7.0067E-01  1.4064E+02 -1.6177E+01  1.4670E+01  5.7588E-01  1.8146E+01
0000139 6.2402E-02  1.4713E+02 -2.4843E+01  1.6380E+01  1.7186E-01  6.3826E+02
0000139 5.7240E-02  1.5324E+02 -2.2559E+01  1.7411E+01  1.6460E-01  5.1621E+00
0000139 4.0195E-02  1.6487E+02 -1.7604E+01  1.6343E+01  1.3793E-01  1.1154E+01
0000139 3.7330E-02  1.6970E+02 -1.4050E+01  1.7365E+01  1.3292E-01  2.8648E+00
0000139 2.6583E-02  1.7491E+02 -1.1788E+01  1.9306E+01  1.1217E-01  9.1518E+00
0000139 1.9280E-02  1.8351E+02 -1.1931E+01  2.6174E+01  9.5529E-02  3.2029E+00
0000139 6.8896E-03  1.9155E+02 -1.1809E+01  3.1474E+01  5.7105E-02  4.7079E+00
0000139 0.0000E+00  1.9364E+02 -2.3958E+00  3.6678E+01  0.0000E+00  9.0292E-01
0000140 2.0000E+00  0.0000E+00  0.0000E+00  0.0000E+00  9.7295E-01  0.0000E+00
0000140 1.7576E+00  1.1522E+01  1.6567E-02 -1.0260E-02  9.1209E-01  2.1999E+02
0000140 1.7187E+00  1.8983E+01  7.0566E-01  2.5307E+00  9.0192E-01  2.4517E+01
0000140 1.2943E+00  4.5142E+01  4.2403E-01  9.9608E+00  7.8269E-01  3.9654E+02
0000140 6.9517E-01  5.5110E+01 -4.8624E+00  1.5757E+01  5.7362E-01  5.7926E+02
0000140 6.7659E-01  6.5866E+01 -5.8879E+00  1.4016E+01  5.6590E-01  1.8579E+01
0000140 6.6435E-01  7.6309E+01 -8.6252E+00  1.2698E+01  5.6076E-01  1.2242E+01
0000140 5.7996E-01  8.6223E+01 -1.2362E+01  1.0450E+01  5.2393E-01  7.2240E+01
0000140 4.4951E-01  9.4267E+01 -1.6517E+01  5.1357E+00  4.6126E-01  1.3045E+02
0000140 1.0181E-01  1.0050E+02 -2.3965E+01  3.1572E+00  2.1952E-01  3.3856E+02
0000140 7.9483E-02  1.0686E+02 -2.4217E+01  6.6506E+00  1.9396E-01  1.9138E+01
0000140 1.7763E-02  1.1235E+02 -2.7463E+01  9.3280E+00  9.1691E-02  5.9038E+01
0000140 7.7666E-03  1.1817E+02 -2.4261E+01  1.7137E+01  6.0630E-02  7.9589E+00
0000140 0.0000E+00  1.3657E+02 -2.7591E+01  1.9465E+01  0.0000E+00  1.3675E+00
0000141 2.0000E+00  0.0000E+00  0.0000E+00  0.0000E+00  9.7295E-01  0.0000E+00
0000141 1.9853E+00  1.9335E+01 -2.3444E-01  5.0891E-02  9.6937E-01  6.7198E+00
0000141 1.9370E+00  3.3427E+01  2.6239E-02 -5.3909E-01  9.5751E-01  4.8283E+01
0000141 1.8871E+00  6.0978E+01 -3.0059E+00 -4.6601E+00  9.4509E-01  2.4607E+01
0000141 1.7452E+00  7.4380E+01 -3.6642E+00 -8.3902E+00  9.0887E-01  1.1555E+02
0000141 1.6215E+00  8.6270E+01 -3.3762E+00 -1.5102E+01  8.7606E-01  1.2373E+02
0000141 1.4679E+00  9.6035E+01 -1.0984E+00 -2.4004E+01  8.3352E-01  1.3016E+02
0000141 1.1134E+00  1.0399E+02 -1.8753E+00 -3.4357E+01  7.2593E-01  3.3269E+02
0000141 1.0840E+00  1.1176E+02  3.1967E+00 -4.2326E+01  7.1629E-01  1.1598E+01
0000141 2.7684E-01  1.2015E+02  8.6112E+00 -4.9255E+01  3.6198E-01  7.8975E+02
0000141 2.5952E-01  1.2820E+02  1.0570E+01 -4.5954E+01  3.5048E-01  1.0857E+01
0000141 2.4039E-01  1.3638E+02  1.3322E+01 -4.4249E+01  3.3732E-01  1.9131E+01
0000141 6.8804E-02  1.4328E+02  1.7396E+01 -4.1002E+01  1.8046E-01  1.6575E+02
0000141 5.7405E-02  1.4898E+02  1.8237E+01 -4.4472E+01  1.6484E-01  8.9711E+00
0000141 4.4454E-02  1.5561E+02  2.0456E+01 -5.5096E+01  1.4505E-01  4.3940E+00
0000141 3.6757E-02  1.6032E+02  1.9175E+01 -6.6332E+01  1.3190E-01  3.6280E+00
0000141 2.7626E-02  1.6153E+02  1.5673E+01 -7.7343E+01  1.1435E-01  4.3836E+00
0000141 1.3186E-02  1.5858E+02  4.9886E+00 -8.8926E+01  7.9001E-02  7.5115E+00
0000141 6.4261E-03  1.5563E+02  2.1677E+00 -9.1808E+01  5.5150E-02  6.7600E+00
0000141 0.0000E+00  1.4441E+02 -1.1096E+00 -9.0425E+01  0.0000E+00  1.7246E+00
0000142 2.0000E+00  0.0000E+00  0.0000E+00  0.0000E+00  9.7295E-01  0.0000E+00
0000142 1.9780E+00  3.9702E+00  0.0000E+00  0.0000E+00  9.6758E-01  1.4281E+01
0000142 1.9689E+00  7.9262E+00  3.2898E-01  6.8763E-02  9.6536E-01  1.4069E+00
0000142 1.9422E+00  1.6069E+01  1.1473E+00  3.7805E-01  9.5878E-01  2.6723E+01
0000142 1.8970E+00  3.0095E+01  9.6618E-01  4.9888E-01  9.4756E-01  1.8313E+01
0000142 1.7959E+00  5.7847E+01  3.1704E+00  1.8838E+00  9.2197E-01  7.0072E+01
0000142 1.7801E+00  7.1389E+01  5.0440E+00  3.6374E-01  9.1789E-01  1.5859E+01
0000142 1.2021E+00  8.4976E+01  5.6644E+00 -1.4703E+00  7.5430E-01  5.7797E+02
0000142 9.8507E-01  9.4337E+01  3.6171E+00 -9.4327E+00  6.8283E-01  1.9822E+02
0000142 9.7161E-01  1.0144E+02 -2.9120E+00 -1.6357E+01  6.7815E-01  1.3460E+01
0000142 9.4029E-01  1.0951E+02 -8.4783E+00 -2.2999E+01  6.6713E-01  1.5261E+01
0000142 9.1858E-01  1.1853E+02 -1.3228E+01 -2.8831E+01  6.5938E-01  6.0439E+00
0000142 8.5216E-01  1.2780E+02 -1.7073E+01 -3.4817E+01  6.3509E-01  6.6421E+01
0000142 8.0257E-01  1.3696E+02 -2.2973E+01 -3.8419E+01  6.1634E-01  3.5007E+01
0000142 7.4819E-01  1.4548E+02 -2.7857E+01 -4.4038E+01  5.9509E-01  4.0434E+01
0000142 5.5777E-01  1.5496E+02 -3.2717E+01 -4.7278E+01  5.1381E-01  1.7717E+02
0000142 5.4203E-01  1.6143E+02 -3.5854E+01 -5.4802E+01  5.0651E-01  5.0469E+00
0000142 3.8962E-01  1.6745E+02 -3.8266E+01 -6.2850E+01  4.2944E-01  1.4194E+02
0000142 2.7824E-01  1.7304E+02 -3.5362E+01 -7.0101E+01  3.6290E-01  1.0314E+02
0000142 2.6572E-01  1.7418E+02 -3.0080E+01 -7.7206E+01  3.5464E-01  1.2518E+01
0000142 2.5077E-01  1.7371E+02 -2.5658E+01 -8.4846E+01  3.4452E-01  8.6741E+00
0000142 2.3999E-01  1.7281E+02 -2.2702E+01 -9.3011E+01  3.3703E-01  4.7687E+00
0000142 1.7944E-01  1.7227E+02 -1.8700E+01 -1.0066E+02  2.9143E-01  5.4722E+01
0000142 1.1340E-01  1.7555E+02 -1.6381E+01 -1.0774E+02  2.3167E-01  6.1297E+01
0000142 4.5305E-02  1.7486E+02 -1.1603E+01 -1.1337E+02  1.4644E-01  6.4655E+01
0000142 3.3871E-02  1.6974E+02 -9.3772E+00 -1.1610E+02  1.2662E-01  9.6132E+00
0000142 1.2340E-02  1.5890E+02 -1.0878E+01 -1.2011E+02  7.6426E-02  1.9740E+01
0000142 8.3452E-03  1.5695E+02 -1.2275E+01 -1.2443E+02  6.2848E-02  3.9952E+00
0000142 0.0000E+00  1.4964E+02 -1.8632E+01 -1.2347E+02  0.0000E+00  4.0722E-01
0000143 2.0000E+00  0.0000E+00  0.0000E+00  0.0000E+00  9.7295E-01  0.0000E+00
0000143 6.2402E-01  1.2563E+01 -9.4552E-02 -9.9002E-02  5.4347E-01  1.3677E+03
0000143 5.5622E-01  1.4817E+01  3.1488E+00 -5.0029E-01  5.1310E-01  6.7801E+01
0000143 4.3708E-01  3.1153E+01  1.5928E+01 -9.2727E-01  4.5484E-01  1.1311E+02
0000143 4.2142E-01  4.0665E+01  1.7939E+01 -2.5115E+00  4.4662E-01  6.6959E+00
0000143 4.0060E-01  5.0273E+01  1.9678E+01 -2.8983E+00  4.3544E-01  1.2096E+01
0000143 3.1411E-01  5.9853E+01  1.9970E+01 -4.1236E+00  3.8558E-01  8.6485E+01
0000143 3.0982E-01  6.7645E+01  2.4346E+01 -6.1459E+00  3.8294E-01  4.2923E+00
0000143 2.8706E-01  8.4473E+01  3.0853E+01 -8.3326E+00  3.6861E-01  8.8724E+00
0000143 2.7381E-01  9.2281E+01  3.5282E+01 -8.7418E+00  3.6000E-01  6.6340E+00
0000143 2.5925E-01  1.0783E+02  4.3395E+01 -1.1367E+01  3.5029E-01  4.5083E+00
0000143 2.4139E-01  1.2174E+02  5.3811E+01 -1.3191E+01  3.3802E-01  1.0458E+01
0000143 2.2147E-01  1.2692E+02  6.0527E+01 -1.4941E+01  3.2377E-01  1.4067E+01
0000143 1.9291E-01  1.3058E+02  6.7505E+01 -1.8141E+01  3.0217E-01  2.3052E+01
0000143 6.6257E-02  1.3598E+02  7.2416E+01 -2.2000E+01  1.7709E-01  1.2666E+02
0000143 5.8706E-02  1.3581E+02  7.8702E+01 -3.3556E+01  1.6669E-01  3.1114E+00
0000143 3.8309E-02  1.3500E+02  8.2045E+01 -3.9102E+01  1.3466E-01  2.0398E+01
0000143 0.0000E+00  1.3384E+02  7.9502E+01 -5.0598E+01  0.0000E+00  3.4715E+01
0000144 2.0000E+00  0.0000E+00  0.0000E+00  0.0000E+00  9.7295E-01  0.0000E+00
0000144 1.9348E+00  1.7279E+01  1.6624E-01  1.7922E-04  9.5697E-01  4.6734E+01
0000144 1.4540E+00  4.4826E+01  2.8952E+00  4.3065E+00  8.2959E-01  4.7655E+02
0000144 8.5630E-01  5.6016E+01  9.4196E+00  2.7087E+00  6.3663E-01  5.9772E+02
0000144 7.8907E-01  6.6963E+01  7.5611E+00 -2.4442E-01  6.1113E-01  5.2598E+01
0000144 7.6613E-01  7.6571E+01  5.3882E+00 -5.7227E+00  6.0218E-01  9.1627E+00
0000144 7.3493E-01  8.5524E+01  3.5422E+00 -1.2183E+01  5.8979E-01  3.1199E+01
0000144 7.1673E-01  9.5361E+01  3.2784E+00 -1.7290E+01  5.8244E-01  1.8204E+01
0000144 6.8937E-01  1.0540E+02  1.5349E+00 -2.1493E+01  5.7122E-01  1.4526E+01
0000144 4.7918E-01  1.1547E+02 -1.3456E+00 -2.4594E+01  4.7624E-01  2.1019E+02
0000144 4.6629E-01  1.2289E+02 -8.0836E+00 -2.3776E+01  4.6979E-01  3.3049E+00
0000144 3.9241E-01  1.3080E+02 -1.4147E+01 -2.3067E+01  4.3097E-01  7.3882E+01
0000144 3.3888E-01  1.4013E+02 -1.6505E+01 -2.2913E+01  4.0049E-01  5.3536E+01
0000144 2.6852E-01  1.4803E+02 -2.0721E+01 -2.5459E+01  3.5650E-01  7.0360E+01
0000144 2.4678E-01  1.5782E+02 -3.5235E+01 -2.7199E+01  3.4177E-01  1.3645E+01
0000144 2.2638E-01  1.6223E+02 -4.2012E+01 -3.0408E+01  3.2733E-01  1.4459E+01
0000144 2.0122E-01  1.6790E+02 -4.7162E+01 -3.4201E+01  3.0861E-01  1.9559E+01
0000144 1.9130E-01  1.7286E+02 -5.3634E+01 -3.5932E+01  3.0091E-01  9.9250E+00
0000144 1.8053E-01  1.7695E+02 -5.9953E+01 -3.9297E+01  2.9232E-01  5.8007E+00
0000144 1.7192E-01  1.8038E+02 -6.5779E+01 -4.3854E+01  2.8526E-01  3.8529E+00
0000144 1.5339E-01  1.8478E+02 -7.1284E+01 -4.7780E+01  2.6945E-01  1.8522E+01
0000144 1.3983E-01  1.8968E+02 -7.4535E+01 -5.3027E+01  2.5727E-01  9.3129E+00
0000144 4.3812E-02  1.9584E+02 -7.7214E+01 -5.6867E+01  1.4400E-01  9.2043E+01
0000144 3.9581E-02  1.9647E+02 -7.7074E+01 -6.3011E+01  1.3687E-01  4.2314E+00
0000144 2.8057E-02  1.9800E+02 -7.8582E+01 -6.8683E+01  1.1524E-01  9.8637E+00
0000144 1.6124E-02  1.9726E+02 -8.1934E+01 -7.3231E+01  8.7360E-02  1.1933E+01
0000144 4.8011E-03  1.9866E+02 -8.6616E+01 -7.4919E+01  4.7670E-02  1.1323E+01
0000144 0.0000E+00  1.9520E+02 -9.1519E+01 -8.3219E+01  0.0000E+00  5.1505E-01
0000145 2.0000E+00  0.0000E+00  0.0000E+00  0.0000E+00  9.7295E-01  0.0000E+00
0000145 1.9832E+00  7.9400E+00 -1.1184E-02 -5.7485E-02  9.6886E-01  9.0492E-01
0000145 1.9556E+00  1.9374E+01 -2.8757E-01 -2.1700E-01  9.6209E-01  5.4617E+00
0000145 1.7468E+00  3.3405E+01 -9.0421E-01  2.7487E-01  9.0929E-01  2.0877E+02
0000145 1.7132E+00  4.6151E+01 -1.2019E+00  5.1786E+00  9.0048E-01  8.8208E+00
0000145 1.5192E+00  5.8788E+01 -2.4697E+00  1.0023E+01  8.4798E-01  1.6948E+02
0000145 1.4590E+00  7.1434E+01 -6.0369E+00  1.1216E+01  8.3101E-01  3.7807E+01
0000145 1.1029E+00  9.5233E+01 -1.6655E+01  1.2468E+01  7.2249E-01  3.2656E+02
0000145 1.0768E+00  1.0598E+02 -1.9979E+01  7.7357E+00  7.1390E-01  8.4315E+00
0000145 1.0664E+00  1.1701E+02 -2.3427E+01  4.0336E+00  7.1047E-01  1.0343E+01
0000145 3.2381E-01  1.2843E+02 -2.5894E+01  8.7456E-01  3.9149E-01  7.4263E+02
0000145 2.3731E-01  1.3576E+02 -2.1809E+01  4.7040E+00  3.3515E-01  8.6496E+01
0000145 2.2845E-01  1.4026E+02 -1.4601E+01  6.1839E+00  3.2883E-01  3.0779E+00
0000145 3.1881E-02  1.4416E+02 -7.3207E+00  8.4451E+00  1.2284E-01  1.9094E+02
0000145 2.3483E-02  1.4062E+02 -3.7464E+00  1.1392E+01  1.0543E-01  8.3982E+00
0000145 1.8437E-02  1.3788E+02  1.0380E+00  1.1671E+01  9.3416E-02  5.0457E+00
0000145 7.5437E-03  1.3366E+02  9.0868E+00  1.6119E+01  5.9754E-02  5.9785E+00
0000145 0.0000E+00  1.3245E+02  1.8496E+01  1.2181E+01  0.0000E+00  5.6826E-01
0000146 2.0000E+00  0.0000E+00  0.0000E+00  0.0000E+00  9.7295E-01  0.0000E+00
0000146 1.9329E+00  1.3048E+01  1.8990E-03 -3.6682E-02  9.5650E-01  5.9310E+01
0000146 1.8903E+00  2.5403E+01 -5.0071E-01 -2.1923E+00  9.4589E-01  4.2636E+01
0000146 1.7833E+00  3.9285E+01 -1.6215E+00 -2.5952E+00  9.1873E-01  8.0641E+01
0000146 1.7502E+00  5.2583E+01 -2.7157E+00 -5.8377E+00  9.1017E-01  7.8432E+00
0000146 1.7456E+00  6.5782E+01 -2.9449E+00 -9.3708E+00  9.0898E-01  4.5759E+00
0000146 1.6986E+00  7.9125E+01 -2.8809E+00 -1.2286E+01  8.9664E-01  4.7074E+01
0000146 2.3330E-01  9.2204E+01 -5.9264E-01 -1.5059E+01  3.3230E-01  1.4653E+03
0000146 2.1175E-01  9.7351E+01 -3.5734E+00 -8.8499E+00  3.1658E-01  2.1554E+01
0000146 1.8222E-01  1.0026E+02 -7.8629E+00 -2.2102E+00  2.9368E-01  2.9530E+01
0000146 1.6812E-01  1.0054E+02 -1.0722E+01  5.4335E+00  2.8209E-01  9.3049E+00
0000146 3.7243E-02  1.0197E+02 -1.2111E+01  1.3214E+01  1.3277E-01  1.2634E+02
0000146 1.3958E-03  1.1138E+02 -1.5835E+01  1.8617E+01  2.5703E-02  2.8786E+01
0000146 0.0000E+00  1.0948E+02 -1.6369E+01  2.1522E+01  0.0000E+00  5.8991E-01
0000147 2.0000E+00  0.0000E+00  0.0000E+00  0.0000E+00  9.7295E-01  0.0000E+00
0000147 1.9743E+00  3.9702E+00  0.0000E+00  0.0000E+00  9.6667E-01  2.5743E+01
0000147 1.9084E+00  1.6131E+01 -1.3444E+00 -3.4656E-01  9.5042E-01  4.2162E+01
0000147 1.8988E+00  2.1054E+01 -1.7084E+00  2.2212E-01  9.4803E-01  1.3516E-01
0000147 1.8197E+00  3.4861E+01 -2.7173E+00  1.9346E+00  9.2806E-01  7.9157E+01
0000147 1.4681E+00  4.7832E+01 -5.2813E+00  5.8862E+00  8.3359E-01  3.2599E+02
0000147 1.4132E+00  5.7217E+01 -1.1986E+01  1.2061E+01  8.1785E-01  5.4902E+01
0000147 1.3929E+00  6.5564E+01 -1.7569E+01  2.0254E+01  8.1196E-01  2.0281E+01
0000147 1.2876E+00  7.2807E+01 -2.4231E+01  2.8618E+01  7.8067E-01  1.0529E+02
0000147 1.2607E+00  8.0979E+01 -3.2361E+01  3.3874E+01  7.7246E-01  7.1541E+00
0000147 1.2369E+00  8.9797E+01 -4.0015E+01  3.8619E+01  7.6515E-01  4.2958E+00
0000147 1.1348E+00  9.8228E+01 -4.8198E+01  4.3018E+01  7.3290E-01  8.2873E+01
0000147 1.1278E+00  1.0751E+02 -5.3623E+01  4.8967E+01  7.3061E-01  7.0746E+00
0000147 1.0486E+00  1.1641E+02 -5.8681E+01  5.5730E+01  7.0451E-01  6.1218E+01
0000147 1.0312E+00  1.2642E+02 -6.3981E+01  5.9845E+01  6.9861E-01  1.7471E+01
0000147 9.8897E-01  1.3641E+02 -7.0056E+01  6.2609E+01  6.8417E-01  4.2185E+01
0000147 3.5771E-01  1.4622E+02 -7.4777E+01  6.7386E+01  4.1147E-01  6.1499E+02
0000147 2.9895E-01  1.5508E+02 -7.3834E+01  6.4336E+01  3.7616E-01  5.8755E+01
0000147 2.6644E-01  1.7315E+02 -7.3859E+01  6.4649E+01  3.5512E-01  2.8053E+01
0000147 5.6084E-02  1.8149E+02 -7.2130E+01  6.2282E+01  1.6293E-01  2.1035E+02
0000147 4.4134E-02  1.8955E+02 -7.8146E+01  7.0047E+01  1.4453E-01  6.2835E+00
0000147 2.4644E-02  1.9414E+02 -8.1587E+01  7.2371E+01  1.0800E-01  1.7701E+01
0000147 1.5065E-02  1.9902E+02 -8.3769E+01  7.0815E+01  8.4443E-02  9.5792E+00
0000147 9.0614E-03  2.0131E+02 -9.0872E+01  6.4205E+01  6.5490E-02  4.3051E+00
0000147 0.0000E+00  1.9928E+02 -1.0090E+02  5.3501E+01  0.0000E+00  1.8289E+00
0000148 2.0000E+00  0.0000E+00  0.0000E+00  0.0000E+00  9.7295E-01  0.0000E+00
0000148 1.9893E+00  3.9702E+00  0.0000E+00  0.0000E+00  9.7035E-01  2.9658E+00
0000148 1.9625E+00  7.9375E+00 -1.4974E-03  1.5315E-01  9.6378E-01  2.6842E+01
0000148 1.2798E+00  1.4396E+01 -6.6338E-01  7.7535E-01  7.7829E-01  6.7012E+02
0000148 1.2566E+00  2.4669E+01  3.9819E+00  6.5108E+00  7.7121E-01  2.3192E+01
0000148 1.2256E+00  3.5481E+01  7.0111E+00  1.2215E+01  7.6164E-01  1.1576E+01
0000148 1.2098E+00  4.5863E+01  9.3327E+00  1.8812E+01  7.5671E-01  1.5815E+01
0000148 1.1737E+00  5.6912E+01  1.0925E+01  2.4387E+01  7.4534E-01  3.6055E+01
0000148 9.4885E-01  6.6843E+01  1.1960E+01  3.1718E+01  6.7016E-01  2.0640E+02
0000148 9.2600E-01  7.2479E+01  1.2444E+01  4.2042E+01  6.6204E-01  2.2854E+01
0000148 9.1767E-01  7.9456E+01  1.3658E+01  5.1360E+01  6.5905E-01  8.3254E+00
0000148 5.8459E-01  8.5560E+01  1.4541E+01  6.1278E+01  5.2602E-01  3.1768E+02
0000148 5.7761E-01  8.5759E+01  7.6086E+00  8.1104E+01  5.2287E-01  3.3125E+00
0000148 5.3303E-01  8.6231E+01  3.8037E+00  9.0867E+01  5.0229E-01  3.3612E+01
0000148 5.1422E-01  8.8620E+01  1.6916E+00  1.0066E+02  4.9335E-01  1.8808E+01
0000148 3.1324E-01  8.9164E+01 -1.0125E+00  1.1050E+02  3.8505E-01  1.9090E+02
0000148 2.1474E-01  8.7987E+01  2.2735E+00  1.1896E+02  3.1881E-01  9.8505E+01
0000148 2.0856E-01  8.4369E+01  8.2581E+00  1.2370E+02  3.1419E-01  6.1764E+00
0000148 1.9671E-01  7.5913E+01  2.0081E+01  1.3193E+02  3.0513E-01  6.8265E+00
0000148 1.6976E-01  7.1535E+01  2.5136E+01  1.3684E+02  2.8346E-01  2.1889E+01
0000148 5.5778E-02  5.9684E+01  3.1754E+01  1.4534E+02  1.6248E-01  1.1034E+02
0000148 4.2215E-02  5.9975E+01  3.7681E+01  1.4790E+02  1.4135E-01  1.1463E+01
0000148 2.6062E-02  6.1276E+01  4.1584E+01  1.5246E+02  1.1107E-01  1.6152E+01
0000148 1.8395E-02  6.2477E+01  4.6990E+01  1.5343E+02  9.3309E-02  7.6671E+00
0000148 6.3275E-03  6.5425E+01  5.1190E+01  1.5215E+02  5.4726E-02  1.2067E+01
0000148 0.0000E+00  6.4643E+01  5.8763E+01  1.5136E+02  0.0000E+00  2.6717E+00
0000149 2.0000E+00  0.0000E+00  0.0000E+00  0.0000E+00  9.7295E-01  0.0000E+00
0000149 1.9802E+00  9.7986E+00 -3.3938E-02 -7.1736E-03  9.6812E-01  6.8663E-01
0000149 1.9693E+00  2.3361E+01 -2.3158E-01 -2.4676E-01  9.6545E-01  1.0932E+01
0000149 1.6684E+00  3.7382E+01 -1.4784E+00 -4.1086E-01  8.8863E-01  2.7371E+02
0000149 1.5986E+00  5.0072E+01 -6.9582E-01  4.1406E+00  8.6986E-01  4.5735E+01
0000149 1.4941E+00  6.2978E+01 -1.7645E+00  7.4279E+00  8.4093E-01  8.1328E+01
0000149 9.4257E-01  7.6101E+01 -1.4664E+00  8.0108E+00  6.6793E-01  5.5150E+02
0000149 9.1586E-01  8.5746E+01 -6.9403E+00  4.1189E+00  6.5840E-01  1.1005E+01
0000149 7.3979E-01  9.5151E+01 -1.3209E+01  1.2015E+00  5.9174E-01  1.6070E+02
0000149 1.9282E-01  1.0453E+02 -1.5291E+01 -4.3706E+00  3.0210E-01  5.4696E+02
0000149 1.1998E-01  1.0987E+02 -2.0976E+01 -1.6597E+00  2.3831E-01  6.7850E+01
0000149 2.1664E-02  1.1914E+02 -3.1485E+01 -6.7545E+00  1.0126E-01  9.1978E+01
0000149 1.7494E-02  1.2003E+02 -3.1295E+01 -1.2120E+01  9.0995E-02  3.0675E+00
0000149 6.5554E-03  1.1811E+02 -2.8682E+01 -2.1756E+01  5.5702E-02  7.1721E+00
0000149 0.0000E+00  1.0761E+02 -2.8656E+01 -2.4015E+01  0.0000E+00  5.2681E-01
0000150 2.0000E+00  0.0000E+00  0.0000E+00  0.0000E+00  9.7295E-01  0.0000E+00
0000150 1.9865E+00  3.9702E+00  0.0000E+00  0.0000E+00  9.6966E-01  5.7913E+00
0000150 1.9788E+00  7.9347E+00 -6.7829E-02  2.0299E-01  9.6777E-01  1.8459E-02
0000150 1.6092E+00  2.1451E+01 -3.1230E-01  9.3431E-01  8.7274E-01  3.4334E+02
0000150 1.1895E+00  4.6061E+01  8.0899E+00 -5.3213E+00  7.5034E-01  3.9163E+02
0000150 1.1643E+00  5.4846E+01  1.0533E+01 -1.3765E+01  7.4234E-01  2.5238E+01
0000150 1.0818E+00  6.2507E+01  1.4306E+01 -2.2705E+01  7.1558E-01  8.2431E+01
0000150 8.0925E-01  6.9577E+01  2.0906E+01 -3.0053E+01  6.1890E-01  2.5521E+02
0000150 3.5083E-01  7.0947E+01  2.9355E+01 -3.7488E+01  4.0750E-01  4.5842E+02
0000150 3.3435E-01  6.5482E+01  3.2366E+01 -4.4499E+01  3.9781E-01  1.6484E+01
0000150 3.2288E-01  5.8595E+01  3.5162E+01 -5.0067E+01  3.9093E-01  4.0771E+00
0000150 3.1046E-01  5.2477E+01  3.8449E+01 -5.6127E+01  3.8334E-01  1.2420E+01
0000150 3.0055E-01  4.5668E+01  4.0072E+01 -6.2004E+01  3.7717E-01  9.9103E+00
0000150 1.3633E-02  3.8970E+01  4.3205E+01 -6.7266E+01  8.0329E-02  2.8007E+02
0000150 7.9841E-03  4.1467E+01  4.5071E+01 -7.1207E+01  6.1474E-02  4.8417E+00
0000150 0.0000E+00  4.3249E+01  5.6104E+01 -7.1194E+01  0.0000E+00  1.3028E+00
0000151 2.0000E+00  0.0000E+00  0.0000E+00  0.0000E+00  9.7295E-01  0.0000E+00
0000151 1.9816E+00  1.4656E+01  6.4253E-02 -4.1319E-03  9.6848E-01  5.8988E-02
0000151 1.9495E+00  2.8755E+01  2.1167E-01  7.5014E-02  9.6058E-01  4.8741E+00
0000151 1.9184E+00  4.2770E+01  1.0539E+00  2.4114E-01  9.5291E-01  4.0456E+00
0000151 1.8868E+00  5.6729E+01  1.7824E+00 -2.2543E-01  9.4501E-01  5.0100E+00
0000151 1.8569E+00  7.0631E+01  2.5534E+00  2.5286E-02  9.3750E-01  3.5305E+00
0000151 1.4010E+00  8.4431E+01  3.9209E+00  3.3312E-01  8.1432E-01  4.2992E+02
0000151 1.3642E+00  9.6320E+01 -1.0832E+00 -6.0421E-01  8.0354E-01  1.5769E+01
0000151 1.2989E+00  1.0823E+02 -5.4116E+00 -2.7473E+00  7.8409E-01  6.5243E+01
0000151 1.2826E+00  1.1952E+02 -1.1212E+01 -2.5727E+00  7.7914E-01  1.6353E+01
0000151 1.1345E+00  1.3114E+02 -1.6150E+01 -3.4839E+00  7.3278E-01  1.4809E+02
0000151 5.7279E-01  1.4158E+02 -2.1788E+01 -3.0100E-01  5.2068E-01  5.4369E+02
0000151 5.5804E-01  1.4726E+02 -2.2671E+01  8.4481E+00  5.1393E-01  3.8484E+00
0000151 5.0890E-01  1.5358E+02 -2.3260E+01  1.6694E+01  4.9079E-01  3.8441E+01
0000151 4.6060E-01  1.5978E+02 -2.1125E+01  2.4501E+01  4.6692E-01  4.8299E+01
0000151 2.5679E-01  1.6796E+02 -1.9933E+01  3.0057E+01  3.4863E-01  1.9450E+02
0000151 2.1269E-01  1.7344E+02 -2.4785E+01  3.4896E+01  3.1728E-01  3.7981E+01
0000151 6.5737E-02  1.8019E+02 -2.9575E+01  3.6543E+01  1.7639E-01  1.4160E+02
0000151 5.1781E-02  1.7998E+02 -3.6182E+01  3.7417E+01  1.5655E-01  1.1604E+01
0000151 4.0303E-02  1.7937E+02 -4.1524E+01  4.0841E+01  1.3812E-01  9.4817E+00
0000151 3.4792E-02  1.7972E+02 -4.7534E+01  4.1718E+01  1.2833E-01  5.5116E+00
0000151 2.0067E-02  1.8601E+02 -5.7300E+01  4.2621E+01  9.7458E-02  1.0678E+01
0000151 1.7578E-02  1.9018E+02 -5.9164E+01  4.5446E+01  9.1214E-02  2.4890E+00
0000151 9.9970E-03  1.9799E+02 -6.2993E+01  4.9870E+01  6.8788E-02  1.9179E+00
0000151 0.0000E+00  2.0439E+02 -6.6045E+01  5.5252E+01  0.0000E+00  7.0228E+00
0000152 2.0000E+00  0.0000E+00  0.0000E+00  0.0000E+00  9.7295E-01  0.0000E+00
0000152 1.9594E+00  2.6684E+01 -8.3285E-01 -1.2692E+00  9.6302E-01  3.3161E+01
0000152 1.8979E+00  4.0531E+01 -3.1387E+00 -2.0652E+00  9.4780E-01  3.4395E+01
0000152 1.5228E+00  5.4090E+01 -6.2942E+00 -1.2143E+00  8.4898E-01  3.4868E+02
0000152 1.3103E+00  6.5233E+01 -9.3253E+00  5.1830E+00  7.8752E-01  1.9007E+02
0000152 1.2793E+00  7.4305E+01 -1.6460E+01  1.0537E+01  7.7814E-01  1.0991E+01
0000152 1.2263E+00  9.2888E+01 -2.8586E+01  2.2614E+01  7.6185E-01  4.6002E+01
0000152 1.1699E+00  1.1200E+02 -4.2353E+01  3.1053E+01  7.4412E-01  5.3111E+01
0000152 1.1300E+00  1.1984E+02 -5.0550E+01  3.6016E+01  7.3132E-01  2.1473E+01
0000152 1.0198E+00  1.2639E+02 -5.8985E+01  4.2060E+01  6.9476E-01  1.1014E+02
0000152 8.7335E-01  1.3104E+02 -6.5595E+01  5.0898E+01  6.4294E-01  1.2983E+02
0000152 6.8734E-01  1.3898E+02 -6.9989E+01  5.8028E+01  5.7037E-01  1.8601E+02
0000152 5.2028E-01  1.4290E+02 -7.7869E+01  6.4488E+01  4.9625E-01  1.6705E+02
0000152 4.8243E-01  1.4631E+02 -8.7437E+01  6.5811E+01  4.7785E-01  2.7688E+01
0000152 4.6915E-01  1.5101E+02 -9.6323E+01  6.5246E+01  4.7123E-01  3.6585E+00
0000152 2.8038E-01  1.5634E+02 -1.0474E+02  6.4259E+01  3.6429E-01  1.7934E+02
0000152 2.6769E-01  1.6395E+02 -1.0781E+02  6.0703E+01  3.5595E-01  6.1708E+00
0000152 2.5395E-01  1.7108E+02 -1.1025E+02  5.6064E+01  3.4670E-01  7.4391E+00
0000152 2.0711E-01  1.7874E+02 -1.1140E+02  5.1987E+01  3.1310E-01  4.0766E+01
0000152 1.9991E-01  1.8678E+02 -1.0983E+02  5.0178E+01  3.0760E-01  7.2032E+00
0000152 1.8898E-01  2.0248E+02 -1.0995E+02  4.4806E+01  2.9908E-01  2.9615E+00
0000152 1.7359E-01  2.1006E+02 -1.1114E+02  4.1858E+01  2.8664E-01  1.5386E+01
0000152 1.4535E-01  2.1632E+02 -1.1278E+02  3.7014E+01  2.6229E-01  2.8240E+01
0000152 1.3594E-01  2.2137E+02 -1.1730E+02  3.3154E+01  2.5366E-01  5.3220E+00
0000152 1.2010E-01  2.2540E+02 -1.2158E+02  2.8194E+01  2.3843E-01  1.5836E+01
0000152 9.7826E-02  2.3041E+02 -1.2342E+02  2.2926E+01  2.1518E-01  2.2278E+01
0000152 1.7138E-02  2.3251E+02 -1.2498E+02  1.6216E+01  9.0066E-02  8.0688E+01
0000152 8.3392E-03  2.3520E+02 -1.3405E+02  1.6071E+01  6.2826E-02  1.5088E+00
0000152 0.0000E+00  2.3646E+02 -1.4229E+02  1.9244E+01  0.0000E+00  6.6488E+00
0000153 2.0000E+00  0.0000E+00  0.0000E+00  0.0000E+00  9.7295E-01  0.0000E+00
0000153 1.9802E+00  9.0665E+00 -1.0796E-02 -2.7478E-02  9.6813E-01  2.0802E+00
0000153 1.9437E+00  2.9453E+01 -6.5154E-01  1.2055E-02  9.5917E-01  9.0278E+00
0000153 1.9306E+00  4.3465E+01 -5.2776E-01 -7.0877E-01  9.5592E-01  1.3137E+01
0000153 1.8379E+00  5.7347E+01 -5.5841E-02 -2.5216E+00  9.3270E-01  9.2669E+01
0000153 1.6759E+00  7.0322E+01  7.7896E-01 -7.2482E+00  8.9063E-01  1.6204E+02
0000153 1.6678E+00  8.2057E+01 -2.0744E+00 -1.3325E+01  8.8849E-01  8.0613E+00
0000153 1.6301E+00  9.3546E+01 -5.8307E+00 -1.9343E+01  8.7837E-01  1.3762E+01
0000153 1.6190E+00  1.0428E+02 -1.0095E+01 -2.6193E+01  8.7539E-01  1.1062E+01
0000153 9.5588E-01  1.1430E+02 -1.4985E+01 -3.3624E+01  6.7263E-01  6.3967E+02
0000153 7.8604E-01  1.2450E+02 -1.1654E+01 -3.8522E+01  6.0995E-01  1.5398E+02
0000153 7.7873E-01  1.3179E+02 -9.8477E+00 -4.6916E+01  6.0711E-01  7.3093E+00
0000153 7.4158E-01  1.3975E+02 -8.6779E+00 -5.4752E+01  5.9245E-01  2.3502E+01
0000153 2.3679E-01  1.4883E+02 -7.2301E+00 -6.0987E+01  3.3478E-01  4.9163E+02
0000153 1.4776E-01  1.5060E+02 -1.1556E-01 -6.5534E+01  2.6445E-01  8.3253E+01
0000153 1.3114E-01  1.4849E+02  3.9284E+00 -7.1890E+01  2.4914E-01  1.6449E+01
0000153 1.2392E-01  1.4671E+02  9.8184E+00 -7.6409E+01  2.4218E-01  3.4205E+00
0000153 1.1748E-01  1.4525E+02  1.6348E+01 -7.9902E+01  2.3580E-01  2.7837E+00
0000153 6.2998E-02  1.4298E+02  2.2235E+01 -8.3900E+01  1.7268E-01  5.4478E+01
0000153 5.7522E-02  1.4278E+02  2.8804E+01 -8.3161E+01  1.6500E-01  5.4755E+00
0000153 2.2422E-02  1.4080E+02  3.4841E+01 -8.1771E+01  1.0302E-01  3.5100E+01
0000153 1.8689E-02  1.4583E+02  4.2617E+01 -7.6237E+01  9.4052E-02  2.1967E+00
0000153 7.7223E-03  1.5783E+02  5.0735E+01 -7.1476E+01  6.0457E-02  5.9965E+00
0000153 0.0000E+00  1.6186E+02  5.9503E+01 -6.9074E+01  0.0000E+00  6.2819E-01
0000154 2.0000E+00  0.0000E+00  0.0000E+00  0.0000E+00  9.7295E-01  0.0000E+00
0000154 1.9845E+00  7.9405E+00 -4.1142E-03 -1.0173E-02  9.6917E-01  7.5079E-02
0000154 1.9551E+00  1.8312E+01 -6.8689E-02 -2.5310E-03  9.6197E-01  2.9375E+01
0000154 1.8633E+00  3.2249E+01 -1.8484E+00 -2.2871E-01  9.3911E-01  6.4782E+01
0000154 1.8599E+00  4.6000E+01 -2.1531E+00  1.6491E+00  9.3826E-01  3.3617E+00
0000154 1.8301E+00  5.9808E+01 -2.5951E+00  2.9563E+00  9.3070E-01  3.8010E+00
0000154 1.6637E+00  7.3605E+01 -2.6789E+00  3.7415E+00  8.8739E-01  1.6637E+02
0000154 1.0073E+00  8.6219E+01 -3.2352E+00  8.5057E+00  6.9049E-01  6.5640E+02
0000154 3.9868E-01  9.3693E+01 -1.0622E+01  1.4175E+01  4.3440E-01  6.0863E+02
0000154 1.7069E-01  9.7906E+01 -9.5627E+00  2.2795E+01  2.8423E-01  2.2800E+02
0000154 1.6220E-01  9.8002E+01 -1.4387E+01  2.9245E+01  2.7708E-01  3.9090E+00
0000154 5.0344E-02  9.7027E+01 -1.8637E+01  3.5919E+01  1.5437E-01  1.0744E+02
0000154 4.7119E-02  9.9470E+01 -1.7067E+01  4.1556E+01  1.4934E-01  3.2254E+00
0000154 3.5922E-02  1.0148E+02 -1.7017E+01  4.7488E+01  1.3039E-01  1.1197E+01
0000154 1.4632E-02  1.0088E+02 -1.5956E+01  5.9131E+01  8.3221E-02  1.7605E+01
0000154 9.7135E-03  9.7521E+01 -1.1042E+01  6.6810E+01  6.7805E-02  2.0042E+00
0000154 0.0000E+00  9.5030E+01 -1.0737E+01  7.3616E+01  0.0000E+00  9.6170E-01
0000155 2.0000E+00  0.0000E+00  0.0000E+00  0.0000E+00  9.7295E-01  0.0000E+00
0000155 1.9063E+00  1.7362E+01  1.4080E-03  4.8833E-02  9.4988E-01  8.5974E+01
0000155 1.8741E+00  4.0417E+01  3.3465E+00  3.9597E+00  9.4182E-01  4.4610E+00
0000155 1.8436E+00  5.3821E+01  5.3613E+00  7.0537E+00  9.3413E-01  4.2907E+00
0000155 1.0206E-02  6.7106E+01  7.9978E+00  9.9241E+00  6.9503E-02  1.8334E+03
0000155 6.3339E-03  6.6611E+01  7.2959E+00  1.4632E+01  5.4753E-02  3.5697E+00
0000155 0.0000E+00  6.0521E+01  3.3043E+00  2.1707E+01  0.0000E+00  1.1739E+00
0000156 2.0000E+00  0.0000E+00  0.0000E+00  0.0000E+00  9.7295E-01  0.0000E+00
0000156 1.5813E+00  3.9702E+00  0.0000E+00  0.0000E+00  8.6513E-01  4.1871E+02
0000156 1.5739E+00  7.5007E+00  8.9808E-01 -1.5787E+00  8.6310E-01  5.4392E-01
0000156 1.0621E+00  1.5915E+01  2.9991E+00 -5.5256E+00  7.0903E-01  4.9531E+02
0000156 1.0412E+00  2.5166E+01  1.0783E+01 -5.7707E+00  7.0202E-01  3.7378E+00
0000156 1.0371E+00  3.4266E+01  1.8647E+01 -5.3124E+00  7.0062E-01  4.1485E+00
0000156 8.3226E-01  4.2923E+01  2.6992E+01 -5.2418E+00  6.2763E-01  1.8798E+02
0000156 8.2630E-01  5.0209E+01  3.4328E+01 -1.0074E+01  6.2538E-01  5.9587E+00
0000156 2.7167E-01  5.6722E+01  4.2059E+01 -1.5330E+01  3.5859E-01  5.4037E+02
0000156 2.2581E-01  6.3227E+01  4.6747E+01 -1.1512E+01  3.2693E-01  4.5861E+01
0000156 2.1975E-01  6.6855E+01  5.1489E+01 -5.4077E+00  3.2251E-01  6.0624E+00
0000156 1.0997E-01  6.9410E+01  5.7092E+01  4.3802E-01  2.2814E-01  1.0431E+02
0000156 2.5549E-02  6.9715E+01  5.7275E+01  7.8002E+00  1.0997E-01  8.1054E+01
0000156 1.6552E-02  6.5046E+01  5.8324E+01  1.0715E+01  8.8511E-02  8.9978E+00
0000156 2.5406E-03  6.1170E+01  5.9625E+01  1.9953E+01  3.4677E-02  1.1098E+01
0000156 0.0000E+00  5.9404E+01  5.6506E+01  2.5782E+01  0.0000E+00  8.7814E-01
0000157 2.0000E+00  0.0000E+00  0.0000E+00  0.0000E+00  9.7295E-01  0.0000E+00
0000157 1.9879E+00  3.9702E+00  0.0000E+00  0.0000E+00  9.7001E-01  4.3464E+00
0000157 1.8939E+00  1.2767E+01  3.8201E-01  1.5226E-01  9.4680E-01  7.6905E+01
0000157 1.8659E+00  2.5132E+01 -5.4130E-01 -1.6334E+00  9.3978E-01  4.2776E+00
0000157 1.7787E+00  3.8928E+01 -1.1509E+00 -3.1011E+00  9.1753E-01  8.7283E+01
0000157 1.0423E+00  5.2459E+01  1.0729E+00 -3.5959E+00  7.0237E-01  7.3638E+02
0000157 1.0232E+00  6.2818E+01 -5.0592E+00 -3.4666E+00  6.9591E-01  1.9096E+01
0000157 9.5914E-01  7.3829E+01 -9.7588E+00 -2.9135E+00  6.7378E-01  6.4041E+01
0000157 9.2282E-01  8.5291E+01 -1.1820E+01 -9.9600E-01  6.6090E-01  2.0419E+01
0000157 9.1600E-01  9.6620E+01 -1.2415E+01  1.8428E+00  6.5845E-01  6.8219E+00
0000157 6.8740E-01  1.0791E+02 -1.3969E+01  4.3806E+00  5.7040E-01  2.1322E+02
0000157 6.6044E-01  1.1660E+02 -2.0456E+01  5.6228E+00  5.5910E-01  1.4507E+01
0000157 6.4434E-01  1.2607E+02 -2.5619E+01  6.4179E+00  5.5225E-01  4.0058E+00
0000157 6.2576E-01  1.3513E+02 -3.1240E+01  7.8038E+00  5.4423E-01  6.7045E+00
0000157 6.0794E-01  1.4394E+02 -3.6763E+01  1.0262E+01  5.3642E-01  6.1932E+00
0000157 3.2544E-01  1.5283E+02 -4.1566E+01  1.3512E+01  3.9248E-01  2.8249E+02
0000157 2.9521E-01  1.5913E+02 -4.0344E+01  2.0149E+01  3.7380E-01  2.2986E+01
0000157 2.0459E-01  1.6674E+02 -3.8660E+01  2.4726E+01  3.1119E-01  8.3858E+01
0000157 1.7384E-01  1.7491E+02 -3.6883E+01  2.4404E+01  2.8685E-01  2.5549E+01
0000157 3.0409E-02  1.8193E+02 -3.3279E+01  2.6176E+01  1.1997E-01  1.4343E+02
0000157 2.8706E-02  1.8143E+02 -2.7933E+01  2.8318E+01  1.1656E-01  1.7023E+00
0000157 7.5657E-03  1.7866E+02 -2.1107E+01  3.6137E+01  5.9841E-02  1.3622E+01
0000157 0.0000E+00  1.6691E+02 -9.1457E+00  3.7640E+01  0.0000E+00  4.4222E-01
0000158 2.0000E+00  0.0000E+00  0.0000E+00  0.0000E+00  9.7295E-01  0.0000E+00
0000158 1.7834E+00  1.7708E+01  1.6388E-01 -1.2706E-03  9.1875E-01  1.9719E+02
0000158 1.7545E+00  3.0714E+01  1.2687E+00 -4.2635E+00  9.1128E-01  3.6766E+00
0000158 1.1448E+00  4.3759E+01  2.8006E+00 -8.0655E+00  7.3611E-01  5.8474E+02
0000158 1.0925E+00  6.4404E+01  1.5688E+01 -4.4541E+00  7.1908E-01  3.0119E+01
0000158 1.0712E+00  7.4003E+01  2.2149E+01 -6.6493E-01  7.1206E-01  3.7170E+00
0000158 1.0340E+00  8.3434E+01  2.8334E+01  3.7649E+00  6.9957E-01  1.9988E+01
0000158 9.3398E-01  9.1658E+01  3.5476E+01  8.8372E+00  6.6488E-01  1.0001E+02
0000158 8.5782E-01  9.7029E+01  4.4945E+01  1.3201E+01  6.3720E-01  6.0563E+01
0000158 8.3916E-01  1.0466E+02  5.3019E+01  1.6140E+01  6.3023E-01  4.0125E+00
0000158 8.0369E-01  1.1964E+02  6.9644E+01  2.0770E+01  6.1677E-01  3.2244E+01
0000158 7.6403E-01  1.2754E+02  7.6673E+01  2.4808E+01  6.0135E-01  3.9669E+01
0000158 6.6374E-01  1.3659E+02  8.1501E+01  2.9280E+01  5.6050E-01  1.0029E+02
0000158 5.6138E-01  1.4689E+02  8.2702E+01  3.2391E+01  5.1547E-01  9.0219E+01
0000158 1.9687E-01  1.5492E+02  8.4297E+01  3.8832E+01  3.0526E-01  3.5377E+02
0000158 1.8816E-01  1.6294E+02  8.2901E+01  3.7206E+01  2.9843E-01  3.6411E+00
0000158 1.1478E-01  1.7866E+02  7.8939E+01  3.5190E+01  2.3308E-01  6.5709E+01
0000158 1.6575E-02  1.9004E+02  7.1964E+01  4.1578E+01  8.8574E-02  9.5764E+01
0000158 7.8037E-03  1.8985E+02  7.2827E+01  5.5734E+01  6.0775E-02  1.9406E+00
0000158 0.0000E+00  1.9316E+02  7.7962E+01  6.1961E+01  0.0000E+00  5.5014E+00
0000159 2.0000E+00  0.0000E+00  0.0000E+00  0.0000E+00  9.7295E-01  0.0000E+00
0000159 1.9832E+00  1.1910E+01 -8.1258E-02 -5.3866E-02  9.6887E-01  1.0286E+00
0000159 1.8164E+00  2.6005E+01 -3.5170E-01 -4.4043E-01  9.2721E-01  1.3954E+02
0000159 1.7404E+00  3.9171E+01 -1.9153E+00 -4.2461E+00  9.0762E-01  7.5938E+01
0000159 1.6882E+00  5.2753E+01 -2.5240E+00 -5.4273E+00  8.9390E-01  5.2230E+01
0000159 1.4168E+00  6.6013E+01 -5.2725E+00 -5.6519E+00  8.1889E-01  2.4724E+02
0000159 1.2865E+00  7.8682E+01 -3.2802E+00 -3.7222E+00  7.8033E-01  1.0903E+02
0000159 1.2777E+00  8.9833E+01  3.1004E-01  1.0930E+00  7.7768E-01  8.7427E+00
0000159 1.2544E+00  1.0047E+02  4.0680E+00  6.8023E+00  7.7054E-01  3.6863E+00
0000159 1.1514E+00  1.1131E+02  7.1817E+00  1.2393E+01  7.3824E-01  1.0296E+02
0000159 1.1263E+00  1.2222E+02  6.6826E+00  1.8117E+01  7.3014E-01  6.9034E+00
0000159 1.0421E+00  1.3260E+02  5.9400E+00  2.4608E+01  7.0230E-01  8.4266E+01
0000159 1.0067E+00  1.4322E+02  2.4967E+00  2.9109E+01  6.9030E-01  3.5314E+01
0000159 9.8381E-01  1.5380E+02  1.0991E+00  3.4466E+01  6.8239E-01  2.2932E+01
0000159 9.4857E-01  1.6502E+02  3.5355E-01  3.8272E+01  6.7006E-01  1.9035E+01
0000159 9.3529E-01  1.8683E+02 -3.4486E+00  4.6164E+01  6.6535E-01  5.8985E+00
0000159 8.6037E-01  1.9793E+02 -5.2595E+00  4.9493E+01  6.3815E-01  7.4919E+01
0000159 8.3494E-01  2.0732E+02 -8.1121E+00  5.5484E+01  6.2864E-01  2.5432E+01
0000159 1.5868E-02  2.1689E+02 -9.0013E+00  6.1654E+01  8.6663E-02  8.1907E+02
0000159 5.3063E-03  2.2401E+02 -1.1504E+01  5.5016E+01  5.0115E-02  7.4160E+00
0000159 0.0000E+00  2.2614E+02 -1.3238E+01  4.8627E+01  0.0000E+00  5.2751E-01
0000160 2.0000E+00  0.0000E+00  0.0000E+00  0.0000E+00  9.7295E-01  0.0000E+00
0000160 1.7953E+00  1.4565E+01  2.7482E-01 -4.8216E-03  9.2183E-01  1.7502E+02
0000160 1.5518E+00  1.8322E+01  1.5548E+00 -5.3691E-02  8.5702E-01  2.3622E+02
0000160 1.3672E+00  3.1374E+01  1.6534E+00  2.3041E+00  8.0443E-01  1.6188E+02
0000160 1.3392E+00  4.3519E+01 -2.3489E+00  3.6238E+00  7.9617E-01  7.2715E+00
0000160 1.0609E+00  5.5536E+01 -6.1242E+00  5.8517E+00  7.0861E-01  2.5799E+02
0000160 1.0390E+00  6.4643E+01 -1.4068E+01  5.5243E+00  7.0126E-01  4.7707E+00
0000160 5.6676E-01  7.3157E+01 -2.2551E+01  5.0292E+00  5.1794E-01  4.7221E+02
0000160 4.5248E-01  8.3272E+01 -2.3480E+01  7.4591E+00  4.6278E-01  1.1428E+02
0000160 4.1284E-01  9.1506E+01 -2.8707E+01  9.3126E+00  4.4205E-01  3.0449E+01
0000160 3.7181E-01  9.9499E+01 -3.4203E+01  8.5857E+00  4.1950E-01  4.1038E+01
0000160 2.4226E-01  1.0665E+02 -3.9282E+01  4.9266E+00  3.3862E-01  1.2157E+02
0000160 2.3797E-01  1.0932E+02 -4.7259E+01  2.8344E+00  3.3561E-01  4.2857E+00
0000160 2.0728E-01  1.1251E+02 -5.4710E+01 -1.3397E-01  3.1323E-01  2.4895E+01
0000160 1.7971E-01  1.2194E+02 -6.8303E+01 -2.1114E+00  2.9165E-01  2.1259E+01
0000160 1.6495E-01  1.2423E+02 -8.4051E+01 -4.8596E+00  2.7941E-01  5.8175E+00
0000160 7.9188E-02  1.2349E+02 -9.1869E+01 -6.3891E+00  1.9360E-01  8.1288E+01
0000160 6.9490E-02  1.2049E+02 -9.5577E+01 -1.1391E+01  1.8136E-01  9.6973E+00
0000160 2.0836E-02  1.1567E+02 -9.8735E+01 -1.4882E+01  9.9308E-02  4.8654E+01
0000160 1.7818E-02  1.1053E+02 -9.7059E+01 -1.5018E+01  9.1835E-02  1.9440E+00
0000160 5.0419E-03  1.0177E+02 -9.5095E+01 -1.9731E+01  4.8851E-02  9.4267E+00
0000160 0.0000E+00  1.0215E+02 -9.3741E+01 -2.3759E+01  0.0000E+00  4.6241E+00
0000161 2.0000E+00  0.0000E+00  0.0000E+00  0.0000E+00  9.7295E-01  0.0000E+00
0000161 1.9655E+00  2.2441E+01  3.2135E-01  1.3893E-01  9.6452E-01  1.1816E+01
0000161 1.9547E+00  3.6496E+01 -2.6935E-01 -1.4840E-01  9.6188E-01  1.0756E+01
0000161 1.9265E+00  5.0459E+01 -1.8424E+00 -1.0428E-01  9.5491E-01  2.8202E+01
0000161 1.7486E+00  7.7790E+01 -7.2200E+00 -2.7053E+00  9.0974E-01  1.7150E+02
0000161 1.6912E+00  9.0482E+01 -7.4620E+00 -7.7596E+00  8.9469E-01  5.7401E+01
0000161 1.4368E+00  1.0316E+02 -9.9707E+00 -1.1813E+01  8.2465E-01  2.5441E+02
0000161 1.4118E+00  1.1531E+02 -1.4580E+01 -1.1052E+01  8.1746E-01  3.4624E+00
0000161 1.3831E+00  1.2717E+02 -1.9692E+01 -1.0005E+01  8.0910E-01  7.5656E+00
0000161 1.2763E+00  1.3864E+02 -2.5322E+01 -8.2577E+00  7.7725E-01  1.0675E+02
0000161 1.2169E+00  1.5101E+02 -2.7934E+01 -8.2331E+00  7.5893E-01  3.9793E+01
0000161 1.2096E+00  1.6258E+02 -3.2642E+01 -8.4023E+00  7.5664E-01  7.3364E+00
0000161 1.1702E+00  1.7374E+02 -3.8214E+01 -8.7294E+00  7.4422E-01  2.0491E+01
0000161 1.1521E+00  1.8457E+02 -4.4076E+01 -7.4801E+00  7.3846E-01  1.8065E+01
0000161 1.1483E+00  1.9585E+02 -4.8659E+01 -5.5008E+00  7.3722E-01  3.8660E+00
0000161 1.1206E+00  2.0685E+02 -5.3568E+01 -2.9446E+00  7.2829E-01  9.4645E+00
0000161 1.0995E+00  2.1810E+02 -5.7441E+01 -1.1437E-02  7.2139E-01  3.2946E+00
0000161 9.0566E-01  2.4080E+02 -6.3656E+01  6.2917E+00  6.5472E-01  1.9026E+02
0000161 8.8107E-01  2.5961E+02 -7.7272E+01  7.6105E+00  6.4578E-01  4.8156E+00
0000161 7.8244E-01  2.6894E+02 -8.4113E+01  7.8098E+00  6.0856E-01  9.8628E+01
0000161 4.1782E-01  2.7864E+02 -8.8712E+01  1.1159E+01  4.4471E-01  3.5093E+02
0000161 4.0582E-01  2.8529E+02 -8.7194E+01  1.8131E+01  4.3827E-01  3.3311E+00
0000161 1.6050E-01  2.9131E+02 -8.5166E+01  2.5448E+01  2.7562E-01  2.4532E+02
0000161 1.4064E-01  2.8958E+02 -8.2916E+01  3.2878E+01  2.5801E-01  1.5472E+01
0000161 1.3750E-01  2.8564E+02 -8.1447E+01  3.9384E+01  2.5511E-01  3.1452E+00
0000161 1.1313E-01  2.7866E+02 -7.6618E+01  5.2119E+01  2.3140E-01  1.7884E+01
0000161 9.4635E-02  2.7549E+02 -7.1721E+01  5.6695E+01  2.1164E-01  1.5060E+01
0000161 5.9782E-02  2.7138E+02 -6.9302E+01  6.2025E+01  1.6821E-01  3.4853E+01
0000161 2.2912E-02  2.6639E+02 -7.0981E+01  6.5925E+01  1.0414E-01  3.4667E+01
0000161 1.9221E-02  2.6120E+02 -7.2201E+01  6.4588E+01  9.5380E-02  2.5467E+00
0000161 7.7047E-03  2.5277E+02 -6.8641E+01  6.1211E+01  6.0389E-02  4.3028E+00
0000161 0.0000E+00  2.4023E+02 -5.9958E+01  5.9687E+01  0.0000E+00  1.4423E+00
0000162 2.0000E+00  0.0000E+00  0.0000E+00  0.0000E+00  9.7295E-01  0.0000E+00
0000162 1.2489E+00  1.3800E+01 -3.1166E-02  1.0611E-02  7.6884E-01  7.4337E+02
0000162 1.2282E+00  2.2758E+01 -6.8643E+00  1.3169E+00  7.6244E-01  3.2649E+00
0000162 1.2006E+00  3.3019E+01 -1.3948E+01  2.5012E+00  7.5383E-01  8.4811E+00
0000162 1.1517E+00  4.3150E+01 -2.1191E+01  2.6569E+00  7.3834E-01  3.0079E+01
0000162 9.1778E-01  5.4194E+01 -2.6671E+01  2.8804E+00  6.5909E-01  2.1575E+02
0000162 3.4584E-01  6.1344E+01 -3.5885E+01  3.4965E+00  4.0459E-01  5.7195E+02
0000162 3.0456E-01  6.8776E+01 -3.7759E+01 -1.8691E+00  3.7968E-01  3.3701E+01
0000162 2.9585E-01  7.7188E+01 -4.0060E+01 -4.4733E+00  3.7421E-01  8.7122E+00
0000162 2.5962E-01  8.5218E+01 -4.1579E+01 -8.3487E+00  3.5055E-01  2.9461E+01
0000162 1.7715E-01  9.3460E+01 -4.0403E+01 -1.1185E+01  2.8957E-01  8.2469E+01
0000162 1.3821E-01  9.8907E+01 -4.2243E+01 -1.6917E+01  2.5577E-01  3.8943E+01
0000162 6.7559E-02  1.0579E+02 -4.4896E+01 -1.9177E+01  1.7882E-01  6.6703E+01
0000162 5.3131E-02  1.0812E+02 -5.0770E+01 -2.1410E+01  1.5858E-01  1.4428E+01
0000162 4.8003E-02  1.0744E+02 -5.6383E+01 -2.4416E+01  1.5073E-01  3.0966E+00
0000162 2.0362E-02  1.0805E+02 -6.2256E+01 -2.6568E+01  9.8172E-02  2.5746E+01
0000162 1.7473E-02  1.0790E+02 -6.7019E+01 -2.4063E+01  9.0942E-02  2.5701E+00
0000162 9.0198E-03  1.0596E+02 -7.1059E+01 -2.1341E+01  6.5339E-02  8.4534E+00
0000162 0.0000E+00  9.6902E+01 -7.5760E+01 -2.6622E+01  0.0000E+00  1.4768E+00
0000163 2.0000E+00  0.0000E+00  0.0000E+00  0.0000E+00  9.7295E-01  0.0000E+00
0000163 1.9092E+00  7.9396E+00  7.8314E-02 -3.1689E-02  9.5060E-01  8.2206E+01
0000163 1.8893E+00  1.3867E+01  1.3494E+00 -5.2084E-01  9.4564E-01  8.3030E+00
0000163 1.7811E+00  2.7319E+01  4.9368E+00 -1.0270E+00  9.1818E-01  8.1803E+01
0000163 1.5387E+00  4.0911E+01  6.2833E+00  3.3474E-01  8.5340E-01  2.4245E+02
0000163 2.7738E-01  5.3031E+01  4.3429E+00  5.2871E+00  3.6234E-01  1.2387E+03
0000163 1.3738E-01  5.8605E+01  1.1269E+01  4.5640E+00  2.5499E-01  1.4000E+02
0000163 1.1707E-01  6.0938E+01  1.5772E+01 -1.2393E+00  2.3540E-01  1.6372E+01
0000163 9.3792E-02  6.2408E+01  1.7988E+01 -8.2128E+00  2.1070E-01  1.9767E+01
0000163 3.8008E-02  6.5667E+01  1.7709E+01 -1.4562E+01  1.3413E-01  5.2774E+01
0000163 6.3843E-03  7.1219E+01  1.9391E+01 -1.6169E+01  5.4971E-02  3.1624E+01
0000163 0.0000E+00  7.4792E+01  2.0141E+01 -2.1717E+01  0.0000E+00  7.5513E-01
0000164 2.0000E+00  0.0000E+00  0.0000E+00  0.0000E+00  9.7295E-01  0.0000E+00
0000164 1.9862E+00  1.3714E+01  2.1601E-02 -1.8300E-02  9.6959E-01  1.5366E+00
0000164 1.9566E+00  2.6359E+01  1.1862E-01 -3.8691E-01  9.6234E-01  5.0643E+00
0000164 1.9201E+00  4.0369E+01  1.2788E-01 -1.5028E+00  9.5331E-01  9.4627E+00
0000164 1.8813E+00  5.4204E+01 -1.1178E-01 -3.5549E+00  9.4364E-01  1.2119E+01
0000164 1.8774E+00  6.8084E+01  2.1243E-03 -4.5461E+00  9.4265E-01  3.9228E+00
0000164 1.8432E+00  8.1913E+01 -3.0980E-01 -6.0060E+00  9.3403E-01  3.4195E+01
0000164 1.7591E+00  9.5633E+01  1.2100E+00 -7.0666E+00  9.1248E-01  5.8192E+01
0000164 1.7281E+00  1.0866E+02  5.0011E+00 -8.8359E+00  9.0439E-01  6.0836E+00
0000164 1.6941E+00  1.2185E+02  8.0134E+00 -1.0444E+01  8.9545E-01  9.3465E+00
0000164 1.5681E+00  1.3518E+02  1.0047E+01 -1.1847E+01  8.6150E-01  1.2602E+02
0000164 1.3858E+00  1.4804E+02  1.2554E+01 -9.6056E+00  8.0989E-01  1.5933E+02
0000164 1.1974E+00  1.6000E+02  1.7207E+01 -1.0952E+01  7.5282E-01  1.6755E+02
0000164 1.1366E+00  1.7181E+02  1.9986E+01 -8.1749E+00  7.3347E-01  4.2008E+01
0000164 1.1286E+00  1.8349E+02  2.0632E+01 -4.4149E+00  7.3087E-01  8.0454E+00
0000164 3.8107E-01  1.9480E+02  2.1616E+01  2.4745E-01  4.2470E-01  7.4751E+02
0000164 2.4987E-01  1.9887E+02  2.9709E+01  3.2940E+00  3.4390E-01  1.3120E+02
0000164 2.3983E-01  1.9737E+02  3.7258E+01  7.4027E+00  3.3692E-01  4.0340E+00
0000164 1.0440E-01  1.9518E+02  5.2231E+01  1.5502E+01  2.2229E-01  1.2752E+02
0000164 9.3149E-02  1.8898E+02  5.4974E+01  1.8206E+01  2.0997E-01  1.1250E+01
0000164 8.8426E-02  1.8370E+02  5.9549E+01  1.9645E+01  2.0458E-01  4.7230E+00
0000164 7.2220E-02  1.7821E+02  6.3986E+01  1.9495E+01  1.8489E-01  1.4483E+01
0000164 6.9004E-02  1.7171E+02  6.5828E+01  2.0178E+01  1.8072E-01  3.2160E+00
0000164 5.3376E-02  1.6529E+02  6.6751E+01  2.1962E+01  1.5895E-01  1.5628E+01
0000164 3.6920E-02  1.5929E+02  6.8621E+01  2.0678E+01  1.3219E-01  1.4418E+01
0000164 1.8243E-02  1.5437E+02  7.1486E+01  2.2509E+01  9.2924E-02  1.8677E+01
0000164 8.1183E-03  1.4982E+02  7.2895E+01  2.0215E+01  6.1988E-02  9.1434E+00
0000164 0.0000E+00  1.4111E+02  7.1265E+01  3.0417E+01  0.0000E+00  1.0978E+00
0000165 2.0000E+00  0.0000E+00  0.0000E+00  0.0000E+00  9.7295E-01  0.0000E+00
0000165 1.8539E+00  2.6029E+01  4.1160E-02  7.6941E-02  9.3675E-01  1.1071E+02
0000165 1.8326E+00  3.9487E+01  1.0859E+00  3.2443E+00  9.3134E-01  2.1336E+01
0000165 1.0358E+00  5.2476E+01  2.3369E+00  7.8085E+00  7.0018E-01  7.9683E+02
0000165 8.7317E-01  6.3678E+01  8.4351E-01  3.7130E+00  6.4287E-01  1.6260E+02
0000165 8.5381E-01  7.2201E+01  8.1596E-01 -4.0709E+00  6.3571E-01  4.5173E+00
0000165 4.9016E-01  8.0135E+01  1.0916E+00 -1.2367E+01  4.8166E-01  3.6365E+02
0000165 4.1368E-01  8.2176E+01 -3.4434E+00 -2.1165E+01  4.4250E-01  6.6736E+01
0000165 3.3634E-01  8.7475E+01 -6.4993E+00 -2.8734E+01  3.9899E-01  6.8731E+01
0000165 1.4523E-01  8.9053E+01 -8.7371E+00 -3.7621E+01  2.6218E-01  1.9111E+02
0000165 1.2209E-01  9.6881E+01 -2.0659E+01 -4.3739E+01  2.4039E-01  2.0283E+01
0000165 3.8224E-02  1.0009E+02 -2.5055E+01 -4.8940E+01  1.3451E-01  8.3871E+01
0000165 1.0336E-02  1.0695E+02 -4.1218E+01 -4.8360E+01  6.9944E-02  2.0427E+01
0000165 3.5792E-03  1.0833E+02 -4.3383E+01 -5.2408E+01  4.1159E-02  6.7566E+00
0000165 0.0000E+00  1.0746E+02 -4.2182E+01 -5.6169E+01  0.0000E+00  3.4714E+00
0000166 2.0000E+00  0.0000E+00  0.0000E+00  0.0000E+00  9.7295E-01  0.0000E+00
0000166 1.9793E+00  2.1320E+01  5.5180E-01  6.8247E-02  9.6791E-01  1.1459E+01
0000166 1.9406E+00  3.5403E+01  3.8345E-02  3.9718E-01  9.5840E-01  1.1438E+01
0000166 1.9299E+00  4.9411E+01 -1.0029E-01 -2.8318E-01  9.5574E-01  1.0746E+01
0000166 1.8893E+00  6.3376E+01  7.9924E-01 -8.6569E-01  9.4564E-01  1.3789E+01
0000166 1.8001E+00  7.7239E+01  2.0612E+00 -3.1696E-01  9.2305E-01  6.2862E+01
0000166 1.7899E+00  9.0933E+01  1.5318E+00 -1.5885E+00  9.2043E-01  1.0201E+01
0000166 1.7510E+00  1.0467E+02  1.1754E+00 -1.8394E+00  9.1037E-01  1.3605E+01
0000166 1.1510E+00  1.1826E+02 -2.2720E-01 -1.5067E+00  7.3809E-01  5.7512E+02
0000166 1.1216E+00  1.2845E+02  1.9995E+00  5.0603E+00  7.2861E-01  1.1178E+01
0000166 6.3151E-01  1.3789E+02  4.8952E+00  1.2319E+01  5.4672E-01  4.7225E+02
0000166 6.2506E-01  1.3975E+02  1.0031E+01  2.1526E+01  5.4392E-01  6.4497E+00
0000166 5.9244E-01  1.4264E+02  1.5197E+01  3.0415E+01  5.2954E-01  3.2622E+01
0000166 2.7137E-01  1.4727E+02  2.1165E+01  3.7782E+01  3.5839E-01  3.2106E+02
0000166 2.6731E-01  1.5238E+02  2.8408E+01  3.7310E+01  3.5570E-01  4.0659E+00
0000166 9.4081E-02  1.5832E+02  3.4947E+01  3.6742E+01  2.1102E-01  1.6693E+02
0000166 6.1248E-02  1.5708E+02  4.1947E+01  3.7482E+01  1.7026E-01  2.9817E+01
0000166 5.6221E-02  1.5312E+02  4.6473E+01  4.0151E+01  1.6313E-01  2.7867E+00
0000166 4.5795E-02  1.4946E+02  5.0205E+01  4.3972E+01  1.4723E-01  8.3149E+00
0000166 3.4509E-02  1.4421E+02  5.2405E+01  4.6512E+01  1.2780E-01  1.1285E+01
0000166 1.6857E-02  1.3848E+02  5.1767E+01  4.7816E+01  8.9325E-02  1.7652E+01
0000166 1.7524E-03  1.3148E+02  4.4739E+01  4.8588E+01  2.8800E-02  1.0505E+01
0000166 0.0000E+00  1.2535E+02  4.7540E+01  4.8067E+01  0.0000E+00  9.9322E-01
0000167 2.0000E+00  0.0000E+00  0.0000E+00  0.0000E+00  9.7295E-01  0.0000E+00
0000167 1.9749E+00  7.9404E+00 -1.5254E-02  1.7891E-03  9.6683E-01  1.7337E+01
0000167 1.9659E+00  1.1893E+01 -2.4166E-01 -3.0059E-01  9.6462E-01  1.3252E+00
0000167 1.9275E+00  2.5864E+01 -1.1264E+00 -1.7262E+00  9.5516E-01  1.1223E+01
0000167 1.7803E+00  3.9810E+01 -9.5898E-01 -2.9543E+00  9.1797E-01  1.4719E+02
0000167 1.7452E+00  5.3285E+01 -1.2364E+00 -3.5934E-01  9.0885E-01  9.9916E+00
0000167 1.7089E+00  6.6475E+01 -2.0284E+00  3.0885E+00  8.9936E-01  1.1446E+01
0000167 1.6532E+00  7.9773E+01 -1.9380E+00  5.8649E+00  8.8459E-01  3.1231E+01
0000167 1.6204E+00  9.2464E+01 -1.8193E+00  1.0388E+01  8.7576E-01  9.0049E+00
0000167 7.9035E-01  1.0481E+02 -2.3685E+00  1.5576E+01  6.1163E-01  8.0654E+02
0000167 7.7268E-01  1.1357E+02 -9.3813E+00  1.4479E+01  6.0475E-01  3.8789E+00
0000167 5.6000E-01  1.2179E+02 -1.6896E+01  1.3099E+01  5.1484E-01  1.9912E+02
0000167 3.2771E-01  1.2490E+02 -2.6199E+01  9.6045E+00  3.9384E-01  2.2156E+02
0000167 2.3303E-01  1.2738E+02 -3.0421E+01  1.7569E+00  3.3211E-01  9.4687E+01
0000167 1.5411E-01  1.2530E+02 -3.2489E+01 -6.3249E+00  2.7008E-01  7.3203E+01
0000167 1.8385E-02  1.2800E+02 -3.5151E+01 -1.3245E+01  9.3285E-02  1.3573E+02
0000167 8.8111E-03  1.2224E+02 -3.0081E+01 -1.9775E+01  6.4579E-02  4.8481E+00
0000167 0.0000E+00  1.2045E+02 -2.5778E+01 -1.9501E+01  0.0000E+00  7.8536E+00
0000168 2.0000E+00  0.0000E+00  0.0000E+00  0.0000E+00  9.7295E-01  0.0000E+00
0000168 1.8237E+00  1.6964E+01 -9.9902E-02  1.1070E-01  9.2907E-01  1.6841E+02
0000168 1.7003E+00  3.0189E+01 -2.2371E+00 -3.2355E+00  8.9711E-01  9.7659E+01
0000168 1.6952E+00  4.3605E+01 -1.5082E+00 -5.1256E+00  8.9575E-01  5.1335E+00
0000168 1.6801E+00  5.7100E+01 -9.2084E-01 -6.2881E+00  8.9176E-01  1.5101E+01
0000168 1.4562E+00  7.0500E+01  8.2465E-01 -6.9146E+00  8.3021E-01  1.9979E+02
0000168 1.4067E+00  8.3245E+01 -1.6014E+00 -5.4491E+00  8.1598E-01  2.7795E+01
0000168 1.3635E+00  9.5380E+01 -5.6738E+00 -3.5143E+00  8.0335E-01  4.3202E+01
0000168 1.3086E+00  1.0743E+02 -8.2454E+00  1.2242E-01  7.8700E-01  5.4950E+01
0000168 2.9579E-01  1.2968E+02 -1.1508E+01  1.1923E+01  3.7417E-01  9.8431E+02
0000168 8.1045E-02  1.3465E+02 -1.8711E+01  9.6341E+00  1.9586E-01  2.0798E+02
0000168 7.5164E-02  1.3697E+02 -2.3231E+01  1.4364E+01  1.8862E-01  3.1619E+00
0000168 6.1240E-02  1.3805E+02 -2.8315E+01  1.8814E+01  1.7025E-01  1.3924E+01
0000168 5.4226E-02  1.3696E+02 -3.1679E+01  2.4364E+01  1.6021E-01  7.0133E+00
0000168 1.8477E-02  1.3393E+02 -3.4007E+01  2.9534E+01  9.3518E-02  3.5749E+01
0000168 4.1904E-03  1.2501E+02 -3.0131E+01  3.1740E+01  4.4535E-02  8.3830E+00
0000168 0.0000E+00  1.1839E+02 -3.0539E+01  3.5810E+01  0.0000E+00  2.6879E+00
0000169 2.0000E+00  0.0000E+00  0.0000E+00  0.0000E+00  9.7295E-01  0.0000E+00
0000169 1.9851E+00  3.9702E+00  0.0000E+00  0.0000E+00  9.6932E-01  7.1917E+00
0000169 1.9772E+00  1.2260E+01  4.7578E-01 -1.0126E-01  9.6739E-01  6.6288E-02
0000169 1.9632E+00  2.6325E+01  1.2844E+00 -3.9021E-01  9.6395E-01  1.4054E+01
0000169 1.9438E+00  4.0387E+01  1.0772E+00 -6.3090E-02  9.5919E-01  1.9321E+01
0000169 1.9210E+00  5.4310E+01  7.5368E-01  1.6480E+00  9.5353E-01  2.2886E+01
0000169 1.4625E+00  6.8294E+01  4.3957E-01  1.8375E+00  8.3201E-01  4.5843E+02
0000169 1.4390E+00  7.9669E+01 -3.9402E+00 -2.8814E+00  8.2530E-01  2.3497E+01
0000169 1.0811E+00  9.1715E+01 -7.1617E+00 -6.6230E+00  7.1533E-01  3.3646E+02
0000169 1.0354E+00  1.0117E+02 -5.9239E+00 -1.4138E+01  7.0004E-01  4.5723E+01
0000169 1.0153E+00  1.0880E+02 -4.7738E+00 -2.3354E+01  6.9322E-01  3.2481E+00
0000169 9.9438E-01  1.1648E+02 -4.2991E+00 -3.2515E+01  6.8604E-01  4.3212E+00
0000169 9.2384E-01  1.2438E+02 -4.5332E+00 -4.1415E+01  6.6126E-01  5.4208E+01
0000169 9.0230E-01  1.3149E+02 -7.4563E+00 -5.0233E+01  6.5351E-01  2.1533E+01
0000169 8.9214E-01  1.3712E+02 -1.0189E+01 -6.0038E+01  6.4982E-01  1.0163E+01
0000169 8.8813E-01  1.4341E+02 -1.3695E+01 -6.9137E+01  6.4836E-01  4.0154E+00
0000169 7.6482E-01  1.5004E+02 -1.6505E+01 -7.8218E+01  6.0167E-01  1.2331E+02
0000169 3.3610E-02  1.5918E+02 -1.9762E+01 -8.3788E+01  1.2613E-01  7.1774E+02
0000169 2.5759E-02  1.5864E+02 -2.5624E+01 -8.3757E+01  1.1042E-01  6.3665E+00
0000169 1.5566E-02  1.5775E+02 -3.0575E+01 -8.1271E+01  8.5834E-02  8.9544E+00
0000169 6.2312E-03  1.5530E+02 -3.5057E+01 -8.1833E+01  5.4308E-02  9.3344E+00
0000169 0.0000E+00  1.4436E+02 -3.6190E+01 -8.3482E+01  0.0000E+00  9.4744E-01
0000170 2.0000E+00  0.0000E+00  0.0000E+00  0.0000E+00  9.7295E-01  0.0000E+00
0000170 1.5519E+00  8.4113E+00  7.3395E-03 -2.0205E-02  8.5704E-01  4.3946E+02
0000170 1.5452E+00  1.4746E+01  3.3707E+00  3.1482E-01  8.5521E-01  6.6219E+00
0000170 9.6692E-01  2.6565E+01  9.1964E+00  1.7000E+00  6.7651E-01  5.7831E+02
0000170 9.1036E-01  3.8164E+01  6.9012E+00  1.8690E+00  6.5642E-01  5.6562E+01
0000170 8.8143E-01  4.8882E+01  2.9670E+00  4.2172E+00  6.4591E-01  1.3631E+01
0000170 8.4761E-01  5.9398E+01 -2.5848E-01  7.8003E+00  6.3340E-01  1.8869E+01
0000170 7.6991E-01  8.0877E+01 -6.5828E+00  1.2500E+01  6.0367E-01  5.6306E+01
0000170 7.4966E-01  9.1175E+01 -6.9877E+00  1.6902E+01  5.9567E-01  2.0259E+01
0000170 7.3175E-01  1.0059E+02 -7.0363E+00  2.2853E+01  5.8851E-01  4.6360E+00
0000170 7.0340E-01  1.0974E+02 -6.2792E+00  2.9051E+01  5.7700E-01  1.5317E+01
0000170 6.2857E-01  1.1854E+02 -3.9445E+00  3.5177E+01  5.4545E-01  7.4832E+01
0000170 5.8802E-01  1.3342E+02 -4.8138E+00  5.0460E+01  5.2756E-01  2.4458E+01
0000170 5.1852E-01  1.3893E+02 -4.3744E+00  5.9422E+01  4.9540E-01  6.9498E+01
0000170 5.0891E-01  1.5400E+02 -1.5086E+00  7.2917E+01  4.9079E-01  5.0059E+00
0000170 4.9347E-01  1.6052E+02  4.9906E-02  8.0598E+01  4.8329E-01  5.4381E+00
0000170 4.7220E-01  1.6690E+02  2.6312E+00  8.8018E+01  4.7276E-01  1.1490E+01
0000170 4.4697E-01  1.7416E+02  5.6512E+00  9.4227E+01  4.5995E-01  1.5751E+01
0000170 5.9369E-02  1.8000E+02  9.5566E+00  1.0121E+02  1.6763E-01  3.8760E+02
0000170 4.5537E-02  1.7341E+02  1.2074E+01  1.1210E+02  1.4681E-01  1.1764E+01
0000170 3.6024E-02  1.7200E+02  1.8057E+01  1.2266E+02  1.3058E-01  3.1517E+00
0000170 9.7985E-03  1.7269E+02  2.1034E+01  1.2778E+02  6.8101E-02  2.4669E+01
0000170 0.0000E+00  1.5911E+02  2.6892E+01  1.3133E+02  0.0000E+00  9.5978E-01
0000171 2.0000E+00  0.0000E+00  0.0000E+00  0.0000E+00  9.7295E-01  0.0000E+00
0000171 1.9712E+00  1.4497E+01  1.2379E-02  2.4251E-02  9.6592E-01  2.1049E+01
0000171 1.9632E+00  1.8446E+01  3.5999E-01 -1.8768E-01  9.6397E-01  3.0140E-01
0000171 1.9201E+00  3.2454E+01  1.4833E+00 -8.0298E-01  9.5333E-01  1.5982E+01
0000171 1.8890E+00  4.6420E+01  2.0589E+00 -2.6439E-01  9.4556E-01  3.1173E+01
0000171 1.7428E+00  7.3831E+01  1.6471E+00  4.6330E+00  9.0823E-01  1.1632E+02
0000171 1.6990E+00  8.6627E+01  4.4640E+00  8.4680E+00  8.9674E-01  1.8995E+01
0000171 1.4552E+00  9.9713E+01  7.0667E+00  1.0914E+01  8.2992E-01  2.1944E+02
0000171 1.2042E+00  1.1160E+02  1.2235E+01  9.3300E+00  7.5497E-01  2.5097E+02
0000171 1.1497E+00  1.1977E+02  2.1200E+01  6.4866E+00  7.3767E-01  5.4574E+01
0000171 1.1274E+00  1.2893E+02  2.8211E+01  2.1317E+00  7.3048E-01  4.1037E+00
0000171 9.5584E-01  1.3846E+02  3.4581E+01 -2.2348E+00  6.7262E-01  1.7153E+02
0000171 9.2542E-01  1.4512E+02  3.9979E+01 -1.0334E+01  6.6183E-01  1.4553E+01
0000171 7.1454E-02  1.5077E+02  4.4832E+01 -1.9356E+01  1.8390E-01  8.5397E+02
0000171 2.2538E-02  1.4621E+02  4.8627E+01 -2.2623E+01  1.0328E-01  4.8917E+01
0000171 1.5951E-02  1.4738E+02  5.3325E+01 -2.5190E+01  8.6889E-02  6.5871E+00
0000171 1.2623E-03  1.4816E+02  5.8411E+01 -2.4794E+01  2.4443E-02  1.4552E+01
0000171 0.0000E+00  1.4659E+02  5.9857E+01 -2.7509E+01  0.0000E+00  3.5184E-01
0000172 2.0000E+00  0.0000E+00  0.0000E+00  0.0000E+00  9.7295E-01  0.0000E+00
0000172 1.8242E+00  3.9702E+00  0.0000E+00  0.0000E+00  9.2921E-01  1.7580E+02
0000172 1.7832E+00  2.0735E+01 -4.0980E+00  3.1812E+00  9.1870E-01  1.5377E+01
0000172 1.6062E+00  3.4052E+01 -6.0966E+00  5.8619E+00  8.7191E-01  1.5181E+02
0000172 1.5686E+00  4.6900E+01 -4.1078E+00  9.0098E+00  8.6166E-01  1.4194E+01
0000172 1.5313E+00  5.9285E+01 -1.8808E+00  1.3312E+01  8.5134E-01  1.4440E+01
0000172 1.5205E+00  7.1998E+01 -3.9475E-01  1.6617E+01  8.4835E-01  1.0753E+01
0000172 1.4944E+00  8.4511E+01  3.6895E-01  2.0738E+01  8.4102E-01  3.7737E+00
0000172 1.4678E+00  9.7106E+01  5.9702E-01  2.4476E+01  8.3350E-01  4.5048E+00
0000172 1.4377E+00  1.0978E+02  3.2052E-01  2.7696E+01  8.2492E-01  8.2426E+00
0000172 1.4087E+00  1.2213E+02  3.0965E-01  3.1809E+01  8.1656E-01  7.5092E+00
0000172 1.2706E+00  1.3426E+02 -5.6132E-01  3.6257E+01  7.7549E-01  1.3814E+02
0000172 1.2660E+00  1.4545E+02 -5.2680E+00  3.9729E+01  7.7409E-01  4.6000E+00
0000172 1.1998E+00  1.5627E+02 -1.0563E+01  4.3498E+01  7.5357E-01  6.6219E+01
0000172 1.1543E+00  1.6638E+02 -1.4403E+01  4.9664E+01  7.3915E-01  4.5485E+01
0000172 1.1471E+00  1.7627E+02 -1.6053E+01  5.6853E+01  7.3685E-01  7.1813E+00
0000172 2.9650E-01  1.8562E+02 -1.8329E+01  6.4552E+01  3.7462E-01  8.3245E+02
0000172 2.7815E-01  1.9312E+02 -1.3275E+01  6.4362E+01  3.6284E-01  1.1570E+01
0000172 1.5265E-01  2.0131E+02 -9.7613E+00  6.4826E+01  2.6880E-01  1.2550E+02
0000172 1.4520E-01  2.0675E+02 -6.9653E+00  5.9866E+01  2.6215E-01  3.2179E+00
0000172 1.3415E-01  2.1239E+02 -3.4508E+00  5.5792E+01  2.5198E-01  6.9608E+00
0000172 1.2734E-01  2.1674E+02  8.9143E-02  5.0561E+01  2.4550E-01  2.9471E+00
0000172 1.1961E-01  2.2152E+02  2.5641E+00  4.5207E+01  2.3793E-01  7.7327E+00
0000172 8.7000E-02  2.2524E+02  3.8702E+00  3.8834E+01  2.0293E-01  2.9038E+01
0000172 7.8174E-02  2.2770E+02  3.0806E+00  2.5143E+01  1.9236E-01  4.8624E+00
0000172 5.2662E-02  2.2951E+02  1.2767E+00  1.8740E+01  1.5788E-01  2.5512E+01
0000172 4.3254E-02  2.3043E+02  3.3562E+00  1.2764E+01  1.4308E-01  9.4074E+00
0000172 3.4032E-02  2.3294E+02  3.2485E+00  7.1366E+00  1.2692E-01  7.4578E+00
0000172 2.2696E-02  2.3740E+02  3.1204E+00  3.2794E+00  1.0365E-01  1.1337E+01
0000172 6.3453E-03  2.4217E+02  7.0715E-01  2.0153E+00  5.4803E-02  1.5213E+01
0000172 0.0000E+00  2.5121E+02  7.7478E-01 -3.5434E+00  0.0000E+00  7.6872E-01
0000173 2.0000E+00  0.0000E+00  0.0000E+00  0.0000E+00  9.7295E-01  0.0000E+00
0000173 1.9762E+00  3.9702E+00  0.0000E+00  0.0000E+00  9.6715E-01  1.6066E+01
0000173 1.9259E+00  1.9873E+01 -1.4499E+00  3.5414E-01  9.5475E-01  2.7074E+01
0000173 1.4810E+00  3.3788E+01 -2.2807E+00 -9.1884E-01  8.3724E-01  4.4490E+02
0000173 1.4432E+00  4.5136E+01  1.8640E+00 -6.0129E+00  8.2648E-01  1.5860E+01
0000173 1.3349E+00  5.5735E+01  6.1820E+00 -1.2237E+01  7.9488E-01  8.6721E+01
0000173 9.0787E-01  6.7026E+01  1.1261E+01 -1.5409E+01  6.5552E-01  4.2703E+02
0000173 8.9484E-01  7.3924E+01  2.0612E+01 -1.4592E+01  6.5080E-01  1.3034E+01
0000173 7.2151E-01  8.1865E+01  2.9061E+01 -1.3997E+01  5.8438E-01  1.5821E+02
0000173 7.0165E-01  9.1671E+01  3.3398E+01 -1.1373E+01  5.7628E-01  6.9598E+00
0000173 5.6184E-01  1.0121E+02  3.7419E+01 -7.7374E+00  5.1569E-01  1.2716E+02
0000173 5.4085E-01  1.1144E+02  3.9307E+01 -8.2754E+00  5.0596E-01  2.0994E+01
0000173 4.4862E-01  1.2155E+02  4.0910E+01 -6.8207E+00  4.6080E-01  8.1774E+01
0000173 4.3233E-01  1.3104E+02  4.2164E+01 -9.3811E+00  4.5236E-01  7.1618E+00
0000173 3.8918E-01  1.4054E+02  4.4135E+01 -1.0900E+01  4.2919E-01  4.3144E+01
0000173 3.3096E-01  1.5968E+02  4.4052E+01 -1.0288E+01  3.9579E-01  5.3662E+01
0000173 2.9437E-01  1.6806E+02  4.6904E+01 -7.5407E+00  3.7327E-01  2.9261E+01
0000173 2.6529E-01  1.7589E+02  4.7612E+01 -3.0895E+00  3.5436E-01  2.2327E+01
0000173 2.5568E-01  1.8243E+02  5.0320E+01  2.1980E+00  3.4788E-01  3.3503E+00
0000173 1.4753E-01  1.8877E+02  5.3919E+01  7.0681E+00  2.6425E-01  1.0205E+02
0000173 1.1072E-01  1.9571E+02  5.7439E+01  6.2623E+00  2.2893E-01  3.6803E+01
0000173 3.7246E-02  2.0231E+02  5.7880E+01  3.0009E+00  1.3277E-01  7.3479E+01
0000173 1.9900E-02  2.0454E+02  6.2748E+01  2.9596E-01  9.7053E-02  1.5753E+01
0000173 9.7810E-03  2.1172E+02  6.7378E+01 -1.2452E+01  6.8041E-02  3.8985E+00
0000173 0.0000E+00  2.1529E+02  6.3143E+01 -1.6275E+01  0.0000E+00  3.5179E-01
0000174 2.0000E+00  0.0000E+00  0.0000E+00  0.0000E+00  9.7295E-01  0.0000E+00
0000174 1.9737E+00  1.2297E+01  1.2427E-01  5.0664E-02  9.6653E-01  1.9143E+00
0000174 1.9540E+00  3.2168E+01  7.0512E-01 -5.5360E-01  9.6170E-01  1.8855E+01
0000174 1.9359E+00  4.6074E+01  1.7893E+00 -2.2430E+00  9.5723E-01  1.8140E+01
0000174 1.8521E+00  5.9758E+01  2.4605E+00 -5.2027E+00  9.3630E-01  5.6902E+01
0000174 1.8210E+00  7.3079E+01  7.8998E-01 -8.6537E+00  9.2839E-01  5.1857E+00
0000174 1.5562E+00  8.6440E+01 -1.2439E+00 -1.1462E+01  8.5824E-01  2.6479E+02
0000174 1.3402E+00  9.7149E+01 -4.0637E+00 -1.8777E+01  7.9644E-01  2.1605E+02
0000174 1.3243E+00  1.0651E+02 -1.1127E+01 -2.3890E+01  7.9173E-01  1.5830E+01
0000174 1.2694E+00  1.1651E+02 -1.8021E+01 -2.7782E+01  7.7514E-01  5.4898E+01
0000174 1.1522E+00  1.2775E+02 -2.3308E+01 -3.0047E+01  7.3848E-01  9.7666E+01
0000174 9.3863E-01  1.3782E+02 -3.0415E+01 -2.9519E+01  6.6653E-01  2.1357E+02
0000174 8.8017E-01  1.4865E+02 -3.3197E+01 -2.5950E+01  6.4545E-01  4.7770E+01
0000174 2.4856E-01  1.5836E+02 -3.8394E+01 -2.2411E+01  3.4300E-01  6.1668E+02
0000174 6.1082E-02  1.5849E+02 -4.6661E+01 -1.9659E+01  1.7003E-01  1.8748E+02
0000174 2.5334E-02  1.6292E+02 -5.0849E+01 -2.2134E+01  1.0950E-01  3.5747E+01
0000174 1.3937E-02  1.7195E+02 -5.6033E+01 -1.9845E+01  8.1221E-02  5.1464E+00
0000174 8.1850E-03  1.7594E+02 -6.2827E+01 -1.3971E+01  6.2242E-02  3.3483E+00
0000174 0.0000E+00  1.9070E+02 -6.9867E+01 -3.6923E+00  0.0000E+00  6.1252E-01
0000175 2.0000E+00  0.0000E+00  0.0000E+00  0.0000E+00  9.7295E-01  0.0000E+00
0000175 1.9869E+00  1.2953E+01  1.3368E-01 -1.1957E-01  9.6976E-01  1.4020E-01
0000175 1.9643E+00  2.7056E+01  5.0247E-01 -3.2370E-01  9.6422E-01  2.2600E+01
0000175 1.9492E+00  4.1001E+01  1.5453E+00 -1.8642E+00  9.6052E-01  1.5068E+01
0000175 1.9134E+00  5.4982E+01  2.7984E+00 -2.1910E+00  9.5165E-01  3.5820E+01
0000175 1.8296E+00  6.8600E+01  5.6981E+00 -3.4026E+00  9.3059E-01  8.3762E+01
0000175 1.7525E+00  8.1484E+01  8.6320E+00 -7.4481E+00  9.1076E-01  5.1406E+01
0000175 1.6909E+00  9.3930E+01  9.8203E+00 -1.2978E+01  8.9462E-01  3.6674E+01
0000175 1.6612E+00  1.0574E+02  9.4725E+00 -1.9606E+01  8.8673E-01  5.4369E+00
0000175 1.6289E+00  1.1711E+02  9.1546E+00 -2.6865E+01  8.7805E-01  3.2392E+01
0000175 1.5462E+00  1.2761E+02  1.0152E+01 -3.5164E+01  8.5549E-01  6.1684E+01
0000175 1.3192E+00  1.3812E+02  1.3584E+01 -4.2468E+01  7.9018E-01  2.2705E+02
0000175 6.4068E-01  1.4478E+02  2.0025E+01 -5.1222E+01  5.5068E-01  6.7849E+02
0000175 4.2613E-01  1.5313E+02  2.6758E+01 -5.0813E+01  4.4910E-01  2.1455E+02
0000175 4.0155E-01  1.6252E+02  2.8000E+01 -5.3316E+01  4.3596E-01  1.5779E+01
0000175 3.8279E-01  1.7111E+02  2.9353E+01 -5.7543E+01  4.2565E-01  1.8767E+01
0000175 2.4545E-01  1.7905E+02  3.2695E+01 -6.1715E+01  3.4085E-01  1.2919E+02
0000175 1.6972E-01  1.8771E+02  3.2055E+01 -6.1878E+01  2.8343E-01  7.5735E+01
0000175 1.4173E-01  1.9462E+02  3.3702E+01 -5.8088E+01  2.5900E-01  2.7989E+01
0000175 1.3494E-01  1.9999E+02  3.8221E+01 -5.4791E+01  2.5272E-01  2.7727E+00
0000175 1.2055E-01  2.0575E+02  4.2762E+01 -5.2523E+01  2.3887E-01  1.0508E+01
0000175 1.1445E-01  2.1108E+02  4.8046E+01 -5.2256E+01  2.3275E-01  6.0987E+00
0000175 1.0462E-01  2.1647E+02  5.2968E+01 -5.3640E+01  2.2253E-01  6.3711E+00
0000175 8.9254E-02  2.2041E+02  5.8919E+01 -5.5155E+01  2.0554E-01  1.2119E+01
0000175 7.9324E-02  2.2383E+02  6.3831E+01 -5.8922E+01  1.9377E-01  7.0214E+00
0000175 6.2210E-02  2.2518E+02  7.4477E+01 -6.7354E+01  1.7160E-01  1.2560E+01
0000175 5.6441E-02  2.2429E+02  7.7418E+01 -7.3193E+01  1.6345E-01  3.5045E+00
0000175 4.3756E-02  2.2380E+02  7.8879E+01 -7.9485E+01  1.4391E-01  1.2684E+01
0000175 3.9526E-02  2.2609E+02  8.1239E+01 -8.4716E+01  1.3678E-01  4.2298E+00
0000175 2.7445E-02  2.2687E+02  8.8813E+01 -9.3780E+01  1.1398E-01  7.6293E+00
0000175 3.5669E-03  2.2891E+02  9.2695E+01 -9.7383E+01  4.1088E-02  2.2585E+01
0000175 0.0000E+00  2.2855E+02  1.0018E+02 -9.6135E+01  0.0000E+00  1.8654E+00
0000176 2.0000E+00  0.0000E+00  0.0000E+00  0.0000E+00  9.7295E-01  0.0000E+00
0000176 1.9762E+00  1.1048E+01 -2.1852E-01 -7.4263E-02  9.6714E-01  2.2097E-01
0000176 1.9604E+00  3.0301E+01 -1.1557E+00 -1.1778E-01  9.6326E-01  1.5472E+01
0000176 1.9551E+00  4.4226E+01 -3.1099E+00 -2.4816E-01  9.6198E-01  5.2152E+00
0000176 1.9437E+00  5.8058E+01 -5.5546E+00  1.4748E-01  9.5915E-01  1.1497E+01
0000176 1.5645E+00  7.1932E+01 -7.2741E+00  1.3389E+00  8.6052E-01  3.5225E+02
0000176 1.5372E+00  8.3574E+01 -6.8838E+00  7.7370E+00  8.5299E-01  4.4013E+00
0000176 1.4573E+00  9.5311E+01 -5.8936E+00  1.3765E+01  8.3053E-01  7.9890E+01
0000176 1.3464E+00  1.1773E+02  2.5448E+00  2.4126E+01  7.9829E-01  1.0645E+02
0000176 4.4969E-01  1.2824E+02  9.4338E+00  2.6595E+01  4.6135E-01  8.9670E+02
0000176 4.3441E-01  1.3744E+02  5.8066E+00  2.7275E+01  4.5345E-01  6.1372E+00
0000176 2.9934E-01  1.4613E+02  1.4111E+00  2.8673E+01  3.7641E-01  1.3507E+02
0000176 2.8464E-01  1.5166E+02 -5.3102E+00  2.6134E+01  3.6705E-01  7.8695E+00
0000176 2.7790E-01  1.5591E+02 -1.2783E+01  2.3569E+01  3.6268E-01  6.7454E+00
0000176 2.3861E-01  1.6333E+02 -2.8319E+01  1.9282E+01  3.3607E-01  3.2353E+01
0000176 1.2023E-01  1.6785E+02 -3.4013E+01  1.4613E+01  2.3855E-01  1.1258E+02
0000176 1.1566E-01  1.7505E+02 -3.6059E+01  1.4097E+01  2.3397E-01  4.5753E+00
0000176 8.7751E-02  1.8246E+02 -3.6653E+01  1.3613E+01  2.0380E-01  2.7906E+01
0000176 7.9160E-02  1.8858E+02 -3.4870E+01  1.0602E+01  1.9357E-01  5.7171E+00
0000176 5.0820E-02  1.9489E+02 -3.2391E+01  9.2754E+00  1.5509E-01  2.5665E+01
0000176 1.1685E-02  2.0111E+02 -3.3331E+01  1.0149E+01  7.4370E-02  3.7164E+01
0000176 3.3750E-03  2.0375E+02 -2.9919E+01  1.2465E+01  3.9968E-02  8.3104E+00
0000176 0.0000E+00  2.1032E+02 -3.1311E+01  1.2447E+01  0.0000E+00  3.5349E-01
0000177 2.0000E+00  0.0000E+00  0.0000E+00  0.0000E+00  9.7295E-01  0.0000E+00
0000177 1.9590E+00  3.4555E+01  2.2763E-01 -2.0733E+00  9.6292E-01  6.5968E+00
0000177 1.7412E+00  4.8488E+01  3.3740E-02 -3.9374E+00  9.0782E-01  1.9073E+02
0000177 1.7217E+00  6.1522E+01 -4.0175E+00 -3.8245E+00  9.0273E-01  1.9467E+01
0000177 8.5955E-01  7.4865E+01 -6.6782E+00 -3.4797E+00  6.3784E-01  8.6216E+02
0000177 7.6918E-01  8.4405E+01 -3.0528E-01 -2.6908E+00  6.0338E-01  9.0372E+01
0000177 7.4932E-01  9.4883E+01  2.8351E+00 -2.6613E-01  5.9554E-01  1.9864E+01
0000177 7.3506E-01  1.0565E+02  4.1983E+00  2.2181E+00  5.8985E-01  1.4255E+01
0000177 7.2758E-01  1.2761E+02  5.9117E+00  4.4806E+00  5.8683E-01  3.4952E+00
0000177 6.3794E-01  1.3848E+02  6.9864E+00  6.2464E+00  5.4950E-01  7.6657E+01
0000177 6.2793E-01  1.4779E+02  9.1937E+00  1.1095E+01  5.4517E-01  1.0013E+01
0000177 6.0909E-01  1.5762E+02  1.0465E+01  1.5123E+01  5.3693E-01  7.1817E+00
0000177 5.1590E-01  1.7798E+02  1.1247E+01  2.0944E+01  4.9415E-01  7.7126E+01
0000177 4.8165E-01  1.8650E+02  1.0263E+01  2.6501E+01  4.7746E-01  3.4257E+01
0000177 4.7816E-01  1.9329E+02  8.0010E+00  3.3582E+01  4.7573E-01  3.4880E+00
0000177 4.3867E-01  1.9942E+02  5.5398E+00  4.1163E+01  4.5566E-01  3.9493E+01
0000177 2.9552E-01  2.0692E+02  1.9641E+00  4.6458E+01  3.7400E-01  1.3416E+02
0000177 2.5012E-01  2.1591E+02  1.5163E+00  4.7379E+01  3.4407E-01  4.5398E+01
0000177 2.3893E-01  2.2382E+02 -2.1747E+00  4.7280E+01  3.3629E-01  1.1190E+01
0000177 1.9781E-01  2.3070E+02 -7.4003E+00  4.7304E+01  3.0598E-01  3.5313E+01
0000177 1.5517E-01  2.3549E+02 -1.3724E+01  4.9751E+01  2.7101E-01  4.2638E+01
0000177 1.4745E-01  2.4137E+02 -1.8883E+01  4.8644E+01  2.6418E-01  7.7142E+00
0000177 7.4431E-02  2.4798E+02 -2.2625E+01  4.6773E+01  1.8769E-01  6.8893E+01
0000177 6.2062E-02  2.5393E+02 -2.3949E+01  4.9853E+01  1.7139E-01  9.8051E+00
0000177 5.3771E-02  2.5844E+02 -2.4112E+01  5.4665E+01  1.5953E-01  8.2907E+00
0000177 4.4609E-02  2.6295E+02 -2.6516E+01  5.8549E+01  1.4531E-01  7.1146E+00
0000177 3.8358E-02  2.6858E+02 -2.8322E+01  6.0407E+01  1.3474E-01  4.4495E+00
0000177 1.7401E-02  2.8462E+02 -3.3016E+01  5.6082E+01  9.0753E-02  1.2214E+01
0000177 6.2241E-03  2.8783E+02 -3.7078E+01  5.5277E+01  5.4277E-02  1.0226E+01
0000177 0.0000E+00  2.9524E+02 -3.4818E+01  5.3777E+01  0.0000E+00  2.1386E+00
0000178 2.0000E+00  0.0000E+00  0.0000E+00  0.0000E+00  9.7295E-01  0.0000E+00
0000178 1.9714E+00  3.9702E+00  0.0000E+00  0.0000E+00  9.6597E-01  2.0887E+01
0000178 1.9597E+00  8.3126E+00  2.5655E-01 -3.6591E-01  9.6310E-01  3.2664E+00
0000178 1.8868E+00  1.5027E+01  5.1226E-01 -1.1693E+00  9.4501E-01  5.9880E+01
0000178 1.8711E+00  2.8743E+01 -1.4043E+00 -2.6419E+00  9.4108E-01  1.5648E+01
0000178 1.5258E+00  4.2206E+01 -3.5560E+00 -5.3351E+00  8.4981E-01  3.4536E+02
0000178 1.5153E+00  5.4916E+01 -5.1153E+00 -2.0996E+00  8.4689E-01  1.0456E+01
0000178 1.3391E+00  6.7802E+01 -6.8655E+00  7.3875E-02  7.9611E-01  1.5393E+02
0000178 1.2428E+00  8.0510E+01 -6.0647E+00 -1.1395E+00  7.6698E-01  9.6212E+01
0000178 1.2315E+00  9.2914E+01 -7.3225E+00  3.8163E-01  7.6347E-01  1.1332E+01
0000178 1.2018E+00  1.0539E+02 -7.4451E+00  1.5227E+00  7.5420E-01  1.0590E+01
0000178 9.6144E-01  1.1776E+02 -6.4048E+00  2.5780E+00  6.7458E-01  2.4034E+02
0000178 5.6362E-01  1.2817E+02 -8.7809E+00  7.6268E+00  5.1650E-01  3.9782E+02
0000178 5.5772E-01  1.3363E+02 -6.3860E+00  1.6188E+01  5.1379E-01  5.8972E+00
0000178 5.3725E-01  1.3818E+02 -3.5586E+00  2.5109E+01  5.0427E-01  9.7732E+00
0000178 2.3335E-01  1.4362E+02 -1.7433E+00  3.3686E+01  3.3234E-01  2.9349E+02
0000178 2.0675E-01  1.4863E+02  4.8503E+00  3.5998E+01  3.1282E-01  2.0890E+01
0000178 1.8916E-01  1.5139E+02  1.1932E+01  3.9535E+01  2.9922E-01  1.2342E+01
0000178 9.8607E-02  1.5388E+02  1.7800E+01  4.4738E+01  2.1604E-01  8.5631E+01
0000178 8.7271E-02  1.5757E+02  3.1355E+01  4.2644E+01  2.0324E-01  3.0377E+00
0000178 5.7190E-02  1.5869E+02  3.7839E+01  4.0130E+01  1.6453E-01  3.0081E+01
0000178 3.8316E-02  1.6328E+02  4.2174E+01  3.8618E+01  1.3467E-01  1.6737E+01
0000178 2.8088E-02  1.6470E+02  4.8006E+01  3.8063E+01  1.1530E-01  1.0228E+01
0000178 1.6186E-02  1.6549E+02  5.7535E+01  3.2223E+01  8.7529E-02  8.4782E+00
0000178 8.8995E-03  1.7819E+02  6.2274E+01  2.6437E+01  6.4902E-02  2.6876E+00
0000178 0.0000E+00  1.8807E+02  6.7734E+01  2.8500E+01  0.0000E+00  1.5069E+00
0000179 2.0000E+00  0.0000E+00  0.0000E+00  0.0000E+00  9.7295E-01  0.0000E+00
0000179 1.8949E+00  2.9115E+01 -6.0476E-01 -3.9334E-01  9.4704E-01  7.6689E+01
0000179 1.8762E+00  4.2784E+01 -2.3959E+00  1.6820E+00  9.4237E-01  1.8628E+01
0000179 1.4010E+00  5.6183E+01 -3.9112E+00  5.0847E+00  8.1432E-01  4.4904E+02
0000179 6.3281E-01  6.6992E+01  6.3069E-01  1.0542E+01  5.4728E-01  7.4713E+02
0000179 5.8112E-01  7.3155E+01 -2.9733E+00  1.8526E+01  5.2446E-01  3.9964E+01
0000179 4.9197E-01  7.6848E+01 -7.3886E+00  2.7311E+01  4.8255E-01  8.9150E+01
0000179 4.7780E-01  7.6476E+01 -1.2568E+01  3.5992E+01  4.7555E-01  4.4113E+00
0000179 4.5976E-01  7.5280E+01 -1.8092E+01  4.4300E+01  4.6649E-01  8.4813E+00
0000179 4.3589E-01  7.4846E+01 -2.2641E+01  5.3154E+01  4.5422E-01  1.4899E+01
0000179 2.9891E-01  7.2726E+01 -2.7525E+01  6.1435E+01  3.7614E-01  1.2804E+02
0000179 8.1086E-02  6.6344E+01 -3.1616E+01  6.6407E+01  1.9591E-01  2.1782E+02
0000179 7.8571E-02  5.9609E+01 -3.0158E+01  6.5558E+01  1.9284E-01  2.5156E+00
0000179 6.8137E-02  4.6408E+01 -2.8872E+01  6.2280E+01  1.7958E-01  5.4778E+00
0000179 4.4322E-02  4.0136E+01 -2.6593E+01  6.1548E+01  1.4484E-01  2.1404E+01
0000179 2.6739E-02  3.2834E+01 -1.7448E+01  6.4964E+01  1.1250E-01  1.3501E+01
0000179 1.0403E-02  2.5727E+01 -1.3510E+01  7.2411E+01  7.0172E-02  1.2604E+01
0000179 5.9403E-03  2.6115E+01 -1.0130E+01  7.5798E+01  5.3025E-02  3.7893E+00
0000179 0.0000E+00  2.1351E+01 -6.5730E+00  7.9845E+01  0.0000E+00  1.6085E+00
0000180 2.0000E+00  0.0000E+00  0.0000E+00  0.0000E+00  9.7295E-01  0.0000E+00
0000180 1.8372E+00  9.9294E+00 -2.8392E-03  3.2197E-02  9.3252E-01  1.5497E+02
0000180 1.8274E+00  2.1934E+01 -3.4847E+00 -1.6471E-01  9.3002E-01  9.8699E+00
0000180 1.8030E+00  4.8535E+01 -1.0845E+01  8.0406E-01  9.2378E-01  2.1076E+01
0000180 1.7629E+00  6.1336E+01 -1.5882E+01  1.3705E+00  9.1347E-01  1.4606E+01
0000180 1.7045E+00  7.3702E+01 -2.1754E+01  1.1179E+00  8.9820E-01  5.8429E+01
0000180 1.6944E+00  8.4737E+01 -2.9597E+01  1.1088E-01  8.9553E-01  1.0125E+01
0000180 1.6890E+00  9.6101E+01 -3.6988E+01 -1.1003E-02  8.9411E-01  5.3655E+00
0000180 1.6440E+00  1.0782E+02 -4.3766E+01 -4.1214E-01  8.8212E-01  2.0781E+01
0000180 1.5884E+00  1.1940E+02 -5.0530E+01  6.9302E-01  8.6707E-01  3.1867E+01
0000180 1.5593E+00  1.2982E+02 -5.8785E+01  1.7590E+00  8.5909E-01  5.9981E+00
0000180 1.5061E+00  1.4009E+02 -6.6993E+01  3.6351E+00  8.4430E-01  3.0397E+01
0000180 1.3459E+00  1.5080E+02 -7.3950E+01  6.8256E+00  7.9816E-01  1.6013E+02
0000180 1.2093E+00  1.6216E+02 -7.7069E+01  1.1862E+01  7.5656E-01  1.1619E+02
0000180 1.1521E+00  1.7102E+02 -8.1775E+01  1.9282E+01  7.3846E-01  3.8295E+01
0000180 1.1300E+00  1.7877E+02 -8.5261E+01  2.8217E+01  7.3134E-01  3.8787E+00
0000180 1.1188E+00  1.8660E+02 -8.8036E+01  3.7255E+01  7.2771E-01  1.1199E+01
0000180 1.0365E+00  1.9481E+02 -8.9657E+01  4.6190E+01  7.0041E-01  8.2381E+01
0000180 7.0058E-01  2.0349E+02 -8.8069E+01  5.4359E+01  5.7584E-01  3.3588E+02
0000180 1.5278E-01  2.0846E+02 -8.0844E+01  6.0936E+01  2.6892E-01  5.4779E+02
0000180 5.1255E-02  2.1494E+02 -7.7263E+01  5.8237E+01  1.5576E-01  9.7295E+01
0000180 3.2504E-02  2.1770E+02 -7.8287E+01  5.2599E+01  1.2404E-01  1.8751E+01
0000180 2.8837E-02  2.2169E+02 -8.1604E+01  4.9901E+01  1.1683E-01  2.2158E+00
0000180 1.3079E-02  2.2577E+02 -8.9012E+01  4.2471E+01  7.8680E-02  1.3507E+01
0000180 8.6372E-03  2.2632E+02 -9.3955E+01  4.2071E+01  6.3939E-02  4.4417E+00
0000180 0.0000E+00  2.2507E+02 -9.7434E+01  3.2367E+01  0.0000E+00  1.2439E+00
0000181 2.0000E+00  0.0000E+00  0.0000E+00  0.0000E+00  9.7295E-01  0.0000E+00
0000181 7.9400E-01  1.8719E+01  1.8749E-01  1.8860E-01  6.1304E-01  1.1964E+03
0000181 6.2675E-01  2.5948E+01  4.5828E+00 -7.2838E+00  5.4466E-01  1.5342E+02
0000181 5.8147E-01  3.5720E+01  6.9048E+00 -1.0934E+01  5.2461E-01  3.3633E+01
0000181 4.0945E-01  4.6051E+01  7.7741E+00 -1.2627E+01  4.4023E-01  1.6100E+02
0000181 3.8949E-01  6.2999E+01  1.1738E+01 -4.2218E+00  4.2936E-01  3.5418E+00
0000181 3.7575E-01  7.0841E+01  1.4523E+01  5.7152E-01  4.2172E-01  5.4947E+00
0000181 2.7947E-01  7.8030E+01  1.7064E+01  6.2836E+00  3.6370E-01  8.8243E+01
0000181 2.6865E-01  8.1181E+01  2.1669E+01  1.3262E+01  3.5659E-01  4.3228E+00
0000181 2.4536E-01  8.4892E+01  2.5318E+01  2.0432E+01  3.4078E-01  1.6975E+01
0000181 1.6140E-01  9.2738E+01  3.5354E+01  3.2145E+01  2.7639E-01  7.3550E+01
0000181 1.5355E-01  9.4721E+01  3.6038E+01  3.9828E+01  2.6959E-01  3.4419E+00
0000181 1.2201E-01  9.6052E+01  3.7699E+01  4.7418E+01  2.4031E-01  2.7290E+01
0000181 1.1186E-01  9.7049E+01  4.2278E+01  5.3307E+01  2.3010E-01  6.5311E+00
0000181 9.9051E-02  9.7657E+01  4.5336E+01  6.0013E+01  2.1652E-01  9.4102E+00
0000181 7.9954E-02  1.0016E+02  4.8902E+01  6.5768E+01  1.9453E-01  1.5970E+01
0000181 6.7553E-02  1.0423E+02  4.9964E+01  7.1267E+01  1.7881E-01  9.7072E+00
0000181 4.5320E-02  1.0984E+02  5.0600E+01  7.4886E+01  1.4646E-01  2.2232E+01
0000181 2.5732E-02  1.1332E+02  4.8074E+01  7.9381E+01  1.1036E-01  1.9588E+01
0000181 1.0426E-02  1.1414E+02  4.8629E+01  8.4902E+01  7.0249E-02  1.4067E+01
0000181 6.9447E-03  1.1768E+02  4.7007E+01  8.7721E+01  5.7333E-02  3.4815E+00
0000181 0.0000E+00  1.2651E+02  4.5116E+01  9.5275E+01  0.0000E+00  2.8645E+00
0000182 2.0000E+00  0.0000E+00  0.0000E+00  0.0000E+00  9.7295E-01  0.0000E+00
0000182 1.6341E+00  1.5873E+01  2.2406E-01 -4.4849E-02  8.7945E-01  3.3434E+02
0000182 1.6271E+00  1.9468E+01  1.6223E+00  8.9376E-01  8.7757E-01  1.6567E-02
0000182 1.5867E+00  3.1637E+01  6.3088E+00  4.0633E+00  8.6661E-01  1.6816E+01
0000182 1.3179E-01  4.3218E+01  1.2220E+01  7.0300E+00  2.4976E-01  1.4318E+03
0000182 1.1579E-01  4.4258E+01  1.1420E+01  1.4559E+01  2.3410E-01  1.2186E+01
0000182 1.0654E-01  4.6470E+01  8.7855E+00  2.1164E+01  2.2456E-01  5.7602E+00
0000182 9.6458E-02  4.9254E+01  7.7370E+00  2.7857E+01  2.1367E-01  1.0083E+01
0000182 7.9245E-02  5.0417E+01  5.1122E+00  3.4441E+01  1.9367E-01  1.4144E+01
0000182 4.1384E-02  5.0691E+01  3.9720E+00  4.7884E+01  1.3996E-01  2.9589E+01
0000182 3.0917E-02  4.7682E+01  3.2892E+00  5.3162E+01  1.2097E-01  8.7551E+00
0000182 3.6196E-03  4.7529E+01  2.3775E+00  5.8886E+01  4.1391E-02  2.7298E+01
0000182 0.0000E+00  4.6578E+01 -3.6212E+00  6.2472E+01  0.0000E+00  6.0205E-01
0000183 2.0000E+00  0.0000E+00  0.0000E+00  0.0000E+00  9.7295E-01  0.0000E+00
0000183 1.8946E+00  3.9702E+00  0.0000E+00  0.0000E+00  9.4697E-01  1.0539E+02
0000183 1.8886E+00  7.8664E+00  2.3606E-01  8.8788E-01  9.4547E-01  5.9967E+00
0000183 1.7906E+00  1.2036E+01  6.8095E-01  1.6926E+00  9.2060E-01  9.8056E+01
0000183 1.7761E+00  2.4784E+01  3.7112E-01  6.8220E+00  9.1688E-01  1.4425E+01
0000183 1.7239E+00  3.7029E+01  4.6852E-01  1.3002E+01  9.0330E-01  5.2235E+01
0000183 1.6081E+00  5.0033E+01  5.2781E-02  1.7013E+01  8.7242E-01  9.1254E+01
0000183 1.5810E+00  6.2855E+01  2.5771E+00  1.9888E+01  8.6505E-01  3.7217E+00
0000183 1.5649E+00  7.5440E+01  5.6571E+00  2.3001E+01  8.6064E-01  1.6049E+01
0000183 4.7043E-01  8.7520E+01  9.1871E+00  2.7273E+01  4.7187E-01  1.0716E+03
0000183 4.5715E-01  9.5882E+01  7.8792E+00  2.1922E+01  4.6516E-01  3.8372E+00
0000183 3.5995E-01  1.0451E+02  7.3374E+00  1.6993E+01  4.1276E-01  8.7944E+01
0000183 3.1373E-01  1.1119E+02  1.0698E+01  1.1236E+01  3.8535E-01  4.6219E+01
0000183 3.0737E-01  1.1585E+02  1.6712E+01  6.1347E+00  3.8142E-01  6.3557E+00
0000183 2.9727E-01  1.2068E+02  2.3350E+01  2.1662E+00  3.7510E-01  3.1448E+00
0000183 2.8520E-01  1.2618E+02  2.9328E+01 -1.8427E+00  3.6741E-01  1.2067E+01
0000183 2.6869E-01  1.3016E+02  3.6341E+01 -5.7736E+00  3.5662E-01  1.6513E+01
0000183 2.4770E-01  1.3582E+02  4.1977E+01 -9.6145E+00  3.4241E-01  1.4667E+01
0000183 2.0454E-01  1.4262E+02  4.5858E+01 -1.3420E+01  3.1115E-01  3.7203E+01
0000183 1.9646E-01  1.4675E+02  5.0077E+01 -1.9348E+01  3.0494E-01  2.8731E+00
0000183 1.5757E-01  1.5582E+02  5.7294E+01 -3.1082E+01  2.7310E-01  2.9228E+01
0000183 1.3892E-01  1.6081E+02  5.7464E+01 -3.7242E+01  2.5642E-01  1.4327E+01
0000183 1.0437E-01  1.7381E+02  5.6689E+01 -4.5265E+01  2.2226E-01  2.2724E+01
0000183 7.5383E-02  1.7817E+02  5.6532E+01 -5.1108E+01  1.8889E-01  2.5747E+01
0000183 6.6333E-02  1.8420E+02  5.7949E+01 -5.4020E+01  1.7719E-01  9.0505E+00
0000183 4.2750E-02  1.8920E+02  5.7851E+01 -5.8455E+01  1.4225E-01  2.1216E+01
0000183 2.9780E-02  1.9488E+02  5.9872E+01 -5.9680E+01  1.1872E-01  1.1220E+01
0000183 1.7563E-02  2.0768E+02  6.7739E+01 -5.3619E+01  9.1174E-02  1.9884E+00
0000183 9.0226E-03  2.0996E+02  6.9061E+01 -4.9082E+01  6.5349E-02  7.5834E+00
0000183 0.0000E+00  2.1165E+02  8.4156E+01 -4.6057E+01  0.0000E+00  1.3906E+00
0000184 2.0000E+00  0.0000E+00  0.0000E+00  0.0000E+00  9.7295E-01  0.0000E+00
0000184 1.9606E+00  1.1303E+01 -2.2898E-02 -4.2271E-02  9.6331E-01  1.7391E+01
0000184 1.9446E+00  1.9318E+01 -4.3634E-01 -7.3628E-01  9.5937E-01  4.7965E-01
0000184 9.2073E-01  3.3289E+01 -1.2752E+00 -1.7597E+00  6.6015E-01  9.9690E+02
0000184 6.0594E-01  4.2014E+01  6.2806E+00  8.1971E-02  5.3554E-01  3.1479E+02
0000184 5.2874E-01  4.7256E+01  1.1722E+01  7.5222E+00  5.0026E-01  7.7208E+01
0000184 3.5357E-01  5.0625E+01  1.4442E+01  1.6846E+01  4.0908E-01  1.6488E+02
0000184 9.6894E-02  5.7927E+01  1.7624E+01  2.1841E+01  2.1415E-01  2.4898E+02
0000184 4.5956E-02  6.0186E+01  2.4432E+01  2.1366E+01  1.4749E-01  4.7859E+01
0000184 3.1535E-02  6.5655E+01  2.7136E+01  2.0084E+01  1.2217E-01  1.2582E+01
0000184 2.7771E-02  6.9445E+01  3.1384E+01  2.1288E+01  1.1465E-01  2.3426E+00
0000184 1.5185E-02  7.3739E+01  3.5103E+01  2.1039E+01  8.4778E-02  1.1282E+01
0000184 0.0000E+00  8.0005E+01  3.7692E+01  2.7699E+01  0.0000E+00  9.2911E+00
0000185 2.0000E+00  0.0000E+00  0.0000E+00  0.0000E+00  9.7295E-01  0.0000E+00
0000185 1.9837E+00  1.8238E+01  4.3331E-01 -1.8493E-01  9.6897E-01  3.5083E+00
0000185 1.9093E-01  3.2290E+01  1.1166E+00 -1.1885E+00  3.0062E-01  1.7927E+03
0000185 1.5610E-01  3.4858E+01  7.6137E+00  3.1897E+00  2.7182E-01  3.4833E+01
0000185 3.8517E-02  3.8820E+01  1.4367E+01  4.3127E+00  1.3502E-01  1.1328E+02
0000185 2.2175E-02  4.3843E+01  1.5681E+01  1.4739E+01  1.0245E-01  8.1897E+00
0000185 1.1458E-02  4.8263E+01  1.3843E+01  1.7374E+01  7.3643E-02  1.0717E+01
0000185 8.2474E-03  5.0828E+01  9.6933E+00  1.7450E+01  6.2479E-02  2.4920E+00
0000185 0.0000E+00  5.7030E+01  6.4135E+00  9.6090E+00  0.0000E+00  1.0091E+00
0000186 2.0000E+00  0.0000E+00  0.0000E+00  0.0000E+00  9.7295E-01  0.0000E+00
0000186 1.9839E+00  7.9404E+00 -2.7987E-02  6.5012E-03  9.6903E-01  5.6899E-01
0000186 1.6372E+00  2.6009E+01 -1.6627E-01 -3.7387E-01  8.8029E-01  3.4640E+02
0000186 1.6087E+00  3.8200E+01  4.9886E+00 -2.7117E+00  8.7260E-01  4.8191E+00
0000186 1.4576E+00  5.0070E+01  1.0426E+01 -5.6480E+00  8.3060E-01  1.5110E+02
0000186 1.3638E+00  5.9713E+01  1.6555E+01 -1.1973E+01  8.0342E-01  7.2141E+01
0000186 1.3063E+00  6.7326E+01  2.4794E+01 -1.8236E+01  7.8633E-01  5.7414E+01
0000186 1.1915E+00  7.6764E+01  3.1275E+01 -2.3761E+01  7.5097E-01  9.4862E+01
0000186 1.1691E+00  8.3431E+01  3.9677E+01 -3.0049E+01  7.4389E-01  3.6761E+00
0000186 1.1490E+00  9.0590E+01  4.7587E+01 -3.6321E+01  7.3747E-01  2.0108E+01
0000186 3.9630E-01  1.0430E+02  6.5493E+01 -4.6218E+01  4.3310E-01  7.4893E+02
0000186 3.5289E-01  1.1035E+02  7.1127E+01 -4.1264E+01  4.0869E-01  4.3414E+01
0000186 1.3453E-01  1.1684E+02  7.7656E+01 -3.9356E+01  2.5234E-01  2.1068E+02
0000186 1.0488E-01  1.1664E+02  8.3194E+01 -3.4047E+01  2.2281E-01  2.9647E+01
0000186 9.2504E-02  1.1860E+02  8.9748E+01 -3.1493E+01  2.0925E-01  9.1247E+00
0000186 8.1972E-02  1.1838E+02  9.6312E+01 -2.8735E+01  1.9697E-01  7.5508E+00
0000186 5.5809E-02  1.1663E+02  1.0190E+02 -2.4969E+01  1.6253E-01  2.6163E+01
0000186 4.3792E-02  1.1623E+02  1.0835E+02 -2.4861E+01  1.4397E-01  9.9156E+00
0000186 7.9394E-03  1.1792E+02  1.1928E+02 -3.0024E+01  6.1301E-02  3.3421E+01
0000186 0.0000E+00  1.2161E+02  1.2849E+02 -1.6227E+01  0.0000E+00  1.3758E+00
0000187 2.0000E+00  0.0000E+00  0.0000E+00  0.0000E+00  9.7295E-01  0.0000E+00
0000187 1.9867E+00  2.1682E+01 -1.0180E-01  2.4448E-02  9.6971E-01  5.5013E+00
0000187 1.8728E+00  3.5773E+01 -3.3543E-02 -6.9099E-01  9.4150E-01  8.6528E+01
0000187 1.8669E+00  4.9197E+01  5.4207E-01 -4.2521E+00  9.4002E-01  5.8681E+00
0000187 1.8157E+00  6.2389E+01  1.3046E+00 -8.5317E+00  9.2705E-01  2.5062E+01
0000187 1.5309E+00  8.7800E+01  7.3675E-01 -1.9210E+01  8.5124E-01  2.5520E+02
0000187 1.4616E+00  9.7613E+01 -2.8983E+00 -2.7287E+01  8.3176E-01  4.6778E+01
0000187 1.4577E+00  1.0690E+02 -8.6225E+00 -3.4480E+01  8.3062E-01  3.9882E+00
0000187 1.4221E+00  1.1569E+02 -1.4663E+01 -4.2018E+01  8.2044E-01  1.3829E+01
0000187 1.4053E+00  1.2529E+02 -2.0418E+01 -4.8599E+01  8.1556E-01  1.6856E+01
0000187 1.3728E+00  1.3521E+02 -2.6782E+01 -5.3948E+01  8.0607E-01  1.1384E+01
0000187 1.3484E+00  1.4478E+02 -3.4019E+01 -5.8591E+01  7.9890E-01  3.5962E+00
0000187 1.3158E+00  1.5388E+02 -4.1712E+01 -6.3306E+01  7.8918E-01  3.2593E+01
0000187 9.4395E-01  1.6294E+02 -5.0181E+01 -6.6186E+01  6.6842E-01  3.7189E+02
0000187 9.2472E-01  1.7204E+02 -5.6668E+01 -6.2521E+01  6.6158E-01  3.5077E+00
0000187 8.5642E-01  1.8082E+02 -6.3671E+01 -5.9258E+01  6.3668E-01  5.2826E+01
0000187 8.3713E-01  1.8903E+02 -7.1687E+01 -5.8564E+01  6.2947E-01  4.6519E+00
0000187 5.2366E-01  2.0613E+02 -8.6695E+01 -5.6778E+01  4.9785E-01  3.0850E+02
0000187 5.0727E-01  2.1157E+02 -9.1694E+01 -4.9664E+01  4.9000E-01  6.1754E+00
0000187 3.3418E-01  2.1691E+02 -9.7553E+01 -4.3268E+01  3.9771E-01  1.6311E+02
0000187 2.6088E-01  2.2508E+02 -1.0172E+02 -4.1777E+01  3.5140E-01  6.5915E+01
0000187 2.5544E-01  2.3053E+02 -1.0863E+02 -4.1942E+01  3.4772E-01  5.4381E+00
0000187 2.2194E-01  2.3627E+02 -1.1512E+02 -4.3267E+01  3.2411E-01  2.7407E+01
0000187 2.1617E-01  2.4079E+02 -1.2222E+02 -4.2023E+01  3.1987E-01  5.7705E+00
0000187 1.6988E-01  2.4424E+02 -1.2967E+02 -3.9972E+01  2.8356E-01  4.0875E+01
0000187 7.4988E-02  2.5019E+02 -1.3437E+02 -3.7270E+01  1.8840E-01  9.4895E+01
0000187 1.3062E-02  2.5618E+02 -1.3289E+02 -3.4324E+01  7.8630E-02  6.1926E+01
0000187 8.7913E-03  2.6083E+02 -1.2449E+02 -3.4784E+01  6.4506E-02  2.1485E+00
0000187 0.0000E+00  2.8083E+02 -1.2074E+02 -4.2268E+01  0.0000E+00  1.9303E+00
0000188 2.0000E+00  0.0000E+00  0.0000E+00  0.0000E+00  9.7295E-01  0.0000E+00
0000188 1.9765E+00  1.0462E+01  1.5773E-01 -9.5841E-02  9.6722E-01  1.4163E+01
0000188 1.5204E+00  1.6419E+01 -1.5066E-01 -4.0398E-01  8.4832E-01  4.4452E+02
0000188 1.4907E+00  2.8258E+01 -1.8681E+00  5.1667E+00  8.3998E-01  7.3489E+00
0000188 1.4840E+00  4.0382E+01 -3.7020E+00  9.8657E+00  8.3808E-01  6.7262E+00
0000188 1.4761E+00  5.2674E+01 -5.9945E+00  1.3830E+01  8.3585E-01  7.9073E+00
0000188 1.4517E+00  6.4617E+01 -8.3197E+00  1.8686E+01  8.2893E-01  2.4329E+01
0000188 1.4356E+00  7.5898E+01 -1.2112E+01  2.4030E+01  8.2433E-01  1.6072E+01
0000188 1.4266E+00  8.6399E+01 -1.6523E+01  3.0320E+01  8.2172E-01  9.0777E+00
0000188 1.3808E+00  9.6240E+01 -2.1390E+01  3.7264E+01  8.0843E-01  2.4411E+01
0000188 1.2831E+00  1.0561E+02 -2.7719E+01  4.3451E+01  7.7931E-01  9.7682E+01
0000188 1.0401E+00  1.1401E+02 -3.6370E+01  4.7299E+01  7.0165E-01  2.4299E+02
0000188 8.1649E-01  1.2345E+02 -4.3694E+01  4.5865E+01  6.2166E-01  2.2365E+02
0000188 4.7605E-01  1.3314E+02 -4.6748E+01  4.0783E+01  4.7468E-01  3.2631E+02
0000188 3.1901E-01  1.3641E+02 -5.2122E+01  3.2957E+01  3.8858E-01  1.5704E+02
0000188 1.1638E-01  1.4312E+02 -5.3048E+01  2.6741E+01  2.3471E-01  1.9549E+02
0000188 1.0876E-01  1.4589E+02 -5.9375E+01  2.3938E+01  2.2689E-01  7.6229E+00
0000188 6.7551E-02  1.5371E+02 -7.1189E+01  2.0344E+01  1.7881E-01  3.8088E+01
0000188 5.8425E-02  1.5346E+02 -7.7781E+01  1.9153E+01  1.6629E-01  6.7294E+00
0000188 1.4351E-02  1.5132E+02 -8.3638E+01  1.7248E+01  8.2416E-02  4.4074E+01
0000188 1.5092E-03  1.5544E+02 -9.2355E+01  1.9517E+01  2.6727E-02  1.1334E+01
0000188 0.0000E+00  1.5338E+02 -9.4480E+01  2.1474E+01  0.0000E+00  1.2410E+00
0000189 2.0000E+00  0.0000E+00  0.0000E+00  0.0000E+00  9.7295E-01  0.0000E+00
0000189 1.9879E+00  9.9565E+00  1.1792E-02 -2.0713E-02  9.7002E-01  3.7261E-01
0000189 1.7806E+00  3.3572E+01 -1.7742E-01 -1.4222E-01  9.1802E-01  2.0667E+02
0000189 1.6595E+00  4.6605E+01  3.0912E+00 -2.9402E+00  8.8628E-01  1.2102E+02
0000189 1.6467E+00  5.7867E+01  8.7515E+00 -7.7372E+00  8.8285E-01  1.2803E+01
0000189 1.2650E+00  7.9030E+01  2.0355E+01 -1.9631E+01  7.7379E-01  3.5469E+02
0000189 1.2441E+00  9.0856E+01  2.4742E+01 -1.9707E+01  7.6736E-01  2.0939E+01
0000189 1.2162E+00  1.0203E+02  3.0465E+01 -1.9133E+01  7.5871E-01  8.6094E+00
0000189 1.1011E+00  1.1305E+02  3.6333E+01 -1.9591E+01  7.2193E-01  9.6074E+01
0000189 1.0937E+00  1.2180E+02  4.4669E+01 -2.1212E+01  7.1949E-01  7.4338E+00
0000189 1.0155E+00  1.3113E+02  5.2252E+01 -2.3169E+01  6.9328E-01  7.8242E+01
0000189 9.8568E-01  1.3796E+02  6.1535E+01 -2.6372E+01  6.8304E-01  1.3205E+01
0000189 6.3926E-01  1.4485E+02  7.0153E+01 -3.0778E+01  5.5007E-01  3.3019E+02
0000189 5.5039E-01  1.4650E+02  7.6507E+01 -3.9271E+01  5.1040E-01  7.7059E+01
0000189 5.3590E-01  1.4746E+02  8.5185E+01 -4.4873E+01  5.0364E-01  1.4493E+01
0000189 4.8682E-01  1.4675E+02  9.3934E+01 -5.0285E+01  4.8002E-01  4.9084E+01
0000189 4.4706E-01  1.4797E+02  1.0347E+02 -5.3364E+01  4.6000E-01  3.0065E+01
0000189 4.2067E-01  1.5034E+02  1.1305E+02 -5.4178E+01  4.4622E-01  1.7284E+01
0000189 4.0678E-01  1.5149E+02  1.2245E+02 -5.6535E+01  4.3879E-01  1.3895E+01
0000189 7.3484E-02  1.5332E+02  1.3195E+02 -5.7247E+01  1.8650E-01  3.2478E+02
0000189 6.2069E-02  1.4240E+02  1.3967E+02 -5.5503E+01  1.7140E-01  5.6803E+00
0000189 5.6304E-02  1.3768E+02  1.4411E+02 -5.6749E+01  1.6325E-01  3.5033E+00
0000189 4.6734E-02  1.3419E+02  1.4915E+02 -5.8811E+01  1.4873E-01  9.5698E+00
0000189 3.8415E-02  1.3101E+02  1.6091E+02 -5.7453E+01  1.3484E-01  4.0469E+00
0000189 2.0004E-02  1.2771E+02  1.7067E+02 -5.2324E+01  9.7305E-02  8.6503E+00
0000189 1.2660E-02  1.2516E+02  1.7249E+02 -4.7966E+01  7.7408E-02  6.3002E+00
0000189 5.3074E-03  1.1962E+02  1.7894E+02 -4.3341E+01  5.0121E-02  5.2235E+00
0000189 0.0000E+00  1.1830E+02  1.7401E+02 -3.3510E+01  0.0000E+00  1.4983E+00
0000190 2.0000E+00  0.0000E+00  0.0000E+00  0.0000E+00  9.7295E-01  0.0000E+00
0000190 1.9702E+00  2.0856E+01  1.6971E-01 -1.3944E-01  9.6567E-01  2.8765E+01
0000190 1.3735E+00  3.4825E+01 -2.3002E-01 -1.8509E+00  8.0630E-01  5.6946E+02
0000190 1.3275E+00  4.4880E+01 -5.9743E+00 -7.4681E+00  7.9266E-01  2.5324E+01
0000190 1.2619E+00  5.5658E+01 -1.0124E+01 -1.2900E+01  7.7285E-01  6.5516E+01
0000190 1.2246E+00  6.7386E+01 -1.1854E+01 -1.7189E+01  7.6133E-01  1.7844E+01
0000190 2.1816E-01  7.9345E+01 -1.2225E+01 -2.0861E+01  3.2134E-01  1.0065E+03
0000190 7.5684E-02  8.2251E+01 -1.9943E+01 -2.2824E+01  1.8927E-01  1.4248E+02
0000190 5.9322E-02  8.8687E+01 -2.2153E+01 -2.2039E+01  1.6757E-01  1.6362E+01
0000190 4.8155E-02  9.3780E+01 -2.5878E+01 -2.3757E+01  1.5097E-01  8.9755E+00
0000190 2.3827E-02  9.8920E+01 -2.7490E+01 -2.7001E+01  1.0620E-01  2.4328E+01
0000190 3.6271E-03  1.0433E+02 -2.7690E+01 -2.5871E+01  4.1434E-02  1.9024E+01
0000190 0.0000E+00  1.0789E+02 -2.4856E+01 -3.1915E+01  0.0000E+00  1.7362E+00
0000191 2.0000E+00  0.0000E+00  0.0000E+00  0.0000E+00  9.7295E-01  0.0000E+00
0000191 1.9494E+00  1.5580E+01  1.1029E-01  6.3344E-02  9.6058E-01  5.0313E+01
0000191 1.7779E+00  2.7953E+01  1.1047E+00 -1.6525E+00  9.1734E-01  1.4745E+02
0000191 1.7417E+00  4.0823E+01  5.7966E+00 -2.4100E+00  9.0794E-01  3.6260E+01
0000191 1.7335E+00  5.3282E+01  1.1285E+01 -1.4241E+00  9.0582E-01  8.1357E+00
0000191 9.7925E-01  6.5769E+01  1.6757E+01 -1.3706E+00  6.8081E-01  7.2958E+02
0000191 4.1813E-01  7.2924E+01  2.2730E+01  5.9641E+00  4.4487E-01  5.6112E+02
0000191 3.5890E-01  7.6187E+01  2.0523E+01  1.4888E+01  4.1216E-01  5.0549E+01
0000191 1.6812E-01  7.7652E+01  2.1226E+01  2.4179E+01  2.8209E-01  1.9079E+02
0000191 1.5687E-01  7.5868E+01  3.3875E+01  3.3790E+01  2.7249E-01  7.7776E+00
0000191 1.3694E-01  7.6646E+01  4.0146E+01  3.8560E+01  2.5459E-01  1.5617E+01
0000191 1.2945E-01  7.4983E+01  4.6474E+01  4.2624E+01  2.4753E-01  7.4860E+00
0000191 9.9473E-02  7.4521E+01  5.2041E+01  4.7800E+01  2.1698E-01  2.6209E+01
0000191 6.9338E-02  7.7411E+01  5.7083E+01  5.2094E+01  1.8116E-01  2.6999E+01
0000191 5.9033E-02  7.9182E+01  5.8960E+01  5.8316E+01  1.6716E-01  7.8646E+00
0000191 4.8673E-02  8.1261E+01  6.2727E+01  6.3233E+01  1.5178E-01  8.1752E+00
0000191 3.2065E-02  8.5017E+01  6.6732E+01  6.6323E+01  1.2319E-01  1.6608E+01
0000191 2.4123E-02  8.5257E+01  7.1948E+01  6.8930E+01  1.0685E-01  6.5040E+00
0000191 8.5744E-03  8.2759E+01  8.2064E+01  7.1862E+01  6.3706E-02  1.2281E+01
0000191 0.0000E+00  8.1597E+01  8.3468E+01  7.6139E+01  0.0000E+00  7.5122E+00
0000192 2.0000E+00  0.0000E+00  0.0000E+00  0.0000E+00  9.7295E-01  0.0000E+00
0000192 1.9887E+00  3.9702E+00  0.0000E+00  0.0000E+00  9.7019E-01  1.1346E+01
0000192 1.9706E+00  2.0450E+01  9.1764E-01  4.2862E-01  9.6578E-01  1.4468E+00
0000192 1.9396E+00  3.4515E+01  1.2115E+00  1.0126E+00  9.5814E-01  3.8604E+00
0000192 1.8065E+00  4.8529E+01  1.7434E+00  1.0169E+00  9.2468E-01  1.3309E+02
0000192 1.7852E+00  6.1773E+01  3.3310E+00 -2.4202E+00  9.1922E-01  2.1266E+01
0000192 1.7557E+00  7.4529E+01  6.0186E+00 -6.7436E+00  9.1160E-01  4.2436E+00
0000192 1.7189E+00  8.7465E+01  8.4108E+00 -1.0487E+01  9.0198E-01  1.1912E+01
0000192 1.5384E+00  1.0013E+02  1.0160E+01 -1.5126E+01  8.5332E-01  1.5591E+02
0000192 1.3484E+00  1.1331E+02  1.1245E+01 -1.5715E+01  7.9890E-01  1.8998E+02
0000192 1.3342E+00  1.2536E+02  9.1945E+00 -1.9573E+01  7.9468E-01  1.4209E+01
0000192 1.3254E+00  1.3747E+02  8.4501E+00 -2.3576E+01  7.9204E-01  8.8500E+00
0000192 1.2991E+00  1.4936E+02  8.5010E+00 -2.8211E+01  7.8413E-01  6.1044E+00
0000192 1.2891E+00  1.6138E+02  7.9462E+00 -3.2234E+01  7.8112E-01  8.6033E+00
0000192 1.2568E+00  1.7362E+02  6.9162E+00 -3.5362E+01  7.7126E-01  3.2320E+01
0000192 1.2297E+00  1.8538E+02  3.9546E+00 -3.8761E+01  7.6290E-01  7.6857E+00
0000192 1.1076E+00  1.9722E+02  1.9663E+00 -4.2340E+01  7.2406E-01  1.2202E+02
0000192 1.0629E+00  2.0916E+02  3.6039E+00 -4.4332E+01  7.0930E-01  2.7012E+01
0000192 9.7948E-01  2.2046E+02  5.7345E+00 -4.8071E+01  6.8089E-01  6.6286E+01
0000192 9.5341E-01  2.3016E+02  9.6862E+00 -5.3649E+01  6.7176E-01  9.9176E+00
0000192 4.9160E-01  2.3915E+02  1.3560E+01 -6.0204E+01  4.8237E-01  4.4598E+02
0000192 3.9336E-01  2.4649E+02  2.0447E+01 -5.9228E+01  4.3149E-01  9.8236E+01
0000192 3.7696E-01  2.5004E+02  2.8888E+01 -5.6265E+01  4.2240E-01  1.6402E+01
0000192 3.6004E-01  2.5230E+02  3.7030E+01 -5.1847E+01  4.1281E-01  8.8680E+00
0000192 2.4933E-01  2.5474E+02  4.5632E+01 -4.8823E+01  3.4353E-01  1.0896E+02
0000192 1.7250E-01  2.5374E+02  5.1737E+01 -4.2677E+01  2.8574E-01  7.6829E+01
0000192 1.1737E-01  2.4853E+02  5.6233E+01 -3.8462E+01  2.3570E-01  5.0518E+01
0000192 1.0628E-01  2.4297E+02  5.6325E+01 -3.3470E+01  2.2429E-01  7.5699E+00
0000192 9.5807E-02  2.2815E+02  4.9333E+01 -1.9280E+01  2.1295E-01  5.2631E+00
0000192 8.1216E-02  2.2446E+02  4.7559E+01 -1.3386E+01  1.9606E-01  1.1536E+01
0000192 7.8764E-02  2.2224E+02  4.3771E+01 -8.0063E+00  1.9308E-01  2.4520E+00
0000192 3.7728E-02  2.1928E+02  4.0924E+01 -2.4583E+00  1.3363E-01  4.1036E+01
0000192 5.2743E-03  2.1852E+02  4.2708E+01  3.2320E+00  4.9964E-02  3.0847E+01
0000192 0.0000E+00  2.1353E+02  4.6079E+01  5.8614E+00  0.0000E+00  3.5221E-01
0000193 2.0000E+00  0.0000E+00  0.0000E+00  0.0000E+00  9.7295E-01  0.0000E+00
0000193 1.9508E+00  2.1277E+01  2.5149E-02  1.8097E-01  9.6091E-01  1.5347E+01
0000193 1.9157E+00  3.5254E+01  9.0511E-01  1.2419E+00  9.5223E-01  8.1201E+00
0000193 1.8817E+00  4.9199E+01  8.7568E-01  2.2291E+00  9.4373E-01  7.4095E+00
0000193 1.8494E+00  6.3022E+01  1.5851E+00  3.6711E+00  9.3561E-01  5.9858E+00
0000193 1.7928E+00  9.0372E+01  5.2349E+00  5.9930E+00  9.2117E-01  2.4407E+01
0000193 1.6431E+00  1.0351E+02  8.7538E+00  8.0149E+00  8.8188E-01  1.4968E+02
0000193 1.6392E+00  1.1483E+02  1.5807E+01  9.7420E+00  8.8084E-01  3.8733E+00
0000193 1.6020E+00  1.2591E+02  2.3309E+01  1.1063E+01  8.7077E-01  1.3582E+01
0000193 1.3645E+00  1.3687E+02  3.0957E+01  1.1166E+01  8.0364E-01  2.1419E+02
0000193 1.3047E+00  1.4871E+02  3.4829E+01  1.4334E+01  7.8583E-01  3.9163E+01
0000193 2.2762E-01  1.6101E+02  3.7802E+01  1.5554E+01  3.2823E-01  1.0571E+03
0000193 2.1763E-01  1.6259E+02  4.4634E+01  2.0450E+01  3.2095E-01  4.3758E+00
0000193 8.7376E-02  1.6612E+02  5.6531E+01  3.1789E+01  2.0336E-01  1.2265E+02
0000193 1.3903E-02  1.6506E+02  6.3494E+01  3.1644E+01  8.1120E-02  7.3473E+01
0000193 9.8965E-03  1.6838E+02  6.7906E+01  3.9830E+01  6.8441E-02  1.9217E+00
0000193 0.0000E+00  1.6265E+02  7.1471E+01  5.4516E+01  0.0000E+00  4.0555E+00
0000194 2.0000E+00  0.0000E+00  0.0000E+00  0.0000E+00  9.7295E-01  0.0000E+00
0000194 7.5477E-01  3.9702E+00  0.0000E+00  0.0000E+00  5.9770E-01  1.2375E+03
0000194 7.4958E-01  9.0785E+00 -6.0722E+00  3.7165E-02  5.9564E-01  1.1738E+00
0000194 7.0708E-01  1.6822E+01 -1.4076E+01 -9.2016E-02  5.7851E-01  4.2507E+01
0000194 6.9186E-01  3.0067E+01 -3.1169E+01  3.5660E+00  5.7225E-01  9.3992E+00
0000194 5.8225E-01  3.5767E+01 -4.0219E+01  5.8304E+00  5.2496E-01  1.0961E+02
0000194 5.7475E-01  3.8001E+01 -5.0486E+01  5.7144E+00  5.2157E-01  7.4952E+00
0000194 5.6064E-01  3.9245E+01 -6.0875E+01  6.2525E+00  5.1513E-01  3.1860E+00
0000194 5.0034E-01  4.0963E+01 -7.1086E+01  7.3941E+00  4.8664E-01  6.0293E+01
0000194 4.9653E-01  4.2658E+01 -8.0100E+01  1.1750E+01  4.8479E-01  3.8105E+00
0000194 4.4231E-01  4.4949E+01 -9.9048E+01  1.8496E+01  4.5755E-01  5.1177E+01
0000194 4.3765E-01  4.8770E+01 -1.0740E+02  2.2123E+01  4.5513E-01  4.6594E+00
0000194 3.7402E-01  5.3237E+01 -1.1516E+02  2.6251E+01  4.2075E-01  6.3626E+01
0000194 3.5916E-01  5.9953E+01 -1.1994E+02  3.1005E+01  4.1231E-01  6.8548E+00
0000194 1.0158E-01  6.7098E+01 -1.2497E+02  3.4555E+01  2.1927E-01  2.4980E+02
0000194 8.9775E-02  6.7774E+01 -1.3211E+02  3.3443E+01  2.0614E-01  8.6249E+00
0000194 4.2154E-02  6.7675E+01 -1.3914E+02  3.4337E+01  1.4125E-01  4.4701E+01
0000194 3.9464E-02  7.1000E+01 -1.4307E+02  3.7670E+01  1.3667E-01  2.6902E+00
0000194 1.9957E-02  7.2977E+01 -1.4777E+02  4.0942E+01  9.7191E-02  1.8968E+01
0000194 3.2415E-03  7.7295E+01 -1.4881E+02  4.3950E+01  3.9169E-02  1.5673E+01
0000194 0.0000E+00  7.8821E+01 -1.5246E+02  4.3438E+01  0.0000E+00  2.3011E+00
0000195 2.0000E+00  0.0000E+00  0.0000E+00  0.0000E+00  9.7295E-01  0.0000E+00
0000195 1.9160E+00  1.6113E+01 -2.2937E-03  2.6317E-01  9.5230E-01  7.5330E+01
0000195 1.9067E+00  2.0377E+01  8.3270E-01  2.3144E-01  9.4999E-01  1.0023E+00
0000195 1.8503E+00  3.4016E+01  3.8237E+00  6.9329E-02  9.3584E-01  5.6387E+01
0000195 1.8109E+00  4.7490E+01  6.2356E+00  2.2336E+00  9.2582E-01  3.9435E+01
0000195 1.7983E+00  6.0387E+01  8.8610E+00  6.3264E+00  9.2260E-01  1.2564E+01
0000195 1.7488E+00  7.2848E+01  1.1612E+01  1.1473E+01  9.0979E-01  2.4194E+01
0000195 1.5915E+00  8.4513E+01  1.4405E+01  1.8016E+01  8.6793E-01  1.3238E+02
0000195 1.4304E+00  9.3564E+01  1.8820E+01  2.6775E+01  8.2281E-01  1.6114E+02
0000195 1.3027E+00  9.8982E+01  2.3175E+01  3.7760E+01  7.8522E-01  1.2771E+02
0000195 1.2988E+00  1.0260E+02  2.4269E+01  4.9888E+01  7.8405E-01  3.9003E+00
0000195 1.2707E+00  1.0647E+02  2.5996E+01  6.1858E+01  7.7553E-01  8.1522E+00
0000195 1.2337E+00  1.0972E+02  2.6937E+01  7.4023E+01  7.6415E-01  1.7416E+01
0000195 1.0019E+00  1.1232E+02  2.9213E+01  8.6075E+01  6.8862E-01  2.3184E+02
0000195 6.7823E-01  1.1724E+02  3.5362E+01  9.5032E+01  5.6658E-01  3.0721E+02
0000195 5.2410E-01  1.1657E+02  4.4190E+01  1.0136E+02  4.9806E-01  1.5413E+02
0000195 2.1995E-01  1.1332E+02  5.3748E+01  1.0319E+02  3.2266E-01  2.9393E+02
0000195 9.2001E-02  1.1732E+02  6.1207E+01  1.0249E+02  2.0868E-01  1.2247E+02
0000195 3.3627E-02  1.1993E+02  6.4582E+01  9.6795E+01  1.2616E-01  5.8374E+01
0000195 2.2685E-02  1.2534E+02  6.4101E+01  9.4539E+01  1.0362E-01  1.0942E+01
0000195 1.3452E-02  1.3335E+02  6.8193E+01  8.8579E+01  7.9793E-02  7.4807E+00
0000195 9.0653E-03  1.3827E+02  6.8916E+01  8.9229E+01  6.5504E-02  3.5863E+00
0000195 0.0000E+00  1.4407E+02  6.7024E+01  7.7800E+01  0.0000E+00  6.0128E-01
0000196 2.0000E+00  0.0000E+00  0.0000E+00  0.0000E+00  9.7295E-01  0.0000E+00
0000196 1.1239E+00  1.3425E+01 -5.3038E-02  1.5111E-02  7.2937E-01  8.4991E+02
0000196 1.0989E+00  2.5658E+01 -4.6954E+00  9.6153E+00  7.2120E-01  7.1276E+00
0000196 1.0726E+00  3.4383E+01 -7.7628E+00  1.7560E+01  7.1250E-01  8.7546E+00
0000196 3.6069E-01  4.2604E+01 -1.0104E+01  2.6154E+01  4.1318E-01  7.1187E+02
0000196 3.3016E-01  4.1981E+01 -1.6971E+01  3.2605E+01  3.9531E-01  2.2729E+01
0000196 3.1057E-01  4.3275E+01 -2.4533E+01  3.7792E+01  3.8340E-01  1.2264E+01
0000196 2.5497E-01  4.4130E+01 -3.0919E+01  4.4276E+01  3.4739E-01  5.5601E+01
0000196 2.4193E-01  4.7645E+01 -3.8025E+01  4.8006E+01  3.3839E-01  6.9503E+00
0000196 2.3103E-01  5.0860E+01 -4.4372E+01  5.2951E+01  3.3068E-01  1.0899E+01
0000196 2.2510E-01  5.5538E+01 -5.0441E+01  5.6812E+01  3.2641E-01  5.9300E+00
0000196 1.7779E-01  6.0118E+01 -5.7140E+01  5.9453E+01  2.9009E-01  4.1742E+01
0000196 9.9758E-02  6.2213E+01 -6.2933E+01  6.4750E+01  2.1729E-01  7.3316E+01
0000196 7.1205E-02  6.0345E+01 -6.9689E+01  6.6519E+01  1.8358E-01  2.8553E+01
0000196 6.6404E-02  5.8340E+01 -7.5806E+01  6.4420E+01  1.7729E-01  2.3144E+00
0000196 5.6741E-02  5.7399E+01 -8.8411E+01  6.0555E+01  1.6388E-01  2.9001E+00
0000196 4.8262E-02  5.8828E+01 -9.9305E+01  5.3959E+01  1.5114E-01  2.2729E+00
0000196 1.6210E-02  5.9577E+01 -1.0525E+02  5.2059E+01  8.7594E-02  3.0150E+01
0000196 9.1653E-03  5.5208E+01 -1.1285E+02  5.6944E+01  6.5864E-02  4.3095E+00
0000196 0.0000E+00  5.1728E+01 -1.1929E+02  6.4482E+01  0.0000E+00  3.3894E-01
0000197 2.0000E+00  0.0000E+00  0.0000E+00  0.0000E+00  9.7295E-01  0.0000E+00
0000197 1.2200E+00  1.7971E+01 -4.8980E-02  1.1943E-01  7.5991E-01  7.5254E+02
0000197 1.2151E+00  2.1721E+01 -2.6722E+00  1.5483E+00  7.5838E-01  4.9222E+00
0000197 1.1927E+00  3.1880E+01 -8.8303E+00  5.4084E+00  7.5134E-01  3.5148E+00
0000197 1.1680E+00  4.2357E+01 -1.4601E+01  8.8113E+00  7.4354E-01  5.9311E+00
0000197 7.7987E-01  6.3793E+01 -2.3972E+01  1.6777E+01  6.0756E-01  3.6373E+02
0000197 6.7209E-01  7.2036E+01 -2.2766E+01  2.4323E+01  5.6401E-01  1.0778E+02
0000197 1.9835E-01  7.8326E+01 -1.7847E+01  3.1683E+01  3.0641E-01  4.6149E+02
0000197 1.4874E-01  7.5674E+01 -1.5755E+01  3.9277E+01  2.6534E-01  4.9611E+01
0000197 1.0392E-01  7.0406E+01 -1.6395E+01  4.5037E+01  2.2178E-01  4.0666E+01
0000197 7.5983E-02  6.9109E+01 -1.7213E+01  5.2162E+01  1.8964E-01  2.7938E+01
0000197 6.6629E-02  6.9774E+01 -1.4825E+01  5.8555E+01  1.7759E-01  6.7539E+00
0000197 5.0366E-02  7.2281E+01 -1.3337E+01  6.4571E+01  1.5440E-01  1.3888E+01
0000197 4.3448E-03  7.1901E+01 -1.0660E+01  7.0306E+01  4.5348E-02  4.6021E+01
0000197 0.0000E+00  7.7482E+01 -6.1454E+00  7.0807E+01  0.0000E+00  7.9593E-01
0000198 2.0000E+00  0.0000E+00  0.0000E+00  0.0000E+00  9.7295E-01  0.0000E+00
0000198 1.9542E+00  1.2516E+01 -8.1476E-02 -4.4281E-02  9.6174E-01  2.1252E+01
0000198 1.9350E+00  2.0190E+01 -4.5318E-01  6.5818E-01  9.5701E-01  4.3662E+00
0000198 1.8618E+00  3.4078E+01 -7.9624E-01  2.5081E+00  9.3872E-01  4.6403E+01
0000198 1.8325E+00  4.7413E+01 -4.0181E-01  6.3395E+00  9.3132E-01  2.9253E+01
0000198 1.2010E+00  6.0190E+01 -8.2996E-01  1.1600E+01  7.5396E-01  6.0576E+02
0000198 9.2469E-01  6.8100E+01 -7.4990E+00  1.8537E+01  6.6157E-01  2.5753E+02
0000198 3.8455E-01  7.7002E+01 -1.4992E+01  1.9765E+01  4.2663E-01  5.4014E+02
0000198 3.7436E-01  7.7130E+01 -2.3915E+01  2.3236E+01  4.2094E-01  1.0188E+01
0000198 3.4406E-01  7.7393E+01 -3.2107E+01  2.8079E+01  4.0354E-01  3.0302E+01
0000198 3.2596E-01  7.8078E+01 -4.1141E+01  3.0374E+01  3.9278E-01  1.0557E+01
0000198 3.1547E-01  7.7113E+01 -5.0045E+01  3.2629E+01  3.8642E-01  3.2277E+00
0000198 3.0275E-01  7.7071E+01 -5.8962E+01  3.4775E+01  3.7854E-01  1.2723E+01
0000198 2.9095E-01  7.6313E+01 -6.8009E+01  3.5225E+01  3.7109E-01  4.9180E+00
0000198 7.8509E-02  7.4944E+01 -7.6900E+01  3.4687E+01  1.9277E-01  2.1244E+02
0000198 4.0761E-02  7.0169E+01 -8.4793E+01  4.4781E+01  1.3890E-01  3.4573E+01
0000198 3.3398E-02  6.4957E+01 -8.7894E+01  4.5408E+01  1.2573E-01  5.6697E+00
0000198 2.7557E-02  6.1467E+01 -9.2488E+01  4.6540E+01  1.1421E-01  4.3624E+00
0000198 1.9908E-02  5.1954E+01 -9.7122E+01  4.9790E+01  9.7070E-02  4.4809E+00
0000198 1.4299E-03  4.2318E+01 -9.7778E+01  4.6386E+01  2.6015E-02  1.3127E+01
0000198 0.0000E+00  4.1891E+01 -9.4966E+01  4.4312E+01  0.0000E+00  1.0407E+00
0000199 2.0000E+00  0.0000E+00  0.0000E+00  0.0000E+00  9.7295E-01  0.0000E+00
0000199 1.9622E+00  1.7306E+01  6.6943E-02 -1.7464E-01  9.6370E-01  3.8231E+00
0000199 1.9429E+00  2.4737E+01 -1.9582E-01 -1.3984E-01  9.5895E-01  4.9644E+00
0000199 1.7990E+00  3.8715E+01 -1.3781E+00  9.5053E-02  9.2278E-01  1.1692E+02
0000199 1.7462E+00  5.2236E+01 -2.0818E-01 -2.1786E+00  9.0914E-01  2.7398E+01
0000199 1.7384E+00  6.5275E+01  2.3279E+00 -5.3604E+00  9.0710E-01  7.8110E+00
0000199 3.3755E-01  7.8367E+01  5.3252E+00 -7.7556E+00  3.9971E-01  1.3761E+03
0000199 6.9670E-02  8.3245E+01 -9.9102E-01 -1.2545E+01  1.8159E-01  2.6788E+02
0000199 7.9404E-03  8.9076E+01 -3.0453E+00 -9.8537E+00  6.1305E-02  6.1729E+01
0000199 0.0000E+00  9.3551E+01 -1.1759E+01 -2.2131E+01  0.0000E+00  1.1416E+00
0000200 2.0000E+00  0.0000E+00  0.0000E+00  0.0000E+00  9.7295E-01  0.0000E+00
0000200 1.1768E+00  1.3763E+01 -1.9915E-01  1.5887E-01  7.4631E-01  8.2189E+02
0000200 1.0672E+00  2.1646E+01  4.3254E-01 -6.1529E+00  7.1071E-01  9.4485E+01
0000200 1.0460E+00  3.2445E+01  2.9412E+00 -1.1017E+01  7.0361E-01  4.0077E+00
0000200 1.0317E+00  4.3290E+01  4.7069E+00 -1.5960E+01  6.9882E-01  1.4211E+01
0000200 8.8824E-01  5.4119E+01  5.0876E+00 -2.1137E+01  6.4840E-01  1.4351E+02
0000200 8.1469E-01  6.3803E+01  9.7403E+00 -2.5483E+01  6.2097E-01  7.3546E+01
0000200 7.6955E-01  7.4402E+01  1.3628E+01 -2.6706E+01  6.0352E-01  3.1040E+01
0000200 7.2593E-01  8.4303E+01  1.8860E+01 -2.6281E+01  5.8617E-01  3.0093E+01
0000200 6.8602E-01  9.3111E+01  2.5231E+01 -2.4273E+01  5.6983E-01  3.9910E+01
0000200 6.3721E-01  1.0029E+02  3.2510E+01 -2.0460E+01  5.4918E-01  4.8806E+01
0000200 5.7645E-01  1.0729E+02  3.7928E+01 -1.4407E+01  5.2234E-01  6.0763E+01
0000200 3.7624E-01  1.1483E+02  4.4564E+01 -1.1401E+01  4.2200E-01  1.8925E+02
0000200 1.5275E-01  1.1675E+02  5.2295E+01 -6.1700E+00  2.6888E-01  2.2350E+02
0000200 1.3026E-01  1.2365E+02  5.4877E+01 -3.3723E+00  2.4830E-01  2.2488E+01
0000200 1.1137E-01  1.3062E+02  5.7950E+01 -3.5750E+00  2.2960E-01  1.8889E+01
0000200 9.7535E-02  1.3790E+02  5.8295E+01 -4.7822E+00  2.1486E-01  1.0444E+01
0000200 6.2887E-02  1.4454E+02  6.0849E+01 -5.9165E+00  1.7253E-01  3.1555E+01
0000200 5.4487E-03  1.5009E+02  6.2935E+01 -2.9936E+00  5.0783E-02  5.7438E+01
0000200 0.0000E+00  1.5667E+02  7.0550E+01 -5.9008E+00  0.0000E+00  7.5924E-01
0000201 2.0000E+00  0.0000E+00  0.0000E+00  0.0000E+00  9.7295E-01  0.0000E+00
0000201 1.9773E+00  1.5406E+01 -1.6578E-01  1.9249E-01  9.6742E-01  3.9769E+00
0000201 1.6451E+00  2.9440E+01 -9.3527E-01  1.2214E+00  8.8243E-01  3.3218E+02
0000201 1.6127E+00  4.1275E+01 -1.3403E+00  7.6121E+00  8.7367E-01  8.7249E+00
0000201 1.5850E+00  5.2554E+01 -1.8658E+00  1.4810E+01  8.6614E-01  2.7709E+01
0000201 1.4750E+00  6.4042E+01 -7.2943E-01  2.1480E+01  8.3555E-01  1.0997E+02
0000201 1.4080E+00  7.4037E+01 -2.3233E+00  2.9794E+01  8.1636E-01  6.6967E+01
0000201 1.3812E+00  8.4375E+01 -1.2089E+00  3.7511E+01  8.0853E-01  5.7213E+00
0000201 1.3339E+00  9.4465E+01  6.9667E-01  4.5299E+01  7.9457E-01  2.6464E+01
0000201 1.2291E+00  1.0340E+02  2.0248E+00  5.4338E+01  7.6273E-01  8.4459E+01
0000201 1.1970E+00  1.1095E+02  6.2879E+00  6.3375E+01  7.5269E-01  1.3006E+01
0000201 1.1349E+00  1.1929E+02  9.5996E+00  7.2003E+01  7.3291E-01  6.2103E+01
0000201 7.2251E-01  1.2822E+02  1.4831E+01  7.8625E+01  5.8479E-01  4.1237E+02
0000201 6.8092E-01  1.3604E+02  1.2687E+01  8.6118E+01  5.6771E-01  2.8677E+01
0000201 6.6268E-01  1.4301E+02  8.5083E+00  9.3371E+01  5.6005E-01  5.8742E+00
0000201 5.6977E-01  1.5058E+02  4.2090E+00  9.9806E+01  5.1931E-01  9.2903E+01
0000201 5.1269E-01  1.5968E+02 -2.0431E-01  1.0247E+02  4.9261E-01  5.7080E+01
0000201 4.9146E-01  1.6651E+02 -6.6884E+00  1.0640E+02  4.8230E-01  1.1174E+01
0000201 4.8744E-01  1.7408E+02 -1.1877E+01  1.1066E+02  4.8033E-01  4.0186E+00
0000201 4.6568E-01  1.8102E+02 -1.7720E+01  1.1507E+02  4.6948E-01  1.2067E+01
0000201 4.3836E-01  1.8875E+02 -2.3274E+01  1.1812E+02  4.5551E-01  2.3500E+01
0000201 3.8803E-01  1.9544E+02 -3.0311E+01  1.1981E+02  4.2856E-01  4.1358E+01
0000201 3.4816E-01  2.0314E+02 -3.5978E+01  1.1896E+02  4.0595E-01  3.9863E+01
0000201 2.6311E-01  2.1194E+02 -3.8829E+01  1.1749E+02  3.5290E-01  7.7445E+01
0000201 2.4591E-01  2.1993E+02 -4.1152E+01  1.2043E+02  3.4117E-01  1.0974E+01
0000201 2.3375E-01  2.2835E+02 -4.2925E+01  1.2168E+02  3.3263E-01  1.2158E+01
0000201 1.9396E-01  2.3653E+02 -4.3364E+01  1.2431E+02  3.0300E-01  3.9790E+01
0000201 1.8319E-01  2.4345E+02 -4.0595E+01  1.2790E+02  2.9446E-01  5.7567E+00
0000201 1.7418E-01  2.4983E+02 -3.8579E+01  1.3259E+02  2.8713E-01  9.0104E+00
0000201 1.6918E-01  2.5589E+02 -3.8233E+01  1.3793E+02  2.8298E-01  5.0040E+00
0000201 1.5840E-01  2.6953E+02 -3.5442E+01  1.4573E+02  2.7382E-01  2.6488E+00
0000201 9.3136E-02  2.7634E+02 -3.4525E+01  1.4970E+02  2.0996E-01  6.0923E+01
0000201 9.5901E-03  2.8334E+02 -3.5786E+01  1.4908E+02  6.7373E-02  8.0551E+01
0000201 0.0000E+00  2.8366E+02 -2.8732E+01  1.4938E+02  0.0000E+00  6.3131E-01
0000202 2.0000E+00  0.0000E+00  0.0000E+00  0.0000E+00  9.7295E-01  0.0000E+00
0000202 1.9889E+00  2.0468E+01 -1.2518E-01 -5.6221E-02  9.7025E-01  2.1397E-01
0000202 1.9605E+00  3.4576E+01  6.5939E-02  2.6756E-01  9.6330E-01  2.8376E+01
0000202 1.8983E+00  4.8563E+01  7.4027E-01 -1.0195E+00  9.4790E-01  3.5125E+01
0000202 1.4109E+00  6.2352E+01  2.8383E+00 -1.0716E+00  8.1721E-01  4.6093E+02
0000202 1.2128E+00  7.4412E+01 -1.6046E+00  5.5824E-01  7.5766E-01  1.7696E+02
0000202 1.1450E+00  8.5439E+01 -3.6741E+00  6.0365E+00  7.3616E-01  4.8937E+01
0000202 9.3356E-01  9.7089E+01 -3.7992E+00  1.0022E+01  6.6473E-01  2.1140E+02
0000202 9.2994E-01  1.0866E+02 -2.2359E+00  8.9586E+00  6.6344E-01  3.6195E+00
0000202 3.7022E-01  1.2032E+02 -1.2849E+00  8.2837E+00  4.1861E-01  5.4417E+02
0000202 3.4408E-01  1.2660E+02 -6.8938E+00  3.8888E+00  4.0356E-01  1.8194E+01
0000202 3.1961E-01  1.3307E+02 -1.3200E+01  1.4971E+00  3.8894E-01  2.4469E+01
0000202 2.5356E-01  1.3788E+02 -2.0944E+01  3.0997E-01  3.4643E-01  6.6045E+01
0000202 2.3086E-01  1.4503E+02 -2.5903E+01  1.2701E+00  3.3056E-01  2.2699E+01
0000202 2.0123E-01  1.5139E+02 -3.0523E+01  4.7135E+00  3.0862E-01  2.3965E+01
0000202 1.8973E-01  1.5673E+02 -3.6769E+01  6.1064E+00  2.9967E-01  1.1494E+01
0000202 1.2718E-01  1.6622E+02 -4.8925E+01  1.1622E+01  2.4535E-01  5.8116E+01
0000202 1.0598E-01  1.6745E+02 -5.4649E+01  1.6450E+01  2.2397E-01  1.7470E+01
0000202 7.9960E-02  1.6651E+02 -6.1194E+01  1.9584E+01  1.9454E-01  2.2745E+01
0000202 6.0231E-02  1.5927E+02 -7.2567E+01  2.0881E+01  1.6884E-01  8.3410E+00
0000202 4.0847E-02  1.5423E+02 -7.6750E+01  2.0449E+01  1.3905E-01  1.9384E+01
0000202 3.6988E-02  1.4858E+02 -7.7607E+01  1.8320E+01  1.3231E-01  2.1636E+00
0000202 2.1854E-02  1.4372E+02 -7.8894E+01  1.5071E+01  1.0171E-01  1.5133E+01
0000202 1.9251E-02  1.3964E+02 -8.2505E+01  1.4883E+01  9.5455E-02  2.6039E+00
0000202 4.2986E-03  1.3256E+02 -8.9968E+01  1.6543E+01  4.5106E-02  1.1457E+01
0000202 0.0000E+00  1.3152E+02 -9.6667E+01  2.0772E+01  0.0000E+00  2.8720E+00
0000203 2.0000E+00  0.0000E+00  0.0000E+00  0.0000E+00  9.7295E-01  0.0000E+00
0000203 1.9648E+00  1.6370E+01 -4.8504E-02 -2.8071E-02  9.6434E-01  3.3741E+00
0000203 4.6751E-01  2.7631E+01  3.6174E-01  5.2388E-02  4.7041E-01  1.4755E+03
0000203 4.4156E-01  3.2789E+01 -7.2116E+00  4.0569E+00  4.5716E-01  1.6543E+01
0000203 4.3344E-01  3.8675E+01 -1.3350E+01  9.0734E+00  4.5294E-01  8.1229E+00
0000203 4.1673E-01  4.3472E+01 -1.9710E+01  1.4837E+01  4.4412E-01  7.8060E+00
0000203 3.9748E-01  4.8406E+01 -2.6736E+01  1.9453E+01  4.3374E-01  1.9245E+01
0000203 3.3900E-01  5.1719E+01 -3.4900E+01  2.3381E+01  4.0056E-01  5.0118E+01
0000203 2.4831E-01  5.1990E+01 -4.2425E+01  2.8865E+01  3.4282E-01  8.3224E+01
0000203 1.7879E-01  4.9824E+01 -4.6420E+01  3.6298E+01  2.9090E-01  6.9518E+01
0000203 1.4490E-01  5.0704E+01 -4.6937E+01  4.4367E+01  2.6189E-01  2.9158E+01
0000203 1.3279E-01  5.3981E+01 -4.9316E+01  5.1023E+01  2.5070E-01  8.0342E+00
0000203 6.6522E-02  5.7037E+01 -5.3316E+01  5.6788E+01  1.7744E-01  6.2427E+01
0000203 3.9709E-02  5.2202E+01 -6.1289E+01  6.5952E+01  1.3710E-01  1.8176E+01
0000203 1.4959E-02  5.5202E+01 -7.0605E+01  7.2690E+01  8.4146E-02  1.9472E+01
0000203 7.1247E-03  5.4794E+01 -7.5475E+01  7.1213E+01  5.8071E-02  7.8346E+00
0000203 0.0000E+00  5.7881E+01 -8.5091E+01  6.2171E+01  0.0000E+00  3.2619E-01
0000204 2.0000E+00  0.0000E+00  0.0000E+00  0.0000E+00  9.7295E-01  0.0000E+00
0000204 1.9725E+00  1.4018E+01 -1.4679E-01  2.3796E-02  9.6624E-01  1.4089E+01
0000204 1.7301E+00  2.8064E+01  5.3920E-02 -9.8306E-01  9.0493E-01  2.1519E+02
0000204 1.7213E+00  4.0921E+01  4.5442E+00 -4.9450E-01  9.0262E-01  8.8322E+00
0000204 1.7054E+00  5.3785E+01  8.7521E+00  9.2577E-01  8.9844E-01  1.5889E+01
0000204 1.6729E+00  6.6639E+01  1.3127E+01  1.0491E+00  8.8983E-01  8.1331E+00
0000204 1.5996E+00  7.9463E+01  1.7310E+01  2.4750E-01  8.7013E-01  7.3239E+01
0000204 1.5647E+00  9.1642E+01  2.1504E+01 -3.3104E+00  8.6058E-01  1.1690E+01
0000204 1.2668E+00  1.0399E+02  2.4590E+01 -7.1228E+00  7.7432E-01  2.9793E+02
0000204 1.2205E+00  1.2164E+02  3.3820E+01 -2.2585E+01  7.6006E-01  2.1903E+01
0000204 1.2150E+00  1.2966E+02  3.9465E+01 -3.0342E+01  7.5833E-01  5.5425E+00
0000204 1.1890E+00  1.3701E+02  4.5393E+01 -3.8520E+01  7.5017E-01  2.6003E+01
0000204 1.1203E+00  1.4312E+02  5.2655E+01 -4.6544E+01  7.2820E-01  4.9983E+01
0000204 1.0942E+00  1.4984E+02  5.7605E+01 -5.5508E+01  7.1966E-01  8.2736E+00
0000204 1.0657E+00  1.5597E+02  6.3418E+01 -6.4280E+01  7.1022E-01  2.8511E+01
0000204 9.5007E-01  1.6210E+02  7.0707E+01 -7.1751E+01  6.7059E-01  1.1563E+02
0000204 9.0598E-01  1.7070E+02  7.7445E+01 -7.6131E+01  6.5484E-01  4.4094E+01
0000204 8.1125E-01  1.8006E+02  8.4093E+01 -7.8086E+01  6.1966E-01  7.9480E+01
0000204 8.0516E-01  1.8675E+02  9.2902E+01 -8.0624E+01  6.1733E-01  6.0929E+00
0000204 6.4414E-01  1.9267E+02  1.0228E+02 -8.2899E+01  5.5216E-01  1.4704E+02
0000204 5.1378E-01  2.0018E+02  1.0800E+02 -8.8051E+01  4.9313E-01  1.1848E+02
0000204 3.4335E-01  2.0352E+02  1.1448E+02 -9.5207E+01  4.0313E-01  1.6036E+02
0000204 1.9939E-01  2.1688E+02  1.2693E+02 -9.8968E+01  3.0721E-01  1.4061E+02
0000204 8.8951E-02  2.2408E+02  1.2741E+02 -1.0310E+02  2.0519E-01  1.0533E+02
0000204 7.0193E-02  2.2958E+02  1.2300E+02 -1.0366E+02  1.8227E-01  1.5857E+01
0000204 0.0000E+00  2.3476E+02  1.2009E+02 -1.0687E+02  0.0000E+00  6.7058E+01
0000205 2.0000E+00  0.0000E+00  0.0000E+00  0.0000E+00  9.7295E-01  0.0000E+00
0000205 1.9882E+00  3.8323E+01  8.3701E-01 -4.0540E-01  9.7008E-01  4.4909E+00
0000205 9.3275E-01  5.2377E+01  1.8822E+00 -1.1259E+00  6.6444E-01  1.0555E+03
0000205 8.6999E-01  6.0868E+01 -5.7296E+00 -3.8499E+00  6.4170E-01  6.2763E+01
0000205 7.1651E-01  7.0991E+01 -1.1007E+01 -5.4870E+00  5.8235E-01  1.3868E+02
0000205 5.9582E-01  7.8899E+01 -1.6105E+01 -1.1228E+01  5.3105E-01  1.2069E+02
0000205 4.8355E-01  8.8805E+01 -1.8097E+01 -1.4307E+01  4.7841E-01  1.1227E+02
0000205 4.7834E-01  9.5935E+01 -2.0319E+01 -2.1071E+01  4.7582E-01  5.2101E+00
0000205 4.3766E-01  1.0370E+02 -2.2642E+01 -2.7011E+01  4.5514E-01  4.0683E+01
0000205 3.9041E-01  1.0931E+02 -2.4532E+01 -3.4894E+01  4.2987E-01  3.8279E+01
0000205 3.4627E-01  1.1349E+02 -2.8966E+01 -4.2322E+01  4.0484E-01  3.5877E+01
0000205 2.2771E-01  1.1479E+02 -3.3488E+01 -5.0412E+01  3.2830E-01  1.1098E+02
0000205 1.6419E-01  1.1119E+02 -3.8595E+01 -5.6253E+01  2.7877E-01  5.7905E+01
0000205 1.5447E-01  1.0509E+02 -4.3244E+01 -5.8489E+01  2.7039E-01  5.2668E+00
0000205 1.4704E-01  9.8548E+01 -4.7577E+01 -5.9376E+01  2.6381E-01  7.4308E+00
0000205 1.2378E-01  9.2231E+01 -5.1415E+01 -6.1911E+01  2.4205E-01  1.9131E+01
0000205 1.1468E-01  8.7325E+01 -5.7088E+01 -6.2747E+01  2.3298E-01  9.0990E+00
0000205 7.0440E-02  8.4179E+01 -6.3686E+01 -6.4095E+01  1.8259E-01  4.4244E+01
0000205 6.2718E-02  7.8425E+01 -6.6457E+01 -6.6302E+01  1.7230E-01  5.2537E+00
0000205 4.5619E-02  7.3713E+01 -6.9148E+01 -7.0073E+01  1.4694E-01  1.4822E+01
0000205 2.9205E-02  6.9017E+01 -7.3167E+01 -7.0816E+01  1.1757E-01  1.6415E+01
0000205 1.6435E-02  6.7564E+01 -7.8689E+01 -7.0240E+01  8.8199E-02  1.2770E+01
0000205 3.4166E-03  6.6581E+01 -9.2242E+01 -7.5272E+01  4.0213E-02  6.1682E+00
0000205 0.0000E+00  7.0319E+01 -9.8378E+01 -7.6456E+01  0.0000E+00  1.0258E+00
0000206 2.0000E+00  0.0000E+00  0.0000E+00  0.0000E+00  9.7295E-01  0.0000E+00
0000206 1.7819E+00  1.6141E+01  6.0133E-02 -5.7790E-02  9.1837E-01  2.1802E+02
0000206 1.7743E+00  1.9898E+01 -8.8910E-01  8.0825E-01  9.1640E-01  3.3060E-01
0000206 1.6374E+00  3.2923E+01 -3.9895E+00  3.7720E+00  8.8035E-01  1.3685E+02
0000206 1.4471E+00  4.4039E+01 -9.8862E+00  8.4979E+00  8.2760E-01  1.6668E+02
0000206 1.4183E+00  6.6623E+01 -2.2844E+01  9.5163E+00  8.1934E-01  3.8065E+00
0000206 7.2876E-01  7.8026E+01 -2.8982E+01  1.0264E+01  5.8731E-01  6.6829E+02
0000206 6.1795E-01  8.8141E+01 -2.6618E+01  1.4077E+01  5.4082E-01  9.7815E+01
0000206 5.8669E-01  9.7942E+01 -2.8348E+01  1.7873E+01  5.2696E-01  3.1260E+01
0000206 5.7191E-01  1.0830E+02 -2.9355E+01  1.9450E+01  5.2028E-01  3.6834E+00
0000206 3.9729E-01  1.1851E+02 -2.9851E+01  2.1680E+01  4.3364E-01  1.7462E+02
0000206 3.6059E-01  1.2679E+02 -3.4634E+01  2.0422E+01  4.1313E-01  3.6702E+01
0000206 3.5745E-01  1.3586E+02 -3.6623E+01  1.8679E+01  4.1132E-01  3.1394E+00
0000206 3.4666E-01  1.4491E+02 -3.9046E+01  1.7703E+01  4.0507E-01  1.0794E+01
0000206 3.1720E-01  1.5334E+02 -4.2977E+01  1.6610E+01  3.8747E-01  2.1878E+01
0000206 8.9548E-02  1.6231E+02 -4.4928E+01  1.6720E+01  2.0588E-01  2.2053E+02
0000206 7.8971E-02  1.7544E+02 -5.2396E+01  2.4273E+00  1.9333E-01  3.5271E+00
0000206 6.7262E-02  1.8061E+02 -5.5518E+01 -9.3279E-01  1.7843E-01  1.1709E+01
0000206 3.6678E-02  1.8619E+02 -5.6011E+01 -4.6096E+00  1.3176E-01  2.8194E+01
0000206 5.5745E-03  1.8775E+02 -5.6849E+01 -1.0321E+01  5.1367E-02  2.9528E+01
0000206 0.0000E+00  1.8320E+02 -6.5856E+01 -1.5941E+01  0.0000E+00  1.2835E+00
0000207 2.0000E+00  0.0000E+00  0.0000E+00  0.0000E+00  9.7295E-01  0.0000E+00
0000207 5.9433E-01  3.9702E+00  0.0000E+00  0.0000E+00  5.3038E-01  1.3979E+03
0000207 5.6929E-01  9.6927E+00  1.9872E+00  8.5431E+00  5.1909E-01  1.3926E+01
0000207 5.4760E-01  1.9554E+01  7.9240E+00  2.5624E+01  5.0911E-01  1.8413E+01
0000207 3.8147E-01  2.4155E+01  8.8057E+00  3.4867E+01  4.2492E-01  1.5558E+02
0000207 3.7515E-01  2.5983E+01  1.4311E+01  4.2465E+01  4.2138E-01  6.3166E+00
0000207 1.6515E-01  2.6499E+01  2.6036E+01  5.7413E+01  2.7959E-01  1.9841E+02
0000207 1.5203E-01  1.4969E+01  3.4671E+01  6.4186E+01  2.6825E-01  9.2698E+00
0000207 4.6927E-02  1.0028E+01  3.7746E+01  6.9479E+01  1.4903E-01  1.0510E+02
0000207 0.0000E+00  7.6511E+00  4.3521E+01  6.9075E+01  0.0000E+00  4.4615E+01
0000208 2.0000E+00  0.0000E+00  0.0000E+00  0.0000E+00  9.7295E-01  0.0000E+00
0000208 1.3918E+00  1.5988E+01 -1.7374E-02  3.1177E-02  8.1165E-01  5.7708E+02
0000208 1.3688E+00  2.4688E+01 -4.4661E+00 -3.3622E+00  8.0491E-01  6.2407E+00
0000208 1.3143E+00  3.5345E+01 -1.0654E+01 -7.0382E+00  7.8873E-01  3.3754E+01
0000208 1.3083E+00  4.4880E+01 -1.7189E+01 -1.2376E+01  7.8691E-01  6.0636E+00
0000208 1.2708E+00  5.4656E+01 -2.2982E+01 -1.8088E+01  7.7555E-01  1.7503E+01
0000208 1.1937E+00  6.4917E+01 -2.7387E+01 -2.3985E+01  7.5165E-01  7.7092E+01
0000208 1.1684E+00  7.5947E+01 -2.8791E+01 -2.9558E+01  7.4365E-01  6.6031E+00
0000208 1.0561E+00  8.7301E+01 -3.0245E+01 -3.4257E+01  7.0703E-01  1.1224E+02
0000208 1.0280E+00  9.8935E+01 -3.3255E+01 -3.5450E+01  6.9755E-01  1.1053E+01
0000208 1.0020E+00  1.2239E+02 -3.8203E+01 -3.5834E+01  6.8865E-01  6.0703E+00
0000208 9.5406E-01  1.3417E+02 -4.0068E+01 -3.5900E+01  6.7199E-01  3.1465E+01
0000208 9.4848E-01  1.4531E+02 -4.3881E+01 -3.6541E+01  6.7002E-01  5.5877E+00
0000208 9.1692E-01  1.5668E+02 -4.6826E+01 -3.7207E+01  6.5878E-01  1.5784E+01
0000208 7.8340E-01  1.7952E+02 -5.0220E+01 -4.0574E+01  6.0893E-01  1.1426E+02
0000208 3.4173E-01  1.8963E+02 -5.5135E+01 -4.0088E+01  4.0218E-01  4.4167E+02
0000208 2.8851E-01  1.9227E+02 -6.3961E+01 -4.1574E+01  3.6954E-01  4.5710E+01
0000208 2.5036E-01  1.9290E+02 -7.9789E+01 -5.0016E+01  3.4424E-01  2.8591E+01
0000208 2.3406E-01  1.9428E+02 -8.8217E+01 -5.1812E+01  3.3285E-01  1.0292E+01
0000208 1.5444E-01  1.9388E+02 -9.6572E+01 -5.3828E+01  2.7037E-01  7.9625E+01
0000208 1.4698E-01  1.9050E+02 -1.0346E+02 -5.1977E+01  2.6376E-01  3.1925E+00
0000208 1.3972E-01  1.8652E+02 -1.1012E+02 -5.1075E+01  2.5716E-01  3.1376E+00
0000208 1.2404E-01  1.8205E+02 -1.1643E+02 -5.1164E+01  2.4230E-01  1.1703E+01
0000208 6.8453E-03  1.7856E+02 -1.2277E+02 -5.3306E+01  5.6921E-02  1.1579E+02
0000208 0.0000E+00  1.7152E+02 -1.2276E+02 -5.3083E+01  0.0000E+00  6.9681E-01
0000209 2.0000E+00  0.0000E+00  0.0000E+00  0.0000E+00  9.7295E-01  0.0000E+00
0000209 1.9885E+00  3.9702E+00  0.0000E+00  0.0000E+00  9.7014E-01  3.8043E+00
0000209 1.9726E+00  1.4364E+01 -3.8979E-01  2.4402E-01  9.6627E-01  3.3299E+00
0000209 1.9666E+00  2.8447E+01 -5.3051E-01  1.4659E-01  9.6479E-01  6.0493E+00
0000209 1.8985E+00  4.2500E+01 -2.4385E-02 -3.8546E-01  9.4794E-01  4.0960E+01
0000209 1.0549E+00  5.6268E+01 -8.0365E-01 -2.4820E+00  7.0661E-01  8.4358E+02
0000209 1.0138E+00  6.5384E+01  6.6101E+00 -5.2554E+00  6.9271E-01  4.1106E+01
0000209 9.9085E-01  7.2765E+01  1.5653E+01 -7.8554E+00  6.8482E-01  6.3852E+00
0000209 9.8098E-01  7.9872E+01  2.4524E+01 -1.1356E+01  6.8141E-01  9.8664E+00
0000209 9.5960E-01  8.6345E+01  3.3389E+01 -1.5861E+01  6.7394E-01  5.2096E+00
0000209 8.9879E-01  1.0029E+02  5.0672E+01 -2.3801E+01  6.5224E-01  5.6878E+01
0000209 6.5705E-01  1.0713E+02  6.0028E+01 -2.4696E+01  5.5767E-01  2.2658E+02
0000209 6.1434E-01  1.0818E+02  7.0721E+01 -2.5807E+01  5.3924E-01  3.0657E+01
0000209 4.8683E-01  1.1137E+02  8.0864E+01 -2.6091E+01  4.8002E-01  1.1604E+02
0000209 4.7229E-01  1.1601E+02  8.8798E+01 -3.0259E+01  4.7280E-01  4.8485E+00
0000209 4.6866E-01  1.2030E+02  9.6334E+01 -3.5292E+01  4.7098E-01  3.6306E+00
0000209 3.7502E-01  1.2915E+02  1.1249E+02 -4.3033E+01  4.2131E-01  9.0457E+01
0000209 3.5362E-01  1.3009E+02  1.2190E+02 -4.4100E+01  4.0912E-01  2.1398E+01
0000209 3.3993E-01  1.3311E+02  1.3064E+02 -4.5843E+01  4.0112E-01  5.9991E+00
0000209 3.2596E-01  1.3562E+02  1.3959E+02 -4.6473E+01  3.9279E-01  6.4967E+00
0000209 2.9061E-01  1.3870E+02  1.5770E+02 -4.5240E+01  3.7088E-01  2.3946E+01
0000209 2.3978E-01  1.3721E+02  1.6654E+02 -4.4343E+01  3.3689E-01  4.4143E+01
0000209 1.3090E-01  1.3383E+02  1.8173E+02 -3.6946E+01  2.4891E-01  9.8982E+01
0000209 9.3577E-02  1.3239E+02  1.8880E+02 -3.9431E+01  2.1046E-01  3.3527E+01
0000209 8.1016E-02  1.3481E+02  1.9499E+02 -4.2038E+01  1.9582E-01  9.5560E+00
0000209 5.6857E-02  1.3865E+02  1.9958E+02 -4.5552E+01  1.6405E-01  2.1441E+01
0000209 2.3597E-02  1.4411E+02  2.0088E+02 -4.8803E+01  1.0568E-01  3.1131E+01
0000209 1.4781E-02  1.5435E+02  2.0324E+02 -4.6273E+01  8.3642E-02  4.8155E+00
0000209 0.0000E+00  1.6334E+02  2.0219E+02 -4.3451E+01  0.0000E+00  9.3612E+00
0000210 2.0000E+00  0.0000E+00  0.0000E+00  0.0000E+00  9.7295E-01  0.0000E+00
0000210 1.9669E+00  1.3697E+01 -9.7058E-03  2.6104E-02  9.6486E-01  2.5375E+01
0000210 1.8992E+00  3.1612E+01  1.9037E+00  9.9365E-01  9.4811E-01  6.7524E+01
0000210 1.8542E+00  4.4913E+01  5.8175E+00  2.5255E+00  9.3681E-01  1.8573E+01
0000210 1.8180E+00  5.7705E+01  1.1004E+01  3.8322E+00  9.2763E-01  1.0148E+01
0000210 1.7487E+00  8.3199E+01  2.1472E+01  4.5776E+00  9.0977E-01  3.7144E+01
0000210 5.4925E-01  9.4746E+01  2.8725E+01  5.4367E+00  5.0987E-01  1.1994E+03
0000210 3.8706E-01  1.0166E+02  2.9580E+01 -2.2445E+00  4.2802E-01  1.6219E+02
0000210 2.7279E-01  1.0440E+02  2.6685E+01 -1.0965E+01  3.5932E-01  1.0607E+02
0000210 0.0000E+00  1.0249E+02  2.5944E+01 -1.9614E+01  0.0000E+00  2.7249E+02
0000211 2.0000E+00  0.0000E+00  0.0000E+00  0.0000E+00  9.7295E-01  0.0000E+00
0000211 1.6316E+00  2.0058E+01  3.7458E-02  9.1561E-02  8.7878E-01  3.6047E+02
0000211 1.5887E+00  3.2201E+01  5.3897E+00 -1.9680E+00  8.6716E-01  1.9255E+01
0000211 1.5470E+00  4.4673E+01  9.3905E+00 -4.5014E+00  8.5569E-01  1.8615E+01
0000211 1.5051E+00  5.7189E+01  1.3610E+01 -5.5976E+00  8.4403E-01  1.9208E+01
0000211 1.4582E+00  6.9401E+01  1.7807E+01 -8.1498E+00  8.3077E-01  4.6891E+01
0000211 1.4192E+00  8.2042E+01  2.1057E+01 -8.6223E+00  8.1960E-01  1.7272E+01
0000211 1.4078E+00  9.4713E+01  2.3373E+01 -1.0179E+01  8.1630E-01  1.1413E+01
0000211 1.3988E+00  1.2045E+02  2.5482E+01 -1.1843E+01  8.1367E-01  5.6418E+00
0000211 1.3728E+00  1.3337E+02  2.6068E+01 -1.1669E+01  8.0607E-01  4.9606E+00
0000211 1.3691E+00  1.4620E+02  2.6347E+01 -1.0786E+01  8.0500E-01  3.6460E+00
0000211 1.3446E+00  1.5897E+02  2.6698E+01 -9.2481E+00  7.9776E-01  3.8322E+00
0000211 1.3250E+00  1.7166E+02  2.7705E+01 -7.8982E+00  7.9192E-01  1.9603E+01
0000211 1.1088E+00  1.8402E+02  3.0012E+01 -5.7762E+00  7.2443E-01  1.9602E+02
0000211 3.7771E-01  1.9464E+02  2.9848E+01  2.7887E-01  4.2282E-01  7.1335E+02
0000211 3.6162E-01  1.9764E+02  3.6408E+01  6.5173E+00  4.1372E-01  8.0248E+00
0000211 3.4912E-01  2.0129E+02  4.1853E+01  1.3323E+01  4.0650E-01  4.6816E+00
0000211 1.5703E-01  2.0397E+02  4.7129E+01  2.0595E+01  2.7262E-01  1.9209E+02
0000211 1.4932E-01  2.1077E+02  5.0834E+01  2.2250E+01  2.6585E-01  3.3870E+00
0000211 5.8795E-02  2.1753E+02  5.3835E+01  2.4849E+01  1.6682E-01  9.0528E+01
0000211 4.8721E-02  2.2193E+02  5.7414E+01  2.1623E+01  1.5186E-01  1.0074E+01
0000211 1.1007E-02  2.2417E+02  6.0740E+01  1.6761E+01  7.2178E-02  3.7714E+01
0000211 9.4077E-03  2.2891E+02  6.0490E+01  1.5786E+01  6.6729E-02  1.5989E+00
0000211 0.0000E+00  2.3571E+02  5.3118E+01  1.9108E+01  0.0000E+00  3.6324E-01
0000212 2.0000E+00  0.0000E+00  0.0000E+00  0.0000E+00  9.7295E-01  0.0000E+00
0000212 1.6562E+00  3.9702E+00  0.0000E+00  0.0000E+00  8.8538E-01  3.3609E+02
0000212 1.6404E+00  1.1347E+01  2.4411E+00 -2.2535E+00  8.8116E-01  1.4203E+00
0000212 1.5574E+00  2.7400E+01  7.1709E+00 -7.0795E+00  8.5858E-01  5.9274E+01
0000212 1.0342E+00  3.9923E+01  1.1404E+01 -8.2977E+00  6.9966E-01  5.2320E+02
0000212 3.6687E-01  5.1306E+01  7.9493E+00 -9.9913E+00  4.1671E-01  6.6738E+02
0000212 3.5155E-01  5.8936E+01  1.3567E+01 -1.0232E+01  4.0791E-01  7.4234E+00
0000212 3.2483E-01  6.5652E+01  2.0128E+01 -1.0106E+01  3.9211E-01  1.9057E+01
0000212 3.0400E-01  7.2929E+01  2.5480E+01 -8.2132E+00  3.7933E-01  1.3591E+01
0000212 2.8850E-01  7.9908E+01  3.0062E+01 -4.5984E+00  3.6953E-01  1.5506E+01
0000212 2.7887E-01  8.7934E+01  3.3270E+01 -2.1045E+00  3.6331E-01  2.9751E+00
0000212 1.6899E-01  9.5453E+01  3.6963E+01  9.9137E-01  2.8282E-01  1.0988E+02
0000212 1.0582E-01  1.0316E+02  3.5198E+01  2.4236E+00  2.2380E-01  6.3170E+01
0000212 9.4122E-02  1.0995E+02  3.7815E+01  1.6210E+00  2.1107E-01  1.1696E+01
0000212 8.6802E-02  1.1627E+02  3.9374E+01 -1.3356E+00  2.0269E-01  7.3204E+00
0000212 5.0187E-02  1.2290E+02  4.1480E+01 -2.3929E+00  1.5412E-01  3.3763E+01
0000212 4.5066E-02  1.2801E+02  4.3357E+01  8.3584E-01  1.4605E-01  5.1205E+00
0000212 1.6700E-02  1.3160E+02  4.5953E+01  5.1922E+00  8.8907E-02  2.6552E+01
0000212 5.6061E-03  1.3092E+02  5.0481E+01  7.6618E+00  5.1512E-02  1.0566E+01
0000212 0.0000E+00  1.2624E+02  6.5075E+01  3.1482E+00  0.0000E+00  3.5568E-01
0000213 2.0000E+00  0.0000E+00  0.0000E+00  0.0000E+00  9.7295E-01  0.0000E+00
0000213 1.9874E+00  3.9702E+00  0.0000E+00  0.0000E+00  9.6987E-01  4.9158E+00
0000213 1.9770E+00  7.9356E+00  1.1816E-01 -1.5786E-01  9.6733E-01  2.6901E+00
0000213 1.4420E+00  1.9383E+01  2.8575E-01 -9.9957E-01  8.2614E-01  5.1280E+02
0000213 1.4248E+00  3.0285E+01  6.7424E+00 -4.0150E+00  8.2120E-01  1.7193E+01
0000213 1.2328E+00  4.1188E+01  1.2411E+01 -8.2149E+00  7.6389E-01  1.7059E+02
0000213 1.1506E+00  5.3028E+01  1.6532E+01 -8.2494E+00  7.3798E-01  6.3055E+01
0000213 1.1137E+00  6.4033E+01  2.1407E+01 -1.0913E+01  7.2604E-01  3.6921E+01
0000213 1.1092E+00  7.4675E+01  2.7385E+01 -1.1695E+01  7.2458E-01  4.4701E+00
0000213 1.0834E+00  9.5225E+01  4.0568E+01 -1.1479E+01  7.1610E-01  3.8264E+00
0000213 1.0763E+00  1.0507E+02  4.7621E+01 -1.0494E+01  7.1374E-01  7.1303E+00
0000213 1.0483E+00  1.1543E+02  5.3839E+01 -9.4577E+00  7.0441E-01  1.0647E+01
0000213 9.4551E-01  1.2605E+02  5.9233E+01 -7.5598E+00  6.6897E-01  8.5833E+01
0000213 9.2615E-01  1.3750E+02  6.1890E+01 -7.6436E+00  6.6209E-01  3.6222E+00
0000213 9.0342E-01  1.4874E+02  6.5139E+01 -8.1029E+00  6.5392E-01  2.2726E+01
0000213 8.5185E-01  1.5936E+02  6.9862E+01 -7.6582E+00  6.3498E-01  3.6357E+01
0000213 7.8202E-01  1.6868E+02  7.6538E+01 -7.0745E+00  6.0839E-01  5.5259E+01
0000213 7.6779E-01  1.7654E+02  8.3989E+01 -4.0420E+00  6.0283E-01  1.4229E+01
0000213 4.3724E-01  1.8341E+02  9.2469E+01 -1.5272E+00  4.5492E-01  3.3054E+02
0000213 4.1674E-01  1.9098E+02  9.4372E+01  4.4829E+00  4.4413E-01  1.1543E+01
0000213 3.8674E-01  1.9921E+02  9.6805E+01  9.1122E+00  4.2784E-01  2.1340E+01
0000213 3.7094E-01  2.0809E+02  9.9413E+01  1.1616E+01  4.1901E-01  7.5969E+00
0000213 3.6623E-01  2.1722E+02  1.0071E+02  1.3886E+01  4.1635E-01  4.7042E+00
0000213 2.7792E-01  2.2639E+02  1.0263E+02  1.5288E+01  3.6269E-01  8.0430E+01
0000213 1.9993E-01  2.3494E+02  1.0250E+02  1.2703E+01  3.0762E-01  7.7989E+01
0000213 1.2807E-01  2.4243E+02  9.8917E+01  1.3264E+01  2.4620E-01  6.6740E+01
0000213 4.6277E-02  2.5568E+02  9.5842E+01  6.6358E+00  1.4800E-01  7.5663E+01
0000213 3.6422E-02  2.6573E+02  9.0405E+01  1.1156E+01  1.3130E-01  5.5875E+00
0000213 2.1838E-02  2.6974E+02  8.7781E+01  1.4716E+01  1.0167E-01  1.3016E+01
0000213 1.0911E-02  2.7479E+02  8.8367E+01  1.6699E+01  7.1864E-02  9.8182E+00
0000213 6.8705E-03  2.7766E+02  8.5952E+01  1.9751E+01  5.7026E-02  3.3452E+00
0000213 0.0000E+00  2.7235E+02  8.2880E+01  3.4361E+01  0.0000E+00  3.9124E-01
0000214 2.0000E+00  0.0000E+00  0.0000E+00  0.0000E+00  9.7295E-01  0.0000E+00
0000214 1.8707E+00  3.9702E+00  0.0000E+00  0.0000E+00  9.4097E-01  1.2160E+02
0000214 1.8584E+00  1.0188E+01  7.0935E-01 -1.4174E+00  9.3787E-01  2.1556E-01
0000214 1.8476E+00  3.0405E+01  3.3821E+00 -6.0375E+00  9.3515E-01  1.0462E+01
0000214 1.7582E+00  5.7684E+01  6.2736E+00 -9.8169E+00  9.1224E-01  5.9417E+01
0000214 7.6257E-01  7.0936E+01  5.6077E+00 -1.3153E+01  6.0078E-01  9.7067E+02
0000214 7.2901E-01  8.0197E+01  7.4114E+00 -7.1513E+00  5.8741E-01  2.0128E+01
0000214 5.6371E-01  8.8560E+01  8.1652E+00  5.5242E-02  5.1654E-01  1.6530E+02
0000214 5.5385E-01  9.2939E+01  1.2155E+01  8.6409E+00  5.1200E-01  9.8604E+00
0000214 4.5754E-01  9.6410E+01  1.7169E+01  1.7052E+01  4.6536E-01  9.6311E+01
0000214 4.4471E-01  1.0069E+02  1.7932E+01  2.6002E+01  4.5879E-01  1.2823E+01
0000214 4.3992E-01  1.0606E+02  1.9663E+01  3.4129E+01  4.5631E-01  4.7939E+00
0000214 4.2294E-01  1.1073E+02  2.0809E+01  4.2741E+01  4.4742E-01  7.9745E+00
0000214 2.9691E-01  1.1468E+02  2.0873E+01  5.1687E+01  3.7488E-01  1.2603E+02
0000214 2.2464E-01  1.1656E+02  1.6161E+01  5.9183E+01  3.2607E-01  7.2276E+01
0000214 1.8267E-01  1.1485E+02  9.7365E+00  6.4530E+01  2.9405E-01  3.6399E+01
0000214 1.7401E-01  1.1342E+02  6.2381E+00  7.1773E+01  2.8699E-01  3.8552E+00
0000214 1.6425E-01  1.1213E+02  1.7366E+00  7.8367E+01  2.7883E-01  9.7612E+00
0000214 1.3348E-01  1.1235E+02 -1.7476E+00  8.5557E+01  2.5136E-01  2.6314E+01
0000214 1.2333E-01  1.1843E+02 -4.8343E+00  9.9200E+01  2.4161E-01  3.5991E+00
0000214 1.1945E-01  1.2069E+02 -4.7997E+00  1.0639E+02  2.3778E-01  3.8736E+00
0000214 7.0776E-02  1.2164E+02 -4.7265E+00  1.1383E+02  1.8303E-01  4.5114E+01
0000214 5.6244E-02  1.2043E+02 -8.4466E+00  1.1935E+02  1.6316E-01  1.4532E+01
0000214 4.6166E-02  1.2229E+02 -1.1846E+01  1.3153E+02  1.4782E-01  5.7195E+00
0000214 3.0734E-02  1.2328E+02 -1.5767E+01  1.3628E+02  1.2061E-01  1.5432E+01
0000214 4.8287E-03  1.2304E+02 -2.1301E+01  1.3797E+02  4.7807E-02  2.4508E+01
0000214 0.0000E+00  1.2486E+02 -2.2094E+01  1.5142E+02  0.0000E+00  4.4918E-01
0000215 2.0000E+00  0.0000E+00  0.0000E+00  0.0000E+00  9.7295E-01  0.0000E+00
0000215 1.0230E+00  3.9702E+00  0.0000E+00  0.0000E+00  6.9584E-01  9.7701E+02
0000215 9.3740E-01  6.8102E+00  8.1293E-01  2.6527E+00  6.6610E-01  8.0063E+01
0000215 9.2863E-01  1.1276E+01  3.7583E+00  6.1547E+00  6.6297E-01  2.5557E-01
0000215 9.1239E-01  1.9505E+01  9.2596E+00  1.2414E+01  6.5715E-01  1.6234E+01
0000215 8.9345E-01  2.7035E+01  1.6051E+01  1.8176E+01  6.5030E-01  3.6124E+00
0000215 8.8940E-01  3.4252E+01  2.2541E+01  2.4539E+01  6.4882E-01  4.0516E+00
0000215 8.6333E-01  4.1062E+01  2.9653E+01  3.0658E+01  6.3924E-01  1.1030E+01
0000215 7.0580E-01  4.8584E+01  3.5687E+01  3.6945E+01  5.7799E-01  1.4281E+02
0000215 6.3744E-01  5.4870E+01  3.7851E+01  4.5688E+01  5.4928E-01  6.8362E+01
0000215 4.8891E-01  6.2673E+01  4.1783E+01  5.1912E+01  4.8105E-01  1.4853E+02
0000215 4.0240E-01  6.9443E+01  4.0734E+01  5.9334E+01  4.3642E-01  7.6790E+01
0000215 1.0305E-01  7.6517E+01  4.3480E+01  6.5332E+01  2.2086E-01  2.9091E+02
0000215 9.6261E-02  8.2492E+01  4.6762E+01  6.2787E+01  2.1345E-01  3.5782E+00
0000215 7.6112E-02  8.8127E+01  5.0933E+01  6.1239E+01  1.8980E-01  1.7084E+01
0000215 2.9368E-02  9.1742E+01  5.5275E+01  5.7351E+01  1.1790E-01  4.6744E+01
0000215 1.0245E-02  1.0414E+02  5.1525E+01  4.7064E+01  6.9636E-02  1.1252E+01
0000215 8.6503E-03  1.0465E+02  5.2259E+01  4.2359E+01  6.3987E-02  1.5949E+00
0000215 0.0000E+00  1.0278E+02  5.4058E+01  3.5725E+01  0.0000E+00  7.7241E-01
0000216 2.0000E+00  0.0000E+00  0.0000E+00  0.0000E+00  9.7295E-01  0.0000E+00
0000216 1.9807E+00  1.7495E+01 -5.0454E-02 -4.4478E-01  9.6824E-01  9.4222E+00
0000216 1.9577E+00  3.5549E+01  5.2848E-01 -6.5414E-02  9.6260E-01  2.2518E+01
0000216 1.9497E+00  4.9473E+01  1.4566E+00  1.6215E+00  9.6063E-01  8.0230E+00
0000216 1.9098E+00  6.3362E+01  1.5689E+00  3.6866E+00  9.5077E-01  1.2837E+01
0000216 1.8810E+00  9.0999E+01  3.8640E+00  6.8000E+00  9.4355E-01  2.0324E+01
0000216 6.3688E-01  1.0483E+02  5.3611E+00  6.5349E+00  5.4904E-01  1.2178E+03
0000216 5.9296E-01  1.1191E+02 -2.1334E+00  3.5765E+00  5.2977E-01  3.2143E+01
0000216 5.6258E-01  1.1817E+02 -1.0580E+01  2.7043E+00  5.1602E-01  3.0380E+01
0000216 4.5845E-01  1.2255E+02 -1.9808E+01  5.9554E-01  4.6583E-01  9.3369E+01
0000216 3.4845E-01  1.2993E+02 -3.3604E+01 -1.1625E+01  4.0611E-01  9.5264E+01
0000216 3.1377E-01  1.3174E+02 -4.2443E+01 -1.4159E+01  3.8537E-01  2.7067E+01
0000216 2.9014E-01  1.3505E+02 -4.9882E+01 -1.8355E+01  3.7058E-01  1.6570E+01
0000216 2.6688E-01  1.3785E+02 -5.8131E+01 -2.0649E+01  3.5541E-01  2.3261E+01
0000216 2.4638E-01  1.4196E+02 -6.5964E+01 -2.0790E+01  3.4149E-01  2.0500E+01
0000216 1.6763E-01  1.4426E+02 -7.4224E+01 -1.9326E+01  2.8168E-01  7.2807E+01
0000216 1.5781E-01  1.4178E+02 -8.1783E+01 -1.8264E+01  2.7330E-01  5.2968E+00
0000216 7.9946E-02  1.3986E+02 -8.9100E+01 -1.5891E+01  1.9452E-01  7.3532E+01
0000216 6.8252E-02  1.4114E+02 -9.3057E+01 -1.0357E+01  1.7974E-01  9.0006E+00
0000216 1.7197E-02  1.4057E+02 -9.5677E+01 -4.1991E+00  9.0220E-02  4.8640E+01
0000216 7.3474E-03  1.4335E+02 -9.3760E+01 -2.0917E-01  5.8972E-02  9.8496E+00
0000216 0.0000E+00  1.4215E+02 -1.0276E+02  1.6747E+01  0.0000E+00  3.1938E-01
0000217 2.0000E+00  0.0000E+00  0.0000E+00  0.0000E+00  9.7295E-01  0.0000E+00
0000217 1.9680E+00  1.2298E+01  1.3396E-02 -2.1037E-02  9.6513E-01  8.1118E+00
0000217 1.8841E+00  2.1361E+01 -1.8679E-01  4.9666E-01  9.4434E-01  6.6338E+01
0000217 1.7364E+00  3.4879E+01 -2.1546E-01  3.8254E+00  9.0657E-01  1.2140E+02
0000217 1.6692E+00  4.6975E+01 -2.1100E+00  9.8356E+00  8.8886E-01  6.7188E+01
0000217 1.0640E+00  5.9619E+01 -1.7072E+00  1.4567E+01  7.0965E-01  5.8122E+02
0000217 1.0395E+00  7.0356E+01 -7.2639E+00  1.4121E+01  7.0145E-01  7.2938E+00
0000217 8.1361E-01  8.0533E+01 -1.3660E+01  1.3633E+01  6.2056E-01  2.2591E+02
0000217 4.3106E-01  8.6719E+01 -2.2888E+01  1.5972E+01  4.5169E-01  3.6847E+02
0000217 3.0668E-01  9.1768E+01 -2.6440E+01  2.3610E+01  3.8099E-01  1.1550E+02
0000217 2.5662E-01  9.8412E+01 -2.5289E+01  2.9743E+01  3.4852E-01  4.3113E+01
0000217 1.3073E-01  1.0463E+02 -2.1083E+01  3.4278E+01  2.4875E-01  1.2589E+02
0000217 1.2381E-01  1.0533E+02 -1.8421E+01  4.1395E+01  2.4207E-01  3.1296E+00
0000217 8.2177E-02  1.0490E+02 -1.6176E+01  4.8588E+01  1.9722E-01  3.7977E+01
0000217 4.6947E-02  1.0117E+02 -1.2702E+01  5.3323E+01  1.4907E-01  3.2484E+01
0000217 7.0385E-03  9.5669E+01 -9.7681E+00  5.3906E+01  5.7719E-02  3.8043E+01
0000217 0.0000E+00  8.7616E+01 -6.1802E+00  4.7344E+01  0.0000E+00  1.2516E+00
0000218 2.0000E+00  0.0000E+00  0.0000E+00  0.0000E+00  9.7295E-01  0.0000E+00
0000218 1.4727E+00  1.0588E+01 -3.7114E-02 -2.5587E-02  8.3491E-01  5.0658E+02
0000218 1.4618E+00  1.5435E+01 -4.4558E-01  2.7673E+00  8.3181E-01  1.5503E+00
0000218 1.1996E+00  2.6717E+01 -9.7777E-01  9.3437E+00  7.5352E-01  2.4049E+02
0000218 1.1541E+00  3.4283E+01 -4.2143E+00  1.8690E+01  7.3908E-01  2.6751E+01
0000218 1.1323E+00  4.2532E+01 -8.6169E+00  2.6738E+01  7.3208E-01  3.5460E+00
0000218 1.1269E+00  5.0446E+01 -1.2615E+01  3.5234E+01  7.3033E-01  5.3798E+00
0000218 6.5010E-01  5.8777E+01 -1.5886E+01  4.3621E+01  5.5471E-01  4.7682E+02
0000218 2.1456E-01  5.9930E+01 -2.2915E+01  5.1707E+01  3.1868E-01  4.2358E+02
0000218 2.0827E-01  6.3942E+01 -3.0333E+01  5.1218E+01  3.1397E-01  6.2910E+00
0000218 1.8174E-01  6.6845E+01 -3.8204E+01  5.1541E+01  2.9330E-01  2.6526E+01
0000218 1.1892E-01  7.0489E+01 -4.4869E+01  5.4525E+01  2.3724E-01  6.2828E+01
0000218 8.9467E-02  7.5162E+01 -4.7362E+01  5.9816E+01  2.0578E-01  2.5897E+01
0000218 2.5325E-02  8.1117E+01 -5.8530E+01  6.5672E+01  1.0948E-01  5.5543E+01
0000218 1.2428E-02  7.3325E+01 -6.5838E+01  6.7184E+01  7.6695E-02  8.2581E+00
0000218 1.2695E-03  7.0344E+01 -6.8232E+01  6.4046E+01  2.4512E-02  1.1158E+01
0000218 0.0000E+00  7.2276E+01 -7.0248E+01  6.2004E+01  0.0000E+00  4.1829E-01
0000219 2.0000E+00  0.0000E+00  0.0000E+00  0.0000E+00  9.7295E-01  0.0000E+00
0000219 1.8836E+00  1.1153E+01  1.1164E-02 -4.8601E-02  9.4421E-01  9.4646E+01
0000219 1.8644E+00  2.8630E+01 -1.3563E+00  3.5158E+00  9.3939E-01  1.8527E+01
0000219 1.8225E+00  4.1839E+01 -3.1082E+00  7.4170E+00  9.2876E-01  1.5856E+01
0000219 1.8179E+00  5.5035E+01 -3.5774E+00  1.1448E+01  9.2760E-01  4.5366E+00
0000219 1.7866E+00  6.8144E+01 -3.4176E+00  1.5747E+01  9.1957E-01  5.7489E+00
0000219 1.7628E+00  8.1101E+01 -3.9903E+00  2.0273E+01  9.1343E-01  2.3795E+01
0000219 1.7406E+00  9.4346E+01 -5.3559E+00  2.3457E+01  9.0766E-01  2.2178E+01
0000219 1.7357E+00  1.0716E+02 -8.0398E+00  2.7303E+01  9.0640E-01  4.8582E+00
0000219 1.7164E+00  1.1995E+02 -1.0133E+01  3.1561E+01  9.0133E-01  1.9361E+01
0000219 1.3424E+00  1.4485E+02 -1.6225E+01  4.0593E+01  7.9709E-01  3.6814E+02
0000219 1.3331E+00  1.5438E+02 -2.4257E+01  4.3470E+01  7.9433E-01  9.2875E+00
0000219 1.2893E+00  1.6449E+02 -3.1782E+01  4.5600E+01  7.8120E-01  2.3425E+01
0000219 1.2657E+00  1.7350E+02 -4.0535E+01  4.7266E+01  7.7400E-01  3.8483E+00
0000219 1.1351E+00  1.8289E+02 -4.8747E+01  4.9172E+01  7.3298E-01  1.3060E+02
0000219 1.1142E+00  2.0486E+02 -5.9678E+01  4.8456E+01  7.2620E-01  1.6898E+01
0000219 1.0826E+00  2.1497E+02 -6.6434E+01  4.7084E+01  7.1583E-01  1.3822E+01
0000219 1.0095E+00  2.2490E+02 -7.2885E+01  4.4383E+01  6.9125E-01  5.5679E+01
0000219 8.9756E-01  2.3285E+02 -8.1256E+01  4.1320E+01  6.5179E-01  1.1197E+02
0000219 8.8408E-01  2.3729E+02 -9.1143E+01  3.7132E+01  6.4688E-01  1.3485E+01
0000219 7.9130E-01  2.4090E+02 -1.0166E+02  3.3916E+01  6.1199E-01  9.2778E+01
0000219 7.6386E-01  2.4757E+02 -1.1003E+02  3.0348E+01  6.0129E-01  2.7437E+01
0000219 6.9751E-01  2.5517E+02 -1.1682E+02  2.5735E+01  5.7458E-01  5.2902E+01
0000219 6.5711E-01  2.6291E+02 -1.2122E+02  1.9354E+01  5.5769E-01  2.7807E+01
0000219 6.1606E-01  2.6941E+02 -1.2463E+02  1.1433E+01  5.3999E-01  2.9001E+01
0000219 6.0148E-01  2.7559E+02 -1.3002E+02  4.6376E+00  5.3357E-01  3.0863E+00
0000219 3.3472E-01  2.8110E+02 -1.3560E+02 -2.4712E+00  3.9803E-01  2.6676E+02
0000219 2.5992E-01  2.8677E+02 -1.3400E+02 -9.6533E+00  3.5075E-01  6.7407E+01
0000219 2.4526E-01  3.0174E+02 -1.2726E+02 -1.5684E+01  3.4071E-01  7.7792E+00
0000219 2.1639E-01  3.0896E+02 -1.2425E+02 -1.9452E+01  3.2003E-01  2.8872E+01
0000219 2.0783E-01  3.1396E+02 -1.1996E+02 -2.4773E+01  3.1364E-01  3.1438E+00
0000219 5.5191E-02  3.1808E+02 -1.1519E+02 -3.0309E+01  1.6163E-01  1.5264E+02
0000219 4.3194E-02  3.1595E+02 -1.1452E+02 -3.6359E+01  1.4298E-01  1.1997E+01
0000219 3.6891E-02  3.1683E+02 -1.1420E+02 -4.2450E+01  1.3214E-01  4.5407E+00
0000219 2.4427E-02  3.1922E+02 -1.1276E+02 -4.7744E+01  1.0753E-01  1.2464E+01
0000219 5.5601E-03  3.2066E+02 -1.1509E+02 -5.8250E+01  5.1300E-02  1.5633E+01
0000219 0.0000E+00  3.2022E+02 -1.2433E+02 -6.5235E+01  0.0000E+00  1.7454E+00
0000220 2.0000E+00  0.0000E+00  0.0000E+00  0.0000E+00  9.7295E-01  0.0000E+00
0000220 1.9583E+00  1.7196E+01  2.3565E-02 -4.9930E-02  9.6275E-01  3.3979E+01
0000220 1.8867E+00  3.5068E+01 -8.2741E-01  2.0422E+00  9.4500E-01  6.3862E+01
0000220 1.8476E+00  4.8796E+01 -3.1492E+00  1.7455E+00  9.3514E-01  1.2858E+01
0000220 1.5660E+00  6.2595E+01 -4.3174E+00  1.3793E+00  8.6093E-01  2.8159E+02
0000220 1.5435E+00  7.4328E+01 -1.0180E+01 -7.8122E-01  8.5473E-01  2.2494E+01
0000220 1.4080E+00  8.6634E+01 -1.4557E+01 -2.9803E+00  8.1636E-01  1.1282E+02
0000220 1.3822E+00  9.9356E+01 -1.6859E+01 -2.2509E+00  8.0883E-01  4.7012E+00
0000220 9.0721E-01  1.1213E+02 -1.8410E+01 -1.5563E+00  6.5528E-01  4.5411E+02
0000220 8.4276E-01  1.2101E+02 -2.1155E+01  5.4655E+00  6.3158E-01  6.4445E+01
0000220 8.0860E-01  1.2936E+02 -2.0944E+01  1.3298E+01  6.1865E-01  1.9708E+01
0000220 7.3697E-01  1.3858E+02 -1.9961E+01  1.9810E+01  5.9061E-01  7.1626E+01
0000220 6.8663E-01  1.4892E+02 -2.0873E+01  2.3744E+01  5.7008E-01  3.7237E+01
0000220 6.6997E-01  1.5851E+02 -1.9660E+01  2.8807E+01  5.6313E-01  4.2119E+00
0000220 6.1644E-01  1.6807E+02 -1.7654E+01  3.3532E+01  5.4016E-01  4.1317E+01
0000220 5.9934E-01  1.7692E+02 -1.8001E+01  3.9432E+01  5.3261E-01  5.5978E+00
0000220 5.8439E-01  1.8605E+02 -1.7541E+01  4.4762E+01  5.2593E-01  3.6844E+00
0000220 4.9197E-01  1.9468E+02 -1.6851E+01  5.0729E+01  4.8256E-01  8.1350E+01
0000220 2.2505E-01  2.0245E+02 -1.2468E+01  5.5488E+01  3.2637E-01  2.5716E+02
0000220 2.0257E-01  2.0445E+02 -4.3361E+00  5.7134E+01  3.0965E-01  1.6907E+01
0000220 1.9848E-01  2.0803E+02  3.2019E+00  5.7123E+01  3.0651E-01  4.0892E+00
0000220 1.7120E-01  2.1050E+02  1.1138E+01  5.7066E+01  2.8466E-01  2.7281E+01
0000220 1.5176E-01  2.1325E+02  1.8145E+01  5.9954E+01  2.6801E-01  1.5579E+01
0000220 1.1877E-01  2.1495E+02  2.4094E+01  6.4808E+01  2.3710E-01  2.8775E+01
0000220 1.0629E-01  2.1942E+02  2.9395E+01  6.7623E+01  2.2430E-01  1.2473E+01
0000220 5.8443E-02  2.2788E+02  3.5793E+01  7.7505E+01  1.6632E-01  3.9882E+01
0000220 4.9222E-02  2.3306E+02  3.9685E+01  7.8192E+01  1.5264E-01  7.0513E+00
0000220 2.9965E-02  2.3644E+02  4.4837E+01  7.9586E+01  1.1909E-01  1.9257E+01
0000220 1.9204E-02  2.3746E+02  4.8507E+01  8.3912E+01  9.5340E-02  9.3878E+00
0000220 8.3236E-03  2.3532E+02  5.2167E+01  8.7138E+01  6.2767E-02  1.0881E+01
0000220 0.0000E+00  2.2716E+02  5.9482E+01  8.4936E+01  0.0000E+00  9.1014E-01
0000221 2.0000E+00  0.0000E+00  0.0000E+00  0.0000E+00  9.7295E-01  0.0000E+00
0000221 1.9748E+00  2.4168E+01 -1.5963E-01  4.0737E-01  9.6681E-01  2.2446E+01
0000221 1.2162E+00  3.8158E+01  9.3944E-01  1.6474E+00  7.5872E-01  7.5859E+02
0000221 5.3956E-01  4.8804E+01 -2.9130E+00 -3.6376E+00  5.0536E-01  6.7667E+02
0000221 5.1830E-01  5.3418E+01 -3.1278E-01 -1.2504E+01  4.9530E-01  1.0821E+01
0000221 3.4786E-01  5.6702E+01  1.9687E+00 -2.1925E+01  4.0577E-01  1.7044E+02
0000221 2.2314E-01  6.3154E+01  1.2288E-01 -2.8461E+01  3.2498E-01  1.1712E+02
0000221 2.1448E-01  6.5698E+01 -5.6184E+00 -3.4216E+01  3.1862E-01  8.6531E+00
0000221 2.7694E-02  6.8765E+01 -9.9776E+00 -4.0770E+01  1.1449E-01  1.8141E+02
0000221 6.9554E-03  6.5501E+01 -9.3532E+00 -4.5382E+01  5.7377E-02  2.0739E+01
0000221 0.0000E+00  5.5502E+01 -1.7144E+01 -5.7818E+01  0.0000E+00  4.3806E-01
0000222 2.0000E+00  0.0000E+00  0.0000E+00  0.0000E+00  9.7295E-01  0.0000E+00
0000222 1.9693E+00  1.6007E+01 -7.8792E-02  3.2889E-02  9.6546E-01  7.1545E+00
0000222 1.9150E+00  2.0534E+01  1.6152E-01  6.2526E-03  9.5204E-01  4.5617E+01
0000222 1.7200E+00  3.4390E+01 -4.3754E-01 -1.7389E+00  9.0227E-01  1.9500E+02
0000222 1.5981E+00  4.7661E+01  2.3501E+00 -6.1933E-01  8.6973E-01  9.7260E+01
0000222 1.5358E+00  5.9902E+01  5.7224E+00  3.5393E+00  8.5260E-01  3.9104E+01
0000222 1.5064E+00  7.2622E+01  7.2308E+00  6.8451E+00  8.4440E-01  6.8252E+00
0000222 1.4365E+00  8.5496E+01  8.3779E+00  9.3534E+00  8.2458E-01  6.9899E+01
0000222 1.4103E+00  9.8341E+01  1.0458E+01  9.1797E+00  8.1701E-01  2.6254E+01
0000222 1.3738E+00  1.1128E+02  1.0799E+01  8.7590E+00  8.0637E-01  3.6496E+01
0000222 1.3647E+00  1.2393E+02  1.0583E+01  6.3513E+00  8.0369E-01  9.1157E+00
0000222 1.3352E+00  1.3664E+02  9.6716E+00  4.7244E+00  7.9497E-01  2.9428E+01
0000222 1.0719E+00  1.4889E+02  8.4541E+00  1.2927E+00  7.1228E-01  2.6334E+02
0000222 8.6469E-01  1.6083E+02  9.3436E+00  3.1636E+00  6.3974E-01  1.8993E+02
0000222 8.4277E-01  1.7045E+02  1.4456E+01  6.9055E+00  6.3158E-01  2.1918E+01
0000222 8.1844E-01  1.7889E+02  2.0582E+01  1.1624E+01  6.2240E-01  9.8653E+00
0000222 7.9021E-01  1.9572E+02  3.0346E+01  2.3315E+01  6.1157E-01  2.3369E+01
0000222 7.8364E-01  2.0261E+02  3.5826E+01  3.0362E+01  6.0902E-01  6.5716E+00
0000222 7.6401E-01  2.1012E+02  4.1431E+01  3.6598E+01  6.0135E-01  5.9200E+00
0000222 7.1040E-01  2.1786E+02  4.7452E+01  4.1972E+01  5.7986E-01  4.0158E+01
0000222 6.9833E-01  2.2458E+02  5.2145E+01  4.9314E+01  5.7492E-01  1.2065E+01
0000222 6.7989E-01  2.3174E+02  5.7614E+01  5.5539E+01  5.6728E-01  1.8447E+01
0000222 5.9430E-01  2.3810E+02  6.4509E+01  6.1070E+01  5.3037E-01  7.3237E+01
0000222 5.7874E-01  2.4660E+02  6.8603E+01  6.5806E+01  5.2338E-01  4.3578E+00
0000222 2.6179E-01  2.5450E+02  7.2930E+01  7.1189E+01  3.5201E-01  3.0596E+02
0000222 2.5069E-01  2.6217E+02  6.9756E+01  7.4155E+01  3.4446E-01  4.9058E+00
0000222 2.2011E-01  2.6976E+02  6.7555E+01  7.7855E+01  3.2277E-01  3.0577E+01
0000222 3.9535E-02  2.7646E+02  6.7867E+01  8.3064E+01  1.3679E-01  1.8057E+02
0000222 8.0547E-03  2.8625E+02  6.4262E+01  7.7298E+01  6.1745E-02  2.7532E+01
0000222 0.0000E+00  2.8745E+02  6.7181E+01  7.3949E+01  0.0000E+00  7.9171E+00
0000223 2.0000E+00  0.0000E+00  0.0000E+00  0.0000E+00  9.7295E-01  0.0000E+00
0000223 1.9640E+00  2.3920E+01  2.4899E-01 -1.7569E-01  9.6414E-01  1.8317E+01
0000223 1.4464E+00  3.7868E+01  2.0038E+00 -7.0574E-01  8.2741E-01  5.1756E+02
0000223 1.3586E+00  4.8689E+01  7.2087E+00  4.3659E+00  8.0190E-01  6.6217E+01
0000223 6.5831E-01  6.0203E+01  1.2375E+01  6.7129E+00  5.5820E-01  6.7971E+02
0000223 3.2866E-01  7.4759E+01  8.8854E+00  2.2257E+01  3.9441E-01  3.1313E+02
0000223 3.1265E-01  7.5886E+01  2.1578E+00  2.8508E+01  3.8468E-01  8.7091E+00
0000223 2.8775E-01  7.8075E+01 -5.0118E+00  3.3761E+01  3.6905E-01  2.4903E+01
0000223 2.7032E-01  7.9557E+01 -1.3341E+01  3.6806E+01  3.5770E-01  1.0790E+01
0000223 2.4351E-01  7.9318E+01 -2.1792E+01  3.9494E+01  3.3949E-01  2.0465E+01
0000223 2.3022E-01  7.8487E+01 -3.0423E+01  3.9785E+01  3.3010E-01  7.3956E+00
0000223 1.8747E-01  7.7573E+01 -3.8758E+01  4.1576E+01  2.9788E-01  4.2751E+01
0000223 1.4124E-01  7.9945E+01 -4.5969E+01  4.4714E+01  2.5855E-01  4.1339E+01
0000223 1.2654E-01  7.8471E+01 -5.2579E+01  4.8483E+01  2.4473E-01  1.0693E+01
0000223 1.1768E-01  7.8764E+01 -5.9687E+01  5.1100E+01  2.3601E-01  8.8570E+00
0000223 9.5658E-02  7.7636E+01 -6.6015E+01  5.4908E+01  2.1278E-01  2.2023E+01
0000223 8.7978E-02  7.7611E+01 -7.0095E+01  6.0804E+01  2.0406E-01  4.6280E+00
0000223 7.4111E-02  7.8657E+01 -7.3058E+01  6.7120E+01  1.8729E-01  1.3867E+01
0000223 6.8679E-02  8.0929E+01 -7.3482E+01  7.3539E+01  1.8030E-01  5.4317E+00
0000223 4.1287E-02  8.2735E+01 -7.5670E+01  7.9635E+01  1.3979E-01  2.7392E+01
0000223 1.3193E-02  8.2367E+01 -8.0625E+01  8.3193E+01  7.9021E-02  2.8094E+01
0000223 8.5832E-03  7.7433E+01 -8.7763E+01  7.9142E+01  6.3738E-02  1.4492E+00
0000223 0.0000E+00  7.4732E+01 -8.8884E+01  6.8659E+01  0.0000E+00  4.2838E-01
0000224 2.0000E+00  0.0000E+00  0.0000E+00  0.0000E+00  9.7295E-01  0.0000E+00
0000224 1.9867E+00  3.9702E+00  0.0000E+00  0.0000E+00  9.6970E-01  1.3332E+01
0000224 2.9697E-01  1.7262E+01  9.3211E-01  5.6256E-01  3.7491E-01  1.6897E+03
0000224 2.7292E-01  1.9692E+01 -3.9000E+00  8.6732E-01  3.5941E-01  1.9986E+01
0000224 2.3375E-01  2.1628E+01 -1.2569E+01  5.1107E-01  3.3263E-01  3.2776E+01
0000224 2.2941E-01  2.3675E+01 -2.0236E+01 -2.8075E+00  3.2952E-01  4.3425E+00
0000224 2.1841E-01  2.4970E+01 -2.7608E+01 -6.9765E+00  3.2153E-01  5.3529E+00
0000224 1.9841E-01  2.4705E+01 -4.1074E+01 -1.7190E+01  3.0645E-01  1.1440E+01
0000224 1.8673E-01  2.1518E+01 -5.5036E+01 -2.5511E+01  2.9729E-01  3.6020E+00
0000224 1.2198E-01  1.9525E+01 -6.2157E+01 -2.9070E+01  2.4028E-01  5.9875E+01
0000224 1.0394E-01  1.8038E+01 -6.5577E+01 -3.5606E+01  2.2181E-01  1.8032E+01
0000224 6.8300E-02  1.5496E+01 -6.6295E+01 -4.2399E+01  1.7980E-01  3.5644E+01
0000224 4.7321E-02  1.7269E+01 -6.7300E+01 -4.8799E+01  1.4966E-01  1.8563E+01
0000224 2.8157E-02  2.5379E+01 -6.9147E+01 -5.7861E+01  1.1544E-01  1.4199E+01
0000224 2.0219E-03  2.6693E+01 -6.6739E+01 -6.2859E+01  3.0935E-02  2.6135E+01
0000224 0.0000E+00  2.4720E+01 -6.3605E+01 -6.3003E+01  0.0000E+00  7.9686E-01
0000225 2.0000E+00  0.0000E+00  0.0000E+00  0.0000E+00  9.7295E-01  0.0000E+00
0000225 1.9642E+00  1.6705E+01  1.6178E-01 -1.6538E-01  9.6421E-01  2.6626E+00
0000225 8.2827E-01  2.0670E+01  2.6280E-01 -3.5387E-01  6.2613E-01  1.1359E+03
0000225 8.1381E-01  3.6253E+01  5.2136E-01  1.6251E+01  6.2064E-01  1.0439E+01
0000225 7.7316E-01  4.3043E+01  7.7877E-01  2.5347E+01  6.0494E-01  4.0648E+01
0000225 4.3568E-01  5.0642E+01  3.1332E+00  3.3256E+01  4.5411E-01  3.2391E+02
0000225 4.1911E-01  5.3596E+01 -2.7314E-01  4.2007E+01  4.4539E-01  7.6336E+00
0000225 4.0662E-01  5.5272E+01 -3.5568E+00  5.1043E+01  4.3870E-01  3.7961E+00
0000225 2.5927E-01  5.6313E+01 -7.4895E+00  5.9843E+01  3.5031E-01  1.3884E+02
0000225 2.3252E-01  5.1925E+01 -1.0269E+01  6.6938E+01  3.3175E-01  2.0582E+01
0000225 1.8655E-01  4.9500E+01 -1.4613E+01  7.3943E+01  2.9715E-01  4.5976E+01
0000225 1.2223E-01  5.0332E+01 -1.7053E+01  8.1733E+01  2.4053E-01  5.9445E+01
0000225 6.3499E-02  5.0716E+01 -2.2998E+01  8.6334E+01  1.7336E-01  5.8729E+01
0000225 5.5168E-02  5.2114E+01 -2.4003E+01  9.2731E+01  1.6159E-01  7.0333E+00
0000225 4.9489E-02  5.5512E+01 -2.4983E+01  9.8125E+01  1.5305E-01  3.5941E+00
0000225 1.8622E-02  6.0781E+01 -2.2449E+01  1.0912E+02  9.3882E-02  2.7612E+01
0000225 5.3073E-03  5.8120E+01 -2.1861E+01  1.1367E+02  5.0120E-02  1.2319E+01
0000225 0.0000E+00  6.0568E+01 -3.0067E+01  1.1867E+02  0.0000E+00  9.6133E-01
0000226 2.0000E+00  0.0000E+00  0.0000E+00  0.0000E+00  9.7295E-01  0.0000E+00
0000226 1.9592E+00  7.9403E+00 -2.9530E-02  1.7545E-02  9.6298E-01  4.0613E+01
0000226 1.7675E-01  2.5766E+01 -2.3322E+00 -1.2119E+00  2.8924E-01  1.7478E+03
0000226 1.6726E-01  2.9311E+01  4.5398E+00  1.2476E+00  2.8137E-01  4.7963E+00
0000226 1.3237E-01  3.3078E+01  1.1532E+01  2.3762E+00  2.5031E-01  3.0373E+01
0000226 1.2885E-01  3.4512E+01  1.8080E+01  6.0620E+00  2.4695E-01  3.5235E+00
0000226 1.0614E-01  3.9281E+01  3.1862E+01  9.5723E+00  2.2414E-01  1.1151E+01
0000226 9.3683E-02  4.1573E+01  3.8666E+01  8.1531E+00  2.1057E-01  9.1760E+00
0000226 8.0086E-02  4.3061E+01  4.4798E+01  4.8094E+00  1.9470E-01  1.0589E+01
0000226 5.0267E-02  4.2141E+01  5.0609E+01  1.1549E+00  1.5425E-01  2.7123E+01
0000226 4.5036E-02  4.2635E+01  5.6924E+01  1.3892E+00  1.4600E-01  3.2748E+00
0000226 0.0000E+00  4.4452E+01  6.2760E+01  2.4913E+00  0.0000E+00  4.4348E+01
0000227 2.0000E+00  0.0000E+00  0.0000E+00  0.0000E+00  9.7295E-01  0.0000E+00
0000227 1.9675E+00  3.9702E+00  0.0000E+00  0.0000E+00  9.6501E-01  3.2506E+01
0000227 1.9186E+00  3.7697E+01  5.0698E+00 -1.2357E+00  9.5295E-01  1.8526E+01
0000227 1.8872E+00  5.1286E+01  7.7627E+00 -3.1571E+00  9.4513E-01  4.7061E+00
0000227 1.8574E+00  6.4832E+01  1.0735E+01 -4.4398E+00  9.3761E-01  3.5651E+00
0000227 1.7482E+00  7.8374E+01  1.3233E+01 -6.1066E+00  9.0963E-01  1.0920E+02
0000227 1.7189E+00  9.0920E+01  1.5564E+01 -1.0987E+01  9.0200E-01  4.3718E+00
0000227 1.7073E+00  1.0320E+02  1.8497E+01 -1.6066E+01  8.9894E-01  1.1638E+01
0000227 1.6507E+00  1.1508E+02  2.2465E+01 -2.1315E+01  8.8391E-01  5.6610E+01
0000227 1.5627E+00  1.2566E+02  2.8468E+01 -2.7097E+01  8.6004E-01  6.4128E+01
0000227 1.4814E+00  1.3619E+02  3.2196E+01 -3.4283E+01  8.3736E-01  5.8479E+01
0000227 1.4343E+00  1.4786E+02  3.4166E+01 -3.9939E+01  8.2395E-01  2.5117E+01
0000227 1.3595E+00  1.5941E+02  3.7651E+01 -4.4788E+01  8.0218E-01  5.3368E+01
0000227 1.3243E+00  1.7120E+02  4.2070E+01 -4.7298E+01  7.9172E-01  1.4608E+01
0000227 1.3127E+00  1.8326E+02  4.5196E+01 -5.0027E+01  7.8825E-01  1.1603E+01
0000227 1.2767E+00  1.9530E+02  4.8956E+01 -5.1745E+01  7.7736E-01  3.6016E+01
0000227 1.3342E-01  2.0713E+02  5.3425E+01 -5.1487E+01  2.5129E-01  1.1236E+03
0000227 1.0468E-01  2.1163E+02  4.8820E+01 -5.5637E+01  2.2259E-01  2.8735E+01
0000227 9.6820E-02  2.1380E+02  4.5874E+01 -6.1953E+01  2.1407E-01  7.8619E+00
0000227 7.3197E-02  2.1408E+02  4.2243E+01 -6.8149E+01  1.8613E-01  2.0546E+01
0000227 6.6608E-02  2.1620E+02  4.1464E+01 -7.4573E+01  1.7756E-01  4.0549E+00
0000227 3.8075E-02  2.1971E+02  4.0481E+01 -8.0176E+01  1.3424E-01  2.8532E+01
0000227 2.8012E-02  2.2498E+02  3.8127E+01 -8.1895E+01  1.1515E-01  8.4467E+00
0000227 1.6967E-02  2.3295E+02  3.3408E+01 -8.7398E+01  8.9614E-02  3.4098E+00
0000227 5.8199E-03  2.4313E+02  3.3814E+01 -8.6793E+01  5.2485E-02  9.4448E+00
0000227 0.0000E+00  2.4867E+02  3.0398E+01 -9.4799E+01  0.0000E+00  3.2794E-01
0000228 2.0000E+00  0.0000E+00  0.0000E+00  0.0000E+00  9.7295E-01  0.0000E+00
0000228 1.9636E+00  2.1053E+01 -2.8680E-01 -9.9144E-01  9.6406E-01  3.1666E+00
0000228 1.9598E+00  3.5082E+01  1.7387E-02 -1.9800E+00  9.6312E-01  3.8098E+00
0000228 1.7663E+00  4.9091E+01  9.1311E-01 -2.7854E+00  9.1435E-01  1.6638E+02
0000228 1.7019E+00  6.2099E+01  4.7527E+00 -8.6864E-01  8.9750E-01  3.9440E+01
0000228 1.6565E+00  7.4564E+01  8.4395E+00  3.0307E+00  8.8546E-01  2.1027E+01
0000228 1.5940E+00  8.7451E+01  1.0922E+01  6.1062E+00  8.6859E-01  3.8626E+01
0000228 1.5660E+00  1.0028E+02  1.1421E+01  9.7828E+00  8.6093E-01  4.8031E+00
0000228 1.4499E+00  1.1301E+02  1.2651E+01  1.3405E+01  8.2841E-01  9.3175E+01
0000228 1.0233E+00  1.2566E+02  1.5680E+01  1.4297E+01  6.9595E-01  4.0498E+02
0000228 1.0168E+00  1.3471E+02  1.9539E+01  2.1141E+01  6.9373E-01  6.5422E+00
0000228 9.8506E-01  1.4314E+02  2.3392E+01  2.8714E+01  6.8282E-01  1.5110E+01
0000228 9.4382E-01  1.5052E+02  2.7005E+01  3.7290E+01  6.6838E-01  2.5021E+01
0000228 9.3823E-01  1.5784E+02  2.8765E+01  4.6319E+01  6.6639E-01  5.5842E+00
0000228 8.9519E-01  1.6565E+02  3.1046E+01  5.4788E+01  6.5093E-01  2.7396E+01
0000228 8.6411E-01  1.7281E+02  3.5216E+01  6.2921E+01  6.3953E-01  1.5970E+01
0000228 8.4477E-01  1.8106E+02  3.8813E+01  7.0096E+01  6.3233E-01  4.6125E+00
0000228 8.2134E-01  1.8958E+02  4.1601E+01  7.7234E+01  6.2350E-01  8.9385E+00
0000228 8.0303E-01  1.9862E+02  4.3450E+01  8.3878E+01  6.1651E-01  1.8309E+01
0000228 4.8405E-01  2.0852E+02  4.4561E+01  8.9251E+01  4.7865E-01  3.1899E+02
0000228 4.1926E-01  2.1842E+02  4.4998E+01  8.7406E+01  4.4547E-01  5.5137E+01
0000228 1.3726E-01  2.2806E+02  4.4380E+01  8.8833E+01  2.5489E-01  2.8200E+02
0000228 1.1879E-01  2.3320E+02  4.9665E+01  8.6589E+01  2.3712E-01  1.4536E+01
0000228 1.0636E-01  2.3608E+02  5.6128E+01  8.4151E+01  2.2436E-01  8.8897E+00
0000228 6.6209E-02  2.4030E+02  6.1186E+01  8.0950E+01  1.7702E-01  3.6861E+01
0000228 2.1570E-02  2.4995E+02  7.0049E+01  8.1942E+01  1.0104E-01  3.6504E+01
0000228 1.8689E-02  2.5045E+02  7.4469E+01  7.8813E+01  9.4051E-02  1.7828E+00
0000228 1.9855E-03  2.4846E+02  8.4758E+01  6.7832E+01  3.0656E-02  1.0370E+01
0000228 0.0000E+00  2.5507E+02  8.5864E+01  6.6494E+01  0.0000E+00  4.4910E-01
0000229 2.0000E+00  0.0000E+00  0.0000E+00  0.0000E+00  9.7295E-01  0.0000E+00
0000229 1.9781E+00  1.1202E+01  3.7745E-02  3.0367E-02  9.6761E-01  7.7500E+00
0000229 1.8817E+00  2.3859E+01 -4.9688E-01 -4.3238E-01  9.4375E-01  7.1818E+01
0000229 1.8502E+00  3.7564E+01  1.3903E+00 -1.9536E+00  9.3581E-01  3.1529E+01
0000229 1.8069E+00  5.1396E+01  2.2221E+00 -2.0198E+00  9.2479E-01  1.7361E+01
0000229 1.7743E+00  6.5050E+01  3.4737E+00 -3.3584E+00  9.1640E-01  7.1600E+00
0000229 2.3790E-03  7.8677E+01  4.9283E+00 -3.8473E+00  3.3556E-02  1.7719E+03
0000229 0.0000E+00  7.9253E+01  1.5831E+00 -2.1437E+00  0.0000E+00  2.2997E+00
0000230 2.0000E+00  0.0000E+00  0.0000E+00  0.0000E+00  9.7295E-01  0.0000E+00
0000230 1.8440E+00  3.9702E+00  0.0000E+00  0.0000E+00  9.3423E-01  1.4829E+02
0000230 1.1724E+00  8.3509E+00  3.2275E-01 -1.1994E+00  7.4494E-01  6.7156E+02
0000230 1.1339E+00  1.5390E+01 -1.3112E+00 -9.6947E+00  7.3260E-01  2.1894E+01
0000230 1.1059E+00  2.3562E+01 -1.4796E+00 -1.8865E+01  7.2350E-01  2.7982E+01
0000230 7.8177E-01  3.2384E+01 -4.1639E-02 -2.7184E+01  6.0830E-01  3.0649E+02
0000230 5.9010E-01  3.6034E+01  5.3012E+00 -3.6384E+01  5.2849E-01  1.9167E+02
0000230 5.6508E-01  4.3127E+01  1.1423E+01 -4.1210E+01  5.1717E-01  1.3873E+01
0000230 4.3031E-01  5.0506E+01  1.6168E+01 -4.6863E+01  4.5130E-01  1.2398E+02
0000230 3.9967E-01  5.3343E+01  2.2051E+01 -5.4193E+01  4.3494E-01  3.0640E+01
0000230 3.8578E-01  5.8498E+01  2.7107E+01 -6.0606E+01  4.2731E-01  1.3892E+01
0000230 2.5828E-01  7.0531E+01  3.8071E+01 -7.0609E+01  3.4964E-01  1.1430E+02
0000230 2.4849E-01  7.1661E+01  4.2622E+01 -7.8038E+01  3.4295E-01  3.6456E+00
0000230 1.5038E-01  7.2101E+01  4.6469E+01 -8.5844E+01  2.6679E-01  9.2140E+01
0000230 1.3404E-01  7.7135E+01  4.8177E+01 -9.1620E+01  2.5188E-01  1.6342E+01
0000230 7.1040E-02  8.3227E+01  5.1020E+01 -9.5309E+01  1.8337E-01  5.9133E+01
0000230 6.3422E-02  8.5127E+01  5.2133E+01 -1.0171E+02  1.7326E-01  5.1355E+00
0000230 5.5013E-02  8.5916E+01  5.1768E+01 -1.0827E+02  1.6136E-01  6.1144E+00
0000230 2.3467E-02  8.6613E+01  5.3466E+01 -1.1445E+02  1.0539E-01  3.1546E+01
0000230 1.6980E-02  9.0098E+01  5.7013E+01 -1.1685E+02  8.9649E-02  5.7841E+00
0000230 0.0000E+00  9.8714E+01  6.8937E+01 -1.1525E+02  0.0000E+00  1.0419E+01
0000231 2.0000E+00  0.0000E+00  0.0000E+00  0.0000E+00  9.7295E-01  0.0000E+00
0000231 1.9740E+00  3.9702E+00  0.0000E+00  0.0000E+00  9.6661E-01  2.5975E+01
0000231 1.9072E+00  1.6720E+01  1.4040E+00 -4.0869E-01  9.5012E-01  4.1972E+01
0000231 1.8858E+00  3.4390E+01  3.5348E+00  1.7876E+00  9.4477E-01  2.0939E+01
0000231 1.8558E+00  4.8213E+01  5.1923E+00  2.0698E+00  9.3722E-01  3.7491E+00
0000231 1.8362E+00  7.5848E+01  7.1006E+00  1.1798E+00  9.3225E-01  1.3873E+01
0000231 1.8014E+00  8.9678E+01  7.0299E+00  1.3956E+00  9.2337E-01  9.0176E+00
0000231 1.7828E+00  1.0341E+02  7.9007E+00  1.8509E+00  9.1860E-01  1.4498E+01
0000231 1.7448E+00  1.1696E+02  9.8598E+00  2.8648E+00  9.0877E-01  1.2717E+01
0000231 1.7378E+00  1.3050E+02  1.1618E+01  2.7283E+00  9.0693E-01  7.0528E+00
0000231 1.7252E+00  1.4390E+02  1.4203E+01  2.8117E+00  9.0365E-01  1.2565E+01
0000231 1.4636E+00  1.6990E+02  2.2191E+01  3.5296E+00  8.3230E-01  2.3275E+02
0000231 1.4363E+00  1.8278E+02  2.1825E+01  5.7728E+00  8.2453E-01  5.4477E+00
0000231 1.1484E+00  1.9570E+02  2.1401E+01  7.2156E+00  7.3726E-01  2.8794E+02
0000231 1.1399E+00  2.0700E+02  2.6297E+01  6.8005E+00  7.3455E-01  8.4538E+00
0000231 9.1862E-01  2.1800E+02  3.1636E+01  5.4727E+00  6.5939E-01  2.2133E+02
0000231 8.8853E-01  2.2515E+02  4.0225E+01  2.0606E+00  6.4850E-01  1.4683E+01
0000231 8.6994E-01  2.3103E+02  4.9601E+01 -1.3776E+00  6.4168E-01  3.5623E+00
0000231 8.2025E-01  2.3627E+02  5.9325E+01 -4.6934E+00  6.2309E-01  4.9693E+01
0000231 7.2426E-01  2.4135E+02  6.7731E+01 -1.0430E+01  5.8550E-01  8.1808E+01
0000231 5.4132E-01  2.4562E+02  7.7606E+01 -1.2945E+01  5.0618E-01  1.7001E+02
0000231 4.8583E-01  2.4957E+02  8.6716E+01 -1.0079E+01  4.7953E-01  5.5494E+01
0000231 4.6799E-01  2.5038E+02  9.6552E+01 -7.9943E+00  4.7065E-01  8.1631E+00
0000231 3.8779E-01  2.5458E+02  1.1545E+02 -3.0935E+00  4.2843E-01  6.7094E+01
0000231 3.2197E-01  2.5337E+02  1.2379E+02  1.4881E+00  3.9037E-01  5.7606E+01
0000231 2.5176E-01  2.4938E+02  1.3182E+02  3.5685E+00  3.4520E-01  6.3012E+01
0000231 2.4241E-01  2.4250E+02  1.3713E+02  4.4479E+00  3.3873E-01  3.3227E+00
0000231 2.2882E-01  2.3610E+02  1.4272E+02  6.1739E+00  3.2910E-01  7.7166E+00
0000231 1.5548E-01  2.2293E+02  1.5347E+02  7.4956E+00  2.7127E-01  6.9247E+01
0000231 1.0380E-01  2.1980E+02  1.6061E+02  6.1772E+00  2.2165E-01  5.1677E+01
0000231 8.6911E-02  2.2123E+02  1.6745E+02  4.1193E+00  2.0282E-01  1.3658E+01
0000231 4.7316E-02  2.2174E+02  1.7446E+02  4.5933E+00  1.4965E-01  3.9595E+01
0000231 3.6909E-02  2.2429E+02  1.7914E+02  1.2977E+00  1.3217E-01  8.5317E+00
0000231 9.4822E-03  2.2431E+02  1.8456E+02 -1.2362E+00  6.6993E-02  2.5844E+01
0000231 0.0000E+00  2.2849E+02  1.8962E+02 -1.3564E+01  0.0000E+00  5.2406E-01
0000232 2.0000E+00  0.0000E+00  0.0000E+00  0.0000E+00  9.7295E-01  0.0000E+00
0000232 1.8753E+00  3.9702E+00  0.0000E+00  0.0000E+00  9.4212E-01  1.2473E+02
0000232 1.8464E+00  2.0039E+01  1.3318E+00  3.6627E+00  9.3485E-01  4.5036E+00
0000232 1.7692E+00  3.3497E+01  1.7870E+00  6.9074E+00  9.1509E-01  5.1340E+01
0000232 1.7347E+00  4.6951E+01  3.8580E+00  8.4787E+00  9.0614E-01  9.3583E+00
0000232 1.7159E+00  6.0358E+01  5.1117E+00  1.0631E+01  9.0120E-01  1.8871E+01
0000232 1.6854E+00  7.3459E+01  7.6867E+00  1.3213E+01  8.9314E-01  3.0524E+01
0000232 3.2824E-01  8.6073E+01  1.1996E+01  1.5574E+01  3.9416E-01  1.3571E+03
0000232 2.1557E-01  8.8044E+01  2.0592E+01  1.2782E+01  3.1942E-01  1.0538E+02
0000232 1.7058E-01  8.7770E+01  2.8786E+01  1.4854E+01  2.8414E-01  3.9588E+01
0000232 1.5341E-01  9.0962E+01  3.6092E+01  1.6001E+01  2.6947E-01  1.2590E+01
0000232 1.4440E-01  9.4333E+01  4.3138E+01  1.4948E+01  2.6143E-01  4.7661E+00
0000232 1.2023E-01  1.0248E+02  5.6309E+01  1.4455E+01  2.3855E-01  1.6970E+01
0000232 7.0628E-02  1.0840E+02  6.0650E+01  1.2918E+01  1.8284E-01  4.6024E+01
0000232 6.3336E-02  1.1124E+02  6.6505E+01  1.4741E+01  1.7314E-01  4.8200E+00
0000232 3.0922E-02  1.1448E+02  7.2281E+01  1.4807E+01  1.2098E-01  3.2414E+01
0000232 2.3755E-02  1.1976E+02  7.3989E+01  1.3117E+01  1.0604E-01  5.7643E+00
0000232 1.5017E-02  1.2370E+02  7.7763E+01  1.2222E+01  8.4309E-02  8.7380E+00
0000232 8.4196E-03  1.2373E+02  8.7039E+01  1.4667E+01  6.3128E-02  2.2305E+00
0000232 0.0000E+00  1.2501E+02  9.7597E+01  2.4210E+01  0.0000E+00  6.3852E-01
0000233 2.0000E+00  0.0000E+00  0.0000E+00  0.0000E+00  9.7295E-01  0.0000E+00
0000233 1.2745E+00  1.0691E+01 -5.3375E-02 -3.4940E-02  7.7669E-01  7.1757E+02
0000233 1.2527E+00  1.5985E+01  2.6003E+00  2.8171E+00  7.7001E-01  1.1638E+01
0000233 1.2463E+00  2.5544E+01  8.7415E+00  8.2277E+00  7.6803E-01  6.4179E+00
0000233 1.2197E+00  3.4602E+01  1.5628E+01  1.3567E+01  7.5981E-01  7.2544E+00
0000233 7.4698E-01  4.2968E+01  2.2746E+01  1.9539E+01  5.9461E-01  4.5372E+02
0000233 7.1996E-01  4.4812E+01  2.7843E+01  2.9258E+01  5.8375E-01  2.7025E+01
0000233 6.9459E-01  4.7584E+01  3.1089E+01  3.9433E+01  5.7338E-01  2.5367E+01
0000233 6.8205E-01  5.1778E+01  3.5424E+01  4.8562E+01  5.6818E-01  1.2541E+01
0000233 5.3803E-01  5.7070E+01  3.8806E+01  5.7467E+01  5.0464E-01  1.3163E+02
0000233 4.3990E-01  6.0327E+01  3.7853E+01  6.7214E+01  4.5630E-01  9.8132E+01
0000233 3.1329E-01  6.0532E+01  4.0121E+01  7.6813E+01  3.8508E-01  1.1761E+02
0000233 1.2928E-01  6.5426E+01  4.2574E+01  8.4154E+01  2.4736E-01  1.7696E+02
0000233 6.9559E-02  6.8549E+01  3.8341E+01  8.9658E+01  1.8145E-01  5.9717E+01
0000233 3.5458E-02  6.7596E+01  4.0092E+01  1.0263E+02  1.2955E-01  2.6050E+01
0000233 2.1539E-02  6.3420E+01  4.2646E+01  1.0600E+02  1.0097E-01  1.2379E+01
0000233 1.4183E-02  6.0464E+01  4.1946E+01  1.1051E+02  8.1934E-02  6.2574E+00
0000233 6.9911E-03  5.8693E+01  3.6930E+01  1.1875E+02  5.7524E-02  4.4653E+00
0000233 0.0000E+00  5.1988E+01  3.4919E+01  1.2650E+02  0.0000E+00  4.3360E-01
0000234 2.0000E+00  0.0000E+00  0.0000E+00  0.0000E+00  9.7295E-01  0.0000E+00
0000234 1.9752E+00  9.2516E+00 -9.9038E-03 -1.0865E-02  9.6690E-01  2.4768E+01
0000234 1.9526E+00  2.0042E+01  4.3310E-01 -1.1490E+00  9.6136E-01  1.5737E+00
0000234 1.8976E+00  3.4020E+01  6.1762E-01 -2.5344E+00  9.4772E-01  5.5022E+01
0000234 1.8621E+00  6.1043E+01  2.3325E+00 -9.1695E+00  9.3882E-01  3.1659E+01
0000234 1.8505E+00  7.4405E+01  1.1993E+00 -1.2752E+01  9.3588E-01  1.1651E+01
0000234 9.9269E-01  8.7515E+01  6.7160E-01 -1.7214E+01  6.8546E-01  8.5779E+02
0000234 9.3504E-01  9.6748E+01  8.1318E+00 -1.8042E+01  6.6526E-01  4.1342E+01
0000234 8.5600E-01  1.0569E+02  1.5022E+01 -2.1234E+01  6.3652E-01  6.3430E+01
0000234 8.1107E-01  1.1386E+02  2.0573E+01 -2.7098E+01  6.1959E-01  3.0302E+01
0000234 4.9772E-01  1.2087E+02  2.5342E+01 -3.4633E+01  4.8536E-01  3.1336E+02
0000234 4.4651E-01  1.3034E+02  2.8861E+01 -3.5559E+01  4.5972E-01  5.1211E+01
0000234 3.6970E-01  1.3796E+02  3.5054E+01 -3.6806E+01  4.1831E-01  6.7704E+01
0000234 2.5917E-01  1.4678E+02  3.7681E+01 -3.9127E+01  3.5024E-01  1.1053E+02
0000234 1.6612E-01  1.5217E+02  4.4288E+01 -4.1269E+01  2.8040E-01  9.3049E+01
0000234 1.4738E-01  1.5975E+02  4.6832E+01 -4.0691E+01  2.6412E-01  1.8734E+01
0000234 9.7759E-02  1.6695E+02  4.9047E+01 -4.2771E+01  2.1511E-01  4.5495E+01
0000234 8.9356E-02  1.7132E+02  5.4625E+01 -4.4074E+01  2.0565E-01  8.4034E+00
0000234 3.7183E-02  1.7678E+02  5.9115E+01 -4.3929E+01  1.3266E-01  5.2172E+01
0000234 1.8669E-02  1.7594E+02  7.0585E+01 -4.6622E+01  9.4001E-02  1.4484E+01
0000234 1.9499E-03  1.6330E+02  7.3727E+01 -5.3306E+01  3.0380E-02  1.0926E+01
0000234 0.0000E+00  1.6269E+02  7.0428E+01 -5.4833E+01  0.0000E+00  1.3226E+00
0000235 2.0000E+00  0.0000E+00  0.0000E+00  0.0000E+00  9.7295E-01  0.0000E+00
0000235 1.7383E+00  2.0012E+01 -5.5122E-03  6.0942E-01  9.0707E-01  2.5206E+02
0000235 1.6993E+00  3.2655E+01 -4.2846E+00  3.4324E+00  8.9682E-01  3.9062E+01
0000235 1.6695E+00  4.4676E+01 -8.3877E+00  8.1966E+00  8.8893E-01  5.4266E+00
0000235 1.6305E+00  5.6715E+01 -1.1790E+01  1.3285E+01  8.7849E-01  1.4999E+01
0000235 1.6244E+00  6.8596E+01 -1.4129E+01  1.9087E+01  8.7685E-01  6.0690E+00
0000235 1.6004E+00  8.0066E+01 -1.6827E+01  2.5499E+01  8.7035E-01  2.3990E+01
0000235 1.5378E+00  9.0639E+01 -2.0597E+01  3.2752E+01  8.5315E-01  6.2616E+01
0000235 1.2874E+00  1.0087E+02 -2.6596E+01  3.8621E+01  7.8061E-01  2.5039E+02
0000235 1.2502E+00  1.0676E+02 -3.3383E+01  4.7548E+01  7.6923E-01  1.7486E+01
0000235 1.2251E+00  1.1362E+02 -3.9042E+01  5.6443E+01  7.6148E-01  5.7121E+00
0000235 1.1692E+00  1.2034E+02 -4.3981E+01  6.5780E+01  7.4390E-01  3.6874E+01
0000235 1.1267E+00  1.2537E+02 -5.0316E+01  7.5148E+01  7.3027E-01  4.2429E+01
0000235 1.1188E+00  1.3217E+02 -5.6864E+01  8.2975E+01  7.2770E-01  7.9280E+00
0000235 6.8649E-01  1.3891E+02 -6.4178E+01  9.0119E+01  5.7002E-01  4.3231E+02
0000235 6.0068E-01  1.4928E+02 -6.6672E+01  9.2441E+01  5.3321E-01  8.5816E+01
0000235 5.9427E-01  1.5867E+02 -6.6400E+01  9.7300E+01  5.3036E-01  6.4045E+00
0000235 5.6556E-01  1.6798E+02 -6.5041E+01  1.0210E+02  5.1739E-01  1.7512E+01
0000235 2.4138E-01  1.7620E+02 -6.3040E+01  1.0822E+02  3.3801E-01  3.2418E+02
0000235 8.7775E-02  1.7911E+02 -5.5584E+01  1.1152E+02  2.0383E-01  1.4775E+02
0000235 7.3176E-02  1.8496E+02 -5.2082E+01  1.0974E+02  1.8611E-01  1.1725E+01
0000235 6.8357E-02  1.9149E+02 -5.1121E+01  1.0808E+02  1.7987E-01  4.8186E+00
0000235 2.9807E-02  1.9724E+02 -4.9175E+01  1.0520E+02  1.1878E-01  3.6134E+01
0000235 1.8688E-02  2.0273E+02 -5.0685E+01  1.0609E+02  9.4050E-02  9.7503E+00
0000235 0.0000E+00  2.0697E+02 -4.9865E+01  1.0917E+02  0.0000E+00  1.7137E+01
0000236 2.0000E+00  0.0000E+00  0.0000E+00  0.0000E+00  9.7295E-01  0.0000E+00
0000236 6.4630E-01  1.5053E+01  1.7654E-02 -2.0656E-02  5.5309E-01  1.3244E+03
0000236 6.2644E-01  2.3424E+01  1.1495E+00  1.2048E+01  5.4452E-01  7.8292E+00
0000236 5.8988E-01  3.6501E+01 -4.0119E-02  2.8874E+01  5.2839E-01  3.3304E+01
0000236 5.6020E-01  4.1063E+01 -1.6106E+00  3.8244E+01  5.1493E-01  2.9682E+01
0000236 4.8579E-01  4.7301E+01 -4.0910E+00  4.6209E+01  4.7951E-01  6.3682E+01
0000236 4.7784E-01  5.0717E+01 -4.9914E+00  5.5656E+01  4.7557E-01  7.9502E+00
0000236 4.6050E-01  5.3588E+01 -4.7354E+00  6.5283E+01  4.6686E-01  7.7816E+00
0000236 2.4549E-01  5.6621E+01 -5.7507E+00  7.4722E+01  3.4087E-01  2.0570E+02
0000236 2.1678E-01  7.0852E+01 -4.5526E+00  8.4483E+01  3.2032E-01  1.8244E+01
0000236 1.7240E-01  7.7239E+01 -6.7780E+00  8.9575E+01  2.8565E-01  3.8960E+01
0000236 1.5801E-01  8.4666E+01 -6.1191E+00  9.2670E+01  2.7348E-01  9.7716E+00
0000236 1.3475E-01  9.7907E+01 -4.9997E+00  1.0109E+02  2.5255E-01  1.1136E+01
0000236 1.2824E-01  1.0539E+02 -4.4832E+00  1.0271E+02  2.4637E-01  2.6283E+00
0000236 9.3954E-02  1.2019E+02 -4.4580E+00  1.0581E+02  2.1088E-01  3.1207E+01
0000236 6.4937E-02  1.2563E+02 -5.9269E+00  1.1020E+02  1.7532E-01  2.9017E+01
0000236 5.4382E-02  1.3840E+02 -8.9377E+00  1.0985E+02  1.6044E-01  4.6320E+00
0000236 4.4156E-02  1.4959E+02 -1.3853E+01  1.0640E+02  1.4457E-01  5.1386E+00
0000236 3.5294E-02  1.5528E+02 -1.6059E+01  1.0746E+02  1.2925E-01  8.8617E+00
0000236 1.8339E-02  1.5921E+02 -2.0435E+01  1.0826E+02  9.3168E-02  1.5420E+01
0000236 9.7278E-03  1.6044E+02 -2.9648E+01  1.1275E+02  6.7855E-02  6.0976E+00
0000236 0.0000E+00  1.5649E+02 -3.6556E+01  1.1485E+02  0.0000E+00  3.4149E+00
0000237 2.0000E+00  0.0000E+00  0.0000E+00  0.0000E+00  9.7295E-01  0.0000E+00
0000237 1.9581E+00  1.6208E+01 -3.6818E-02  4.2221E-02  9.6269E-01  1.8093E+01
0000237 1.9365E+00  2.6529E+01 -1.9533E-01  1.0620E+00  9.5737E-01  1.6232E+00
0000237 1.8963E+00  4.0511E+01 -2.6810E-01  2.0614E+00  9.4740E-01  1.3281E+01
0000237 1.8639E+00  5.4298E+01  1.4521E-01  4.1061E+00  9.3925E-01  6.0491E+00
0000237 1.7628E+00  6.8098E+01 -3.0665E-02  5.6188E+00  9.1344E-01  7.4958E+01
0000237 1.7566E+00  8.1577E+01  2.3386E+00  5.9971E+00  9.1183E-01  6.2172E+00
0000237 1.6997E+00  9.5160E+01  3.9584E+00  6.0777E+00  8.9695E-01  3.1914E+01
0000237 1.6338E+00  1.0831E+02  7.1232E+00  7.0943E+00  8.7938E-01  4.1619E+01
0000237 1.6250E+00  1.2069E+02  1.2271E+01  7.8984E+00  8.7701E-01  8.7781E+00
0000237 1.3849E+00  1.3325E+02  1.6997E+01  7.8295E+00  8.0961E-01  2.1663E+02
0000237 7.4854E-01  1.5793E+02  2.0041E+01  1.0613E+00  5.9523E-01  6.1118E+02
0000237 7.2647E-01  1.6787E+02  1.6619E+01  4.7191E+00  5.8639E-01  8.8240E+00
0000237 7.1777E-01  1.7787E+02  1.2643E+01  7.2917E+00  5.8287E-01  8.6967E+00
0000237 6.9472E-01  1.8824E+02  9.2778E+00  8.8937E+00  5.7343E-01  2.3054E+01
0000237 6.7411E-01  1.9802E+02  4.3959E+00  9.3743E+00  5.6486E-01  8.0589E+00
0000237 6.5098E-01  2.0715E+02 -1.4525E+00  1.0093E+01  5.5508E-01  1.0853E+01
0000237 4.0449E-01  2.1541E+02 -8.2767E+00  1.1284E+01  4.3755E-01  2.3452E+02
0000237 1.6005E-01  2.2420E+02 -9.1145E+00  1.5257E+01  2.7524E-01  2.3597E+02
0000237 8.7703E-02  2.2656E+02 -1.3545E+01  2.1422E+01  2.0374E-01  7.2347E+01
0000237 7.9138E-02  2.2972E+02 -1.9758E+01  2.2479E+01  1.9354E-01  5.6922E+00
0000237 6.8857E-02  2.3115E+02 -3.3274E+01  2.3450E+01  1.8053E-01  3.9321E+00
0000237 5.6034E-02  2.3030E+02 -3.9767E+01  2.4996E+01  1.6286E-01  1.0394E+01
0000237 4.8827E-02  2.3159E+02 -4.5399E+01  2.7907E+01  1.5202E-01  7.2068E+00
0000237 1.9695E-02  2.3403E+02 -4.9445E+01  3.2079E+01  9.6550E-02  2.7215E+01
0000237 3.3528E-03  2.3292E+02 -6.4680E+01  3.2639E+01  3.9836E-02  1.0787E+01
0000237 0.0000E+00  2.3892E+02 -6.8894E+01  3.0510E+01  0.0000E+00  2.3369E+00
0000238 2.0000E+00  0.0000E+00  0.0000E+00  0.0000E+00  9.7295E-01  0.0000E+00
0000238 1.8828E+00  3.9702E+00  0.0000E+00  0.0000E+00  9.4401E-01  1.0951E+02
0000238 1.8752E+00  7.8299E+00  2.4635E-01 -8.9746E-01  9.4211E-01  6.7548E-02
0000238 1.8148E+00  1.8653E+01  9.3474E-01 -3.4826E+00  9.2680E-01  3.9428E+01
0000238 1.5418E+00  3.2335E+01  2.1456E+00 -4.7186E+00  8.5427E-01  2.4738E+02
0000238 1.5068E+00  4.4800E+01 -1.4302E+00 -7.3994E+00  8.4452E-01  1.2352E+01
0000238 1.4281E+00  7.0163E+01 -7.0874E+00 -1.1482E+01  8.2217E-01  4.9851E+01
0000238 1.3567E+00  8.1818E+01 -1.0942E+01 -1.5743E+01  8.0136E-01  5.0034E+01
0000238 5.7348E-01  9.4187E+01 -1.3081E+01 -1.8404E+01  5.2100E-01  7.8327E+02
0000238 5.5933E-01  9.8919E+01 -1.5267E+01 -2.7486E+01  5.1453E-01  3.2379E+00
0000238 5.2226E-01  1.0429E+02 -1.7570E+01 -3.6106E+01  4.9719E-01  3.7067E+01
0000238 5.1274E-01  1.0919E+02 -2.2331E+01 -4.3747E+01  4.9263E-01  9.5205E+00
0000238 4.4023E-01  1.1323E+02 -2.6381E+01 -5.2203E+01  4.5648E-01  7.2506E+01
0000238 4.1663E-01  1.2014E+02 -2.8513E+01 -5.8922E+01  4.4407E-01  1.4595E+01
0000238 3.4697E-01  1.2763E+02 -3.1692E+01 -6.4279E+01  4.0525E-01  6.1000E+01
0000238 3.2643E-01  1.3240E+02 -3.7482E+01 -6.9886E+01  3.9307E-01  2.0540E+01
0000238 2.9992E-01  1.3646E+02 -4.4747E+01 -7.3898E+01  3.7677E-01  2.6518E+01
0000238 2.0583E-01  1.4184E+02 -4.9990E+01 -7.8977E+01  3.1212E-01  9.4088E+01
0000238 1.9968E-01  1.4675E+02 -5.6776E+01 -7.9163E+01  3.0742E-01  6.1512E+00
0000238 1.2968E-01  1.5263E+02 -6.2654E+01 -7.8774E+01  2.4775E-01  6.9998E+01
0000238 5.9076E-02  1.5952E+02 -6.4623E+01 -8.1347E+01  1.6722E-01  7.0602E+01
0000238 1.0148E-02  1.6490E+02 -6.6800E+01 -7.8337E+01  6.9304E-02  4.6743E+01
0000238 4.8144E-03  1.6419E+02 -6.8500E+01 -7.3924E+01  4.7736E-02  4.6705E+00
0000238 0.0000E+00  1.7093E+02 -6.3165E+01 -6.7870E+01  0.0000E+00  9.0745E-01
0000239 2.0000E+00  0.0000E+00  0.0000E+00  0.0000E+00  9.7295E-01  0.0000E+00
0000239 1.7807E+00  8.3983E+00  5.1333E-02  7.8091E-02  9.1807E-01  2.1836E+02
0000239 1.2323E+00  1.4794E+01 -1.5465E+00 -1.2762E+00  7.6371E-01  5.3611E+02
0000239 1.2035E+00  2.3024E+01 -5.3375E+00 -9.9367E+00  7.5474E-01  9.6460E+00
0000239 1.1814E+00  3.1204E+01 -8.0640E+00 -1.8935E+01  7.4777E-01  3.3020E+00
0000239 1.1765E+00  3.8861E+01 -1.0726E+01 -2.8327E+01  7.4623E-01  4.8723E+00
0000239 1.1657E+00  4.6640E+01 -1.2604E+01 -3.7792E+01  7.4279E-01  1.0811E+01
0000239 1.1339E+00  5.4462E+01 -1.5610E+01 -4.6886E+01  7.3258E-01  1.3455E+01
0000239 1.1259E+00  6.1165E+01 -1.8681E+01 -5.6712E+01  7.3001E-01  7.9543E+00
0000239 1.1163E+00  6.6979E+01 -2.1782E+01 -6.7055E+01  7.2687E-01  9.6524E+00
0000239 1.0711E+00  7.2441E+01 -2.3883E+01 -7.7803E+01  7.1203E-01  2.7340E+01
0000239 1.0454E+00  7.9247E+01 -2.6761E+01 -8.7406E+01  7.0343E-01  8.4423E+00
0000239 1.0301E+00  8.6647E+01 -2.8789E+01 -9.6694E+01  6.9826E-01  1.5314E+01
0000239 9.8828E-01  9.4077E+01 -2.9363E+01 -1.0611E+02  6.8394E-01  2.5073E+01
0000239 9.2099E-01  1.0164E+02 -2.8082E+01 -1.1519E+02  6.6024E-01  6.7291E+01
0000239 4.0632E-01  1.0716E+02 -2.8822E+01 -1.2546E+02  4.3854E-01  4.9923E+02
0000239 2.7798E-01  1.0460E+02 -3.2761E+01 -1.3394E+02  3.6273E-01  1.1984E+02
0000239 2.5948E-01  1.0411E+02 -4.0182E+01 -1.3888E+02  3.5045E-01  1.2024E+01
0000239 2.4495E-01  1.0219E+02 -4.7902E+01 -1.4263E+02  3.4050E-01  8.3687E+00
0000239 2.2923E-01  9.8813E+01 -5.5209E+01 -1.4589E+02  3.2939E-01  1.5716E+01
0000239 6.2104E-02  9.7574E+01 -6.2851E+01 -1.4956E+02  1.7145E-01  1.6713E+02
0000239 5.7687E-02  9.6729E+01 -6.8301E+01 -1.4594E+02  1.6524E-01  2.1544E+00
0000239 4.5403E-02  9.6100E+01 -7.2923E+01 -1.4140E+02  1.4659E-01  1.0135E+01
0000239 3.2170E-02  9.4509E+01 -7.5138E+01 -1.3581E+02  1.2340E-01  1.3233E+01
0000239 9.3245E-03  9.1251E+01 -7.8905E+01 -1.3276E+02  6.6434E-02  2.2845E+01
0000239 0.0000E+00  7.4552E+01 -8.8235E+01 -1.2640E+02  0.0000E+00  3.5599E-01
0000240 2.0000E+00  0.0000E+00  0.0000E+00  0.0000E+00  9.7295E-01  0.0000E+00
0000240 1.9871E+00  7.9404E+00 -1.2064E-02  5.0470E-03  9.6980E-01  5.1963E+00
0000240 1.9728E+00  1.1905E+01 -1.8446E-01  1.3413E-01  9.6630E-01  6.6049E+00
0000240 7.3232E-01  2.5913E+01 -9.1340E-01  1.3954E+00  5.8874E-01  1.2132E+03
0000240 9.1737E-03  3.1858E+01 -8.4531E+00  6.9192E+00  6.5894E-02  7.2315E+02
0000240 0.0000E+00  4.0241E+01  2.1075E+00  2.2082E+01  0.0000E+00  1.2714E+00
0000241 2.0000E+00  0.0000E+00  0.0000E+00  0.0000E+00  9.7295E-01  0.0000E+00
0000241 1.9200E+00  8.5084E+00  2.0886E-02  1.0886E-02  9.5330E-01  7.1071E+01
0000241 1.9048E+00  1.2410E+01 -2.6950E-01  7.0465E-01  9.4950E-01  1.5278E+01
0000241 1.3084E+00  2.5872E+01 -2.3402E+00  3.7654E+00  7.8695E-01  5.9636E+02
0000241 1.2124E+00  3.5243E+01 -1.0869E+01  4.8612E+00  7.5754E-01  9.5975E+01
0000241 1.2079E+00  4.6341E+01 -1.6422E+01  6.2344E+00  7.5613E-01  4.4987E+00
0000241 1.1119E+00  5.7346E+01 -2.2255E+01  6.9068E+00  7.2545E-01  9.6027E+01
0000241 7.0154E-01  6.8966E+01 -2.5621E+01  5.1363E+00  5.7624E-01  4.1037E+02
0000241 6.7429E-01  7.8903E+01 -2.1677E+01  2.6889E+00  5.6494E-01  2.7244E+01
0000241 6.5651E-01  8.8522E+01 -1.6656E+01  2.0918E+00  5.5744E-01  5.4988E+00
0000241 6.3804E-01  9.7630E+01 -1.0956E+01  9.8729E-01  5.4954E-01  6.4278E+00
0000241 6.2205E-01  1.0608E+02 -4.5183E+00 -5.4372E-01  5.4261E-01  4.1975E+00
0000241 5.7727E-01  1.1397E+02  2.5473E+00 -1.8099E+00  5.2272E-01  4.4782E+01
0000241 5.6532E-01  1.2247E+02  7.7114E+00 -5.1374E+00  5.1728E-01  1.1953E+01
0000241 5.1389E-01  1.3043E+02  1.3992E+01 -7.6015E+00  4.9319E-01  5.1428E+01
0000241 5.0055E-01  1.3608E+02  2.1309E+01 -1.1949E+01  4.8675E-01  3.2592E+00
0000241 4.6554E-01  1.4227E+02  2.8423E+01 -1.5713E+01  4.6941E-01  3.5011E+01
0000241 3.3951E-01  1.4980E+02  3.4804E+01 -1.7259E+01  4.0087E-01  1.1665E+02
0000241 2.1408E-01  1.5376E+02  4.1462E+01 -2.2437E+01  3.1832E-01  1.1797E+02
0000241 2.0528E-01  1.6097E+02  4.3727E+01 -2.6215E+01  3.1171E-01  8.7960E+00
0000241 1.3909E-01  1.7383E+02  4.9281E+01 -3.5275E+01  2.5658E-01  6.3007E+01
0000241 1.2432E-01  1.7798E+02  5.5363E+01 -3.7618E+01  2.4257E-01  1.4767E+01
0000241 1.0947E-01  1.8201E+02  6.1746E+01 -3.7451E+01  2.2762E-01  1.4853E+01
0000241 3.1115E-02  1.8440E+02  6.8458E+01 -3.9308E+01  1.2136E-01  7.4999E+01
0000241 2.3766E-02  1.8506E+02  7.0150E+01 -4.4822E+01  1.0606E-01  5.9404E+00
0000241 1.6601E-02  1.8569E+02  6.9226E+01 -5.0240E+01  8.8642E-02  7.1650E+00
0000241 9.7390E-03  1.8131E+02  7.3025E+01 -5.8170E+01  6.7894E-02  2.8706E+00
0000241 0.0000E+00  1.7421E+02  7.7457E+01 -6.1226E+01  0.0000E+00  6.3958E+00
0000242 2.0000E+00  0.0000E+00  0.0000E+00  0.0000E+00  9.7295E-01  0.0000E+00
0000242 1.7667E+00  1.8034E+01 -1.7013E-01  1.7995E-02  9.1444E-01  1.9797E+02
0000242 1.7590E+00  2.1798E+01 -4.1502E-01 -1.2214E+00  9.1245E-01  4.2303E-01
0000242 1.4775E+00  3.4833E+01 -1.1606E+00 -5.3159E+00  8.3626E-01  2.5652E+02
0000242 1.4281E+00  4.7640E+01 -3.8052E+00 -4.4856E+00  8.2216E-01  2.7476E+01
0000242 1.3492E+00  5.9956E+01 -7.9471E+00 -4.5258E+00  7.9913E-01  5.7526E+01
0000242 1.2284E+00  7.2432E+01 -1.0202E+01 -6.3894E+00  7.6250E-01  1.2085E+02
0000242 1.1834E+00  8.4437E+01 -8.9366E+00 -9.7272E+00  7.4841E-01  2.5899E+01
0000242 1.1773E+00  9.6286E+01 -6.1132E+00 -1.2112E+01  7.4647E-01  6.1211E+00
0000242 1.1685E+00  1.0783E+02 -2.7586E+00 -1.5145E+01  7.4370E-01  8.7115E+00
0000242 1.1399E+00  1.1944E+02 -3.5156E-01 -1.8662E+01  7.3453E-01  1.0259E+01
0000242 8.5764E-01  1.3056E+02  2.2884E+00 -2.3210E+01  6.3713E-01  2.6418E+02
0000242 8.3255E-01  1.3993E+02  8.9405E+00 -2.3637E+01  6.2774E-01  2.5089E+01
0000242 8.0565E-01  1.4854E+02  1.6332E+01 -2.2404E+01  6.1752E-01  1.2564E+01
0000242 6.8644E-01  1.5771E+02  2.2973E+01 -2.2228E+01  5.7000E-01  1.1921E+02
0000242 6.6805E-01  1.6495E+02  3.0253E+01 -2.5928E+01  5.6232E-01  5.9487E+00
0000242 6.3015E-01  1.7147E+02  3.7709E+01 -3.0341E+01  5.4613E-01  2.5709E+01
0000242 4.8711E-01  1.7766E+02  4.3919E+01 -3.6472E+01  4.8016E-01  1.3135E+02
0000242 4.7384E-01  1.7933E+02  5.2126E+01 -4.2103E+01  4.7358E-01  3.5737E+00
0000242 2.6093E-01  1.8181E+02  6.0003E+01 -4.7796E+01  3.5143E-01  2.1291E+02
0000242 1.7910E-01  1.8903E+02  6.4669E+01 -4.9711E+01  2.9116E-01  7.5641E+01
0000242 1.1803E-01  1.9492E+02  6.9559E+01 -4.6960E+01  2.3636E-01  6.1068E+01
0000242 1.0513E-01  1.9872E+02  7.1655E+01 -4.0872E+01  2.2307E-01  1.2905E+01
0000242 5.1693E-02  2.0385E+02  7.4706E+01 -3.6655E+01  1.5642E-01  5.0177E+01
0000242 3.7866E-02  2.1021E+02  7.4552E+01 -3.6416E+01  1.3388E-01  1.3827E+01
0000242 2.2451E-02  2.1522E+02  7.2601E+01 -3.3709E+01  1.0308E-01  1.5415E+01
0000242 1.8239E-02  2.2061E+02  7.3537E+01 -3.3638E+01  9.2914E-02  3.0826E+00
0000242 5.4299E-03  2.3014E+02  7.0244E+01 -3.3013E+01  5.0696E-02  8.7798E+00
0000242 0.0000E+00  2.3835E+02  6.3488E+01 -4.2007E+01  0.0000E+00  8.8940E-01
0000243 2.0000E+00  0.0000E+00  0.0000E+00  0.0000E+00  9.7295E-01  0.0000E+00
0000243 1.9868E+00  1.1910E+01 -2.3082E-02 -7.7529E-02  9.6974E-01  1.2896E+01
0000243 1.3599E+00  2.5962E+01 -4.2092E-01 -1.2909E+00  8.0227E-01  5.9959E+02
0000243 1.3336E+00  3.7032E+01  5.8389E+00  4.7156E-01  7.9449E-01  5.6401E+00
0000243 1.3018E+00  4.8145E+01  1.2076E+01  1.4017E+00  7.8495E-01  3.1845E+01
0000243 1.2509E+00  6.0028E+01  1.6514E+01  2.0674E+00  7.6946E-01  5.0865E+01
0000243 1.2428E+00  7.2334E+01  1.8986E+01  1.2239E+00  7.6698E-01  8.0602E+00
0000243 1.2355E+00  8.4697E+01  2.1200E+01  1.3552E+00  7.6470E-01  7.3804E+00
0000243 1.2090E+00  9.6896E+01  2.3970E+01  2.2620E+00  7.5647E-01  7.2516E+00
0000243 8.6114E-01  1.0885E+02  2.7522E+01  2.6515E+00  6.3843E-01  3.4789E+02
0000243 8.2269E-01  1.1868E+02  2.7906E+01  8.6239E+00  6.2401E-01  2.3755E+01
0000243 5.0154E-01  1.2851E+02  2.6417E+01  1.4148E+01  4.8722E-01  3.0695E+02
0000243 4.7601E-01  1.3741E+02  3.0951E+01  1.6011E+01  4.7466E-01  1.5630E+01
0000243 3.2512E-01  1.4605E+02  3.6071E+01  1.6179E+01  3.9228E-01  1.4136E+02
0000243 2.9959E-01  1.5065E+02  4.3524E+01  1.3262E+01  3.7657E-01  2.5524E+01
0000243 1.8198E-01  1.5395E+02  5.0288E+01  8.2037E+00  2.9349E-01  1.1761E+02
0000243 1.5801E-01  1.5985E+02  5.1891E+01  2.7914E+00  2.7347E-01  2.3973E+01
0000243 1.4626E-01  1.6350E+02  5.5302E+01 -3.3663E+00  2.6311E-01  7.4128E+00
0000243 1.1799E-01  1.6836E+02  5.7554E+01 -9.0453E+00  2.3632E-01  2.4160E+01
0000243 1.0781E-01  1.7367E+02  5.6640E+01 -1.4223E+01  2.2590E-01  6.6447E+00
0000243 6.6958E-02  1.7998E+02  5.6120E+01 -1.7948E+01  1.7802E-01  4.0856E+01
0000243 3.3030E-02  1.8242E+02  5.5918E+01 -2.4173E+01  1.2503E-01  3.1545E+01
0000243 2.9451E-02  1.8731E+02  5.3884E+01 -2.6696E+01  1.1807E-01  3.5795E+00
0000243 1.4782E-02  1.9506E+02  5.4736E+01 -3.4172E+01  8.3645E-02  6.4192E+00
0000243 8.1678E-03  1.9860E+02  5.6894E+01 -4.3106E+01  6.2177E-02  3.9653E+00
0000243 0.0000E+00  2.0287E+02  6.6661E+01 -4.6104E+01  0.0000E+00  8.9666E-01
0000244 2.0000E+00  0.0000E+00  0.0000E+00  0.0000E+00  9.7295E-01  0.0000E+00
0000244 1.9820E+00  7.9405E+00  3.2451E-03 -1.1665E-02  9.6855E-01  2.5951E+00
0000244 1.9742E+00  1.1908E+01  1.3527E-01  4.0080E-02  9.6667E-01  1.6473E-02
0000244 1.3730E+00  2.5985E+01  6.3700E-01  2.0031E-01  8.0614E-01  5.7400E+02
0000244 1.3605E+00  3.7004E+01 -5.7053E+00  2.1954E+00  8.0246E-01  1.2535E+01
0000244 9.6064E-01  4.7900E+01 -1.1711E+01  5.3672E+00  6.7430E-01  3.7923E+02
0000244 9.1044E-01  5.3243E+01 -1.9891E+01  1.1996E+01  6.5645E-01  5.0198E+01
0000244 8.8183E-01  6.0641E+01 -2.7374E+01  1.7013E+01  6.4605E-01  1.3306E+01
0000244 8.5442E-01  6.8879E+01 -3.3713E+01  2.2092E+01  6.3594E-01  2.7405E+01
0000244 8.3465E-01  7.7803E+01 -3.8216E+01  2.7745E+01  6.2853E-01  5.1716E+00
0000244 7.7286E-01  8.7152E+01 -4.1974E+01  3.3123E+01  6.0482E-01  4.7429E+01
0000244 3.1254E-01  9.6043E+01 -4.7785E+01  3.6729E+01  3.8462E-01  4.4675E+02
0000244 3.0939E-01  9.8843E+01 -4.9541E+01  4.5264E+01  3.8267E-01  3.1554E+00
0000244 1.6458E-01  1.0249E+02 -5.1094E+01  5.3493E+01  2.7910E-01  1.3782E+02
0000244 1.5513E-01  1.0385E+02 -5.7375E+01  5.8249E+01  2.7097E-01  4.9801E+00
0000244 8.6197E-03  1.0385E+02 -6.3468E+01  6.3276E+01  6.3874E-02  1.4651E+02
0000244 0.0000E+00  9.6847E+01 -7.1742E+01  7.0177E+01  0.0000E+00  4.3733E-01
0000245 2.0000E+00  0.0000E+00  0.0000E+00  0.0000E+00  9.7295E-01  0.0000E+00
0000245 1.9748E+00  1.3718E+01 -1.1751E-02  2.7018E-03  9.6681E-01  5.9258E+00
0000245 1.3847E+00  2.7789E+01  6.8243E-01 -3.1371E-02  8.0958E-01  5.9007E+02
0000245 1.3365E+00  3.8840E+01 -3.9115E+00  4.7724E+00  7.9536E-01  2.7332E+01
0000245 6.9819E-01  5.0061E+01 -9.1845E+00  7.8905E+00  5.7486E-01  6.1801E+02
0000245 6.5515E-01  5.4272E+01 -1.9287E+01  8.3744E+00  5.5686E-01  3.0435E+01
0000245 3.3374E-01  5.9813E+01 -2.8324E+01  1.0417E+01  3.9745E-01  3.2142E+02
0000245 3.2342E-01  6.0078E+01 -3.6887E+01  6.8392E+00  3.9125E-01  2.9399E+00
0000245 3.1307E-01  6.1211E+01 -4.5303E+01  3.2479E+00  3.8494E-01  3.1362E+00
0000245 2.9610E-01  6.2714E+01 -5.3251E+01 -1.0417E+00  3.7437E-01  9.9158E+00
0000245 2.8262E-01  6.5627E+01 -6.0434E+01 -5.7061E+00  3.6574E-01  6.7133E+00
0000245 2.7299E-01  6.9721E+01 -6.7310E+01 -9.7286E+00  3.5946E-01  3.0713E+00
0000245 2.5960E-01  7.3796E+01 -7.4555E+01 -1.2882E+01  3.5053E-01  1.3392E+01
0000245 1.9912E-01  7.8047E+01 -8.2157E+01 -1.4103E+01  3.0700E-01  6.0480E+01
0000245 1.5751E-01  8.3456E+01 -8.7961E+01 -1.1607E+01  2.7304E-01  3.6502E+01
0000245 1.3460E-01  8.8057E+01 -9.1620E+01 -6.2929E+00  2.5241E-01  2.2909E+01
0000245 8.5742E-02  9.3493E+01 -9.6374E+01 -3.6914E+00  2.0145E-01  4.4987E+01
0000245 3.5132E-02  1.0040E+02 -9.7112E+01 -2.7071E+00  1.2895E-01  4.7782E+01
0000245 1.4597E-02  1.0482E+02 -9.3184E+01 -3.2220E+00  8.3122E-02  2.0534E+01
0000245 7.8241E-03  1.0974E+02 -9.3613E+01 -2.0319E+00  6.0854E-02  5.9283E+00
0000245 0.0000E+00  1.1661E+02 -1.0806E+02  4.2662E-01  0.0000E+00  3.6708E+00
0000246 2.0000E+00  0.0000E+00  0.0000E+00  0.0000E+00  9.7295E-01  0.0000E+00
0000246 1.4258E+00  1.7012E+01  9.0342E-03  9.7033E-02  8.2150E-01  5.4101E+02
0000246 1.4193E+00  2.0397E+01  1.9452E+00 -6.4884E-01  8.1962E-01  1.7163E-02
0000246 1.3889E+00  3.1435E+01  8.3111E+00 -3.0899E+00  8.1079E-01  9.1366E+00
0000246 1.3630E+00  4.2892E+01  1.3981E+01 -4.8662E+00  8.0320E-01  4.9437E+00
0000246 1.3372E+00  5.4061E+01  1.9824E+01 -7.3431E+00  7.9556E-01  5.1923E+00
0000246 1.3127E+00  6.4859E+01  2.6313E+01 -9.5306E+00  7.8823E-01  4.1783E+00
0000246 1.1257E+00  7.5542E+01  3.2609E+01 -1.2403E+01  7.2995E-01  1.6686E+02
0000246 5.0053E-01  8.4275E+01  4.1197E+01 -1.1812E+01  4.8673E-01  6.0730E+02
0000246 2.5766E-01  9.0923E+01  4.4656E+01 -1.8664E+01  3.4922E-01  2.3298E+02
0000246 1.5704E-01  9.9627E+01  4.4379E+01 -1.9791E+01  2.7264E-01  9.4487E+01
0000246 1.4306E-01  1.0519E+02  4.2847E+01 -2.5216E+01  2.6021E-01  9.6675E+00
0000246 1.3721E-01  1.0930E+02  4.2099E+01 -3.1766E+01  2.5484E-01  5.8430E+00
0000246 7.1766E-02  1.1454E+02  4.1980E+01 -3.7415E+01  1.8430E-01  6.5447E+01
0000246 4.3166E-02  1.2131E+02  4.2093E+01 -3.7832E+01  1.4294E-01  2.8601E+01
0000246 3.7008E-02  1.2630E+02  3.9680E+01 -3.5148E+01  1.3235E-01  4.3960E+00
0000246 1.5968E-02  1.2990E+02  3.7272E+01 -3.1011E+01  8.6936E-02  2.1040E+01
0000246 8.2883E-03  1.2315E+02  2.9381E+01 -2.1454E+01  6.2634E-02  1.3212E+00
0000246 0.0000E+00  1.2243E+02  3.4188E+01 -1.0089E+01  0.0000E+00  1.0241E+00
0000247 2.0000E+00  0.0000E+00  0.0000E+00  0.0000E+00  9.7295E-01  0.0000E+00
0000247 1.9536E+00  1.4595E+01 -3.9020E-02  9.4431E-03  9.6160E-01  2.5683E+01
0000247 1.9434E+00  1.8541E+01  3.8231E-01 -1.0754E-01  9.5908E-01  2.6147E+00
0000247 1.9121E+00  3.2533E+01  1.3753E+00 -3.9338E-01  9.5133E-01  4.3538E+00
0000247 1.8630E+00  4.6493E+01  1.7359E+00 -8.9773E-01  9.3904E-01  4.9088E+01
0000247 9.5461E-01  6.0274E+01  1.5663E+00  7.6721E-01  6.7219E-01  8.8233E+02
0000247 9.1866E-01  6.9480E+01  7.1883E+00 -3.9887E+00  6.5941E-01  2.0107E+01
0000247 8.5553E-01  7.8127E+01  1.2027E+01 -1.0176E+01  6.3634E-01  4.7724E+01
0000247 8.4316E-01  8.7576E+01  1.7422E+01 -1.3860E+01  6.3173E-01  1.2369E+01
0000247 8.1835E-01  9.7677E+01  2.2068E+01 -1.6584E+01  6.2237E-01  1.0340E+01
0000247 6.9362E-01  1.0741E+02  2.6435E+01 -2.0501E+01  5.7298E-01  1.1058E+02
0000247 6.5167E-01  1.1610E+02  2.7646E+01 -2.7036E+01  5.5538E-01  4.1955E+01
0000247 5.8043E-01  1.2574E+02  2.7037E+01 -3.1824E+01  5.2415E-01  7.1235E+01
0000247 4.8993E-01  1.3616E+02  2.6865E+01 -3.3146E+01  4.8155E-01  9.0499E+01
0000247 8.9491E-02  1.4575E+02  2.9750E+01 -3.1754E+01  2.0581E-01  3.9071E+02
0000247 3.4804E-02  1.5063E+02  2.4734E+01 -3.2788E+01  1.2835E-01  5.4688E+01
0000247 2.6925E-02  1.5431E+02  2.2293E+01 -2.8842E+01  1.1289E-01  7.8782E+00
0000247 1.8184E-02  1.5943E+02  2.1718E+01 -2.6507E+01  9.2772E-02  7.4646E+00
0000247 7.2644E-03  1.6457E+02  1.4591E+01 -1.4426E+01  5.8637E-02  5.4276E+00
0000247 0.0000E+00  1.6051E+02  1.9858E+01 -6.0703E+00  0.0000E+00  2.0109E+00
0000248 2.0000E+00  0.0000E+00  0.0000E+00  0.0000E+00  9.7295E-01  0.0000E+00
0000248 1.9657E+00  1.9702E+01 -8.7586E-02 -4.5352E-02  9.6456E-01  3.3059E+00
0000248 1.9241E+00  3.3764E+01  3.2093E-01 -3.4850E-01  9.5432E-01  1.4375E+01
0000248 1.8908E+00  4.7688E+01  1.6659E+00  1.0474E-01  9.4602E-01  6.6015E+00
0000248 1.7788E+00  6.1568E+01  2.8326E+00 -2.4762E-01  9.1757E-01  1.1201E+02
0000248 1.7579E+00  8.7842E+01  7.9323E+00  5.7350E+00  9.1216E-01  1.6123E+01
0000248 1.4210E+00  1.0101E+02  1.1099E+01  7.6648E+00  8.2013E-01  3.1185E+02
0000248 1.0853E+00  1.1354E+02  1.1796E+01  4.3501E+00  7.1671E-01  3.3578E+02
0000248 1.0639E+00  1.2233E+02  1.1642E+01 -4.0413E+00  7.0962E-01  3.9418E+00
0000248 8.8680E-01  1.3157E+02  1.1416E+01 -1.1848E+01  6.4787E-01  1.5993E+02
0000248 7.7465E-01  1.4198E+02  8.4243E+00 -1.5972E+01  6.0552E-01  9.7141E+01
0000248 7.5627E-01  1.5231E+02  9.3067E+00 -2.0268E+01  5.9829E-01  4.7885E+00
0000248 7.4848E-01  1.7300E+02  1.2656E+01 -2.7868E+01  5.9520E-01  4.2092E+00
0000248 2.6816E-01  1.8315E+02  1.3880E+01 -3.2273E+01  3.5627E-01  4.8031E+02
0000248 4.6805E-02  1.8874E+02  7.4127E+00 -3.4578E+01  1.4884E-01  2.2136E+02
0000248 3.8408E-02  1.9480E+02  8.8285E+00 -3.3902E+01  1.3483E-01  8.3971E+00
0000248 1.4562E-02  2.0385E+02  1.1804E+01 -2.6837E+01  8.3022E-02  2.0137E+01
0000248 2.6996E-03  2.1362E+02  1.1988E+01 -2.5684E+01  3.5746E-02  8.5906E+00
0000248 0.0000E+00  2.1788E+02  7.9404E+00 -2.1903E+01  0.0000E+00  1.1168E+00
0000249 2.0000E+00  0.0000E+00  0.0000E+00  0.0000E+00  9.7295E-01  0.0000E+00
0000249 1.9890E+00  3.7875E+01  1.1733E+00  4.1279E-01  9.7026E-01  5.3534E+00
0000249 1.9690E+00  5.1880E+01  2.7812E+00  1.0902E+00  9.6539E-01  1.9943E+01
0000249 1.9384E+00  6.5917E+01  3.6921E+00  5.3848E-01  9.5786E-01  3.4104E+00
0000249 1.8951E+00  7.9845E+01  4.9452E+00 -4.8320E-01  9.4708E-01  1.6515E+01
0000249 1.8399E+00  9.3625E+01  5.4221E+00 -2.5413E+00  9.3319E-01  5.5177E+01
0000249 1.4575E+00  1.0679E+02  5.2097E+00 -6.7940E+00  8.3057E-01  3.5702E+02
0000249 6.0091E-01  1.1948E+02  8.1026E+00 -5.7337E+00  5.3331E-01  8.3486E+02
0000249 5.9182E-01  1.2587E+02  1.3412E+01 -1.2295E+01  5.2926E-01  9.0864E+00
0000249 5.7664E-01  1.3317E+02  1.8488E+01 -1.7964E+01  5.2243E-01  4.0201E+00
0000249 5.5151E-01  1.3978E+02  2.3988E+01 -2.3963E+01  5.1092E-01  1.4170E+01
0000249 2.4186E-01  1.4532E+02  3.0707E+01 -2.9611E+01  3.3835E-01  2.9904E+02
0000249 2.2204E-01  1.4298E+02  3.6765E+01 -3.5346E+01  3.2418E-01  1.3962E+01
0000249 1.5709E-01  1.4256E+02  4.2306E+01 -4.1790E+01  2.7268E-01  5.9433E+01
0000249 5.2314E-02  1.4604E+02  4.5574E+01 -4.8114E+01  1.5736E-01  1.0477E+02
0000249 2.2140E-02  1.4347E+02  4.5933E+01 -5.3953E+01  1.0237E-01  3.0173E+01
0000249 4.3759E-03  1.3948E+02  4.9119E+01 -5.5893E+01  4.5510E-02  1.7764E+01
0000249 0.0000E+00  1.3350E+02  5.6841E+01 -5.2531E+01  0.0000E+00  9.3132E-01
0000250 2.0000E+00  0.0000E+00  0.0000E+00  0.0000E+00  9.7295E-01  0.0000E+00
0000250 1.9513E+00  1.6300E+01 -1.9731E-01 -1.3949E-01  9.6103E-01  2.3931E+01
0000250 1.9163E+00  3.4179E+01  9.5630E-01 -2.0054E+00  9.5238E-01  7.1280E+00
0000250 1.8826E+00  4.8111E+01  1.0811E+00 -3.1651E+00  9.4397E-01  7.0880E+00
0000250 1.8642E+00  6.1898E+01  7.6600E-01 -5.0459E+00  9.3935E-01  1.8393E+01
0000250 1.4200E+00  7.5526E+01 -9.0310E-01 -7.1119E+00  8.1982E-01  4.4423E+02
0000250 1.4156E+00  8.7639E+01 -1.8556E+00 -2.5563E+00  8.1856E-01  4.3646E+00
0000250 1.3673E+00  9.9981E+01 -2.6601E+00  1.3340E+00  8.0448E-01  2.7066E+01
0000250 1.3196E+00  1.1217E+02 -1.6657E+00  5.2873E+00  7.9030E-01  2.7091E+01
0000250 1.2211E+00  1.2412E+02  1.0745E+00  8.7754E+00  7.6025E-01  7.8311E+01
0000250 1.1946E+00  1.3502E+02  6.6324E+00  1.1393E+01  7.5195E-01  2.6490E+01
0000250 8.2830E-01  1.4643E+02  1.1486E+01  1.2387E+01  6.2614E-01  3.6632E+02
0000250 8.1134E-01  1.5507E+02  1.6606E+01  6.9960E+00  6.1969E-01  1.6962E+01
0000250 8.0059E-01  1.6458E+02  2.0471E+01  2.1752E+00  6.1558E-01  1.0743E+01
0000250 7.8343E-01  1.7352E+02  2.4031E+01 -3.7752E+00  6.0894E-01  3.2375E+00
0000250 7.0733E-01  1.8273E+02  2.6941E+01 -9.5535E+00  5.7861E-01  6.2395E+01
0000250 6.9628E-01  1.9041E+02  2.7880E+01 -1.7354E+01  5.7407E-01  1.1053E+01
0000250 5.9063E-01  1.9808E+02  2.7445E+01 -2.5151E+01  5.2873E-01  9.3083E+01
0000250 5.0761E-01  2.0631E+02  2.3744E+01 -3.0608E+01  4.9016E-01  8.3016E+01
0000250 2.5444E-01  2.1198E+02  1.7015E+01 -3.5734E+01  3.4703E-01  2.4790E+02
0000250 2.2638E-01  2.1173E+02  1.3459E+01 -4.3734E+01  3.2734E-01  2.1983E+01
0000250 2.1923E-01  2.0557E+02  8.9400E+00 -5.8952E+01  3.2213E-01  3.6540E+00
0000250 1.9921E-01  2.0291E+02  6.2895E+00 -6.6561E+01  3.0707E-01  2.0025E+01
0000250 1.3538E-01  2.0280E+02  3.6363E+00 -7.4443E+01  2.5313E-01  6.3833E+01
0000250 1.2110E-01  1.9912E+02  3.9287E+00 -8.1178E+01  2.3941E-01  1.0386E+01
0000250 1.1827E-01  1.9412E+02  5.3395E+00 -8.6605E+01  2.3660E-01  2.8296E+00
0000250 3.5667E-02  1.8932E+02  7.8494E+00 -9.1768E+01  1.2993E-01  8.2603E+01
0000250 1.8529E-02  1.8926E+02  1.3472E+01 -9.3715E+01  9.3649E-02  1.5592E+01
0000250 1.1035E-03  1.8885E+02  1.5992E+01 -9.8354E+01  2.2854E-02  1.6434E+01
0000250 0.0000E+00  1.9196E+02  1.7211E+01 -9.8940E+01  0.0000E+00  4.9548E-01
0000251 2.0000E+00  0.0000E+00  0.0000E+00  0.0000E+00  9.7295E-01  0.0000E+00
0000251 1.3052E+00  3.9702E+00  0.0000E+00  0.0000E+00  7.8600E-01  6.8702E+02
0000251 1.2946E+00  7.1841E+00 -1.2060E+00  1.9948E+00  7.8278E-01  4.4264E+00
0000251 8.6946E-01  1.5847E+01 -4.2404E+00  6.6727E+00  6.4151E-01  4.2512E+02
0000251 7.9007E-03  2.3513E+01 -1.7352E+00  1.4913E+01  6.1152E-02  8.4677E+02
0000251 0.0000E+00  2.6104E+01 -5.4651E+00  1.4266E+01  0.0000E+00  7.7497E+00
0000252 2.0000E+00  0.0000E+00  0.0000E+00  0.0000E+00  9.7295E-01  0.0000E+00
0000252 1.9763E+00  8.5601E+00  5.6228E-02  2.3248E-02  9.6717E-01  1.5610E+01
0000252 1.9511E+00  2.0391E+01 -8.0391E-01  3.8872E-01  9.6098E-01  2.5207E+01
0000252 1.7548E+00  3.4198E+01 -3.3750E+00  5.5150E-01  9.1135E-01  1.6934E+02
0000252 1.7483E+00  4.6381E+01 -9.3889E+00 -9.9934E-01  9.0966E-01  6.5248E+00
0000252 1.4418E+00  5.8241E+01 -1.6070E+01 -2.1684E+00  8.2608E-01  2.8163E+02
0000252 7.3732E-01  6.8918E+01 -2.0418E+01 -8.2293E+00  5.9075E-01  6.8292E+02
0000252 7.1381E-01  7.6388E+01 -2.8437E+01 -6.4991E+00  5.8125E-01  2.3517E+01
0000252 6.9443E-01  8.2552E+01 -3.7013E+01 -3.3839E+00  5.7331E-01  6.5778E+00
0000252 6.7366E-01  8.9518E+01 -4.4992E+01 -6.3975E-01  5.6467E-01  8.2268E+00
0000252 6.6817E-01  9.6840E+01 -5.2179E+01  2.9361E+00  5.6237E-01  5.4878E+00
0000252 3.7370E-01  1.0424E+02 -5.8794E+01  7.3041E+00  4.2057E-01  2.8227E+02
0000252 2.6234E-01  1.1368E+02 -6.0032E+01  7.2774E+00  3.5237E-01  1.1137E+02
0000252 1.8079E-01  1.2116E+02 -5.9838E+01  1.1924E+01  2.9253E-01  8.1541E+01
0000252 8.3062E-02  1.2615E+02 -5.5334E+01  1.6544E+01  1.9828E-01  9.7732E+01
0000252 6.9159E-02  1.2798E+02 -4.8607E+01  1.6355E+01  1.8093E-01  1.3903E+01
0000252 5.9339E-02  1.2881E+02 -4.2394E+01  1.8813E+01  1.6759E-01  7.3837E+00
0000252 3.6221E-02  1.3058E+02 -3.6113E+01  1.9231E+01  1.3094E-01  2.2367E+01
0000252 2.9778E-02  1.2955E+02 -3.0773E+01  1.6780E+01  1.1872E-01  4.8803E+00
0000252 1.2949E-02  1.2613E+02 -1.5091E+01  1.9451E+01  7.8287E-02  6.8820E+00
0000252 9.1307E-03  1.3225E+02 -7.5772E+00  1.9721E+01  6.5740E-02  1.1146E+00
0000252 0.0000E+00  1.3698E+02  5.3501E+00  2.5157E+01  0.0000E+00  4.0770E-01
0000253 2.0000E+00  0.0000E+00  0.0000E+00  0.0000E+00  9.7295E-01  0.0000E+00
0000253 1.9668E+00  1.3429E+01 -1.4359E-01 -5.1676E-01  9.6485E-01  8.3387E+00
0000253 1.9513E+00  2.3068E+01 -9.1733E-01 -1.0927E+00  9.6104E-01  1.5510E+01
0000253 1.7790E+00  3.7101E+01 -1.4239E+00 -8.4334E-01  9.1762E-01  1.4536E+02
0000253 1.6189E+00  5.0311E+01  3.3352E-01  2.4291E+00  8.7535E-01  1.3491E+02
0000253 6.6723E-01  6.3611E+01  1.9088E+00  1.8954E+00  5.6197E-01  9.5166E+02
0000253 5.0633E-01  7.0121E+01  3.2761E+00 -6.6647E+00  4.8955E-01  1.4871E+02
0000253 4.8372E-01  7.4720E+01 -1.9501E-01 -1.5058E+01  4.7849E-01  2.2615E+01
0000253 4.7990E-01  8.0983E+01 -3.7852E+00 -2.2089E+01  4.7659E-01  3.8243E+00
0000253 3.8399E-01  8.7874E+01 -7.3680E+00 -2.8480E+01  4.2632E-01  8.6320E+01
0000253 3.6913E-01  9.6713E+01 -8.3162E+00 -3.2032E+01  4.1799E-01  6.6933E+00
0000253 2.9469E-01  1.1507E+02 -1.0460E+01 -3.5929E+01  3.7348E-01  5.8755E+01
0000253 2.2729E-01  1.2224E+02 -1.4212E+01 -3.9955E+01  3.2799E-01  6.0654E+01
0000253 6.6433E-02  1.2603E+02 -1.8336E+01 -4.6415E+01  1.7732E-01  1.5525E+02
0000253 4.3094E-02  1.3171E+02 -2.1775E+01 -4.5725E+01  1.4282E-01  2.3339E+01
0000253 1.9566E-02  1.3510E+02 -2.5022E+01 -4.1729E+01  9.6233E-02  2.3528E+01
0000253 9.8033E-03  1.4526E+02 -2.4371E+01 -4.0501E+01  6.8118E-02  4.8178E+00
0000253 0.0000E+00  1.5162E+02 -1.6160E+01 -3.3352E+01  0.0000E+00  3.6179E+00
0000254 2.0000E+00  0.0000E+00  0.0000E+00  0.0000E+00  9.7295E-01  0.0000E+00
0000254 1.9885E+00  1.3302E+01  4.0404E-02  2.4066E-02  9.7015E-01  1.2904E+00
0000254 1.8948E+00  2.7413E+01 -6.7633E-03 -1.8663E-01  9.4702E-01  6.6304E+01
0000254 1.8696E+00  4.1076E+01 -1.0359E+00 -2.7578E+00  9.4071E-01  2.5197E+01
0000254 1.7501E+00  5.4876E+01 -2.3172E+00 -3.7466E+00  9.1013E-01  9.3400E+01
0000254 1.7210E+00  6.7914E+01 -3.2014E+00 -7.7448E+00  9.0254E-01  4.1968E+00
0000254 1.6786E+00  8.0994E+01 -3.4587E+00 -1.1496E+01  8.9136E-01  4.2399E+01
0000254 1.6432E+00  9.4188E+01 -5.3037E+00 -1.3821E+01  8.8191E-01  3.5390E+01
0000254 1.1897E+00  1.0702E+02 -6.1134E+00 -1.7775E+01  7.5041E-01  4.5352E+02
0000254 1.1750E+00  1.1849E+02 -1.3366E+00 -1.7508E+01  7.4576E-01  1.4702E+01
0000254 1.1425E+00  1.3037E+02  2.1392E+00 -1.7026E+01  7.3538E-01  1.3983E+01
0000254 9.3792E-01  1.4220E+02  5.4248E+00 -1.7892E+01  6.6628E-01  1.8652E+02
0000254 9.2186E-01  1.5230E+02  7.7949E+00 -2.3397E+01  6.6055E-01  1.6063E+01
0000254 8.9542E-01  1.6237E+02  1.1453E+01 -2.8064E+01  6.5101E-01  1.0997E+01
0000254 8.0290E-01  1.7226E+02  1.4121E+01 -3.3531E+01  6.1646E-01  7.7402E+01
0000254 7.5900E-01  1.8129E+02  1.9735E+01 -3.7427E+01  5.9937E-01  4.3898E+01
0000254 7.2036E-01  1.8899E+02  2.4968E+01 -4.3592E+01  5.8392E-01  2.5249E+01
0000254 7.0478E-01  1.9693E+02  2.8299E+01 -5.0498E+01  5.7757E-01  1.5577E+01
0000254 3.7005E-01  2.0362E+02  3.1902E+01 -5.8417E+01  4.1851E-01  3.3473E+02
0000254 1.7941E-01  2.1133E+02  2.8657E+01 -6.2920E+01  2.9140E-01  1.9065E+02
0000254 1.4866E-01  2.1583E+02  2.1903E+01 -6.2304E+01  2.6526E-01  2.5998E+01
0000254 3.0841E-02  2.2723E+02  1.1546E+01 -6.4496E+01  1.2082E-01  1.1350E+02
0000254 1.4405E-02  2.3130E+02  1.2314E+01 -6.8546E+01  8.2571E-02  1.5825E+01
0000254 3.4011E-03  2.3283E+02  9.5852E+00 -7.2540E+01  4.0123E-02  1.0166E+01
0000254 0.0000E+00  2.3298E+02  5.5836E+00 -7.2300E+01  0.0000E+00  2.5561E+00
0000255 2.0000E+00  0.0000E+00  0.0000E+00  0.0000E+00  9.7295E-01  0.0000E+00
0000255 1.9806E+00  3.9702E+00  0.0000E+00  0.0000E+00  9.6821E-01  1.1710E+01
0000255 1.9558E+00  1.6282E+01 -9.2607E-01  1.9585E-01  9.6214E-01  1.7904E+01
0000255 1.3758E+00  2.9527E+01 -1.0621E+00  1.3368E+00  8.0698E-01  5.5439E+02
0000255 1.3478E+00  3.9817E+01  9.7191E-01  8.8045E+00  7.9871E-01  7.2596E+00
0000255 1.2578E+00  4.9763E+01  3.8812E+00  1.6337E+01  7.7158E-01  6.9554E+01
0000255 1.0274E+00  5.7468E+01  7.3196E+00  2.5690E+01  6.9733E-01  2.3041E+02
0000255 9.8421E-01  6.0546E+01  1.3559E+01  3.5464E+01  6.8253E-01  2.6429E+01
0000255 9.6276E-01  6.2821E+01  1.8270E+01  4.6124E+01  6.7505E-01  5.2501E+00
0000255 9.0664E-01  6.4568E+01  2.3623E+01  5.6508E+01  6.5508E-01  4.0169E+01
0000255 8.4309E-01  6.5127E+01  3.0740E+01  6.5709E+01  6.3170E-01  6.3548E+01
0000255 8.1784E-01  6.7058E+01  3.9570E+01  7.2734E+01  6.2217E-01  2.5251E+01
0000255 7.9269E-01  6.8394E+01  4.7105E+01  8.1139E+01  6.1253E-01  2.5148E+01
0000255 7.7544E-01  7.1229E+01  5.5273E+01  8.8389E+01  6.0583E-01  3.4256E+00
0000255 7.4510E-01  7.3771E+01  6.3892E+01  9.5117E+01  5.9386E-01  1.6744E+01
0000255 6.8429E-01  7.5735E+01  7.1474E+01  1.0301E+02  5.6911E-01  4.7595E+01
0000255 6.5402E-01  7.8596E+01  8.0406E+01  1.0858E+02  5.5638E-01  1.7859E+01
0000255 5.9912E-01  8.3047E+01  8.8942E+01  1.1345E+02  5.3252E-01  5.2270E+01
0000255 3.4265E-01  8.9872E+01  9.6301E+01  1.1679E+02  4.0272E-01  2.4521E+02
0000255 3.2677E-01  8.9909E+01  1.0443E+02  1.2137E+02  3.9328E-01  8.3528E+00
0000255 2.5666E-01  8.8842E+01  1.1192E+02  1.2669E+02  3.4854E-01  6.2848E+01
0000255 1.1734E-01  8.5748E+01  1.1994E+02  1.2845E+02  2.3566E-01  1.3932E+02
0000255 9.9304E-02  7.9486E+01  1.2233E+02  1.3174E+02  2.1680E-01  1.6033E+01
0000255 8.8783E-02  7.3359E+01  1.2196E+02  1.3555E+02  2.0499E-01  7.3888E+00
0000255 3.3361E-03  6.6937E+01  1.2022E+02  1.3793E+02  3.9737E-02  8.2550E+01
0000255 0.0000E+00  6.6776E+01  1.2688E+02  1.4128E+02  0.0000E+00  1.2964E+00
0000256 2.0000E+00  0.0000E+00  0.0000E+00  0.0000E+00  9.7295E-01  0.0000E+00
0000256 1.9741E+00  7.9520E+00 -1.1429E-02  2.7597E-02  9.6662E-01  1.0372E+01
0000256 1.9426E+00  2.5955E+01 -4.1981E-01  1.3571E+00  9.5890E-01  4.1502E+00
0000256 1.9056E+00  3.9923E+01 -1.4427E-01  2.6333E+00  9.4972E-01  1.0113E+01
0000256 1.8561E+00  6.7810E+01 -2.0205E-01  3.7668E+00  9.3729E-01  1.9545E+01
0000256 1.8186E+00  8.1654E+01 -8.9785E-01  3.3219E+00  9.2777E-01  1.1495E+01
0000256 1.7382E+00  9.5444E+01 -5.0490E-01  3.0187E+00  9.0705E-01  5.4740E+01
0000256 1.7017E+00  1.0894E+02 -7.1735E-01  5.0305E+00  8.9746E-01  3.6541E+01
0000256 1.5578E+00  1.2244E+02  4.3680E-01  5.6109E+00  8.5869E-01  1.1949E+02
0000256 1.3636E+00  1.3530E+02 -1.0609E+00  8.5771E+00  8.0337E-01  1.9427E+02
0000256 1.3231E+00  1.4700E+02 -6.3479E+00  9.0000E+00  7.9135E-01  1.9858E+01
0000256 1.2985E+00  1.5860E+02 -1.1287E+01  1.0942E+01  7.8398E-01  4.3551E+00
0000256 1.2671E+00  1.7004E+02 -1.6097E+01  1.3595E+01  7.7444E-01  1.1480E+01
0000256 1.1679E+00  1.9169E+02 -2.7181E+01  2.0281E+01  7.4351E-01  7.6093E+01
0000256 1.1006E+00  2.0268E+02 -3.0306E+01  2.5023E+01  7.2174E-01  4.8969E+01
0000256 8.8951E-01  2.1389E+02 -3.0887E+01  2.9792E+01  6.4886E-01  2.1105E+02
0000256 7.9529E-01  2.2151E+02 -3.2991E+01  3.8268E+01  6.1353E-01  7.9177E+01
0000256 6.8321E-01  2.2815E+02 -3.1792E+01  4.7323E+01  5.6866E-01  9.8219E+01
0000256 6.6697E-01  2.3702E+02 -3.2489E+01  5.3625E+01  5.6186E-01  1.6241E+01
0000256 3.3789E-01  2.4600E+02 -3.4732E+01  5.9274E+01  3.9991E-01  3.2908E+02
0000256 1.9917E-01  2.4798E+02 -3.6226E+01  6.8245E+01  3.0704E-01  1.3872E+02
0000256 1.8531E-01  2.4438E+02 -2.9332E+01  8.2813E+01  2.9616E-01  7.4940E+00
0000256 1.6260E-01  2.4121E+02 -2.4872E+01  8.8912E+01  2.7742E-01  2.2711E+01
0000256 9.1155E-02  2.4061E+02 -1.9196E+01  9.4483E+01  2.0771E-01  6.7021E+01
0000256 7.4877E-02  2.4479E+02 -1.4824E+01  9.8206E+01  1.8826E-01  1.6278E+01
0000256 6.7378E-02  2.4622E+02 -1.0395E+01  1.0321E+02  1.7858E-01  7.4990E+00
0000256 3.9718E-02  2.4417E+02 -1.5424E+00  1.1288E+02  1.3711E-01  2.3443E+01
0000256 1.9496E-03  2.4171E+02  9.9431E+00  1.1377E+02  3.0377E-02  3.0275E+01
0000256 0.0000E+00  2.3804E+02  1.0286E+01  1.1355E+02  0.0000E+00  1.2860E+00
0000257 2.0000E+00  0.0000E+00  0.0000E+00  0.0000E+00  9.7295E-01  0.0000E+00
0000257 1.8646E+00  1.6673E+01  7.5548E-02  1.1159E-01  9.3943E-01  1.2732E+02
0000257 1.6632E+00  3.0072E+01  2.9804E+00  2.3050E+00  8.8726E-01  2.0134E+02
0000257 1.3932E+00  4.2428E+01  8.1468E+00  6.5769E-01  8.1205E-01  2.4607E+02
0000257 6.4498E-01  5.2812E+01  1.2364E+01 -5.7602E+00  5.5252E-01  7.2725E+02
0000257 6.0351E-01  6.0074E+01  2.0055E+01 -3.8017E+00  5.3446E-01  4.1471E+01
0000257 5.1019E-01  6.8053E+01  2.7000E+01 -4.3734E+00  4.9141E-01  9.3322E+01
0000257 3.7812E-01  7.4860E+01  3.3767E+01 -9.2625E-01  4.2305E-01  1.2205E+02
0000257 2.8323E-01  7.9597E+01  4.1992E+01 -1.8852E+00  3.6614E-01  9.4884E+01
0000257 2.5630E-01  8.0363E+01  5.0749E+01 -1.4838E-01  3.4830E-01  2.0367E+01
0000257 2.2209E-01  7.9638E+01  5.8755E+01  3.3618E+00  3.2422E-01  3.4218E+01
0000257 1.5199E-01  7.5886E+01  6.5738E+01  6.4547E+00  2.6822E-01  7.0094E+01
0000257 1.4000E-01  7.6774E+01  7.2196E+01  1.0859E+01  2.5742E-01  7.7737E+00
0000257 1.2639E-01  7.9940E+01  8.1469E+01  2.2509E+01  2.4459E-01  3.8062E+00
0000257 1.1987E-01  8.2183E+01  8.4735E+01  2.8969E+01  2.3820E-01  6.5193E+00
0000257 1.0315E-01  8.2919E+01  8.8813E+01  3.5219E+01  2.2096E-01  1.3145E+01
0000257 3.8071E-02  8.3878E+01  9.4560E+01  3.9580E+01  1.3424E-01  6.5083E+01
0000257 2.3127E-02  8.4108E+01  9.4589E+01  4.5597E+01  1.0463E-01  1.3328E+01
0000257 1.6636E-02  8.6905E+01  9.2573E+01  4.9889E+01  8.8735E-02  6.2472E+00
0000257 3.3162E-03  8.9946E+01  9.3461E+01  5.4010E+01  3.9619E-02  1.3320E+01
0000257 0.0000E+00  8.8253E+01  9.5331E+01  5.7109E+01  0.0000E+00  2.7794E+00
0000258 2.0000E+00  0.0000E+00  0.0000E+00  0.0000E+00  9.7295E-01  0.0000E+00
0000258 1.9781E+00  1.7007E+01 -1.2772E-01 -1.0404E-01  9.6760E-01  1.3904E+01
0000258 1.9229E+00  3.4999E+01  1.0372E+00 -1.1896E+00  9.5402E-01  5.4853E+01
0000258 1.9193E+00  4.8578E+01  2.3297E+00 -4.3132E+00  9.5312E-01  3.6205E+00
0000258 1.8799E+00  6.2015E+01  4.1149E+00 -7.7618E+00  9.4328E-01  1.2775E+01
0000258 1.0448E-02  7.5394E+01  6.7915E+00 -1.0488E+01  7.0322E-02  1.8694E+03
0000258 1.3967E-03  7.4636E+01  7.7726E+00 -1.5129E+01  2.5711E-02  8.3755E+00
0000258 0.0000E+00  7.5819E+01  5.2279E+00 -1.7234E+01  0.0000E+00  1.1356E+00
0000259 2.0000E+00  0.0000E+00  0.0000E+00  0.0000E+00  9.7295E-01  0.0000E+00
0000259 1.5095E+00  1.5220E+01  5.4103E-02 -1.6185E-01  8.4525E-01  4.7288E+02
0000259 1.2119E+00  3.8482E+01 -9.9771E+00 -7.3378E+00  7.5739E-01  2.9384E+02
0000259 1.2054E+00  4.9749E+01 -9.3446E+00 -1.2677E+01  7.5533E-01  6.5726E+00
0000259 1.1726E+00  6.1042E+01 -7.8361E+00 -1.7737E+01  7.4500E-01  3.2734E+01
0000259 1.0547E+00  7.1834E+01 -4.3360E+00 -2.2703E+01  7.0654E-01  9.9494E+01
0000259 1.0306E+00  8.0668E+01  2.2361E+00 -2.7654E+01  6.9841E-01  7.0673E+00
0000259 3.5232E-01  8.9380E+01  9.3816E+00 -3.1799E+01  4.0836E-01  6.6147E+02
0000259 3.3701E-01  9.0266E+01  1.8582E+01 -3.0123E+01  3.9939E-01  7.6384E+00
0000259 3.1621E-01  9.5254E+01  3.5857E+01 -2.5592E+01  3.8687E-01  8.4764E+00
0000259 3.0297E-01  9.9318E+01  4.3586E+01 -2.2773E+01  3.7868E-01  1.3238E+01
0000259 2.8801E-01  1.0486E+02  5.0523E+01 -2.0812E+01  3.6921E-01  1.4964E+01
0000259 2.7547E-01  1.0934E+02  5.7390E+01 -1.7124E+01  3.6109E-01  5.9005E+00
0000259 1.3748E-01  1.1285E+02  6.4940E+01 -1.3954E+01  2.5509E-01  1.3798E+02
0000259 8.9917E-02  1.0760E+02  7.3895E+01 -2.8042E+00  2.0630E-01  3.6601E+01
0000259 3.6944E-02  1.0355E+02  7.9332E+01 -7.4706E-01  1.3223E-01  5.2973E+01
0000259 3.5290E-03  1.0510E+02  8.4916E+01  7.6160E-01  4.0870E-02  3.1831E+01
0000259 0.0000E+00  1.0900E+02  8.4920E+01  1.8165E+00  0.0000E+00  2.6131E+00
0000260 2.0000E+00  0.0000E+00  0.0000E+00  0.0000E+00  9.7295E-01  0.0000E+00
0000260 1.9836E+00  7.9320E+00 -9.3124E-02 -2.4255E-01  9.6896E-01  1.0905E-01
0000260 1.9755E+00  1.1892E+01 -2.0460E-01 -5.0803E-01  9.6698E-01  4.0896E-01
0000260 1.9316E+00  2.5956E+01 -4.7155E-01 -1.2940E+00  9.5618E-01  1.6634E+01
0000260 1.2386E+00  3.9931E+01  4.6152E-01 -1.5836E+00  7.6568E-01  6.6621E+02
0000260 1.1753E+00  5.0533E+01 -5.3077E+00  1.8533E+00  7.4584E-01  6.3344E+01
0000260 1.0468E+00  6.0927E+01 -1.2011E+01  2.6137E+00  7.0389E-01  1.1001E+02
0000260 9.3982E-01  6.9301E+01 -1.9782E+01  6.4478E+00  6.6696E-01  1.0696E+02
0000260 7.7455E-01  7.4656E+01 -2.9806E+01  9.4145E+00  6.0548E-01  1.4960E+02
0000260 7.4898E-01  7.5853E+01 -4.0923E+01  1.0368E+01  5.9540E-01  1.1983E+01
0000260 3.7124E-01  7.7020E+01 -5.1988E+01  9.9144E+00  4.1918E-01  3.7774E+02
0000260 3.4410E-01  7.2793E+01 -5.9343E+01  1.4196E+01  4.0357E-01  1.9177E+01
0000260 2.5534E-01  7.0018E+01 -6.7739E+01  1.7219E+01  3.4765E-01  8.1213E+01
0000260 2.2146E-01  6.3759E+01 -7.3778E+01  1.8304E+01  3.2376E-01  3.3881E+01
0000260 2.1647E-01  5.6544E+01 -7.7289E+01  2.1121E+01  3.2009E-01  4.9899E+00
0000260 2.0938E-01  4.9783E+01 -8.0480E+01  2.5089E+01  3.1480E-01  7.0985E+00
0000260 4.1170E-02  4.3509E+01 -8.2763E+01  3.0194E+01  1.3959E-01  1.6291E+02
0000260 3.1468E-02  4.5073E+01 -8.4690E+01  3.5775E+01  1.2204E-01  9.7020E+00
0000260 2.3138E-02  4.4946E+01 -8.8690E+01  3.9996E+01  1.0465E-01  6.9102E+00
0000260 1.7055E-02  4.2754E+01 -9.3155E+01  4.2355E+01  8.9848E-02  5.5110E+00
0000260 3.9408E-03  3.6780E+01 -9.6378E+01  4.9531E+01  4.3189E-02  8.2920E+00
0000260 0.0000E+00  2.9617E+01 -9.8947E+01  4.2206E+01  0.0000E+00  1.4487E+00
0000261 2.0000E+00  0.0000E+00  0.0000E+00  0.0000E+00  9.7295E-01  0.0000E+00
0000261 1.9734E+00  2.1571E+01  2.3230E-02 -2.2310E-01  9.6645E-01  1.8135E+01
0000261 1.9371E+00  3.5604E+01 -1.1669E+00  8.0896E-03  9.5753E-01  9.0393E+00
0000261 1.9054E+00  4.9620E+01 -1.4057E+00  1.0854E-01  9.4966E-01  4.8557E+00
0000261 1.8664E+00  6.3574E+01 -9.9813E-01 -7.2363E-02  9.3988E-01  3.9035E+01
0000261 1.2682E+00  7.7258E+01  5.3147E-01 -1.8858E+00  7.7477E-01  5.7203E+02
0000261 1.2463E+00  8.7006E+01 -8.8281E-01 -9.7790E+00  7.6806E-01  3.8307E+00
0000261 1.1013E+00  9.6395E+01 -1.8541E+00 -1.8078E+01  7.2199E-01  1.2573E+02
0000261 1.0862E+00  1.0747E+02 -3.7572E+00 -2.2832E+01  7.1703E-01  1.5065E+01
0000261 1.0578E+00  1.1812E+02 -7.0217E+00 -2.7690E+01  7.0758E-01  2.8434E+01
0000261 1.0436E+00  1.2941E+02 -1.0097E+01 -3.0693E+01  7.0283E-01  1.4167E+01
0000261 9.3673E-01  1.4109E+02 -1.2190E+01 -3.2779E+01  6.6586E-01  1.0691E+02
0000261 9.1867E-01  1.5095E+02 -1.6350E+01 -3.7587E+01  6.5941E-01  1.8059E+01
0000261 8.1183E-01  1.6154E+02 -1.9793E+01 -4.1122E+01  6.1988E-01  9.1436E+01
0000261 8.0828E-01  1.7160E+02 -2.5029E+01 -4.1435E+01  6.1852E-01  3.5545E+00
0000261 2.8941E-01  1.8140E+02 -3.0654E+01 -4.2335E+01  3.7011E-01  5.0484E+02
0000261 2.7120E-01  1.8343E+02 -3.7131E+01 -4.8250E+01  3.5828E-01  1.8207E+01
0000261 9.0588E-02  1.8476E+02 -4.1976E+01 -5.5569E+01  2.0707E-01  1.8061E+02
0000261 2.3625E-02  1.7983E+02 -4.5900E+01 -5.8840E+01  1.0575E-01  6.6963E+01
0000261 1.8352E-02  1.8129E+02 -5.0102E+01 -6.2120E+01  9.3200E-02  5.2734E+00
0000261 5.6816E-03  1.8430E+02 -5.2223E+01 -6.5916E+01  5.1858E-02  1.2670E+01
0000261 0.0000E+00  1.8651E+02 -5.4638E+01 -7.7889E+01  0.0000E+00  8.5589E-01
0000262 2.0000E+00  0.0000E+00  0.0000E+00  0.0000E+00  9.7295E-01  0.0000E+00
0000262 1.9356E+00  3.9702E+00  0.0000E+00  0.0000E+00  9.5717E-01  5.6640E+01
0000262 1.9112E+00  7.8836E+00 -1.0761E-01 -6.6060E-01  9.5110E-01  1.6856E+01
0000262 1.8997E+00  1.3170E+01 -6.0566E-01 -1.1966E+00  9.4825E-01  1.2931E+00
0000262 1.7655E+00  2.6967E+01 -1.7472E+00 -2.9235E+00  9.1414E-01  1.0774E+02
0000262 1.7360E+00  4.0543E+01 -2.5829E+00 -1.3230E+00  9.0647E-01  4.4708E+00
0000262 1.6345E+00  5.3979E+01 -4.0663E+00  4.8732E-01  8.7955E-01  1.0156E+02
0000262 1.5243E+00  6.6279E+01 -8.0268E+00  4.1662E+00  8.4939E-01  8.6548E+01
0000262 1.4880E+00  7.8641E+01 -8.9922E+00  8.7047E+00  8.3922E-01  1.3843E+01
0000262 1.4526E+00  9.1122E+01 -8.7899E+00  1.2765E+01  8.2917E-01  1.3421E+01
0000262 1.4475E+00  1.0363E+02 -7.4728E+00  1.6247E+01  8.2773E-01  5.0129E+00
0000262 1.4000E+00  1.2886E+02 -4.9380E+00  2.2224E+01  8.1402E-01  2.2051E+01
0000262 1.3602E+00  1.5345E+02  1.5901E+00  2.6708E+01  8.0238E-01  1.2211E+01
0000262 1.3267E+00  1.6596E+02  3.8511E+00  2.8483E+01  7.9242E-01  1.2929E+01
0000262 1.2382E+00  1.7859E+02  5.5806E+00  2.9120E+01  7.6554E-01  6.8282E+01
0000262 1.1895E+00  1.9037E+02  9.8937E+00  2.8696E+01  7.5035E-01  2.9428E+01
0000262 9.8433E-01  2.0197E+02  1.4090E+01  3.0211E+01  6.8257E-01  2.0519E+02
0000262 9.7428E-01  2.1028E+02  2.2001E+01  3.3263E+01  6.7907E-01  1.0052E+01
0000262 9.6888E-01  2.1870E+02  3.0117E+01  3.5137E+01  6.7719E-01  5.3960E+00
0000262 9.5558E-01  2.2707E+02  3.8022E+01  3.7866E+01  6.7253E-01  1.3298E+01
0000262 8.3705E-01  2.4249E+02  5.4077E+01  4.5579E+01  6.2944E-01  9.8864E+01
0000262 7.6745E-01  2.5218E+02  5.9251E+01  4.8740E+01  6.0270E-01  5.5219E+01
0000262 6.5458E-01  2.6158E+02  6.2343E+01  5.3990E+01  5.5662E-01  9.9370E+01
0000262 8.5526E-02  2.7098E+02  6.7379E+01  5.5653E+01  2.0120E-01  5.5704E+02
0000262 6.6312E-02  2.7537E+02  6.3422E+01  5.9426E+01  1.7716E-01  1.6391E+01
0000262 5.6926E-02  2.7680E+02  5.8696E+01  6.3925E+01  1.6415E-01  9.3863E+00
0000262 4.8602E-02  2.7584E+02  5.4643E+01  6.8899E+01  1.5167E-01  6.1936E+00
0000262 2.5485E-02  2.7435E+02  5.2567E+01  7.4658E+01  1.0983E-01  2.3117E+01
0000262 4.1545E-03  2.7050E+02  5.3774E+01  7.8536E+01  4.4344E-02  2.1330E+01
0000262 0.0000E+00  2.6464E+02  5.6172E+01  7.6664E+01  0.0000E+00  8.8718E-01
0000263 2.0000E+00  0.0000E+00  0.0000E+00  0.0000E+00  9.7295E-01  0.0000E+00
0000263 1.9743E+00  1.7203E+01  4.6497E-01  1.4529E-01  9.6667E-01  2.3015E+01
0000263 1.6969E+00  2.3298E+01  6.1242E-01  8.6773E-01  8.9620E-01  2.7738E+02
0000263 1.5949E+00  3.6336E+01  2.0485E+00 -2.5754E+00  8.6885E-01  1.0199E+02
0000263 1.5665E+00  4.8668E+01  5.7732E-01 -7.4821E+00  8.6106E-01  5.2488E+00
0000263 1.4681E+00  6.0993E+01 -1.5533E+00 -1.1987E+01  8.3359E-01  7.5486E+01
0000263 1.4422E+00  7.2030E+01 -2.6468E+00 -1.8924E+01  8.2622E-01  4.0331E+00
0000263 1.4164E+00  8.2964E+01 -3.0684E+00 -2.5990E+01  8.1879E-01  4.2881E+00
0000263 2.1882E-01  9.4099E+01 -2.9454E+00 -3.2636E+01  3.2182E-01  1.1976E+03
0000263 3.6762E-02  9.3070E+01 -4.5533E+00 -4.0902E+01  1.3191E-01  1.7660E+02
0000263 2.3417E-02  8.2242E+01 -8.2469E+00 -4.3892E+01  1.0528E-01  9.8630E+00
0000263 9.8152E-03  7.8861E+01 -1.0391E+01 -4.7689E+01  6.8159E-02  1.2440E+01
0000263 0.0000E+00  7.1650E+01 -3.8946E-01 -4.6359E+01  0.0000E+00  3.3387E-01
0000264 2.0000E+00  0.0000E+00  0.0000E+00  0.0000E+00  9.7295E-01  0.0000E+00
0000264 1.9762E+00  1.1151E+01 -2.0660E-03 -1.7957E-02  9.6715E-01  2.0941E+00
0000264 1.9634E+00  1.7575E+01 -1.0257E-01 -2.1840E-01  9.6401E-01  3.6324E-01
0000264 1.9481E+00  3.1638E+01 -1.5411E-01 -5.6637E-01  9.6025E-01  1.5295E+01
0000264 1.9107E+00  4.5649E+01  1.0172E-01  2.8755E-01  9.5098E-01  1.0488E+01
0000264 1.9034E+00  5.9493E+01  2.2875E-01  2.1574E+00  9.4916E-01  7.2808E+00
0000264 1.8949E+00  7.3196E+01 -4.3269E-03  4.7981E+00  9.4705E-01  8.4691E+00
0000264 1.8231E+00  8.6901E+01 -1.1077E+00  7.1081E+00  9.2892E-01  4.5460E+01
0000264 1.7929E+00  1.0069E+02 -8.3895E-01  7.7333E+00  9.2120E-01  4.5263E+00
0000264 1.7604E+00  1.1441E+02  4.6731E-02  8.0494E+00  9.1280E-01  7.1991E+00
0000264 1.5189E-02  1.2806E+02  8.8903E-01  7.4913E+00  8.4790E-02  1.7202E+03
0000264 8.4604E-03  1.2791E+02 -8.5970E+00  4.4377E+00  6.3281E-02  3.6667E+00
0000264 0.0000E+00  1.3114E+02 -1.7465E+01  5.8481E+00  0.0000E+00  7.6033E-01
0000265 2.0000E+00  0.0000E+00  0.0000E+00  0.0000E+00  9.7295E-01  0.0000E+00
0000265 1.9041E+00  2.6028E+01 -9.7491E-02  1.5627E-01  9.4934E-01  6.0317E+01
0000265 1.0623E+00  3.9752E+01  2.9821E-01  2.6712E+00  7.0909E-01  8.1531E+02
0000265 1.0365E+00  4.7895E+01  7.7910E+00  7.5500E+00  7.0041E-01  8.6999E+00
0000265 1.0271E+00  5.5314E+01  1.5334E+01  1.3260E+01  6.9723E-01  9.3938E+00
0000265 9.5867E-01  6.3054E+01  2.1966E+01  1.9586E+01  6.7361E-01  6.8391E+01
0000265 9.0926E-01  7.1217E+01  2.5806E+01  2.7194E+01  6.5602E-01  3.3520E+01
0000265 8.8096E-01  7.8241E+01  2.8292E+01  3.6153E+01  6.4574E-01  2.8292E+01
0000265 8.1033E-01  8.3771E+01  3.2118E+01  4.5565E+01  6.1931E-01  5.5697E+01
0000265 7.7962E-01  9.1407E+01  3.4400E+01  5.3634E+01  6.0746E-01  1.6661E+01
0000265 7.4668E-01  9.9960E+01  3.7100E+01  6.0409E+01  5.9449E-01  1.9284E+01
0000265 4.9758E-01  1.0719E+02  4.0474E+01  6.8167E+01  4.8530E-01  2.3587E+02
0000265 4.8714E-01  1.1371E+02  4.7738E+01  7.0913E+01  4.8018E-01  1.0448E+01
0000265 2.9818E-01  1.2056E+02  5.5036E+01  7.2224E+01  3.7568E-01  1.7927E+02
0000265 2.4779E-01  1.2251E+02  6.2169E+01  7.7460E+01  3.4247E-01  4.3578E+01
0000265 2.3461E-01  1.2749E+02  6.7634E+01  8.2057E+01  3.3324E-01  7.2149E+00
0000265 2.2267E-01  1.3146E+02  7.4085E+01  8.6149E+01  3.2464E-01  1.1943E+01
0000265 2.6739E-03  1.3628E+02  8.0693E+01  8.8501E+01  3.5576E-02  2.2000E+02
0000265 0.0000E+00  1.3456E+02  8.6326E+01  8.4278E+01  0.0000E+00  1.3992E+00
0000266 2.0000E+00  0.0000E+00  0.0000E+00  0.0000E+00  9.7295E-01  0.0000E+00
0000266 1.9899E+00  1.5688E+01 -7.1334E-01  2.3704E-01  9.7049E-01  1.9191E+00
0000266 1.9590E+00  3.4294E+01 -2.2181E+00  9.8897E-01  9.6292E-01  3.0147E+01
0000266 1.9175E+00  4.8098E+01 -4.8838E+00  9.1516E-01  9.5268E-01  1.4369E+01
0000266 1.9090E+00  6.1566E+01 -8.6238E+00  1.2930E+00  9.5056E-01  8.5073E+00
0000266 1.6065E+00  8.8526E+01 -1.5830E+01  6.8646E-01  8.7199E-01  2.9637E+02
0000266 1.5782E+00  1.0123E+02 -1.5497E+01 -3.4815E+00  8.6430E-01  2.8222E+01
0000266 3.6590E-01  1.1340E+02 -1.3778E+01 -8.6167E+00  4.1616E-01  1.2123E+03
0000266 3.1393E-01  1.1472E+02 -1.5387E+01 -1.7857E+01  3.8547E-01  4.4086E+01
0000266 2.8526E-01  1.1893E+02 -1.7801E+01 -2.5628E+01  3.6745E-01  2.8673E+01
0000266 7.9192E-02  1.2513E+02 -1.8852E+01 -3.2028E+01  1.9360E-01  1.9947E+02
0000266 1.5769E-02  1.2641E+02 -2.4982E+01 -3.4952E+01  8.6392E-02  6.0747E+01
0000266 0.0000E+00  1.2875E+02 -2.4944E+01 -3.9539E+01  0.0000E+00  1.5068E+01
0000267 2.0000E+00  0.0000E+00  0.0000E+00  0.0000E+00  9.7295E-01  0.0000E+00
0000267 1.9785E+00  1.3993E+01  2.9324E-01  1.2852E-01  9.6772E-01  1.6508E-01
0000267 1.9116E+00  2.8081E+01  7.2215E-01  1.7356E-01  9.5121E-01  3.9662E+01
0000267 1.8308E+00  4.1878E+01  2.1690E+00 -1.4892E+00  9.3088E-01  5.4239E+01
0000267 1.7565E+00  5.5668E+01  2.8884E+00 -8.9601E-01  9.1180E-01  4.8538E+01
0000267 1.6918E+00  6.9147E+01  4.8245E+00 -2.1897E+00  8.9485E-01  3.9760E+01
0000267 1.6819E+00  8.2013E+01  7.9692E+00 -5.0517E+00  8.9224E-01  9.8575E+00
0000267 1.1071E+00  9.5133E+01  1.0611E+01 -7.0462E+00  7.2388E-01  5.7485E+02
0000267 1.0763E+00  1.0527E+02  6.7857E+00 -1.2692E+01  7.1373E-01  3.0822E+01
0000267 9.9651E-01  1.1410E+02  2.5772E+00 -1.9864E+01  6.8678E-01  6.2445E+01
0000267 8.7623E-01  1.2085E+02 -3.6794E+00 -2.7424E+01  6.4400E-01  1.0392E+02
0000267 6.3557E-01  1.2723E+02 -6.4398E+00 -3.6647E+01  5.4847E-01  2.2579E+02
0000267 3.4845E-01  1.3142E+02 -3.6576E+00 -4.6115E+01  4.0611E-01  2.7535E+02
0000267 1.1441E-01  1.2909E+02 -4.0192E+00 -5.5185E+01  2.3271E-01  2.3404E+02
0000267 8.4203E-02  1.2879E+02 -1.0223E+01 -5.9262E+01  1.9964E-01  2.6749E+01
0000267 6.8294E-02  1.2852E+02 -1.7195E+01 -5.9735E+01  1.7979E-01  1.3116E+01
0000267 5.2481E-02  1.3049E+02 -2.3309E+01 -6.1704E+01  1.5761E-01  1.3398E+01
0000267 4.6124E-02  1.3998E+02 -3.1614E+01 -6.2840E+01  1.4775E-01  4.2038E+00
0000267 3.7138E-02  1.4382E+02 -3.6431E+01 -6.3829E+01  1.3258E-01  7.1426E+00
0000267 2.9187E-02  1.4736E+02 -4.7471E+01 -6.2040E+01  1.1754E-01  3.5395E+00
0000267 1.6567E-02  1.4541E+02 -5.8006E+01 -6.5027E+01  8.8552E-02  7.3844E+00
0000267 6.3213E-03  1.4437E+02 -6.4541E+01 -7.2420E+01  5.4699E-02  6.4971E+00
0000267 0.0000E+00  1.4437E+02 -6.3723E+01 -8.2115E+01  0.0000E+00  1.1072E+00
0000268 2.0000E+00  0.0000E+00  0.0000E+00  0.0000E+00  9.7295E-01  0.0000E+00
0000268 1.9821E+00  7.9393E+00  7.3100E-02  6.2826E-02  9.6858E-01  1.3364E+00
0000268 1.8541E+00  1.6085E+01  9.7866E-02  2.1381E-02  9.3679E-01  1.2796E+02
0000268 1.0056E+00  2.9505E+01  2.0920E+00  2.8842E+00  6.8989E-01  8.2257E+02
0000268 9.7453E-01  4.0050E+01 -2.2426E+00 -6.4703E-01  6.7916E-01  1.4549E+01
0000268 9.3482E-01  4.9790E+01 -7.2270E+00 -5.1902E+00  6.6518E-01  2.3620E+01
0000268 9.0856E-01  6.0017E+01 -1.2272E+01 -7.9396E+00  6.5577E-01  1.0659E+01
0000268 8.7168E-01  7.0402E+01 -1.7336E+01 -9.4363E+00  6.4232E-01  2.1601E+01
0000268 8.5520E-01  8.1314E+01 -2.0679E+01 -1.1137E+01  6.3622E-01  5.8056E+00
0000268 7.3492E-01  9.2360E+01 -2.3127E+01 -1.3118E+01  5.8979E-01  1.2028E+02
0000268 6.2158E-01  1.0244E+02 -2.7351E+01 -1.1270E+01  5.4240E-01  1.0026E+02
0000268 6.0655E-01  1.0981E+02 -3.4617E+01 -8.6731E+00  5.3581E-01  3.4616E+00
0000268 5.2924E-01  1.1674E+02 -4.1943E+01 -5.3978E+00  5.0050E-01  7.7309E+01
0000268 5.1973E-01  1.3453E+02 -5.1614E+01 -1.9922E+00  4.9598E-01  6.0919E+00
0000268 5.0060E-01  1.4275E+02 -5.7230E+01  4.1490E-01  4.8677E-01  8.9765E+00
0000268 4.9755E-01  1.5159E+02 -6.1636E+01  2.7887E+00  4.8528E-01  3.0501E+00
0000268 4.2998E-01  1.6071E+02 -6.5721E+01  4.4973E+00  4.5113E-01  6.7563E+01
0000268 4.0719E-01  1.7522E+02 -7.3272E+01  1.5206E+01  4.3901E-01  6.6652E+00
0000268 3.3953E-01  1.8115E+02 -7.7400E+01  2.1670E+01  4.0088E-01  5.9144E+01
0000268 3.2509E-01  1.8644E+02 -8.4076E+01  2.5455E+01  3.9226E-01  1.4449E+01
0000268 2.5645E-01  1.9103E+02 -8.9985E+01  3.0863E+01  3.4840E-01  6.8636E+01
0000268 2.2472E-01  1.9243E+02 -9.7942E+01  3.4282E+01  3.2614E-01  2.5614E+01
0000268 1.4260E-01  1.9104E+02 -1.0554E+02  3.7912E+01  2.5980E-01  7.6558E+01
0000268 1.3315E-01  1.9438E+02 -1.1230E+02  3.9746E+01  2.5104E-01  5.4160E+00
0000268 1.3486E-03  1.9868E+02 -1.1811E+02  4.2288E+01  2.5265E-02  1.2796E+02
0000268 0.0000E+00  2.0136E+02 -1.1614E+02  4.3357E+01  0.0000E+00  3.4061E-01
0000269 2.0000E+00  0.0000E+00  0.0000E+00  0.0000E+00  9.7295E-01  0.0000E+00
0000269 1.9641E+00  1.6512E+01 -8.1739E-01  1.4423E-01  9.6419E-01  2.7214E+00
0000269 1.9008E+00  3.4430E+01 -2.8036E+00  7.4589E-01  9.4851E-01  6.2801E+01
0000269 1.8679E+00  4.8178E+01 -2.7510E+00  3.1246E+00  9.4026E-01  3.2928E+01
0000269 8.0254E-01  6.1931E+01 -1.2483E+00  4.3753E+00  6.1632E-01  1.0392E+03
0000269 5.2419E-01  6.8662E+01 -1.3519E+00  1.3472E+01  4.9810E-01  2.7835E+02
0000269 5.0997E-01  7.3241E+01  4.5945E+00  2.0468E+01  4.9130E-01  3.9987E+00
0000269 4.4566E-01  7.7607E+01  1.1205E+01  2.6888E+01  4.5928E-01  6.4307E+01
0000269 2.5719E-01  8.4740E+01  1.6186E+01  3.1599E+01  3.4890E-01  1.8847E+02
0000269 2.1638E-01  8.6300E+01  2.4235E+01  3.4735E+01  3.2002E-01  3.4690E+01
0000269 2.0448E-01  8.7016E+01  3.2667E+01  3.4727E+01  3.1110E-01  6.4804E+00
0000269 1.3740E-01  8.5613E+01  4.9110E+01  3.7031E+01  2.5502E-01  6.3651E+01
0000269 1.1879E-01  7.6284E+01  6.0025E+01  4.2445E+01  2.3712E-01  1.2013E+01
0000269 8.8568E-02  7.0842E+01  6.5163E+01  4.2421E+01  2.0475E-01  3.0224E+01
0000269 7.7590E-02  6.7561E+01  7.8490E+01  3.9520E+01  1.9164E-01  8.2471E+00
0000269 3.5165E-02  6.5082E+01  8.4911E+01  3.9390E+01  1.2901E-01  3.9786E+01
0000269 2.2855E-02  6.2217E+01  8.8245E+01  4.3377E+01  1.0401E-01  1.2310E+01
0000269 1.8093E-02  5.7946E+01  9.1631E+01  4.4071E+01  9.2539E-02  4.7628E+00
0000269 1.9349E-03  4.8451E+01  9.1967E+01  4.1940E+01  3.0262E-02  9.8724E+00
0000269 0.0000E+00  4.7710E+01  8.8428E+01  4.2632E+01  0.0000E+00  1.0544E+00
0000270 2.0000E+00  0.0000E+00  0.0000E+00  0.0000E+00  9.7295E-01  0.0000E+00
0000270 1.7742E+00  1.2338E+01  3.6050E-02  6.3039E-02  9.1638E-01  2.0939E+02
0000270 1.7646E+00  2.1065E+01  2.3752E+00  2.0623E+00  9.1390E-01  9.5634E+00
0000270 1.2137E+00  3.3697E+01  6.8003E+00  4.9581E+00  7.5792E-01  5.2593E+02
0000270 1.5433E-01  4.3101E+01  1.4353E+01  1.7235E+00  2.7027E-01  1.0593E+03
0000270 7.4116E-02  4.0395E+01  2.1412E+01 -5.3844E-01  1.8730E-01  7.5949E+01
0000270 6.8659E-02  3.4850E+01  2.5113E+01  9.1398E-01  1.8027E-01  5.4567E+00
0000270 2.8240E-02  2.9010E+01  2.8428E+01  5.7335E-01  1.1561E-01  3.7995E+01
0000270 1.9124E-02  1.7311E+01  2.7449E+01  1.2162E+01  9.5140E-02  3.4022E+00
0000270 3.0223E-03  9.3389E+00  2.1423E+01  2.2656E+01  3.7822E-02  9.0912E+00
0000270 0.0000E+00  1.2766E+01  1.9352E+01  2.8561E+01  0.0000E+00  5.8002E-01
0000271 2.0000E+00  0.0000E+00  0.0000E+00  0.0000E+00  9.7295E-01  0.0000E+00
0000271 1.5778E+00  7.9396E+00  5.6170E-03 -8.3068E-02  8.6419E-01  4.1356E+02
0000271 1.5314E+00  2.3302E+01 -6.8608E+00  3.8694E+00  8.5138E-01  2.2488E+01
0000271 1.3647E+00  3.5649E+01 -1.0754E+01  6.5477E+00  8.0372E-01  1.4415E+02
0000271 9.9634E-01  4.5652E+01 -1.7647E+01  1.0735E+01  6.8672E-01  3.4775E+02
0000271 9.7035E-01  5.0485E+01 -2.8247E+01  1.3207E+01  6.7770E-01  9.6362E+00
0000271 9.5092E-01  5.6318E+01 -3.8224E+01  1.5760E+01  6.7088E-01  3.3879E+00
0000271 5.1132E-01  6.2505E+01 -4.8052E+01  1.7722E+01  4.9195E-01  4.2380E+02
0000271 8.4701E-02  7.1471E+01 -5.0625E+01  2.1856E+01  2.0023E-01  4.2662E+02
0000271 5.8076E-02  7.3387E+01 -5.7245E+01  2.0620E+01  1.6580E-01  2.3821E+01
0000271 4.8083E-02  7.8103E+01 -6.7442E+01  2.6757E+01  1.5086E-01  2.3755E+00
0000271 2.9494E-02  7.9152E+01 -7.4935E+01  3.6477E+01  1.1815E-01  1.4224E+01
0000271 1.5429E-02  7.9879E+01 -7.6370E+01  4.7579E+01  8.5455E-02  1.0121E+01
0000271 2.2571E-03  7.6968E+01 -7.8973E+01  5.0907E+01  3.2685E-02  1.3171E+01
0000271 0.0000E+00  7.4246E+01 -7.6848E+01  5.2413E+01  0.0000E+00  1.1628E+00
0000272 2.0000E+00  0.0000E+00  0.0000E+00  0.0000E+00  9.7295E-01  0.0000E+00
0000272 1.3224E+00  1.1554E+01  4.1004E-03 -1.7173E-01  7.9114E-01  6.5413E+02
0000272 1.3158E+00  1.4771E+01 -1.8322E+00 -1.6000E+00  7.8918E-01  2.6798E-01
0000272 1.0684E+00  2.5081E+01 -7.6222E+00 -6.3327E+00  7.1112E-01  2.2734E+02
0000272 1.0472E+00  3.6958E+01 -9.3334E+00 -7.9587E+00  7.0403E-01  3.9584E+00
0000272 9.9689E-01  4.8701E+01 -1.1706E+01 -9.2726E+00  6.8691E-01  3.3353E+01
0000272 9.1316E-01  6.0545E+01 -1.1913E+01 -1.0521E+01  6.5743E-01  6.7363E+01
0000272 8.9336E-01  7.1478E+01 -1.4306E+01 -1.3812E+01  6.5027E-01  4.4628E+00
0000272 8.7078E-01  8.2105E+01 -1.7447E+01 -1.7256E+01  6.4199E-01  7.4952E+00
0000272 7.4915E-01  9.2656E+01 -2.1290E+01 -1.9894E+01  5.9547E-01  1.0681E+02
0000272 3.0837E-01  1.0303E+02 -2.1298E+01 -2.3936E+01  3.8204E-01  4.2752E+02
0000272 2.9734E-01  1.0900E+02 -2.8139E+01 -2.4892E+01  3.7515E-01  4.0550E+00
0000272 1.3428E-01  1.2278E+02 -3.9773E+01 -2.5679E+01  2.5210E-01  1.5932E+02
0000272 1.0703E-01  1.2521E+02 -4.5104E+01 -2.0728E+01  2.2507E-01  2.7253E+01
0000272 6.0125E-02  1.2535E+02 -4.8363E+01 -1.4162E+01  1.6869E-01  4.3601E+01
0000272 5.0240E-02  1.2138E+02 -4.9516E+01 -9.0781E+00  1.5421E-01  9.8849E+00
0000272 4.6769E-02  1.1627E+02 -5.1844E+01 -6.1240E+00  1.4878E-01  3.4711E+00
0000272 3.4508E-02  1.1099E+02 -5.2542E+01 -2.8495E+00  1.2780E-01  1.0400E+01
0000272 2.3265E-02  1.0780E+02 -5.1775E+01  2.0722E+00  1.0494E-01  1.1243E+01
0000272 1.7605E-02  1.0361E+02 -5.3694E+01  5.0955E+00  9.1283E-02  4.5037E+00
0000272 6.7640E-03  1.0146E+02 -5.7024E+01  8.5331E+00  5.6582E-02  9.8823E+00
0000272 0.0000E+00  9.0732E+01 -5.8308E+01  6.9205E+00  0.0000E+00  1.1212E+00
0000273 2.0000E+00  0.0000E+00  0.0000E+00  0.0000E+00  9.7295E-01  0.0000E+00
0000273 1.9263E+00  1.4783E+01  6.4849E-03  3.2209E-02  9.5486E-01  7.3664E+01
0000273 1.7883E+00  2.3949E+01 -1.7553E+00 -2.3609E-01  9.2003E-01  1.3797E+02
0000273 1.7592E+00  3.7201E+01 -3.4699E+00  2.9667E+00  9.1251E-01  3.8230E+00
0000273 1.7251E+00  6.3544E+01 -5.4322E+00  1.0060E+01  9.0361E-01  5.1689E+00
0000273 1.7159E+00  7.6876E+01 -6.0752E+00  1.2754E+01  9.0121E-01  9.1497E+00
0000273 1.6876E+00  9.0005E+01 -6.2457E+00  1.6295E+01  8.9375E-01  3.7775E+00
0000273 9.5073E-01  1.0293E+02 -6.0582E+00  2.0331E+01  6.7082E-01  7.1270E+02
0000273 9.2975E-01  1.1245E+02  8.0854E-01  1.9396E+01  6.6338E-01  5.1787E+00
0000273 8.5571E-01  1.2162E+02  7.9039E+00  1.7693E+01  6.3641E-01  5.8496E+01
0000273 4.6919E-01  1.3022E+02  1.4072E+01  1.3228E+01  4.7125E-01  3.7190E+02
0000273 4.5484E-01  1.3675E+02  1.3419E+01  5.6728E+00  4.6399E-01  1.4349E+01
0000273 4.3023E-01  1.4440E+02  1.2396E+01 -5.8745E-01  4.5126E-01  2.4613E+01
0000273 2.7765E-01  1.5228E+02  1.3615E+01 -6.3119E+00  3.6251E-01  1.4373E+02
0000273 2.6701E-01  1.5916E+02  1.9003E+01 -8.1148E+00  3.5550E-01  4.1710E+00
0000273 1.7935E-01  1.6524E+02  2.5147E+01 -1.0014E+01  2.9136E-01  8.7656E+01
0000273 1.1612E-01  1.6646E+02  3.2980E+01 -1.1859E+01  2.3444E-01  5.8492E+01
0000273 1.0256E-01  1.7087E+02  3.7749E+01 -1.5506E+01  2.2033E-01  1.3554E+01
0000273 7.6213E-02  1.7325E+02  4.2262E+01 -2.0685E+01  1.8993E-01  2.3146E+01
0000273 6.6721E-02  1.7217E+02  4.7248E+01 -2.5270E+01  1.7771E-01  6.8864E+00
0000273 2.9539E-02  1.6841E+02  5.3542E+01 -4.3436E+01  1.1824E-01  2.8666E+01
0000273 7.3050E-03  1.7213E+02  5.8117E+01 -5.2792E+01  5.8801E-02  1.5398E+01
0000273 0.0000E+00  1.6908E+02  6.1989E+01 -5.8020E+01  0.0000E+00  1.1032E+00
0000274 2.0000E+00  0.0000E+00  0.0000E+00  0.0000E+00  9.7295E-01  0.0000E+00
0000274 1.9460E+00  1.5746E+01 -1.3357E-01 -1.9655E-01  9.5972E-01  2.2606E+01
0000274 1.5915E+00  2.3561E+01 -8.7212E-01  2.0849E-01  8.6793E-01  3.5446E+02
0000274 1.5861E+00  3.5269E+01 -6.7873E+00 -2.2504E+00  8.6645E-01  5.3926E+00
0000274 1.4520E+00  4.7130E+01 -1.2641E+01 -3.9499E+00  8.2902E-01  1.1099E+02
0000274 1.4255E+00  5.8699E+01 -1.8384E+01 -2.1049E+00  8.2140E-01  2.6565E+01
0000274 1.4080E+00  7.0904E+01 -2.2486E+01 -4.0291E-01  8.1635E-01  1.7474E+01
0000274 1.3785E+00  8.2526E+01 -2.7595E+01  2.1451E+00  8.0775E-01  8.3579E+00
0000274 9.3705E-01  9.3710E+01 -3.3010E+01  5.5443E+00  6.6597E-01  4.2063E+02
0000274 3.5838E-01  1.0151E+02 -4.1488E+01  3.3163E+00  4.1186E-01  5.7867E+02
0000274 3.4748E-01  1.0982E+02 -4.0759E+01 -1.0819E+00  4.0554E-01  3.1375E+00
0000274 3.0981E-01  1.1766E+02 -3.9550E+01 -6.0656E+00  3.8294E-01  3.7663E+01
0000274 2.9857E-01  1.2652E+02 -3.8933E+01 -8.1888E+00  3.7592E-01  4.2508E+00
0000274 2.8645E-01  1.3518E+02 -3.9226E+01 -1.0861E+01  3.6822E-01  5.2986E+00
0000274 2.0231E-01  1.5174E+02 -4.0001E+01 -1.7590E+01  3.0944E-01  7.7965E+01
0000274 1.5122E-01  1.5701E+02 -4.3010E+01 -2.3314E+01  2.6753E-01  5.1085E+01
0000274 6.1053E-02  1.5973E+02 -4.9052E+01 -2.7541E+01  1.6999E-01  8.5963E+01
0000274 5.6731E-02  1.5659E+02 -5.4331E+01 -2.9891E+01  1.6386E-01  2.0865E+00
0000274 4.6239E-02  1.5395E+02 -6.0101E+01 -3.1217E+01  1.4794E-01  1.0491E+01
0000274 2.0013E-02  1.5385E+02 -6.6337E+01 -3.1436E+01  9.7326E-02  2.5361E+01
0000274 1.7400E-02  1.5639E+02 -6.9834E+01 -3.4613E+01  9.0752E-02  2.6123E+00
0000274 8.6421E-03  1.6021E+02 -7.2978E+01 -3.6347E+01  6.3956E-02  8.7582E+00
0000274 0.0000E+00  1.6359E+02 -7.5463E+01 -3.4325E+01  0.0000E+00  7.9728E+00
0000275 2.0000E+00  0.0000E+00  0.0000E+00  0.0000E+00  9.7295E-01  0.0000E+00
0000275 1.9875E+00  1.2458E+01 -5.3279E-03  2.8754E-02  9.6991E-01  7.4071E-01
0000275 3.1238E-01  2.6566E+01 -1.7170E-01  2.6895E-01  3.8452E-01  1.6751E+03
0000275 3.0086E-01  3.0049E+01 -7.9265E+00  3.6574E+00  3.7736E-01  4.4834E+00
0000275 2.7093E-01  3.2893E+01 -1.5422E+01  7.9144E+00  3.5810E-01  2.3079E+01
0000275 2.6289E-01  3.7539E+01 -2.2564E+01  1.0404E+01  3.5275E-01  8.0375E+00
0000275 2.3002E-01  4.0912E+01 -3.0023E+01  1.3684E+01  3.2996E-01  3.2863E+01
0000275 1.4557E-01  4.3328E+01 -3.5866E+01  1.9472E+01  2.6249E-01  8.4455E+01
0000275 1.3274E-01  4.5490E+01 -3.6698E+01  2.6918E+01  2.5066E-01  1.2829E+01
0000275 1.2950E-01  4.7040E+01 -3.5289E+01  3.4280E+01  2.4758E-01  3.2366E+00
0000275 1.0552E-01  4.9721E+01 -3.3817E+01  4.1255E+01  2.2348E-01  2.3982E+01
0000275 7.9412E-02  5.4975E+01 -3.3057E+01  4.6281E+01  1.9387E-01  2.2842E+01
0000275 1.5474E-02  5.7663E+01 -3.0004E+01  5.1872E+01  8.5581E-02  6.1257E+01
0000275 0.0000E+00  5.5271E+01 -3.0847E+01  5.6336E+01  0.0000E+00  1.4471E+01
0000276 2.0000E+00  0.0000E+00  0.0000E+00  0.0000E+00  9.7295E-01  0.0000E+00
0000276 1.7474E+00  1.9615E+01 -3.5243E-02 -6.7479E-03  9.0943E-01  2.4475E+02
0000276 1.6918E+00  3.2426E+01  4.2689E+00  1.9828E+00  8.9486E-01  3.0695E+01
0000276 6.8941E-01  4.4830E+01  8.2462E+00  5.7192E+00  5.7123E-01  1.0024E+03
0000276 6.4821E-01  4.9684E+01  7.6926E+00  1.5489E+01  5.5390E-01  2.8721E+01
0000276 6.3022E-01  5.2387E+01  7.2764E+00  2.5905E+01  5.4616E-01  1.7986E+01
0000276 6.2659E-01  5.6688E+01  7.3905E+00  3.5701E+01  5.4459E-01  3.6285E+00
0000276 4.8901E-01  6.0466E+01  6.9141E+00  4.5686E+01  4.8110E-01  1.2595E+02
0000276 4.7407E-01  6.6489E+01  3.1499E+00  5.2868E+01  4.7369E-01  5.2211E+00
0000276 4.5987E-01  7.1599E+01 -9.0447E-01  6.0489E+01  4.6655E-01  4.6879E+00
0000276 3.2383E-01  7.6354E+01 -4.1630E+00  6.8616E+01  3.9150E-01  1.3604E+02
0000276 3.1060E-01  8.4424E+01 -6.3613E+00  7.2503E+01  3.8342E-01  6.0037E+00
0000276 3.0348E-01  9.1737E+01 -9.0938E+00  7.7257E+01  3.7900E-01  7.1272E+00
0000276 1.8607E-01  9.8238E+01 -1.2896E+01  8.2355E+01  2.9677E-01  1.1741E+02
0000276 1.7142E-01  9.9778E+01 -1.9562E+01  8.6877E+01  2.8484E-01  1.4651E+01
0000276 1.5082E-01  1.0065E+02 -2.7170E+01  8.9399E+01  2.6718E-01  1.6010E+01
0000276 1.1602E-01  1.0127E+02 -3.3474E+01  9.4043E+01  2.3434E-01  3.0596E+01
0000276 1.0987E-01  1.0516E+02 -3.8378E+01  9.8080E+01  2.2804E-01  2.6661E+00
0000276 8.2299E-02  1.0977E+02 -4.3190E+01  1.0123E+02  1.9737E-01  2.4207E+01
0000276 6.2341E-02  1.1561E+02 -4.4692E+01  1.0471E+02  1.7178E-01  1.7209E+01
0000276 5.2070E-02  1.2191E+02 -4.6640E+01  1.0499E+02  1.5699E-01  8.0039E+00
0000276 4.0498E-02  1.2763E+02 -4.8555E+01  1.0292E+02  1.3845E-01  9.5678E+00
0000276 3.7731E-02  1.3370E+02 -4.8261E+01  1.0256E+02  1.3364E-01  2.7678E+00
0000276 2.8629E-02  1.4521E+02 -4.7871E+01  1.0417E+02  1.1641E-01  3.5261E+00
0000276 1.2633E-02  1.5589E+02 -5.0701E+01  1.0544E+02  7.7327E-02  1.0669E+01
0000276 4.5560E-03  1.6144E+02 -5.6577E+01  1.1080E+02  4.6437E-02  6.7534E+00
0000276 0.0000E+00  1.5590E+02 -6.0718E+01  1.1786E+02  0.0000E+00  7.1982E-01
0000277 2.0000E+00  0.0000E+00  0.0000E+00  0.0000E+00  9.7295E-01  0.0000E+00
0000277 1.9206E+00  7.9404E+00 -2.5744E-02 -1.1002E-02  9.5343E-01  7.9335E+01
0000277 5.5495E-01  2.5508E+01 -1.7651E+00 -3.3113E+00  5.1251E-01  1.3389E+03
0000277 4.7707E-01  3.0923E+01  5.1936E+00 -8.8144E+00  4.7519E-01  7.7884E+01
0000277 1.1874E-02  3.2584E+01  1.3214E+01 -1.4631E+01  7.4968E-02  4.5565E+02
0000277 8.2142E-03  3.3372E+01  1.0936E+01 -1.8907E+01  6.2353E-02  2.9240E+00
0000277 0.0000E+00  4.2961E+01  9.5863E+00 -2.9893E+01  0.0000E+00  1.0541E+00
0000278 2.0000E+00  0.0000E+00  0.0000E+00  0.0000E+00  9.7295E-01  0.0000E+00
0000278 1.8907E+00  1.6996E+01 -1.6985E-02  6.7828E-02  9.4598E-01  1.0156E+02
0000278 1.7722E+00  3.4414E+01  4.1215E+00  4.3342E-02  9.1587E-01  9.1564E+01
0000278 1.4108E+00  4.6707E+01  1.0182E+01 -2.6522E-01  8.1716E-01  3.6145E+02
0000278 1.4011E+00  5.4524E+01  2.0395E+01 -1.8182E+00  8.1434E-01  9.7079E+00
0000278 1.0374E+00  6.1872E+01  3.0738E+01 -4.3296E+00  7.0072E-01  3.6370E+02
0000278 1.0156E+00  6.2716E+01  4.2464E+01 -6.8562E+00  6.9333E-01  4.8952E+00
0000278 9.9161E-01  6.2753E+01  5.4201E+01 -9.1771E+00  6.8509E-01  7.4244E+00
0000278 9.8391E-01  6.1860E+01  6.5914E+01 -1.1054E+01  6.8242E-01  7.7031E+00
0000278 8.1520E-01  6.0748E+01  7.7704E+01 -1.1908E+01  6.2117E-01  1.5250E+02
0000278 7.9255E-01  5.6164E+01  8.7911E+01 -9.9580E+00  6.1248E-01  2.2647E+01
0000278 6.2687E-01  5.1102E+01  9.7994E+01 -9.8370E+00  5.4471E-01  1.6568E+02
0000278 6.1191E-01  5.1198E+01  1.0867E+02 -9.4589E+00  5.3817E-01  3.3161E+00
0000278 5.9510E-01  5.0853E+01  1.1925E+02 -8.4397E+00  5.3072E-01  5.3774E+00
0000278 5.1807E-01  4.9665E+01  1.2963E+02 -6.9077E+00  4.9519E-01  6.5818E+01
0000278 4.0436E-01  4.5246E+01  1.3884E+02 -6.2884E+00  4.3748E-01  1.1370E+02
0000278 3.9553E-01  4.0354E+01  1.4625E+02 -1.0136E+01  4.3268E-01  8.8335E+00
0000278 2.3544E-01  3.4311E+01  1.5289E+02 -1.3636E+01  3.3382E-01  1.6009E+02
0000278 1.8470E-01  3.4000E+01  1.6132E+02 -1.5426E+01  2.9567E-01  4.4993E+01
0000278 1.7371E-01  3.0120E+01  1.6833E+02 -1.7112E+01  2.8674E-01  6.1445E+00
0000278 1.6702E-01  2.5051E+01  1.7449E+02 -1.8387E+01  2.8116E-01  6.6930E+00
0000278 1.3897E-01  2.0162E+01  1.8085E+02 -1.8093E+01  2.5647E-01  2.3534E+01
0000278 9.7375E-02  1.4340E+01  1.8527E+02 -1.5603E+01  2.1468E-01  4.1598E+01
0000278 7.4945E-02  1.2364E+01  1.9103E+02 -1.1767E+01  1.8834E-01  1.9341E+01
0000278 5.1317E-02  1.2518E+01  1.9770E+02 -1.0263E+01  1.5585E-01  2.1052E+01
0000278 4.3463E-02  1.3964E+01  2.0220E+02 -6.0035E+00  1.4343E-01  7.8547E+00
0000278 3.6690E-02  1.7540E+01  2.0622E+02 -2.9819E+00  1.3178E-01  5.0026E+00
0000278 1.6171E-02  2.1087E+01  2.0848E+02  1.2689E+00  8.7488E-02  1.8943E+01
0000278 1.9822E-03  2.0231E+01  2.0990E+02  6.1690E+00  3.0630E-02  1.3284E+01
0000278 0.0000E+00  1.7031E+01  2.1172E+02  6.4897E+00  0.0000E+00  1.2176E+00
0000279 2.0000E+00  0.0000E+00  0.0000E+00  0.0000E+00  9.7295E-01  0.0000E+00
0000279 1.9640E+00  3.9702E+00  0.0000E+00  0.0000E+00  9.6415E-01  3.6017E+01
0000279 1.9551E+00  7.9046E+00 -2.3282E-01 -4.7913E-01  9.6196E-01  1.2473E+00
0000279 1.9479E+00  2.0127E+01 -1.0355E+00 -1.6655E+00  9.6018E-01  7.2242E+00
0000279 1.9165E+00  3.4118E+01 -1.1224E+00 -2.8198E+00  9.5241E-01  4.4317E+00
0000279 1.9081E+00  4.8016E+01 -6.0162E-01 -4.2537E+00  9.5032E-01  8.4079E+00
0000279 5.5371E-01  6.1814E+01 -6.5379E-01 -6.4083E+00  5.1194E-01  1.3278E+03
0000279 9.1486E-02  6.6080E+01 -3.0368E+00 -1.5576E+01  2.0809E-01  4.6223E+02
0000279 3.4995E-02  6.2346E+01 -7.7512E+00 -1.9365E+01  1.2870E-01  5.3534E+01
0000279 2.0402E-02  6.2503E+01 -1.3674E+01 -1.9145E+01  9.8267E-02  1.4593E+01
0000279 1.8562E-02  6.0055E+01 -1.7763E+01 -1.6637E+01  9.3731E-02  1.8398E+00
0000279 7.2335E-03  5.5269E+01 -2.7007E+01 -1.6113E+01  5.8513E-02  9.9309E+00
0000279 0.0000E+00  5.6889E+01 -3.4482E+01 -1.6867E+01  0.0000E+00  2.0042E+00
0000280 2.0000E+00  0.0000E+00  0.0000E+00  0.0000E+00  9.7295E-01  0.0000E+00
0000280 1.9236E+00  8.9002E+00 -1.6311E-02 -1.4307E-03  9.5419E-01  7.6347E+01
0000280 1.7050E+00  1.2796E+01  5.0774E-01 -5.6222E-01  8.9834E-01  2.1862E+02
0000280 1.3035E+00  2.4454E+01  5.0770E+00 -5.8111E+00  7.8547E-01  4.0152E+02
0000280 1.2998E+00  3.6760E+01  8.0219E+00 -4.6542E+00  7.8437E-01  3.6456E+00
0000280 1.2261E+00  4.8936E+01  1.1531E+01 -3.8386E+00  7.6179E-01  5.3843E+01
0000280 1.0796E+00  6.0270E+01  1.5807E+01 -6.7980E-01  7.1484E-01  1.4647E+02
0000280 5.6734E-01  6.8809E+01  2.2940E+01  4.1784E+00  5.1820E-01  4.9491E+02
0000280 5.5284E-01  7.8616E+01  2.5736E+01  1.9172E+00  5.1154E-01  3.6748E+00
0000280 4.4762E-01  8.8506E+01  2.7714E+01 -5.5853E-01  4.6029E-01  1.0522E+02
0000280 4.3430E-01  9.7481E+01  2.5325E+01 -3.9963E+00  4.5339E-01  1.3324E+01
0000280 4.2135E-01  1.0642E+02  2.1821E+01 -6.1374E+00  4.4658E-01  1.2950E+01
0000280 3.9024E-01  1.1476E+02  1.6921E+01 -7.5149E+00  4.2978E-01  2.2381E+01
0000280 3.8659E-01  1.2178E+02  1.1074E+01 -1.0488E+01  4.2776E-01  3.6491E+00
0000280 3.7520E-01  1.2879E+02  4.8799E+00 -1.2599E+01  4.2141E-01  3.1876E+00
0000280 3.5148E-01  1.4216E+02 -8.4574E+00 -1.4696E+01  4.0788E-01  1.1946E+01
0000280 3.3853E-01  1.4994E+02 -1.3696E+01 -1.5164E+01  4.0029E-01  5.2967E+00
0000280 3.2514E-01  1.5777E+02 -1.8690E+01 -1.4494E+01  3.9229E-01  5.9329E+00
0000280 2.0738E-01  1.6503E+02 -2.4143E+01 -1.2818E+01  3.1330E-01  1.1052E+02
0000280 1.1735E-01  1.7060E+02 -2.6402E+01 -6.9666E+00  2.3567E-01  9.0033E+01
0000280 8.8840E-02  1.7339E+02 -3.2652E+01 -3.9823E+00  2.0506E-01  2.7035E+01
0000280 3.2231E-02  1.7886E+02 -3.6651E+01 -1.9968E+00  1.2351E-01  5.3710E+01
0000280 3.8633E-03  1.8275E+02 -3.9360E+01 -5.4216E+00  4.2762E-02  2.6925E+01
0000280 0.0000E+00  1.8130E+02 -4.2972E+01 -6.6835E+00  0.0000E+00  3.0618E+00
0000281 2.0000E+00  0.0000E+00  0.0000E+00  0.0000E+00  9.7295E-01  0.0000E+00
0000281 1.9093E+00  1.3509E+01 -8.4928E-02 -1.0343E-01  9.5063E-01  7.1757E+01
0000281 1.2221E+00  3.7772E+01  3.4655E+00  1.9690E+00  7.6055E-01  6.8602E+02
0000281 1.1525E+00  4.7976E+01 -2.1059E-01  8.2004E+00  7.3859E-01  6.9540E+01
0000281 5.5180E-01  5.7534E+01 -1.3689E+00  1.5908E+01  5.1105E-01  5.8252E+02
0000281 2.4545E-01  6.1527E+01 -9.2488E+00  2.1359E+01  3.4084E-01  2.9575E+02
0000281 2.3370E-01  6.8951E+01 -1.3707E+01  2.0624E+01  3.3259E-01  5.8230E+00
0000281 1.9595E-01  7.6063E+01 -1.8516E+01  2.1160E+01  3.0454E-01  3.7747E+01
0000281 1.6692E-01  8.2953E+01 -2.2210E+01  1.8406E+01  2.8108E-01  2.3985E+01
0000281 1.5427E-01  9.0542E+01 -2.3054E+01  1.5957E+01  2.7022E-01  1.2650E+01
0000281 1.4743E-01  9.7020E+01 -2.4630E+01  1.1736E+01  2.6416E-01  2.5738E+00
0000281 5.0476E-02  1.0299E+02 -2.7080E+01  7.3156E+00  1.5457E-01  9.6952E+01
0000281 4.7628E-02  1.0595E+02 -3.2664E+01  7.8436E+00  1.5014E-01  2.8474E+00
0000281 3.9066E-02  1.0908E+02 -3.7743E+01  9.7858E+00  1.3598E-01  6.6782E+00
0000281 2.2547E-02  1.1255E+02 -4.8755E+01  8.8317E+00  1.0331E-01  8.4985E+00
0000281 1.9604E-02  1.1212E+02 -5.3700E+01  1.1156E+01  9.6327E-02  1.8109E+00
0000281 9.8226E-03  1.0862E+02 -6.7974E+01  2.4453E+01  6.8185E-02  1.5823E+00
0000281 0.0000E+00  1.1573E+02 -7.2671E+01  3.0298E+01  0.0000E+00  1.1756E+00
0000282 2.0000E+00  0.0000E+00  0.0000E+00  0.0000E+00  9.7295E-01  0.0000E+00
0000282 1.9881E+00  9.7822E+00 -5.9703E-02  6.5483E-03  9.7006E-01  3.5281E-01
0000282 1.9480E+00  2.7844E+01 -4.1002E-01  3.0549E-01  9.6021E-01  4.9789E+00
0000282 1.8820E+00  4.1878E+01 -3.6948E-01 -7.2705E-02  9.4382E-01  6.5939E+01
0000282 1.8416E+00  5.5485E+01  4.4325E-01 -2.8809E+00  9.3362E-01  1.4191E+01
0000282 1.7896E+00  6.9127E+01  1.4173E-01 -5.2009E+00  9.2035E-01  2.6142E+01
0000282 1.7166E+00  8.2817E+01 -7.7605E-01 -5.9796E+00  9.0138E-01  4.7707E+01
0000282 1.1261E+00  9.6359E+01  4.7478E-01 -6.1401E+00  7.3005E-01  5.9053E+02
0000282 1.1177E+00  1.0652E+02 -6.7197E-01  6.2772E-01  7.2735E-01  8.3310E+00
0000282 1.0302E+00  1.1661E+02 -2.8552E+00  7.2152E+00  6.9828E-01  6.9753E+01
0000282 1.4809E-01  1.2737E+02 -2.3166E+00  1.2513E+01  2.6475E-01  8.6531E+02
0000282 1.3974E-01  1.3296E+02  2.4255E-01  7.6771E+00  2.5718E-01  8.3465E+00
0000282 6.2698E-02  1.3785E+02  4.4337E+00  3.3935E+00  1.7227E-01  7.3069E+01
0000282 5.7957E-02  1.4436E+02  4.0505E+00  2.3411E+00  1.6563E-01  2.4634E+00
0000282 3.6589E-02  1.5044E+02  2.7597E+00  4.1005E-01  1.3160E-01  2.1369E+01
0000282 2.3274E-02  1.5396E+02 -1.6450E+00 -1.5766E+00  1.0496E-01  1.1741E+01
0000282 1.8579E-02  1.5458E+02 -1.1629E+01 -5.6092E+00  9.3774E-02  1.7895E+00
0000282 6.8682E-03  1.5897E+02 -1.9826E+01 -9.4253E+00  5.7016E-02  7.0460E+00
0000282 0.0000E+00  1.5130E+02 -4.0762E+01 -1.3565E+01  0.0000E+00  1.0104E+00
0000283 2.0000E+00  0.0000E+00  0.0000E+00  0.0000E+00  9.7295E-01  0.0000E+00
0000283 1.9694E+00  3.9702E+00  0.0000E+00  0.0000E+00  9.6548E-01  2.2856E+01
0000283 1.9568E+00  8.3275E+00 -8.7040E-02  4.6118E-01  9.6240E-01  4.1091E+00
0000283 3.5140E-01  2.6218E+01 -1.3654E+00  2.2514E+00  4.0782E-01  1.5782E+03
0000283 3.3991E-01  2.9145E+01 -6.4851E+00  9.5567E+00  4.0110E-01  3.8307E+00
0000283 3.0724E-01  3.1154E+01 -1.1975E+01  1.6817E+01  3.8134E-01  2.5188E+01
0000283 2.8216E-01  3.4427E+01 -1.5302E+01  2.4651E+01  3.6544E-01  1.8130E+01
0000283 2.2330E-01  3.9586E+01 -1.8346E+01  3.1304E+01  3.2510E-01  5.2315E+01
0000283 2.1294E-01  4.2402E+01 -1.8561E+01  3.9342E+01  3.1747E-01  4.8184E+00
0000283 2.0183E-01  4.8255E+01 -1.6052E+01  5.4906E+01  3.0907E-01  2.9455E+00
0000283 1.8707E-01  5.2054E+01 -1.3838E+01  6.1994E+01  2.9756E-01  9.5994E+00
0000283 1.6646E-01  6.1371E+01 -8.1820E+00  7.4130E+01  2.8069E-01  1.5278E+01
0000283 1.0445E-01  6.4420E+01 -6.7873E+00  8.1409E+01  2.2235E-01  5.7506E+01
0000283 7.7478E-02  7.0589E+01 -6.9254E+00  8.5303E+01  1.9150E-01  2.6976E+01
0000283 5.5627E-02  7.7983E+01 -3.0138E+00  9.5896E+01  1.6226E-01  1.5241E+01
0000283 3.6236E-02  8.8584E+01 -4.1958E+00  1.0282E+02  1.3096E-01  1.2365E+01
0000283 2.4683E-02  9.7510E+01 -3.1208E+00  1.0995E+02  1.0809E-01  5.4543E+00
0000283 1.7845E-02  1.0065E+02 -5.5799E+00  1.1384E+02  9.1904E-02  5.6339E+00
0000283 0.0000E+00  1.0440E+02 -1.4650E+01  1.1682E+02  0.0000E+00  1.5062E+01
0000284 2.0000E+00  0.0000E+00  0.0000E+00  0.0000E+00  9.7295E-01  0.0000E+00
0000284 1.9856E+00  3.9702E+00  0.0000E+00  0.0000E+00  9.6944E-01  6.6951E+00
0000284 1.9764E+00  7.9338E+00  2.1268E-01  8.7851E-02  9.6719E-01  1.4998E+00
0000284 1.8167E+00  1.5217E+01  7.0078E-01  4.2562E-01  9.2731E-01  1.5963E+02
0000284 1.6647E+00  2.8656E+01 -2.3252E+00  1.1621E+00  8.8766E-01  1.5205E+02
0000284 1.2825E+00  5.5113E+01 -7.2606E-01  6.1748E+00  7.7911E-01  3.7788E+02
0000284 8.8909E-01  6.6032E+01 -5.8245E+00  1.0042E+01  6.4871E-01  3.9336E+02
0000284 8.6553E-01  7.4897E+01 -1.2809E+01  7.3936E+00  6.4006E-01  8.5160E+00
0000284 7.7432E-01  8.4179E+01 -1.8856E+01  4.2403E+00  6.0539E-01  7.6469E+01
0000284 7.5991E-01  9.1034E+01 -2.7325E+01  1.5513E+00  5.9973E-01  1.4410E+01
0000284 7.1650E-01  9.8854E+01 -3.5119E+01 -1.5872E-01  5.8235E-01  3.0008E+01
0000284 6.6495E-01  1.0518E+02 -4.3529E+01 -3.4254E+00  5.6101E-01  5.1549E+01
0000284 6.2560E-01  1.1284E+02 -5.1155E+01 -4.1606E+00  5.4416E-01  3.9351E+01
0000284 2.4190E-01  1.2987E+02 -6.3442E+01 -4.3093E-01  3.3837E-01  3.6717E+02
0000284 2.2216E-01  1.3786E+02 -6.2908E+01 -3.7328E+00  3.2427E-01  1.9734E+01
0000284 1.9273E-01  1.4522E+02 -6.4710E+01 -7.5963E+00  3.0203E-01  2.3914E+01
0000284 1.3521E-01  1.5114E+02 -6.4985E+01 -1.3359E+01  2.5298E-01  5.2526E+01
0000284 1.1553E-01  1.5339E+02 -6.3189E+01 -2.0480E+01  2.3384E-01  1.9687E+01
0000284 1.0808E-01  1.5697E+02 -6.3945E+01 -2.6959E+01  2.2617E-01  7.4508E+00
0000284 7.8365E-02  1.6046E+02 -6.6515E+01 -3.2895E+01  1.9259E-01  2.6389E+01
0000284 6.7825E-03  1.5882E+02 -7.2443E+01 -4.5035E+01  5.6659E-02  6.4372E+01
0000284 0.0000E+00  1.4895E+02 -6.6679E+01 -4.7870E+01  0.0000E+00  2.3726E+00
0000285 2.0000E+00  0.0000E+00  0.0000E+00  0.0000E+00  9.7295E-01  0.0000E+00
0000285 1.8843E+00  3.9702E+00  0.0000E+00  0.0000E+00  9.4439E-01  1.0797E+02
0000285 1.8667E+00  1.6252E+01 -9.8463E-01  2.7501E+00  9.3998E-01  1.2015E+00
0000285 1.8306E+00  2.9680E+01 -2.1584E+00  6.0967E+00  9.3082E-01  3.6186E+01
0000285 1.7727E+00  4.3360E+01 -3.5080E+00  7.5332E+00  9.1599E-01  3.2149E+01
0000285 1.7130E+00  5.6551E+01 -5.8588E+00  1.0439E+01  9.0045E-01  3.4535E+01
0000285 1.6996E+00  6.9081E+01 -8.2105E+00  1.5156E+01  8.9692E-01  1.3378E+01
0000285 1.6292E+00  9.3303E+01 -1.5887E+01  2.4622E+01  8.7815E-01  6.5951E+01
0000285 1.5023E+00  1.0404E+02 -2.2414E+01  2.9344E+01  8.4324E-01  1.0340E+02
0000285 1.4735E+00  1.1580E+02 -2.8093E+01  3.0926E+01  8.3512E-01  6.5731E+00
0000285 1.4586E+00  1.2757E+02 -3.3804E+01  3.1631E+01  8.3088E-01  1.4926E+01
0000285 1.4291E+00  1.3933E+02 -3.9437E+01  3.1020E+01  8.2244E-01  7.7803E+00
0000285 1.3919E+00  1.5095E+02 -4.5249E+01  3.1342E+01  8.1167E-01  1.5809E+01
0000285 1.1457E+00  1.6286E+02 -5.0193E+01  3.0635E+01  7.3638E-01  2.2528E+02
0000285 1.1240E+00  1.7177E+02 -5.7517E+01  2.6323E+01  7.2940E-01  3.4985E+00
0000285 1.1002E+00  1.8082E+02 -6.4306E+01  2.1605E+01  7.2164E-01  5.8970E+00
0000285 8.0993E-01  1.9039E+02 -7.0400E+01  1.7125E+01  6.1916E-01  2.7271E+02
0000285 7.8632E-01  1.9789E+02 -7.8867E+01  1.7952E+01  6.1007E-01  9.5645E+00
0000285 7.0902E-01  2.0438E+02 -8.8001E+01  1.9077E+01  5.7930E-01  7.7305E+01
0000285 5.7666E-01  2.1317E+02 -9.4607E+01  1.9254E+01  5.2244E-01  1.3236E+02
0000285 3.2013E-01  2.2313E+02 -9.7039E+01  2.1456E+01  3.8926E-01  2.5653E+02
0000285 3.0819E-01  2.3025E+02 -9.3358E+01  2.5973E+01  3.8193E-01  4.7787E+00
0000285 2.9879E-01  2.3658E+02 -8.9491E+01  3.1287E+01  3.7606E-01  9.4015E+00
0000285 2.8174E-01  2.4306E+02 -8.4634E+01  3.5360E+01  3.6517E-01  1.0230E+01
0000285 2.2482E-01  2.4817E+02 -7.9008E+01  4.0082E+01  3.2621E-01  5.0383E+01
0000285 1.9815E-01  2.5536E+02 -7.4789E+01  4.1881E+01  3.0625E-01  2.6668E+01
0000285 9.5506E-03  2.6616E+02 -6.3249E+01  4.6815E+01  6.7234E-02  1.8523E+02
0000285 0.0000E+00  2.7056E+02 -6.1806E+01  3.9632E+01  0.0000E+00  4.4610E+00
0000286 2.0000E+00  0.0000E+00  0.0000E+00  0.0000E+00  9.7295E-01  0.0000E+00
0000286 1.7685E+00  3.9702E+00  0.0000E+00  0.0000E+00  9.1490E-01  2.3155E+02
0000286 6.5186E-01  1.1484E+01 -2.0451E+00 -1.7374E+00  5.5546E-01  1.1018E+03
0000286 6.1654E-02  1.6572E+01 -1.1237E+01  6.8987E-01  1.7083E-01  5.7823E+02
0000286 5.5429E-02  1.3185E+01 -1.6219E+01 -1.9753E+00  1.6197E-01  6.2253E+00
0000286 2.6441E-02  1.1646E+01 -2.2090E+01 -4.1761E+00  1.1187E-01  2.8557E+01
0000286 1.6257E-02  6.7817E+00 -2.4854E+01 -4.8695E+00  8.7720E-02  1.0184E+01
0000286 4.6969E-03  3.4990E+00 -2.6436E+01 -8.5478E+00  4.7150E-02  1.0841E+01
0000286 0.0000E+00  9.0237E+00 -3.8709E+01 -1.2193E+01  0.0000E+00  5.7714E-01
0000287 2.0000E+00  0.0000E+00  0.0000E+00  0.0000E+00  9.7295E-01  0.0000E+00
0000287 1.9796E+00  7.9404E+00 -1.3861E-02  1.2252E-02  9.6797E-01  1.2665E+01
0000287 1.9553E+00  1.4931E+01  4.4907E-01 -2.3967E-01  9.6203E-01  1.0647E+01
0000287 1.7833E+00  2.8969E+01  9.1531E-01  1.8087E-01  9.1873E-01  1.4501E+02
0000287 1.7349E+00  4.2311E+01 -3.2982E-02 -2.9208E+00  9.0617E-01  2.3186E+01
0000287 1.6932E+00  6.7756E+01 -4.1518E+00 -1.1785E+01  8.9521E-01  1.3142E+01
0000287 1.1175E+00  7.9889E+01 -6.4101E+00 -1.7386E+01  7.2729E-01  5.5137E+02
0000287 1.0877E+00  9.0994E+01 -1.2510E+01 -3.8290E+01  7.1753E-01  2.2587E+01
0000287 1.0158E+00  9.7612E+01 -1.6165E+01 -4.7817E+01  6.9339E-01  5.4508E+01
0000287 9.5436E-01  1.0283E+02 -2.2117E+01 -5.6791E+01  6.7210E-01  6.1421E+01
0000287 9.4796E-01  1.0920E+02 -2.5384E+01 -6.6155E+01  6.6984E-01  6.4079E+00
0000287 8.5980E-01  1.1605E+02 -2.7820E+01 -7.5410E+01  6.3793E-01  7.2392E+01
0000287 6.6411E-01  1.3035E+02 -2.7218E+01 -9.3356E+01  5.6065E-01  1.7390E+02
0000287 5.7118E-01  1.3916E+02 -2.4066E+01 -9.8802E+01  5.1995E-01  9.2927E+01
0000287 5.4617E-01  1.4586E+02 -1.7524E+01 -1.0347E+02  5.0844E-01  1.4134E+01
0000287 2.8378E-01  1.5274E+02 -1.0432E+01 -1.0657E+02  3.6649E-01  2.6239E+02
0000287 2.0275E-01  1.6168E+02 -9.7310E+00 -1.0673E+02  3.0978E-01  8.1033E+01
0000287 1.8870E-01  1.6846E+02 -5.4664E+00 -1.0440E+02  2.9885E-01  1.4049E+01
0000287 1.7335E-01  1.7384E+02 -6.2763E-01 -1.0048E+02  2.8644E-01  1.0435E+01
0000287 1.4081E-01  1.7988E+02  4.3210E+00 -9.8397E+01  2.5816E-01  2.7907E+01
0000287 1.0540E-01  1.8618E+02  8.6771E+00 -9.9558E+01  2.2336E-01  3.1407E+01
0000287 7.4997E-02  1.9062E+02  1.4168E+01 -9.7672E+01  1.8841E-01  2.7141E+01
0000287 6.6501E-02  1.9659E+02  1.6244E+01 -9.5079E+01  1.7741E-01  5.9189E+00
0000287 5.9757E-02  2.0309E+02  1.6788E+01 -9.3592E+01  1.6818E-01  4.3728E+00
0000287 4.5854E-02  2.0904E+02  1.6139E+01 -9.0946E+01  1.4732E-01  1.3903E+01
0000287 3.7951E-02  2.1510E+02  1.7573E+01 -9.0722E+01  1.3403E-01  7.9027E+00
0000287 2.9964E-02  2.2407E+02  2.4497E+01 -9.4023E+01  1.1909E-01  3.7882E+00
0000287 8.2867E-03  2.2795E+02  2.7344E+01 -9.7194E+01  6.2628E-02  2.0304E+01
0000287 0.0000E+00  2.3242E+02  2.2507E+01 -9.9035E+01  0.0000E+00  4.3390E-01
0000288 2.0000E+00  0.0000E+00  0.0000E+00  0.0000E+00  9.7295E-01  0.0000E+00
0000288 1.9444E+00  1.4132E+01 -7.6815E-02  3.3384E-02  9.5934E-01  2.7965E+01
0000288 1.8932E+00  2.3628E+01  9.8619E-01  1.4521E-01  9.4661E-01  3.2948E+01
0000288 1.8729E+00  3.7160E+01  4.2527E+00  8.4705E-01  9.4154E-01  2.0207E+01
0000288 1.7757E+00  5.0343E+01  8.2294E+00  2.7522E+00  9.1676E-01  7.1101E+01
0000288 1.7620E+00  6.3263E+01  1.0490E+01  6.7625E+00  9.1324E-01  1.3626E+01
0000288 1.6027E+00  7.6003E+01  1.1875E+01  1.1575E+01  8.7097E-01  1.5935E+02
0000288 1.5747E+00  8.9183E+01  1.3984E+01  1.2348E+01  8.6334E-01  4.6649E+00
0000288 1.5473E+00  1.0241E+02  1.5405E+01  1.2886E+01  8.5578E-01  4.4623E+00
0000288 5.0073E-01  1.1552E+02  1.6839E+01  1.4132E+01  4.8683E-01  1.0239E+03
0000288 4.9705E-01  1.2101E+02  2.4200E+01  9.7945E+00  4.8504E-01  3.6851E+00
0000288 4.6474E-01  1.2585E+02  3.2098E+01  5.6713E+00  4.6901E-01  3.2301E+01
0000288 2.7475E-01  1.3051E+02  3.8421E+01 -5.0006E-01  3.6062E-01  1.8063E+02
0000288 2.5717E-01  1.3181E+02  3.9912E+01 -9.1790E+00  3.4889E-01  1.7583E+01
0000288 1.0669E-01  1.3482E+02  3.9976E+01 -1.7427E+01  2.2472E-01  1.5048E+02
0000288 5.7847E-02  1.4168E+02  4.0370E+01 -1.9948E+01  1.6547E-01  4.8846E+01
0000288 4.8450E-02  1.4649E+02  3.6240E+01 -2.1434E+01  1.5143E-01  9.3967E+00
0000288 3.4891E-02  1.5137E+02  3.2437E+01 -2.0298E+01  1.2851E-01  1.1652E+01
0000288 1.6726E-02  1.5694E+02  3.1653E+01 -1.8408E+01  8.8975E-02  1.8165E+01
0000288 1.0776E-03  1.6093E+02  3.8631E+01 -1.2976E+01  2.2584E-02  1.0052E+01
0000288 0.0000E+00  1.6120E+02  4.1213E+01 -1.5137E+01  0.0000E+00  6.1057E-01
0000289 2.0000E+00  0.0000E+00  0.0000E+00  0.0000E+00  9.7295E-01  0.0000E+00
0000289 1.9601E+00  3.3696E+01  1.1118E+00 -4.2467E-01  9.6319E-01  8.8492E+00
0000289 1.9230E+00  4.7754E+01  8.8159E-01 -5.2505E-01  9.5404E-01  9.9876E+00
0000289 1.5365E+00  6.1706E+01  6.0519E-02  1.8791E-01  8.5280E-01  3.5977E+02
0000289 1.4717E+00  7.3196E+01 -6.3015E+00  1.7852E+00  8.3461E-01  6.4840E+01
0000289 4.1092E-01  8.5624E+01 -1.0391E+01  2.2158E+00  4.4102E-01  1.0389E+03
0000289 3.8225E-01  8.9999E+01 -1.4469E+01 -5.4426E+00  4.2535E-01  2.0105E+01
0000289 3.6702E-01  9.4503E+01 -2.0170E+01 -1.1661E+01  4.1679E-01  7.0917E+00
0000289 2.7056E-01  9.7812E+01 -2.5927E+01 -1.8425E+01  3.5785E-01  8.8561E+01
0000289 2.6465E-01  9.6867E+01 -3.3075E+01 -2.3597E+01  3.5393E-01  5.9081E+00
0000289 1.9059E-01  9.4694E+01 -4.0222E+01 -2.8307E+01  3.0035E-01  6.7811E+01
0000289 4.6010E-02  9.2157E+01 -4.8061E+01 -2.8515E+01  1.4757E-01  1.3963E+02
0000289 1.8511E-02  9.7007E+01 -5.7212E+01 -3.5150E+01  9.3603E-02  2.2913E+01
0000289 2.3627E-03  9.7385E+01 -6.2312E+01 -3.3778E+01  3.3441E-02  1.5157E+01
0000289 0.0000E+00  9.4202E+01 -6.4213E+01 -3.4583E+01  0.0000E+00  1.5600E+00
0000290 2.0000E+00  0.0000E+00  0.0000E+00  0.0000E+00  9.7295E-01  0.0000E+00
0000290 1.9274E+00  1.2239E+01  8.7051E-02 -1.1144E-01  9.5513E-01  5.5965E+01
0000290 1.5699E+00  2.6062E+01  8.2386E-01  1.9877E+00  8.6200E-01  3.3079E+02
0000290 1.5172E+00  3.7181E+01  1.1646E+00  9.2799E+00  8.4741E-01  2.9743E+01
0000290 1.4863E+00  4.7100E+01  1.7152E+00  1.7956E+01  8.3873E-01  8.5735E+00
0000290 1.4468E+00  5.7168E+01  1.3154E+00  2.6363E+01  8.2753E-01  1.7434E+01
0000290 1.2896E+00  6.6379E+01  1.7311E+00  3.5577E+01  7.8126E-01  1.5726E+02
0000290 1.2407E+00  7.7253E+01 -3.9616E-01  4.1730E+01  7.6632E-01  4.8846E+01
0000290 1.2176E+00  8.6629E+01 -3.8468E+00  4.9333E+01  7.5916E-01  3.8463E+00
0000290 1.1939E+00  9.5719E+01 -7.9388E+00  5.6872E+01  7.5174E-01  4.7148E+00
0000290 1.0712E+00  1.0480E+02 -1.2660E+01  6.3942E+01  7.1205E-01  1.0404E+02
0000290 9.9527E-01  1.1127E+02 -2.0018E+01  7.1071E+01  6.8635E-01  5.8667E+01
0000290 4.1000E-01  1.1617E+02 -2.9270E+01  7.6744E+01  4.4052E-01  5.6892E+02
0000290 3.9675E-01  1.2244E+02 -2.9496E+01  8.4154E+01  4.3334E-01  1.3254E+01
0000290 3.4150E-01  1.2926E+02 -2.8219E+01  9.0853E+01  4.0204E-01  4.6894E+01
0000290 3.2668E-01  1.3322E+02 -2.7410E+01  9.9263E+01  3.9322E-01  7.3189E+00
0000290 3.1166E-01  1.3674E+02 -2.5297E+01  1.0754E+02  3.8408E-01  7.7446E+00
0000290 2.9447E-01  1.3888E+02 -2.2968E+01  1.1612E+02  3.7334E-01  1.7190E+01
0000290 4.6384E-03  1.4299E+02 -2.0924E+01  1.2390E+02  4.6855E-02  2.8984E+02
0000290 0.0000E+00  1.4124E+02 -2.7462E+01  1.2778E+02  0.0000E+00  1.9295E+00
0000291 2.0000E+00  0.0000E+00  0.0000E+00  0.0000E+00  9.7295E-01  0.0000E+00
0000291 1.9819E+00  1.3185E+01  3.0317E-02 -6.1183E-02  9.6855E-01  5.4622E-02
0000291 1.9086E+00  2.7285E+01  2.0546E-02 -1.4973E-01  9.5045E-01  7.3373E+01
0000291 1.8536E+00  4.0983E+01 -2.4625E+00 -1.2849E+00  9.3667E-01  2.8395E+01
0000291 1.7616E+00  5.4190E+01 -6.5764E+00 -2.2145E+00  9.1313E-01  6.6019E+01
0000291 1.7572E+00  6.7384E+01 -9.8671E+00 -6.4024E-01  9.1197E-01  4.4676E+00
0000291 1.7075E+00  9.3816E+01 -1.6597E+01  1.2882E+00  8.9899E-01  2.0638E+01
0000291 1.6380E+00  1.0639E+02 -2.1426E+01  3.0581E+00  8.8051E-01  4.5042E+01
0000291 1.6027E+00  1.1889E+02 -2.6338E+01  2.6087E+00  8.7096E-01  1.1685E+01
0000291 1.5743E+00  1.3109E+02 -3.1595E+01  1.1116E+00  8.6323E-01  2.8314E+01
0000291 1.4202E+00  1.4303E+02 -3.6520E+01 -2.1120E+00  8.1988E-01  1.3118E+02
0000291 1.0884E+00  1.5253E+02 -4.4312E+01 -6.2782E+00  7.1776E-01  3.3175E+02
0000291 1.0644E+00  1.6433E+02 -4.6990E+01 -7.5218E+00  7.0980E-01  6.5260E+00
0000291 1.0125E+00  1.7626E+02 -4.8851E+01 -8.2972E+00  6.9226E-01  5.1965E+01
0000291 5.9365E-01  1.8774E+02 -5.1781E+01 -6.6601E+00  5.3008E-01  4.1883E+02
0000291 5.6927E-01  1.9661E+02 -4.7759E+01 -2.5844E+00  5.1908E-01  1.3199E+01
0000291 5.4954E-01  2.0461E+02 -4.2406E+01  1.4943E+00  5.1001E-01  8.8731E+00
0000291 5.3806E-01  2.2113E+02 -3.1692E+01  7.8870E+00  5.0465E-01  7.7303E+00
0000291 5.0470E-01  2.2859E+02 -2.5546E+01  1.1506E+01  4.8876E-01  2.2944E+01
0000291 4.9766E-01  2.3622E+02 -1.8983E+01  1.3018E+01  4.8533E-01  7.0426E+00
0000291 3.1055E-01  2.4301E+02 -1.1570E+01  1.4366E+01  3.8339E-01  1.8711E+02
0000291 2.6587E-01  2.5177E+02 -1.0107E+01  1.6509E+01  3.5474E-01  3.7673E+01
0000291 2.5460E-01  2.5883E+02 -6.7715E+00  2.0657E+01  3.4714E-01  1.1271E+01
0000291 2.4857E-01  2.6664E+02 -3.7021E+00  2.3167E+01  3.4301E-01  6.0232E+00
0000291 1.4350E-01  2.7491E+02 -1.4115E+00  2.4678E+01  2.6061E-01  9.9098E+01
0000291 1.3523E-01  2.7967E+02  4.6857E+00  2.3879E+01  2.5300E-01  4.2145E+00
0000291 1.0020E-01  2.8493E+02  1.0272E+01  2.4226E+01  2.1777E-01  3.1731E+01
0000291 2.2236E-02  2.8801E+02  1.6215E+01  2.1477E+01  1.0259E-01  7.7963E+01
0000291 1.0730E-02  2.8852E+02  2.0587E+01  2.4721E+01  7.1266E-02  1.0384E+01
0000291 1.1590E-03  2.8553E+02  2.3946E+01  2.6467E+01  2.3422E-02  8.8834E+00
0000291 0.0000E+00  2.8276E+02  2.2457E+01  2.7800E+01  0.0000E+00  1.1395E+00
0000292 2.0000E+00  0.0000E+00  0.0000E+00  0.0000E+00  9.7295E-01  0.0000E+00
0000292 3.7799E-01  1.3370E+01  5.8022E-03  5.4337E-02  4.2298E-01  1.6219E+03
0000292 6.8888E-02  2.1105E+01 -9.0442E+00  1.0750E+01  1.8057E-01  3.0406E+02
0000292 3.8902E-02  2.7638E+01 -7.5108E+00  1.1245E+01  1.3569E-01  2.7556E+01
0000292 2.8343E-02  3.7595E+01 -4.2647E+00  6.1177E+00  1.1582E-01  3.6726E+00
0000292 8.0029E-03  4.8308E+01 -2.5655E+00  8.4742E+00  6.1546E-02  1.6822E+01
0000292 0.0000E+00  5.5955E+01  3.9194E+00  1.0731E+01  0.0000E+00  4.2439E-01
0000293 2.0000E+00  0.0000E+00  0.0000E+00  0.0000E+00  9.7295E-01  0.0000E+00
0000293 1.9707E+00  1.4054E+01 -5.1701E-02 -6.1175E-03  9.6581E-01  1.8968E+00
0000293 1.9547E+00  2.2105E+01  1.5550E-01  1.3696E-02  9.6187E-01  4.7289E-01
0000293 1.9217E+00  3.6155E+01  3.1755E-01  1.3747E-01  9.5372E-01  5.9556E+00
0000293 1.8811E+00  5.0126E+01  7.5141E-01 -4.6759E-01  9.4358E-01  1.3963E+01
0000293 1.8674E+00  6.3910E+01  1.5274E+00 -2.2087E+00  9.4014E-01  1.3696E+01
0000293 1.8316E+00  7.7461E+01  2.9969E+00 -4.8848E+00  9.3109E-01  9.6577E+00
0000293 1.7726E+00  9.0775E+01  5.4359E+00 -7.6894E+00  9.1597E-01  3.3257E+01
0000293 1.7684E+00  1.0432E+02  6.2273E+00 -9.6294E+00  9.1487E-01  4.2419E+00
0000293 1.1179E+00  1.3147E+02  8.5619E+00 -1.2355E+01  7.2741E-01  6.4456E+02
0000293 1.0420E+00  1.4209E+02  2.5039E+00 -1.1802E+01  7.0228E-01  5.8088E+01
0000293 8.7213E-01  1.5356E+02 -9.4413E-01 -1.0620E+01  6.4249E-01  1.5298E+02
0000293 7.7289E-01  1.6365E+02 -2.7398E+00 -5.2991E+00  6.0483E-01  8.4409E+01
0000293 5.2864E-01  1.7138E+02 -6.6420E+00  1.8235E+00  5.0021E-01  2.3068E+02
0000293 5.1096E-01  1.7771E+02 -1.4379E+01  4.2157E+00  4.9178E-01  1.7683E+01
0000293 4.8613E-01  1.8510E+02 -2.1342E+01  5.2524E+00  4.7968E-01  2.4826E+01
0000293 4.7177E-01  1.9069E+02 -2.9665E+01  6.3630E+00  4.7254E-01  4.6824E+00
0000293 4.5485E-01  1.9704E+02 -3.7349E+01  7.3721E+00  4.6399E-01  7.4545E+00
0000293 4.4804E-01  2.0377E+02 -4.4659E+01  7.2265E+00  4.6050E-01  6.8068E+00
0000293 4.3779E-01  2.0996E+02 -5.2345E+01  8.0999E+00  4.5520E-01  1.0254E+01
0000293 3.0784E-01  2.1580E+02 -5.9935E+01  1.0429E+01  3.8172E-01  1.2097E+02
0000293 2.1367E-01  2.1913E+02 -6.8110E+01  8.1340E+00  3.1802E-01  9.4169E+01
0000293 2.0531E-01  2.2454E+02 -7.4296E+01  1.0071E+01  3.1173E-01  2.9930E+00
0000293 1.9088E-01  2.3055E+02 -7.9704E+01  1.2234E+01  3.0058E-01  9.2141E+00
0000293 1.7890E-01  2.3692E+02 -8.4920E+01  1.2646E+01  2.9099E-01  1.1979E+01
0000293 1.5004E-01  2.4215E+02 -9.0821E+01  1.4645E+01  2.6649E-01  2.4123E+01
0000293 1.2264E-01  2.4898E+02 -9.4662E+01  1.5079E+01  2.4093E-01  2.3217E+01
0000293 5.3543E-02  2.5491E+02 -9.8534E+01  1.2498E+01  1.5919E-01  6.5471E+01
0000293 2.9094E-02  2.5749E+02 -1.0413E+02  1.4271E+01  1.1735E-01  2.2407E+01
0000293 7.0317E-03  2.5582E+02 -1.0913E+02  1.6514E+01  5.7691E-02  2.0716E+01
0000293 0.0000E+00  2.4680E+02 -1.1595E+02  1.1937E+01  0.0000E+00  2.6240E+00
0000294 2.0000E+00  0.0000E+00  0.0000E+00  0.0000E+00  9.7295E-01  0.0000E+00
0000294 1.9587E+00  3.9702E+00  0.0000E+00  0.0000E+00  9.6284E-01  3.3608E+01
0000294 1.7557E+00  1.6127E+01 -7.7135E-01  1.3928E+00  9.1159E-01  2.0297E+02
0000294 1.4050E+00  2.4799E+01 -3.9646E+00  1.0167E+00  8.1548E-01  3.5069E+02
0000294 1.2399E+00  3.6647E+01 -5.8916E+00  5.8538E+00  7.6608E-01  1.6507E+02
0000294 1.2151E+00  4.9147E+01 -6.9260E+00  6.3773E+00  7.5836E-01  5.6418E+00
0000294 1.1703E+00  6.1522E+01 -8.6258E+00  6.3801E+00  7.4427E-01  2.5787E+01
0000294 1.1431E+00  7.3446E+01 -1.1799E+01  5.3884E+00  7.3556E-01  8.7961E+00
0000294 1.0566E+00  8.5124E+01 -1.5681E+01  5.1760E+00  7.0717E-01  6.8436E+01
0000294 8.6258E-01  9.7001E+01 -1.6965E+01  3.3994E+00  6.3896E-01  1.9398E+02
0000294 3.3576E-01  1.0659E+02 -1.7326E+01 -2.9620E+00  3.9865E-01  5.1211E+02
0000294 2.9962E-01  1.0752E+02 -1.9112E+01 -1.2036E+01  3.7658E-01  2.8728E+01
0000294 2.6395E-01  1.0656E+02 -1.8899E+01 -2.1053E+01  3.5346E-01  3.5670E+01
0000294 2.1621E-01  1.0328E+02 -1.6864E+01 -2.8989E+01  3.1990E-01  4.7744E+01
0000294 1.8072E-01  9.9507E+01 -1.8538E+01 -3.6375E+01  2.9247E-01  3.0076E+01
0000294 1.5904E-01  9.4711E+01 -1.7307E+01 -4.2850E+01  2.7436E-01  2.1682E+01
0000294 1.4215E-01  8.2473E+01 -1.7130E+01 -5.2828E+01  2.5939E-01  7.6446E+00
0000294 1.3718E-01  7.7113E+01 -1.8579E+01 -5.8249E+01  2.5482E-01  4.9689E+00
0000294 1.1406E-01  7.2014E+01 -2.1405E+01 -6.3287E+01  2.3235E-01  2.3126E+01
0000294 1.0443E-01  6.7592E+01 -2.6571E+01 -6.6268E+01  2.2233E-01  6.1761E+00
0000294 9.0351E-03  6.1994E+01 -3.0714E+01 -6.8441E+01  6.5395E-02  9.2557E+01
0000294 0.0000E+00  6.0013E+01 -3.2522E+01 -6.4594E+01  0.0000E+00  8.5356E+00
0000295 2.0000E+00  0.0000E+00  0.0000E+00  0.0000E+00  9.7295E-01  0.0000E+00
0000295 1.9813E+00  1.0013E+01 -1.8955E-02 -4.2020E-02  9.6839E-01  1.8583E+01
0000295 1.9301E+00  2.8014E+01  1.3500E+00  7.2865E-01  9.5581E-01  2.3808E+01
0000295 1.8979E+00  4.1766E+01  3.1943E+00  2.6372E+00  9.4779E-01  5.4822E+00
0000295 1.2705E+00  5.5521E+01  5.1849E+00  3.8076E+00  7.7546E-01  6.0097E+02
0000295 1.2657E+00  6.5441E+01  1.1898E+01 -1.9166E-01  7.7400E-01  4.7877E+00
0000295 1.2426E+00  7.5033E+01  1.9228E+01 -3.8542E+00  7.6690E-01  3.5651E+00
0000295 1.2168E+00  8.4163E+01  2.6831E+01 -7.9254E+00  7.5890E-01  6.5440E+00
0000295 1.1811E+00  9.2812E+01  3.4432E+01 -1.2780E+01  7.4768E-01  1.6737E+01
0000295 1.1160E+00  1.0028E+02  4.2783E+01 -1.8109E+01  7.2679E-01  6.5073E+01
0000295 3.8783E-01  1.0946E+02  5.0234E+01 -2.1256E+01  4.2845E-01  7.1040E+02
0000295 1.6278E-01  1.0869E+02  6.8537E+01 -2.6759E+01  2.7757E-01  2.1173E+02
0000295 1.5409E-01  1.1342E+02  7.2308E+01 -3.1962E+01  2.7006E-01  4.2577E+00
0000295 1.4875E-01  1.1849E+02  7.4848E+01 -3.7445E+01  2.6534E-01  5.3425E+00
0000295 9.9375E-02  1.2369E+02  7.8529E+01 -4.2008E+01  2.1688E-01  4.5218E+01
0000295 4.0097E-02  1.3012E+02  7.8149E+01 -4.5274E+01  1.3776E-01  5.6145E+01
0000295 9.0348E-03  1.3181E+02  7.5126E+01 -5.0267E+01  6.5394E-02  2.9387E+01
0000295 0.0000E+00  1.3877E+02  6.5935E+01 -4.5240E+01  0.0000E+00  3.4822E+00
0000296 2.0000E+00  0.0000E+00  0.0000E+00  0.0000E+00  9.7295E-01  0.0000E+00
0000296 1.9175E+00  2.1536E+01  1.7099E-01 -4.7209E-01  9.5267E-01  4.8290E+01
0000296 1.8568E+00  3.5354E+01 -1.8420E+00 -1.2060E+00  9.3747E-01  6.0711E+01
0000296 1.7923E+00  4.9142E+01 -1.4751E+00 -2.6724E+00  9.2105E-01  3.8446E+01
0000296 1.5196E+00  6.2653E+01  8.3793E-01 -3.7205E+00  8.4808E-01  2.4743E+02
0000296 1.4152E+00  8.8293E+01 -5.2260E+00 -3.0070E+00  8.1845E-01  9.6892E+01
0000296 1.1352E+00  1.0017E+02 -9.5882E+00 -5.8539E+00  7.3300E-01  2.5887E+02
0000296 1.1293E+00  1.1236E+02 -1.0260E+01 -4.4784E+00  7.3111E-01  5.8397E+00
0000296 1.0994E+00  1.2444E+02 -1.1791E+01 -2.9414E+00  7.2137E-01  1.1960E+01
0000296 1.0849E+00  1.3631E+02 -1.4419E+01 -2.0159E+00  7.1659E-01  1.4512E+01
0000296 1.0559E+00  1.4831E+02 -1.6309E+01 -2.2746E+00  7.0696E-01  1.1544E+01
0000296 1.0058E+00  1.6030E+02 -1.7502E+01 -1.4793E+00  6.8997E-01  5.0156E+01
0000296 8.9746E-01  1.7215E+02 -1.7222E+01 -2.8651E+00  6.5175E-01  1.0832E+02
0000296 8.8430E-01  1.8261E+02 -1.5511E+01 -7.6354E+00  6.4696E-01  1.3156E+01
0000296 7.6851E-01  1.9315E+02 -1.2712E+01 -1.1518E+01  6.0311E-01  1.1580E+02
0000296 5.1396E-01  2.0316E+02 -7.6889E+00 -1.1868E+01  4.9322E-01  2.4103E+02
0000296 3.1187E-01  2.2188E+02 -7.1308E+00 -1.9959E+01  3.8421E-01  1.9902E+02
0000296 2.8592E-01  2.2703E+02 -1.7330E+00 -2.5246E+01  3.6787E-01  1.8923E+01
0000296 2.7807E-01  2.3344E+02  1.7543E+00 -3.0484E+01  3.6279E-01  7.8514E+00
0000296 2.3259E-01  2.3882E+02  6.3002E+00 -3.5961E+01  3.3180E-01  4.1847E+01
0000296 1.9361E-01  2.4136E+02  1.2831E+01 -4.0935E+01  3.0272E-01  3.8988E+01
0000296 6.1281E-02  2.4576E+02  1.6508E+01 -4.6894E+01  1.7031E-01  1.3233E+02
0000296 5.6058E-02  2.4400E+02  2.2102E+01 -4.9879E+01  1.6289E-01  5.2236E+00
0000296 4.1908E-02  2.3800E+02  3.2990E+01 -5.2463E+01  1.4084E-01  6.4162E+00
0000296 3.8279E-02  2.3426E+02  3.7763E+01 -5.1566E+01  1.3460E-01  1.9024E+00
0000296 1.5156E-02  2.3038E+02  4.1891E+01 -4.9511E+01  8.4696E-02  2.3124E+01
0000296 0.0000E+00  2.3127E+02  4.6726E+01 -4.8096E+01  0.0000E+00  1.4387E+01
0000297 2.0000E+00  0.0000E+00  0.0000E+00  0.0000E+00  9.7295E-01  0.0000E+00
0000297 1.9563E+00  1.1690E+01  1.8530E-02 -5.4862E-02  9.6227E-01  2.0840E+01
0000297 1.9189E+00  2.9617E+01  1.6323E+00 -1.0016E+00  9.5303E-01  1.0233E+01
0000297 1.3126E+00  4.3514E+01  2.1909E+00 -2.4683E+00  7.8822E-01  6.0630E+02
0000297 1.2807E+00  5.3879E+01  9.5526E+00 -1.8458E+00  7.7856E-01  1.1911E+01
0000297 1.2564E+00  6.3530E+01  1.7734E+01 -1.7805E+00  7.7116E-01  4.5435E+00
0000297 1.2084E+00  7.3031E+01  2.5972E+01 -2.4583E+00  7.5627E-01  2.8618E+01
0000297 1.0795E+00  8.3496E+01  3.2761E+01 -2.3365E+00  7.1480E-01  1.1004E+02
0000297 1.0527E+00  9.3665E+01  3.8399E+01 -5.8262E+00  7.0587E-01  9.4272E+00
0000297 1.0474E+00  1.0349E+02  4.3743E+01 -1.0365E+01  7.0409E-01  5.3238E+00
0000297 1.0266E+00  1.1277E+02  4.9584E+01 -1.5355E+01  6.9706E-01  2.0785E+01
0000297 3.7774E-01  1.2214E+02  5.6210E+01 -1.8841E+01  4.2284E-01  6.3212E+02
0000297 3.6450E-01  1.2443E+02  5.8878E+01 -2.7710E+01  4.1536E-01  1.3243E+01
0000297 3.5562E-01  1.2713E+02  5.9815E+01 -3.6731E+01  4.1027E-01  8.8794E+00
0000297 1.9432E-01  1.2997E+02  6.2179E+01 -4.5389E+01  3.0328E-01  1.6129E+02
0000297 1.1611E-01  1.2721E+02  6.6780E+01 -5.1689E+01  2.3443E-01  7.3191E+01
0000297 9.9355E-02  1.2797E+02  6.7651E+01 -5.9050E+01  2.1686E-01  1.3264E+01
0000297 5.2845E-02  1.2575E+02  6.7599E+01 -7.3103E+01  1.5815E-01  3.8199E+01
0000297 1.5257E-02  1.2604E+02  7.2152E+01 -7.7589E+01  8.4980E-02  3.7588E+01
0000297 9.2317E-03  1.2634E+02  6.9411E+01 -8.7239E+01  6.6102E-02  4.6017E+00
0000297 0.0000E+00  1.3092E+02  6.5126E+01 -9.7799E+01  0.0000E+00  3.4648E+00
0000298 2.0000E+00  0.0000E+00  0.0000E+00  0.0000E+00  9.7295E-01  0.0000E+00
0000298 1.9658E+00  7.9405E+00 -3.2124E-03  9.7003E-03  9.6459E-01  1.8773E+01
0000298 1.9503E+00  1.5474E+01 -1.0947E-01 -7.0100E-01  9.6078E-01  8.8992E-01
0000298 1.9019E+00  2.9468E+01 -4.4717E-02 -1.8744E+00  9.4880E-01  2.1371E+01
0000298 1.8872E+00  4.3374E+01  1.1146E+00 -2.0555E+00  9.4511E-01  1.4733E+01
0000298 1.8662E+00  5.7271E+01  1.2749E+00 -2.9511E+00  9.3983E-01  2.1044E+01
0000298 1.8492E+00  7.1142E+01  1.6744E+00 -2.3957E+00  9.3554E-01  1.6993E+01
0000298 1.2057E+00  8.4859E+01  2.3390E+00 -5.5077E-01  7.5543E-01  6.4348E+02
0000298 6.7454E-01  9.4497E+01 -2.9634E+00  5.3173E+00  5.6504E-01  5.1230E+02
0000298 6.3448E-01  1.0531E+02 -2.0261E+00  5.8088E+00  5.4801E-01  4.0067E+01
0000298 6.1630E-01  1.1579E+02 -3.3456E+00  7.6541E+00  5.4010E-01  6.4324E+00
0000298 5.9532E-01  1.3635E+02 -4.2460E+00  1.2901E+01  5.3083E-01  3.9047E+00
0000298 5.6114E-01  1.4657E+02 -4.1174E+00  1.5574E+01  5.1536E-01  3.4180E+01
0000298 5.5698E-01  1.5633E+02 -1.4982E+00  1.8112E+01  5.1345E-01  4.1604E+00
0000298 3.8444E-01  1.6631E+02  2.8045E-01  2.0430E+01  4.2657E-01  1.7254E+02
0000298 3.0181E-01  1.7487E+02  3.0653E+00  1.7151E+01  3.7796E-01  8.2633E+01
0000298 2.9404E-01  1.8359E+02  1.5474E+00  1.5104E+01  3.7306E-01  7.7657E+00
0000298 2.2841E-01  1.9180E+02 -1.2488E+00  1.2576E+01  3.2880E-01  5.8896E+01
0000298 2.1058E-01  2.0867E+02 -2.3949E+00  1.4701E+01  3.1571E-01  8.0359E+00
0000298 1.9254E-01  2.1675E+02 -1.4937E+00  1.6882E+01  3.0188E-01  1.2723E+01
0000298 1.8959E-01  2.2431E+02 -2.3378E+00  2.0104E+01  2.9956E-01  2.9474E+00
0000298 1.5549E-01  2.3219E+02 -3.0744E+00  2.2363E+01  2.7129E-01  2.9170E+01
0000298 1.2152E-01  2.3977E+02 -9.3807E-01  2.3047E+01  2.3983E-01  2.9678E+01
0000298 7.8181E-02  2.4718E+02 -2.1139E+00  2.2530E+01  1.9236E-01  4.3343E+01
0000298 5.9293E-02  2.5214E+02 -6.7384E+00  2.3754E+01  1.6752E-01  1.6485E+01
0000298 4.3247E-02  2.5429E+02 -1.2409E+01  2.6203E+01  1.4307E-01  1.3856E+01
0000298 3.2603E-02  2.5350E+02 -1.7326E+01  2.9835E+01  1.2422E-01  9.4786E+00
0000298 7.4611E-03  2.5009E+02 -2.1299E+01  3.2459E+01  5.9426E-02  2.3687E+01
0000298 0.0000E+00  2.4822E+02 -1.7951E+01  4.0096E+01  0.0000E+00  4.6668E+00
0000299 2.0000E+00  0.0000E+00  0.0000E+00  0.0000E+00  9.7295E-01  0.0000E+00
0000299 1.9513E+00  3.2246E+01  1.0181E+00 -1.2548E+00  9.6104E-01  1.6588E+01
0000299 1.8337E+00  4.6104E+01  2.7201E+00 -2.7806E+00  9.3163E-01  9.0601E+01
0000299 1.7767E+00  5.9367E+01  6.5912E+00 -2.2475E+00  9.1703E-01  3.1268E+01
0000299 1.7144E+00  7.2746E+01  9.4584E+00 -3.2257E+00  9.0081E-01  3.7130E+01
0000299 1.6804E+00  8.6294E+01  1.0355E+01 -3.9269E+00  8.9184E-01  9.5128E+00
0000299 9.3653E-01  9.9746E+01  1.0535E+01 -5.3480E+00  6.6579E-01  7.4389E+02
0000299 9.1725E-01  1.0884E+02  1.7050E+01 -1.8118E+00  6.5890E-01  3.6492E+00
0000299 8.0701E-01  1.1809E+02  2.3606E+01  1.0010E+00  6.1804E-01  9.4854E+01
0000299 7.3065E-01  1.2741E+02  2.7286E+01  6.2933E+00  5.8807E-01  7.6361E+01
0000299 2.9077E-01  1.3713E+02  2.7493E+01  1.1581E+01  3.7098E-01  4.3987E+02
0000299 2.3249E-01  1.4482E+02  2.3276E+01  9.5104E+00  3.3172E-01  5.3483E+01
0000299 2.1477E-01  1.4972E+02  1.6369E+01  8.0558E+00  3.1883E-01  1.5738E+01
0000299 2.0094E-01  1.5611E+02  1.1123E+01  6.3091E+00  3.0839E-01  8.4426E+00
0000299 1.1787E-01  1.6338E+02  7.2731E+00  4.9631E+00  2.3619E-01  7.7933E+01
0000299 1.0159E-01  1.6661E+02  5.7625E-01  5.6893E+00  2.1928E-01  1.2745E+01
0000299 6.1255E-02  1.7034E+02 -4.9439E+00  8.5708E+00  1.7027E-01  3.7153E+01
0000299 5.3161E-02  1.7232E+02 -1.1088E+01  7.3068E+00  1.5863E-01  5.8534E+00
0000299 1.4939E-02  1.7459E+02 -1.6235E+01  4.2418E+00  8.4088E-02  3.8223E+01
0000299 1.8292E-03  1.7598E+02 -1.6068E+01 -6.6542E-01  2.9424E-02  1.3109E+01
0000299 0.0000E+00  1.7307E+02 -1.5527E+01 -2.8019E+00  0.0000E+00  7.8096E-01
0000300 2.0000E+00  0.0000E+00  0.0000E+00  0.0000E+00  9.7295E-01  0.0000E+00
0000300 1.9855E+00  3.9702E+00  0.0000E+00  0.0000E+00  9.6942E-01  6.7862E+00
0000300 9.9428E-01  1.7144E+01 -1.6517E-01 -7.5215E-01  6.8601E-01  9.6562E+02
0000300 9.7294E-01  2.9583E+01 -1.2535E+01 -3.8728E+00  6.7861E-01  4.3041E+00
0000300 9.6641E-01  3.8405E+01 -2.0184E+01 -5.8486E+00  6.7633E-01  6.5358E+00
0000300 9.4448E-01  4.6642E+01 -2.8513E+01 -7.4557E+00  6.6861E-01  5.9319E+00
0000300 7.7815E-01  5.4331E+01 -3.7101E+01 -9.7749E+00  6.0689E-01  1.6633E+02
0000300 7.5215E-01  5.9391E+01 -4.4796E+01 -1.6210E+01  5.9666E-01  1.2362E+01
0000300 5.0944E-01  6.3392E+01 -5.2170E+01 -2.3549E+01  4.9105E-01  2.2941E+02
0000300 4.7397E-01  6.1517E+01 -5.7607E+01 -3.1966E+01  4.7364E-01  3.5470E+01
0000300 4.6284E-01  6.2161E+01 -6.2207E+01 -4.0857E+01  4.6805E-01  1.1129E+01
0000300 3.4135E-01  6.4174E+01 -6.6107E+01 -4.9817E+01  4.0195E-01  1.1215E+02
0000300 2.5452E-01  6.1408E+01 -6.8568E+01 -5.8381E+01  3.4708E-01  7.9332E+01
0000300 2.1677E-01  6.2628E+01 -7.3008E+01 -6.5831E+01  3.2031E-01  3.7749E+01
0000300 2.0490E-01  6.5081E+01 -7.5074E+01 -8.2360E+01  3.1142E-01  6.6000E+00
0000300 1.9573E-01  6.5170E+01 -7.4551E+01 -9.0710E+01  3.0437E-01  3.9594E+00
0000300 1.5622E-01  6.4093E+01 -7.3940E+01 -9.8905E+01  2.7193E-01  3.4462E+01
0000300 1.4356E-01  5.5232E+01 -7.0218E+01 -1.1138E+02  2.6067E-01  5.1873E+00
0000300 1.0255E-01  4.8170E+01 -6.2815E+01 -1.2298E+02  2.2031E-01  3.7567E+01
0000300 9.4172E-02  4.3809E+01 -6.2513E+01 -1.2879E+02  2.1112E-01  5.1728E+00
0000300 3.5934E-02  3.9627E+01 -6.0596E+01 -1.3426E+02  1.3041E-01  5.8238E+01
0000300 8.5571E-03  3.8464E+01 -6.3640E+01 -1.3924E+02  6.3641E-02  2.5823E+01
0000300 0.0000E+00  4.0519E+01 -7.8766E+01 -1.4699E+02  0.0000E+00  3.4255E-01
0000301 2.0000E+00  0.0000E+00  0.0000E+00  0.0000E+00  9.7295E-01  0.0000E+00
0000301 1.9755E+00  1.5034E+01 -7.1210E-02 -1.3535E-01  9.6698E-01  2.5564E+00
0000301 1.9400E+00  3.3081E+01 -1.6603E-01  4.1338E-01  9.5824E-01  6.9504E+00
0000301 1.9220E+00  4.7098E+01  2.1563E-01  1.3749E-01  9.5378E-01  1.8009E+01
0000301 1.8854E+00  6.1061E+01 -3.1280E-01  8.5915E-01  9.4466E-01  9.9059E+00
0000301 1.1849E+00  7.4866E+01 -1.7808E+00  1.9215E+00  7.4889E-01  6.7417E+02
0000301 1.1580E+00  8.3747E+01 -7.6994E+00  8.2664E+00  7.4033E-01  8.3408E+00
0000301 1.0429E+00  9.2277E+01 -1.3042E+01  1.5417E+01  7.0258E-01  9.6785E+01
0000301 1.0219E+00  1.0115E+02 -1.4881E+01  2.3339E+01  6.9548E-01  4.0592E+00
0000301 9.9617E-01  1.1003E+02 -1.7424E+01  3.0981E+01  6.8666E-01  9.0898E+00
0000301 9.7188E-01  1.1807E+02 -1.9922E+01  3.9401E+01  6.7824E-01  2.4283E+01
0000301 9.4533E-01  1.2617E+02 -2.4075E+01  4.6972E+01  6.6891E-01  1.0495E+01
0000301 6.3978E-01  1.3334E+02 -2.8146E+01  5.5361E+01  5.5029E-01  3.0555E+02
0000301 6.1405E-01  1.5577E+02 -4.9787E+01  6.3137E+01  5.3911E-01  1.6074E+01
0000301 6.0715E-01  1.6414E+02 -5.5976E+01  6.5348E+01  5.3607E-01  6.8929E+00
0000301 5.9182E-01  1.7207E+02 -6.2216E+01  6.8603E+01  5.2926E-01  1.5333E+01
0000301 4.4924E-01  1.8091E+02 -6.7033E+01  7.1748E+01  4.6112E-01  1.4258E+02
0000301 3.9684E-01  1.9607E+02 -7.9454E+01  6.8974E+01  4.3340E-01  4.9006E+01
0000301 3.6132E-02  2.0746E+02 -9.2292E+01  6.0315E+01  1.3077E-01  3.4728E+02
0000301 4.6815E-03  2.1378E+02 -9.7332E+01  6.8833E+01  4.7072E-02  2.8921E+01
0000301 0.0000E+00  2.2166E+02 -1.0457E+02  6.7422E+01  0.0000E+00  4.7691E-01
0000302 2.0000E+00  0.0000E+00  0.0000E+00  0.0000E+00  9.7295E-01  0.0000E+00
0000302 1.9883E+00  9.1342E+00 -1.0128E-01 -2.6136E-03  9.7010E-01  8.9423E-01
0000302 1.9391E+00  3.1241E+01 -7.1901E-01  4.5237E-01  9.5802E-01  2.1390E+01
0000302 1.7117E+00  4.5207E+01 -1.1675E+00 -7.2562E-01  9.0010E-01  2.2738E+02
0000302 6.6061E-01  5.8274E+01  2.1896E+00  9.1255E-01  5.5918E-01  1.0266E+03
0000302 6.2960E-01  6.2636E+01  1.2008E+01  2.1690E+00  5.4590E-01  3.1009E+01
0000302 1.8463E-01  6.4753E+01  2.2355E+01  3.8662E+00  2.9562E-01  4.4497E+02
0000302 1.7882E-01  6.6451E+01  2.7588E+01 -2.1978E+00  2.9093E-01  5.8153E+00
0000302 1.3012E-01  6.8002E+01  3.3809E+01 -7.2034E+00  2.4817E-01  4.8695E+01
0000302 1.0844E-01  6.5338E+01  3.9399E+01 -1.1650E+01  2.2655E-01  1.7903E+01
0000302 8.5229E-02  6.0367E+01  4.3613E+01 -1.5049E+01  2.0085E-01  1.9879E+01
0000302 7.9515E-02  5.8173E+01  4.9446E+01 -1.8258E+01  1.9400E-01  2.8972E+00
0000302 3.6210E-02  5.1125E+01  5.7710E+01 -2.6309E+01  1.3092E-01  3.1586E+01
0000302 2.5984E-02  4.8359E+01  6.2994E+01 -2.6485E+01  1.1090E-01  1.0226E+01
0000302 7.2586E-03  4.2528E+01  6.9003E+01 -3.3465E+01  5.8614E-02  1.4571E+01
0000302 0.0000E+00  3.2151E+01  7.0444E+01 -3.2607E+01  0.0000E+00  1.5149E+00
0000303 2.0000E+00  0.0000E+00  0.0000E+00  0.0000E+00  9.7295E-01  0.0000E+00
0000303 1.9812E+00  8.6344E+00 -5.4475E-02 -8.2950E-02  9.6837E-01  1.1107E+00
0000303 1.9499E+00  2.7541E+01 -5.9202E-01 -2.7489E-02  9.6068E-01  3.9661E+00
0000303 1.9179E+00  4.1553E+01 -1.2634E+00  5.9701E-01  9.5276E-01  5.0311E+00
0000303 1.9005E+00  5.5456E+01 -2.6450E+00  1.1890E+00  9.4845E-01  1.7328E+01
0000303 1.8587E+00  6.9179E+01 -4.3188E+00  3.0653E+00  9.3795E-01  1.5384E+01
0000303 1.5051E+00  8.2813E+01 -6.7396E+00  3.9258E+00  8.4402E-01  3.5363E+02
0000303 1.4581E+00  9.5516E+01 -3.4016E+00  3.0436E+00  8.3076E-01  2.4712E+01
0000303 1.4299E+00  1.0757E+02  1.4648E+00  1.7969E+00  8.2267E-01  6.5531E+00
0000303 5.0949E-01  1.1971E+02  6.1021E+00  1.3989E+00  4.9107E-01  9.2038E+02
0000303 4.1803E-01  1.2314E+02  1.4574E+01  5.9153E+00  4.4481E-01  9.1463E+01
0000303 3.2537E-01  1.2926E+02  2.2070E+01  7.1518E+00  3.9243E-01  8.3986E+01
0000303 2.5976E-01  1.3127E+02  3.1072E+01  7.5661E+00  3.5064E-01  5.8356E+01
0000303 1.7296E-01  1.2941E+02  3.9584E+01  8.7828E+00  2.8612E-01  8.0637E+01
0000303 1.1946E-01  1.3159E+02  4.6425E+01  1.2481E+01  2.3778E-01  5.1547E+01
0000303 9.9845E-02  1.3233E+02  5.5158E+01  2.4437E+01  2.1739E-01  1.2005E+01
0000303 7.7398E-02  1.3042E+02  5.9732E+01  2.9705E+01  1.9140E-01  2.2447E+01
0000303 5.7262E-03  1.2575E+02  6.2510E+01  3.3921E+01  5.2061E-02  7.1672E+01
0000303 0.0000E+00  1.2486E+02  6.9131E+01  3.1789E+01  0.0000E+00  9.6411E-01
0000304 2.0000E+00  0.0000E+00  0.0000E+00  0.0000E+00  9.7295E-01  0.0000E+00
0000304 1.9899E+00  3.9702E+00  0.0000E+00  0.0000E+00  9.7049E-01  2.3736E+00
0000304 1.9691E+00  1.3159E+01  2.2786E-01  2.2082E-01  9.6542E-01  2.9104E+00
0000304 1.2679E+00  2.5976E+01  7.8673E-01  9.5986E-01  7.7469E-01  6.7639E+02
0000304 1.1840E+00  3.5607E+01  5.4042E+00  7.6850E+00  7.4860E-01  6.4402E+01
0000304 1.1547E+00  4.3394E+01  1.2216E+01  1.4545E+01  7.3927E-01  1.0736E+01
0000304 1.1316E+00  5.0404E+01  1.9901E+01  2.1180E+01  7.3185E-01  4.8143E+00
0000304 1.6516E-01  5.6765E+01  2.8061E+01  2.7791E+01  2.7960E-01  9.6644E+02
0000304 1.4262E-01  5.3022E+01  3.0097E+01  3.4564E+01  2.5982E-01  2.2539E+01
0000304 2.8559E-02  4.9145E+01  3.4549E+01  3.9608E+01  1.1626E-01  1.1406E+02
0000304 1.5522E-02  3.9435E+01  3.9148E+01  3.8209E+01  8.5713E-02  5.4406E+00
0000304 8.1027E-03  3.5265E+01  4.0934E+01  3.5801E+01  6.1929E-02  7.4191E+00
0000304 0.0000E+00  2.3536E+01  3.9215E+01  2.7482E+01  0.0000E+00  4.3106E-01
0000305 2.0000E+00  0.0000E+00  0.0000E+00  0.0000E+00  9.7295E-01  0.0000E+00
0000305 1.9090E+00  3.9702E+00  0.0000E+00  0.0000E+00  9.5057E-01  9.0970E+01
0000305 1.8859E+00  2.8412E+01 -7.3185E-01  5.9754E+00  9.4480E-01  1.7752E+01
0000305 1.6311E+00  4.1987E+01 -1.5079E-02  8.9941E+00  8.7865E-01  2.5485E+02
0000305 1.6219E+00  5.5255E+01  1.6480E-02  6.9277E+00  8.7616E-01  9.2268E+00
0000305 1.4811E+00  6.8582E+01  7.1056E-01  5.6213E+00  8.3728E-01  1.4073E+02
0000305 1.3939E+00  8.0862E+01  5.2071E+00  4.6727E+00  8.1226E-01  8.7209E+01
0000305 1.3459E+00  9.1945E+01  1.1732E+01  5.8713E+00  7.9815E-01  4.8019E+01
0000305 1.3052E+00  1.0326E+02  1.6843E+01  8.9940E+00  7.8600E-01  2.0217E+01
0000305 1.2741E+00  1.1442E+02  2.1041E+01  1.3398E+01  7.7658E-01  1.1120E+01
0000305 8.1662E-01  1.2536E+02  2.6167E+01  1.7103E+01  6.2171E-01  4.3789E+02
0000305 7.9900E-01  1.3238E+02  2.7394E+01  2.5955E+01  6.1496E-01  3.4990E+00
0000305 7.7692E-01  1.3918E+02  2.9339E+01  3.4775E+01  6.0641E-01  8.1691E+00
0000305 7.3994E-01  1.4554E+02  3.0290E+01  4.3982E+01  5.9180E-01  3.6981E+01
0000305 7.1193E-01  1.5581E+02  3.5246E+01  6.2990E+01  5.8049E-01  9.3310E+00
0000305 6.8842E-01  1.6015E+02  3.7397E+01  7.2872E+01  5.7083E-01  2.3503E+01
0000305 6.4227E-01  1.6279E+02  4.0569E+01  8.2983E+01  5.5136E-01  3.3684E+01
0000305 5.7131E-01  1.6533E+02  4.5898E+01  9.1961E+01  5.2001E-01  5.9112E+01
0000305 3.5224E-01  1.6493E+02  5.2457E+01  1.0010E+02  4.0831E-01  2.1907E+02
0000305 3.1506E-01  1.7010E+02  5.5619E+01  1.0729E+02  3.8617E-01  3.7174E+01
0000305 1.7720E-01  1.7419E+02  6.1341E+01  1.1317E+02  2.8961E-01  1.3078E+02
0000305 1.6811E-01  1.7411E+02  6.3134E+01  1.2108E+02  2.8208E-01  4.3864E+00
0000305 3.5317E-02  1.7331E+02  6.3850E+01  1.2904E+02  1.2929E-01  1.2826E+02
0000305 2.9649E-02  1.7786E+02  6.6150E+01  1.3208E+02  1.1846E-01  5.6685E+00
0000305 1.8661E-02  1.9387E+02  6.7227E+01  1.3653E+02  9.3982E-02  2.4222E+00
0000305 0.0000E+00  2.0045E+02  6.4835E+01  1.4382E+02  0.0000E+00  1.4669E+01
0000306 2.0000E+00  0.0000E+00  0.0000E+00  0.0000E+00  9.7295E-01  0.0000E+00
0000306 5.3843E-01  1.6699E+01 -7.0448E-01 -2.9912E-01  5.0482E-01  1.4296E+03
0000306 5.0745E-01  1.9205E+01  2.9150E+00 -4.8590E-01  4.9009E-01  3.0978E+01
0000306 1.2225E-01  2.6758E+01  9.7407E+00 -1.5579E-01  2.4055E-01  3.7521E+02
0000306 1.1686E-01  3.1310E+01  9.9858E+00  5.8352E+00  2.3518E-01  3.4277E+00
0000306 1.0554E-01  3.5348E+01  1.1387E+01  1.1950E+01  2.2351E-01  7.8075E+00
0000306 9.5870E-02  3.7555E+01  1.3050E+01  1.8718E+01  2.1302E-01  9.6720E+00
0000306 7.9506E-02  4.1445E+01  1.5462E+01  2.4242E+01  1.9399E-01  1.6047E+01
0000306 5.9278E-02  5.2280E+01  1.9128E+01  3.1736E+01  1.6750E-01  1.2197E+01
0000306 9.5859E-03  5.5104E+01  2.0040E+01  3.7562E+01  6.7359E-02  4.7502E+01
0000306 0.0000E+00  4.0695E+01  1.1166E+01  4.1764E+01  0.0000E+00  1.2373E+00
0000307 2.0000E+00  0.0000E+00  0.0000E+00  0.0000E+00  9.7295E-01  0.0000E+00
0000307 1.9204E+00  1.4741E+01  8.3405E-02 -1.2241E-01  9.5340E-01  5.0529E+01
0000307 1.9112E+00  1.9157E+01  5.5515E-01 -7.4175E-01  9.5110E-01  7.3330E-01
0000307 1.9074E+00  3.2912E+01  1.8152E+00 -2.8469E+00  9.5016E-01  3.7693E+00
0000307 1.1866E+00  4.6654E+01  3.5810E+00 -4.5932E+00  7.4942E-01  6.9427E+02
0000307 1.0472E+00  5.5080E+01  1.1433E+01 -9.2419E+00  7.0404E-01  1.2075E+02
0000307 1.0365E+00  6.0566E+01  1.9236E+01 -1.6608E+01  7.0042E-01  1.0725E+01
0000307 9.9611E-01  6.7068E+01  2.6771E+01 -2.3352E+01  6.8664E-01  2.3544E+01
0000307 7.6046E-01  7.2430E+01  3.3721E+01 -3.1400E+01  5.9995E-01  2.1929E+02
0000307 7.5455E-01  7.4280E+01  4.3666E+01 -3.6148E+01  5.9761E-01  5.9071E+00
0000307 7.3536E-01  7.6963E+01  5.3635E+01 -4.0372E+01  5.8997E-01  5.8594E+00
0000307 5.8207E-01  7.8818E+01  6.3478E+01 -4.5127E+01  5.2488E-01  1.5329E+02
0000307 4.9262E-01  8.1119E+01  6.9604E+01 -5.3348E+01  4.8287E-01  8.9445E+01
0000307 4.7178E-01  8.2026E+01  7.2142E+01 -6.3100E+01  4.7255E-01  1.1075E+01
0000307 4.1199E-01  8.2049E+01  7.3442E+01 -7.3036E+01  4.4159E-01  5.9789E+01
0000307 3.4180E-01  8.4322E+01  7.2014E+01 -8.2381E+01  4.0222E-01  7.0188E+01
0000307 3.3765E-01  8.2565E+01  7.0668E+01 -9.1447E+01  3.9977E-01  4.1463E+00
0000307 2.1748E-01  8.1255E+01  6.8405E+01 -1.0038E+02  3.2084E-01  1.1273E+02
0000307 1.6600E-01  7.7071E+01  6.3225E+01 -1.0562E+02  2.8030E-01  5.1485E+01
0000307 1.5844E-01  7.6498E+01  5.6339E+01 -1.0967E+02  2.7385E-01  7.5559E+00
0000307 9.6480E-02  7.7631E+01  4.9590E+01 -1.1368E+02  2.1369E-01  5.7615E+01
0000307 8.9661E-02  8.2761E+01  4.5038E+01 -1.1582E+02  2.0601E-01  3.7490E+00
0000307 4.8146E-02  8.7461E+01  3.9824E+01 -1.1674E+02  1.5096E-01  3.8598E+01
0000307 3.3041E-02  9.3690E+01  3.9178E+01 -1.1731E+02  1.2506E-01  1.3207E+01
0000307 2.1134E-02  9.8867E+01  3.8474E+01 -1.1464E+02  1.0002E-01  1.1907E+01
0000307 1.7803E-02  1.0200E+02  3.4817E+01 -1.1216E+02  9.1797E-02  2.2468E+00
0000307 5.4264E-03  1.0756E+02  2.6134E+01 -1.1213E+02  5.0679E-02  1.0743E+01
0000307 0.0000E+00  1.0651E+02  1.7264E+01 -1.2301E+02  0.0000E+00  1.1649E+00
0000308 2.0000E+00  0.0000E+00  0.0000E+00  0.0000E+00  9.7295E-01  0.0000E+00
0000308 1.5177E+00  1.1761E+01 -3.8306E-02 -5.6859E-02  8.4755E-01  4.7443E+02
0000308 1.4516E+00  1.6676E+01  2.5403E+00 -9.6241E-01  8.2889E-01  5.6581E+01
0000308 1.3744E+00  2.8916E+01  7.0522E+00 -1.1697E+00  8.0655E-01  7.7184E+01
0000308 1.2743E+00  4.0703E+01  1.1421E+01  1.5985E+00  7.7662E-01  1.0013E+02
0000308 1.2596E+00  5.1598E+01  1.7823E+01  1.6846E+00  7.7214E-01  1.4652E+01
0000308 7.1071E-01  6.2163E+01  2.4556E+01  3.0431E+00  5.7999E-01  5.4891E+02
0000308 6.9344E-01  6.7835E+01  3.2227E+01 -2.4325E+00  5.7290E-01  1.7272E+01
0000308 2.8997E-01  7.2216E+01  3.9772E+01 -9.0304E+00  3.7047E-01  3.9094E+02
0000308 2.6969E-01  6.9993E+01  4.2273E+01 -1.7392E+01  3.5728E-01  1.3610E+01
0000308 2.5922E-01  6.7145E+01  4.6346E+01 -2.4735E+01  3.5028E-01  4.1284E+00
0000308 2.2047E-01  6.4258E+01  4.9380E+01 -3.2466E+01  3.2304E-01  3.2593E+01
0000308 1.6500E-01  6.1549E+01  4.9267E+01 -4.0518E+01  2.7946E-01  5.5468E+01
0000308 1.1742E-01  5.9438E+01  5.3185E+01 -4.7166E+01  2.3574E-01  4.3115E+01
0000308 1.0247E-01  5.1718E+01  5.4739E+01 -5.9697E+01  2.2022E-01  1.0269E+01
0000308 9.6650E-02  4.9570E+01  5.7506E+01 -6.6065E+01  2.1388E-01  2.6138E+00
0000308 8.8099E-02  4.7784E+01  5.9216E+01 -7.2811E+01  2.0420E-01  5.4780E+00
0000308 6.3904E-02  3.8937E+01  6.3653E+01 -9.1193E+01  1.7392E-01  1.6972E+01
0000308 5.8619E-02  3.8353E+01  6.6718E+01 -9.7045E+01  1.6657E-01  5.2845E+00
0000308 3.3086E-02  3.5945E+01  6.9698E+01 -1.0233E+02  1.2514E-01  2.3360E+01
0000308 2.9119E-02  3.3243E+01  7.4686E+01 -1.0383E+02  1.1740E-01  2.4979E+00
0000308 1.6557E-02  2.9796E+01  8.5350E+01 -1.0544E+02  8.8525E-02  9.5294E+00
0000308 9.6872E-03  1.8513E+01  9.2428E+01 -1.1190E+02  6.7714E-02  1.1168E+00
0000308 0.0000E+00  1.2861E+01  9.5976E+01 -1.1086E+02  0.0000E+00  3.1069E-01
0000309 2.0000E+00  0.0000E+00  0.0000E+00  0.0000E+00  9.7295E-01  0.0000E+00
0000309 1.8884E+00  1.7883E+01 -3.4875E-02  1.8586E-02  9.4542E-01  1.0386E+02
0000309 1.8789E+00  2.2635E+01  1.0562E+00  1.7746E-01  9.4305E-01  2.2995E-01
0000309 1.6891E+00  3.6173E+01  4.2404E+00  4.9540E-01  8.9414E-01  1.8983E+02
0000309 1.2940E+00  6.2839E+01  1.3646E+00  4.1172E+00  7.8261E-01  3.8830E+02
0000309 1.1208E+00  7.2594E+01 -5.3978E+00  8.5885E+00  7.2836E-01  1.7318E+02
0000309 1.0911E+00  8.4195E+01 -9.0020E+00  1.0171E+01  7.1863E-01  1.1920E+01
0000309 1.0675E+00  9.5721E+01 -1.2897E+01  1.0517E+01  7.1082E-01  6.0723E+00
0000309 8.7216E-01  1.0737E+02 -1.6067E+01  1.1406E+01  6.4250E-01  1.9535E+02
0000309 8.5466E-01  1.1725E+02 -2.0673E+01  7.6106E+00  6.3602E-01  1.7501E+01
0000309 8.1452E-01  1.2753E+02 -2.3726E+01  3.5125E+00  6.2091E-01  2.5532E+01
0000309 7.5183E-01  1.3750E+02 -2.8338E+01  6.2971E-01  5.9653E-01  4.8587E+01
0000309 6.2048E-01  1.4671E+02 -3.1730E+01 -4.6564E+00  5.4193E-01  1.3134E+02
0000309 6.1594E-01  1.5349E+02 -3.8921E+01 -8.6574E+00  5.3994E-01  4.5478E+00
0000309 5.1891E-01  1.6668E+02 -5.3047E+01 -1.7479E+01  4.9559E-01  8.0708E+01
0000309 5.0662E-01  1.7028E+02 -6.2321E+01 -1.9893E+01  4.8969E-01  1.2283E+01
0000309 4.8626E-01  1.7429E+02 -7.0892E+01 -2.3657E+01  4.7974E-01  1.0396E+01
0000309 4.7459E-01  1.7938E+02 -7.9132E+01 -2.6479E+01  4.7395E-01  1.1671E+01
0000309 4.6402E-01  1.8306E+02 -8.7863E+01 -2.9779E+01  4.6864E-01  1.0568E+01
0000309 4.5087E-01  1.8749E+02 -9.5726E+01 -3.4042E+01  4.6196E-01  3.7931E+00
0000309 4.3083E-01  1.9147E+02 -1.0331E+02 -3.9044E+01  4.5157E-01  1.0871E+01
0000309 4.2653E-01  1.9676E+02 -1.1026E+02 -4.3530E+01  4.4932E-01  4.3011E+00
0000309 1.3746E-01  2.0125E+02 -1.1738E+02 -4.8548E+01  2.5507E-01  2.8907E+02
0000309 9.4821E-02  1.9877E+02 -1.2024E+02 -5.5260E+01  2.1185E-01  4.2636E+01
0000309 7.6234E-02  1.9933E+02 -1.1923E+02 -6.9380E+01  1.8995E-01  1.4238E+01
0000309 6.9410E-02  2.0001E+02 -1.2083E+02 -7.6018E+01  1.8125E-01  4.2177E+00
0000309 4.6354E-02  2.0449E+02 -1.2952E+02 -9.3321E+01  1.4812E-01  1.3547E+01
0000309 2.9595E-02  2.0437E+02 -1.3468E+02 -9.6834E+01  1.1835E-01  1.4910E+01
0000309 1.6340E-02  2.0426E+02 -1.4011E+02 -1.0642E+02  8.7943E-02  6.5625E+00
0000309 2.6880E-03  2.0391E+02 -1.4913E+02 -1.1012E+02  3.5669E-02  9.4780E+00
0000309 0.0000E+00  2.0824E+02 -1.4798E+02 -1.1509E+02  0.0000E+00  3.3869E-01
0000310 2.0000E+00  0.0000E+00  0.0000E+00  0.0000E+00  9.7295E-01  0.0000E+00
0000310 1.9607E+00  3.2309E+01 -4.7064E-01 -1.8384E-01  9.6334E-01  3.6977E+01
0000310 1.7794E+00  4.6205E+01 -2.3087E+00  9.3727E-01  9.1773E-01  1.5417E+02
0000310 1.5335E+00  5.9424E+01 -4.7664E+00 -1.8110E+00  8.5196E-01  2.4592E+02
0000310 1.4850E+00  7.2461E+01 -2.6129E+00 -2.3326E+00  8.3837E-01  2.5977E+01
0000310 1.4522E+00  8.5230E+01 -5.8901E-01 -4.5622E+00  8.2908E-01  3.2752E+01
0000310 8.8362E-01  9.7346E+01  2.7988E+00 -8.0219E+00  6.4671E-01  5.4699E+02
0000310 8.2656E-01  1.0610E+02 -4.5131E-01 -1.4863E+01  6.2548E-01  4.2082E+01
0000310 6.9328E-01  1.1288E+02 -4.0225E+00 -2.3293E+01  5.7284E-01  1.1902E+02
0000310 6.3314E-01  1.1636E+02 -1.0455E+01 -3.1425E+01  5.4743E-01  4.7610E+01
0000310 6.1369E-01  1.1697E+02 -1.7232E+01 -3.9697E+01  5.3895E-01  7.7261E+00
0000310 5.4051E-01  1.1824E+02 -2.3138E+01 -4.8450E+01  5.0580E-01  7.3179E+01
0000310 1.1948E-01  1.2185E+02 -2.6224E+01 -5.7626E+01  2.3780E-01  4.2103E+02
0000310 3.9067E-02  1.2662E+02 -2.1708E+01 -6.1241E+01  1.3598E-01  7.6845E+01
0000310 2.6987E-02  1.3351E+02 -2.2359E+01 -7.0425E+01  1.1302E-01  2.3337E+00
0000310 8.0914E-03  1.3561E+02 -2.0037E+01 -7.5138E+01  6.1885E-02  1.8895E+01
0000310 0.0000E+00  1.3335E+02 -2.0007E+01 -7.9155E+01  0.0000E+00  7.2415E+00
0000311 2.0000E+00  0.0000E+00  0.0000E+00  0.0000E+00  9.7295E-01  0.0000E+00
0000311 1.9377E+00  3.9702E+00  0.0000E+00  0.0000E+00  9.5768E-01  6.2281E+01
0000311 1.8332E+00  1.0874E+01 -6.9860E-01  1.0214E+00  9.3150E-01  9.1057E+01
0000311 1.8173E+00  1.7916E+01 -2.8032E+00  1.2752E+00  9.2745E-01  2.2162E+00
0000311 1.7233E+00  3.1072E+01 -6.9569E+00  1.3194E+00  9.0313E-01  9.4059E+01
0000311 1.6926E+00  4.3532E+01 -1.1553E+01 -1.6697E+00  8.9507E-01  6.0460E+00
0000311 1.4068E+00  5.6044E+01 -1.6279E+01 -3.8580E+00  8.1601E-01  2.6153E+02
0000311 1.2051E+00  6.6136E+01 -2.4275E+01 -2.5137E+00  7.5525E-01  2.0172E+02
0000311 1.1891E+00  7.6846E+01 -2.8661E+01  2.1224E+00  7.5022E-01  1.5987E+01
0000311 1.1538E+00  8.8084E+01 -3.1751E+01  6.4317E+00  7.3899E-01  3.5331E+01
0000311 7.5810E-01  9.9381E+01 -3.6019E+01  8.9506E+00  5.9902E-01  3.7745E+02
0000311 6.5985E-01  1.0517E+02 -4.4588E+01  1.3167E+01  5.5885E-01  8.4879E+01
0000311 6.3362E-01  1.1088E+02 -5.3756E+01  1.3651E+01  5.4763E-01  1.4139E+01
0000311 6.2991E-01  1.1762E+02 -6.2073E+01  1.3253E+01  5.4603E-01  3.7155E+00
0000311 6.0088E-01  1.2462E+02 -7.0091E+01  1.2135E+01  5.3330E-01  1.7341E+01
0000311 5.8939E-01  1.3214E+02 -7.7517E+01  1.2624E+01  5.2817E-01  1.1495E+01
0000311 1.9214E-01  1.3865E+02 -8.5721E+01  1.3818E+01  3.0157E-01  3.8611E+02
0000311 1.8708E-01  1.3630E+02 -9.3614E+01  1.4398E+01  2.9757E-01  5.0606E+00
0000311 5.2026E-02  1.3329E+02 -1.0107E+02  1.6062E+01  1.5692E-01  1.3017E+02
0000311 4.5797E-02  1.3302E+02 -1.0570E+02  1.1678E+01  1.4723E-01  4.2266E+00
0000311 2.0331E-02  1.3683E+02 -1.1297E+02  2.6582E+00  9.8096E-02  2.0202E+01
0000311 1.7419E-02  1.3694E+02 -1.1328E+02 -2.7143E+00  9.0801E-02  1.8554E+00
0000311 0.0000E+00  1.3217E+02 -1.1459E+02 -1.1450E+01  0.0000E+00  1.2412E+01
0000312 2.0000E+00  0.0000E+00  0.0000E+00  0.0000E+00  9.7295E-01  0.0000E+00
0000312 1.9659E+00  3.9702E+00  0.0000E+00  0.0000E+00  9.6462E-01  2.6397E+01
0000312 1.9582E+00  7.9141E+00 -1.5281E-01 -4.3061E-01  9.6273E-01  1.6299E-02
0000312 1.9482E+00  1.2800E+01 -3.2804E-01 -9.6582E-01  9.6028E-01  4.9377E-01
0000312 9.2180E-01  2.6731E+01 -1.0434E+00 -2.5517E+00  6.6053E-01  9.9947E+02
0000312 9.1660E-01  3.3950E+01  6.2169E-01 -1.1596E+01  6.5867E-01  5.2038E+00
0000312 8.5921E-01  4.1596E+01  2.8606E+00 -2.0132E+01  6.3772E-01  4.2004E+01
0000312 5.2687E-01  4.7562E+01  6.9352E+00 -2.9078E+01  4.9937E-01  3.1768E+02
0000312 2.2108E-01  4.6605E+01  9.4934E+00 -3.8980E+01  3.2348E-01  2.9553E+02
0000312 2.1057E-01  5.0332E+01  6.3189E+00 -4.5931E+01  3.1570E-01  5.0121E+00
0000312 1.9843E-01  5.3141E+01  2.2400E+00 -5.2734E+01  3.0646E-01  1.2140E+01
0000312 3.6087E-02  5.7032E+01 -2.7730E+00 -5.8101E+01  1.3069E-01  1.6234E+02
0000312 2.6223E-02  6.2558E+01 -1.1043E+00 -5.9594E+01  1.1141E-01  9.8641E+00
0000312 1.8737E-02  6.8071E+01 -2.2442E+00 -5.9630E+01  9.4172E-02  7.4866E+00
0000312 9.3822E-03  7.7180E+01  2.5592E+00 -6.0473E+01  6.6639E-02  7.1044E+00
0000312 0.0000E+00  8.0606E+01  2.8652E+00 -6.3703E+01  0.0000E+00  9.2790E+00
0000313 2.0000E+00  0.0000E+00  0.0000E+00  0.0000E+00  9.7295E-01  0.0000E+00
0000313 1.9147E+00  3.9702E+00  0.0000E+00  0.0000E+00  9.5198E-01  7.7545E+01
0000313 1.7874E+00  7.8780E+00 -3.9648E-01  6.7898E-01  9.1978E-01  1.1977E+02
0000313 1.1293E+00  3.3510E+01  3.7441E+00  1.9740E+00  7.3110E-01  6.5078E+02
0000313 1.0343E+00  4.1725E+01  1.2861E+01  1.9729E+00  6.9969E-01  9.4934E+01
0000313 3.7881E-01  4.9169E+01  2.1635E+01  5.4380E+00  4.2344E-01  6.3871E+02
0000313 3.6885E-01  4.9106E+01  3.9275E+01 -1.7152E+00  4.1783E-01  5.4515E+00
0000313 3.5967E-01  4.8183E+01  4.8270E+01 -4.5922E+00  4.1260E-01  9.1786E+00
0000313 3.4008E-01  4.6639E+01  5.7453E+01 -6.1190E+00  4.0120E-01  1.9594E+01
0000313 3.2952E-01  4.5114E+01  6.6624E+01 -5.4389E+00  3.9493E-01  3.0785E+00
0000313 1.5123E-01  4.2875E+01  7.5533E+01 -4.2829E+00  2.6755E-01  1.7097E+02
0000313 5.1444E-02  3.8049E+01  7.9274E+01  6.6388E-01  1.5604E-01  9.9789E+01
0000313 2.1778E-02  3.6233E+01  8.5358E+01  1.9110E-01  1.0153E-01  2.7680E+01
0000313 1.7594E-02  3.5770E+01  8.8669E+01 -4.1096E+00  9.1255E-02  3.0777E+00
0000313 6.9561E-03  3.6367E+01  9.0276E+01 -9.0703E+00  5.7380E-02  9.6797E+00
0000313 0.0000E+00  2.7502E+01  8.8393E+01 -2.0052E+01  0.0000E+00  3.5911E-01
0000314 2.0000E+00  0.0000E+00  0.0000E+00  0.0000E+00  9.7295E-01  0.0000E+00
0000314 1.9896E+00  3.9702E+00  0.0000E+00  0.0000E+00  9.7042E-01  1.0405E+01
0000314 1.9414E+00  2.6603E+01  5.7624E-02 -1.9126E+00  9.5860E-01  4.7382E+01
0000314 1.2628E+00  4.0596E+01  2.8853E-01 -9.5267E-01  7.7310E-01  6.7868E+02
0000314 1.2595E+00  5.0366E+01 -3.3872E+00  6.1188E+00  7.7210E-01  3.2649E+00
0000314 4.6222E-01  6.0301E+01 -6.4452E+00  1.3242E+01  4.6773E-01  7.9728E+02
0000314 3.8006E-01  6.4045E+01 -1.2986E+00  2.0922E+01  4.2413E-01  8.2156E+01
0000314 2.2958E-01  7.0762E+01  3.6289E+00  2.5595E+01  3.2964E-01  1.4238E+02
0000314 1.6918E-01  7.8528E+01  2.7595E+00  2.9111E+01  2.8298E-01  5.4749E+01
0000314 1.5862E-01  8.3188E+01  1.5049E+00  3.5543E+01  2.7400E-01  1.0559E+01
0000314 1.1770E-01  8.8869E+01  1.7376E+00  4.1079E+01  2.3603E-01  3.6573E+01
0000314 9.8631E-02  9.2523E+01  5.3020E+00  4.6534E+01  2.1606E-01  1.7861E+01
0000314 5.8159E-02  9.7039E+01  1.0106E+01  4.9462E+01  1.6591E-01  3.7355E+01
0000314 4.5630E-02  1.0323E+02  2.0680E+01  4.5507E+01  1.4696E-01  6.2292E+00
0000314 3.7986E-02  1.0521E+02  2.4838E+01  4.1317E+01  1.3409E-01  6.8322E+00
0000314 7.8539E-03  1.1125E+02  2.8088E+01  3.2018E+01  6.0970E-02  2.1280E+01
0000314 0.0000E+00  1.1465E+02  3.6704E+01  1.6639E+01  0.0000E+00  6.3003E-01
0000315 2.0000E+00  0.0000E+00  0.0000E+00  0.0000E+00  9.7295E-01  0.0000E+00
0000315 1.9573E+00  3.5867E+01  2.1294E-01 -3.3184E-01  9.6251E-01  1.2197E+01
0000315 1.9423E+00  4.9851E+01 -1.9274E-01 -1.6906E+00  9.5881E-01  1.4991E+01
0000315 1.9061E+00  6.3874E+01  5.6815E-02 -2.0089E+00  9.4983E-01  9.3248E+00
0000315 1.8986E+00  7.7779E+01  1.2784E+00 -2.3262E+00  9.4796E-01  7.4819E+00
0000315 1.8897E+00  9.1683E+01  2.2522E+00 -1.8046E+00  9.4575E-01  8.8537E+00
0000315 1.8264E+00  1.0551E+02  3.1898E+00 -3.3482E-01  9.2976E-01  6.3366E+01
0000315 1.6787E+00  1.1866E+02  5.7236E+00  3.0143E+00  8.9137E-01  1.2201E+02
0000315 1.3462E+00  1.4156E+02  1.2940E+01  1.5435E+01  7.9823E-01  3.0335E+02
0000315 1.3236E+00  1.5237E+02  1.9732E+01  1.6413E+01  7.9151E-01  2.2569E+01
0000315 1.3062E+00  1.6378E+02  2.5166E+01  1.8133E+01  7.8629E-01  1.7399E+01
0000315 1.0607E+00  1.7515E+02  3.0863E+01  1.8415E+01  7.0854E-01  2.4553E+02
0000315 1.0153E+00  1.8384E+02  3.7579E+01  2.3454E+01  6.9323E-01  2.8224E+01
0000315 8.8410E-01  1.9120E+02  4.5734E+01  2.8198E+01  6.4688E-01  1.1463E+02
0000315 8.7694E-01  1.9493E+02  5.4614E+01  3.4622E+01  6.4426E-01  7.1654E+00
0000315 6.0744E-01  1.9815E+02  6.4105E+01  4.0370E+01  5.3620E-01  2.6950E+02
0000315 4.8201E-01  2.1376E+02  7.6076E+01  4.8212E+01  4.7764E-01  1.2057E+02
0000315 4.7782E-01  2.2031E+02  8.3700E+01  4.7594E+01  4.7556E-01  4.1892E+00
0000315 4.6107E-01  2.2688E+02  9.1296E+01  4.7915E+01  4.6715E-01  7.1910E+00
0000315 4.5723E-01  2.3428E+02  9.7966E+01  4.8194E+01  4.6520E-01  3.8429E+00
0000315 3.6827E-01  2.5017E+02  1.0977E+02  4.9879E+01  4.1750E-01  7.5956E+01
0000315 3.4680E-01  2.5909E+02  1.1266E+02  4.8474E+01  4.0515E-01  2.1475E+01
0000315 3.0733E-01  2.7408E+02  1.2169E+02  4.2007E+01  3.8140E-01  3.3786E+01
0000315 2.1951E-01  2.8082E+02  1.2772E+02  4.0848E+01  3.2233E-01  8.0867E+01
0000315 2.0673E-01  2.9316E+02  1.3443E+02  3.1411E+01  3.1281E-01  9.8651E+00
0000315 1.8354E-01  3.0039E+02  1.3610E+02  2.7502E+01  2.9475E-01  1.7946E+01
0000315 1.7478E-01  3.0804E+02  1.3852E+02  2.5947E+01  2.8762E-01  3.9443E+00
0000315 1.6442E-01  3.1551E+02  1.4030E+02  2.3379E+01  2.7897E-01  5.7014E+00
0000315 1.4119E-01  3.2949E+02  1.4318E+02  1.6396E+01  2.5851E-01  1.8894E+01
0000315 1.3384E-01  3.3503E+02  1.4504E+02  1.1309E+01  2.5169E-01  3.3404E+00
0000315 1.2397E-01  3.4021E+02  1.4587E+02  5.7165E+00  2.4223E-01  6.0163E+00
0000315 9.8397E-02  3.4579E+02  1.4798E+02  1.0922E+00  2.1581E-01  2.5569E+01
0000315 8.6783E-02  3.5001E+02  1.4712E+02 -4.6974E+00  2.0267E-01  1.1614E+01
0000315 7.6915E-02  3.5582E+02  1.4642E+02 -8.5898E+00  1.9080E-01  7.0156E+00
0000315 6.8948E-02  3.6052E+02  1.4703E+02 -1.3569E+01  1.8065E-01  7.9677E+00
0000315 5.0186E-02  3.6410E+02  1.4956E+02 -1.8676E+01  1.5412E-01  1.8762E+01
0000315 1.8160E-02  3.6973E+02  1.5031E+02 -2.1481E+01  9.2712E-02  3.2026E+01
0000315 9.4897E-03  3.6985E+02  1.4743E+02 -3.0973E+01  6.7020E-02  2.9999E+00
0000315 0.0000E+00  3.6907E+02  1.4467E+02 -3.7485E+01  0.0000E+00  8.3147E-01
0000316 2.0000E+00  0.0000E+00  0.0000E+00  0.0000E+00  9.7295E-01  0.0000E+00
0000316 1.9813E+00  1.1987E+01 -4.2106E-02  1.3768E-02  9.6839E-01  3.0336E+00
0000316 9.0556E-01  3.0921E+01  9.5947E-02 -7.2446E-01  6.5469E-01  1.0484E+03
0000316 8.2958E-01  3.9177E+01  1.1702E+00  7.4137E+00  6.2662E-01  7.5980E+01
0000316 8.0509E-01  4.7823E+01 -9.5814E-01  1.4538E+01  6.1730E-01  1.0202E+01
0000316 7.8381E-01  5.7159E+01 -2.5073E+00  2.0759E+01  6.0909E-01  2.1276E+01
0000316 9.1127E-02  6.7322E+01 -3.2794E+00  2.5529E+01  2.0768E-01  6.7898E+02
0000316 8.2614E-02  7.2378E+01 -3.2127E+00  2.0540E+01  1.9774E-01  5.5626E+00
0000316 7.9846E-02  7.8379E+01 -2.7898E+00  1.7024E+01  1.9440E-01  2.7673E+00
0000316 6.8012E-02  8.3813E+01 -1.3476E+00  1.2987E+01  1.7942E-01  9.1431E+00
0000316 5.8185E-02  8.7365E+01  1.0400E+00  7.8171E+00  1.6595E-01  7.4182E+00
0000316 4.1854E-02  9.2471E+01  2.6829E+00  4.1177E+00  1.4075E-01  1.6332E+01
0000316 2.9193E-02  9.5219E+01  2.4342E+00 -1.3525E+00  1.1755E-01  1.0936E+01
0000316 1.0881E-02  1.0015E+02  9.1244E+00 -8.5343E+00  7.1764E-02  1.2160E+01
0000316 8.1479E-03  9.7965E+01  1.3107E+01 -1.0198E+01  6.2101E-02  2.0389E+00
0000316 0.0000E+00  9.4170E+01  1.8550E+01 -1.4626E+01  0.0000E+00  3.2604E+00
0000317 2.0000E+00  0.0000E+00  0.0000E+00  0.0000E+00  9.7295E-01  0.0000E+00
0000317 1.9785E+00  1.5632E+01  2.5062E-02 -3.6101E-02  9.6770E-01  2.1503E+01
0000317 1.9665E+00  3.4691E+01  1.5549E+00  2.2408E+00  9.6476E-01  5.5302E+00
0000317 1.8912E+00  4.8581E+01  3.3268E+00  3.6393E+00  9.4613E-01  7.5209E+01
0000317 1.8827E+00  6.2283E+01  5.4904E+00  2.3175E+00  9.4398E-01  8.5881E+00
0000317 1.1361E+00  7.6026E+01  7.6622E+00  1.9337E+00  7.3332E-01  7.4651E+02
0000317 1.0531E+00  8.6342E+01  4.6335E+00  7.8887E+00  7.0600E-01  8.3067E+01
0000317 1.0481E+00  9.7478E+01  9.2180E-01  1.0689E+01  7.0434E-01  4.9492E+00
0000317 1.0245E+00  1.0865E+02 -3.1242E+00  1.2732E+01  6.9636E-01  6.6514E+00
0000317 9.3760E-01  1.1941E+02 -7.6115E+00  1.5534E+01  6.6617E-01  8.6891E+01
0000317 9.2939E-01  1.2930E+02 -1.3927E+01  1.5477E+01  6.6325E-01  8.2174E+00
0000317 9.1831E-01  1.3856E+02 -2.1096E+01  1.5147E+01  6.5928E-01  1.1077E+01
0000317 6.2042E-01  1.4841E+02 -2.7302E+01  1.4219E+01  5.4190E-01  2.9789E+02
0000317 6.1222E-01  1.5444E+02 -3.4885E+01  1.8666E+01  5.3831E-01  8.1966E+00
0000317 2.4465E-01  1.6040E+02 -4.3024E+01  2.2023E+01  3.4029E-01  3.6758E+02
0000317 2.3568E-01  1.6025E+02 -4.7154E+01  2.9662E+01  3.3399E-01  3.0541E+00
0000317 1.5885E-01  1.5913E+02 -5.1285E+01  3.7141E+01  2.7420E-01  7.6833E+01
0000317 5.0073E-02  1.5373E+02 -6.3850E+01  4.5041E+01  1.5395E-01  1.0519E+02
0000317 1.1286E-02  1.5166E+02 -6.3245E+01  5.0997E+01  7.3088E-02  3.8787E+01
0000317 8.1799E-03  1.4693E+02 -6.2406E+01  5.1724E+01  6.2223E-02  2.3949E+00
0000317 0.0000E+00  1.3769E+02 -7.0007E+01  5.3483E+01  0.0000E+00  3.0014E+00
0000318 2.0000E+00  0.0000E+00  0.0000E+00  0.0000E+00  9.7295E-01  0.0000E+00
0000318 1.3591E+00  3.9702E+00  0.0000E+00  0.0000E+00  8.0204E-01  6.3322E+02
0000318 1.3492E+00  1.4213E+01 -1.3619E+00 -6.7573E+00  7.9912E-01  1.7610E+00
0000318 1.3237E+00  2.4874E+01 -2.3409E+00 -1.3800E+01  7.9153E-01  5.0316E+00
0000318 1.2978E+00  3.5582E+01 -4.0374E+00 -2.0518E+01  7.8374E-01  5.7321E+00
0000318 1.2733E+00  4.5818E+01 -6.2740E+00 -2.7683E+01  7.7631E-01  4.5936E+00
0000318 1.2680E+00  5.6334E+01 -8.8132E+00 -3.4208E+01  7.7470E-01  5.2890E+00
0000318 1.1225E+00  6.7148E+01 -1.1682E+01 -4.0051E+01  7.2891E-01  1.4545E+02
0000318 8.5598E-01  7.9160E+01 -1.2446E+01 -4.2352E+01  6.3651E-01  2.4868E+02
0000318 8.3083E-01  8.9508E+01 -7.6643E+00 -4.3785E+01  6.2709E-01  2.5147E+01
0000318 8.2771E-01  9.8808E+01 -1.4906E+00 -4.6140E+01  6.2591E-01  3.1258E+00
0000318 8.0983E-01  1.0837E+02  4.1158E+00 -4.8814E+01  6.1912E-01  3.6054E+00
0000318 7.8683E-01  1.1785E+02  9.3653E+00 -5.2154E+01  6.1026E-01  8.9626E+00
0000318 7.7034E-01  1.2658E+02  1.5166E+01 -5.6263E+01  6.0383E-01  1.6489E+01
0000318 3.2797E-01  1.3540E+02  2.1579E+01 -5.8861E+01  3.9400E-01  4.4237E+02
0000318 1.3422E-01  1.3835E+02  2.4764E+01 -6.7027E+01  2.5205E-01  1.9375E+02
0000318 1.2058E-01  1.3705E+02  2.2089E+01 -7.4099E+01  2.3890E-01  9.7739E+00
0000318 1.1217E-01  1.3786E+02  1.9403E+01 -8.1063E+01  2.3041E-01  8.4179E+00
0000318 1.0389E-01  1.3957E+02  1.8475E+01 -8.8201E+01  2.2175E-01  8.2742E+00
0000318 9.2552E-02  1.4287E+02  1.8620E+01 -9.4698E+01  2.0930E-01  1.1339E+01
0000318 8.9608E-02  1.4601E+02  2.1102E+01 -1.0059E+02  2.0594E-01  2.9448E+00
0000318 4.2712E-02  1.5001E+02  2.4000E+01 -1.0566E+02  1.4218E-01  4.6896E+01
0000318 2.8931E-02  1.4943E+02  2.4516E+01 -1.1176E+02  1.1702E-01  1.2928E+01
0000318 5.0337E-03  1.4826E+02  2.1820E+01 -1.1668E+02  4.8811E-02  2.2556E+01
0000318 0.0000E+00  1.5558E+02  1.3115E+01 -1.2037E+02  0.0000E+00  2.1571E+00
0000319 2.0000E+00  0.0000E+00  0.0000E+00  0.0000E+00  9.7295E-01  0.0000E+00
0000319 1.9763E+00  1.4481E+01 -1.2501E-02  3.2104E-02  9.6716E-01  3.2617E+00
0000319 1.9068E+00  2.8536E+01  5.4021E-01  3.4489E-02  9.5000E-01  6.9511E+01
0000319 1.0151E+00  4.2238E+01  1.1609E+00  2.6538E+00  6.9316E-01  8.6511E+02
0000319 7.1958E-01  5.1011E+01 -6.4804E+00  5.4362E+00  5.8360E-01  2.9553E+02
0000319 6.9997E-01  5.8109E+01 -1.0093E+01  1.3070E+01  5.7559E-01  6.7372E+00
0000319 6.8397E-01  6.5632E+01 -1.2722E+01  2.0597E+01  5.6898E-01  3.3743E+00
0000319 6.0971E-01  7.3407E+01 -1.5832E+01  2.7580E+01  5.3720E-01  7.4263E+01
0000319 5.9041E-01  8.5712E+01 -2.8062E+01  3.9781E+01  5.2863E-01  4.5677E+00
0000319 4.8345E-01  9.2787E+01 -3.3876E+01  4.5002E+01  4.7836E-01  1.0696E+02
0000319 4.5094E-01  1.0118E+02 -3.9380E+01  4.5913E+01  4.6199E-01  3.2509E+01
0000319 4.2836E-01  1.0823E+02 -4.6301E+01  4.5070E+01  4.5027E-01  1.3421E+01
0000319 3.8293E-01  1.1605E+02 -5.2213E+01  4.5409E+01  4.2573E-01  3.6591E+01
0000319 2.2964E-01  1.2409E+02 -5.6590E+01  4.8201E+01  3.2969E-01  1.4514E+02
0000319 8.9607E-02  1.2683E+02 -6.3345E+01  5.2702E+01  2.0594E-01  1.4004E+02
0000319 5.7328E-02  1.2302E+02 -6.8143E+01  5.6247E+01  1.6473E-01  3.2278E+01
0000319 3.0179E-02  1.1956E+02 -6.9056E+01  6.1668E+01  1.1952E-01  2.7149E+01
0000319 0.0000E+00  1.1808E+02 -6.5906E+01  6.6275E+01  0.0000E+00  2.9924E+01
0000320 2.0000E+00  0.0000E+00  0.0000E+00  0.0000E+00  9.7295E-01  0.0000E+00
0000320 1.2994E+00  2.6028E+01 -1.5204E-01  1.8821E-01  7.8423E-01  6.6525E+02
0000320 1.2554E+00  3.6423E+01 -1.4821E+00 -6.9799E+00  7.7084E-01  2.4099E+01
0000320 1.0054E+00  4.6581E+01 -4.4987E+00 -1.3780E+01  6.8984E-01  2.4995E+02
0000320 8.6098E-01  5.3728E+01 -3.5689E+00 -2.3294E+01  6.3837E-01  1.4444E+02
0000320 7.5029E-01  5.9277E+01 -6.8954E+00 -3.2807E+01  5.9593E-01  1.1069E+02
0000320 7.3074E-01  6.7424E+01 -1.1016E+01 -3.9190E+01  5.8811E-01  6.2792E+00
0000320 5.6631E-01  7.5379E+01 -1.4308E+01 -4.6151E+01  5.1773E-01  1.5141E+02
0000320 5.2251E-01  7.9049E+01 -1.6483E+01 -5.5682E+01  4.9731E-01  3.2984E+01
0000320 3.1912E-01  8.1015E+01 -1.6840E+01 -6.5738E+01  3.8864E-01  1.9319E+02
0000320 2.5652E-01  8.4057E+01 -1.1695E+01 -7.2725E+01  3.4845E-01  5.5456E+01
0000320 2.4461E-01  8.9026E+01 -5.5184E+00 -7.6482E+01  3.4026E-01  1.1906E+01
0000320 2.1053E-01  9.6758E+01  6.8147E+00 -8.5875E+01  3.1567E-01  2.5443E+01
0000320 1.7009E-01  9.9122E+01  1.1926E+01 -9.2126E+01  2.8374E-01  3.5121E+01
0000320 1.6076E-01  1.0031E+02  1.4059E+01 -9.9797E+01  2.7584E-01  4.7658E+00
0000320 5.8666E-02  1.0058E+02  1.7140E+01 -1.0713E+02  1.6664E-01  9.7708E+01
0000320 4.1314E-02  1.0540E+02  1.6644E+01 -1.1150E+02  1.3984E-01  1.5178E+01
0000320 3.7452E-02  1.0791E+02  1.8526E+01 -1.1674E+02  1.3314E-01  2.1520E+00
0000320 1.7566E-02  1.0908E+02  2.0192E+01 -1.2239E+02  9.1184E-02  1.9886E+01
0000320 1.7373E-03  1.1332E+02  1.9801E+01 -1.2545E+02  2.8676E-02  1.5829E+01
0000320 0.0000E+00  1.1259E+02  2.1381E+01 -1.2863E+02  0.0000E+00  8.1889E-01
0000321 2.0000E+00  0.0000E+00  0.0000E+00  0.0000E+00  9.7295E-01  0.0000E+00
0000321 1.9806E+00  7.9404E+00 -1.5712E-02  6.9719E-03  9.6823E-01  3.8778E+00
0000321 1.9310E+00  2.6339E+01 -9.3882E-01  8.1459E-02  9.5603E-01  2.2282E+01
0000321 1.9235E+00  4.0217E+01 -2.3909E+00 -1.1525E+00  9.5415E-01  7.5953E+00
0000321 1.9167E+00  5.4053E+01 -3.2766E+00 -3.0567E+00  9.5246E-01  6.7879E+00
0000321 1.9100E+00  6.7802E+01 -4.9887E+00 -4.9331E+00  9.5081E-01  6.6732E+00
0000321 1.8399E+00  8.1637E+01 -6.6003E+00 -5.9953E+00  9.3319E-01  7.0110E+01
0000321 1.8038E+00  9.4859E+01 -8.4117E+00 -9.6575E+00  9.2399E-01  1.0259E+01
0000321 1.5074E+00  1.0775E+02 -9.9362E+00 -1.4263E+01  8.4468E-01  2.7094E+02
0000321 1.4178E+00  1.2070E+02 -1.2156E+01 -1.3517E+01  8.1919E-01  8.9612E+01
0000321 1.3998E+00  1.3364E+02 -1.1418E+01 -1.4035E+01  8.1397E-01  1.7992E+01
0000321 1.2962E+00  1.4636E+02 -9.7135E+00 -1.5626E+01  7.8328E-01  8.2524E+01
0000321 1.2758E+00  1.5877E+02 -1.1088E+01 -1.7890E+01  7.7710E-01  2.0380E+01
0000321 1.2592E+00  1.7112E+02 -1.3540E+01 -1.8983E+01  7.7200E-01  1.6684E+01
0000321 1.2496E+00  1.8363E+02 -1.4555E+01 -2.0115E+01  7.6907E-01  9.5460E+00
0000321 7.1701E-01  1.9615E+02 -1.5730E+01 -2.0162E+01  5.8256E-01  5.2026E+02
0000321 6.7718E-01  2.0484E+02 -1.2726E+01 -2.6244E+01  5.6614E-01  2.6992E+01
0000321 5.4533E-01  2.1327E+02 -1.1736E+01 -3.3057E+01  5.0805E-01  1.1952E+02
0000321 5.2205E-01  2.2073E+02 -1.5250E+01 -3.9310E+01  4.9709E-01  2.3284E+01
0000321 3.1989E-01  2.2937E+02 -1.8481E+01 -4.3791E+01  3.8911E-01  2.0216E+02
0000321 3.0904E-01  2.3792E+02 -2.1207E+01 -4.1807E+01  3.8246E-01  3.6888E+00
0000321 2.9616E-01  2.4604E+02 -2.4823E+01 -3.9709E+01  3.7441E-01  5.8930E+00
0000321 2.6770E-01  2.5379E+02 -2.9325E+01 -3.8448E+01  3.5596E-01  2.1690E+01
0000321 2.5006E-01  2.6147E+02 -3.3557E+01 -3.9652E+01  3.4403E-01  1.1340E+01
0000321 2.3615E-01  2.6917E+02 -3.7607E+01 -3.9021E+01  3.3433E-01  1.3907E+01
0000321 2.1162E-01  2.8545E+02 -4.3030E+01 -3.9549E+01  3.1648E-01  1.4751E+01
0000321 2.0258E-01  2.9274E+02 -4.6419E+01 -4.2093E+01  3.0965E-01  3.7015E+00
0000321 1.9420E-01  2.9977E+02 -5.0556E+01 -4.3828E+01  3.0318E-01  3.2111E+00
0000321 1.7888E-01  3.0665E+02 -5.5091E+01 -4.4589E+01  2.9098E-01  1.0305E+01
0000321 1.4436E-01  3.1316E+02 -5.9834E+01 -4.3464E+01  2.6139E-01  2.9791E+01
0000321 7.3648E-02  3.1906E+02 -6.2937E+01 -3.9442E+01  1.8671E-01  6.6638E+01
0000321 3.8908E-02  3.2548E+02 -6.4816E+01 -4.0748E+01  1.3570E-01  3.2196E+01
0000321 7.5819E-03  3.3341E+02 -7.3079E+01 -3.9085E+01  5.9905E-02  2.3237E+01
0000321 0.0000E+00  3.3739E+02 -7.3280E+01 -4.4555E+01  0.0000E+00  8.8718E-01
0000322 2.0000E+00  0.0000E+00  0.0000E+00  0.0000E+00  9.7295E-01  0.0000E+00
0000322 1.5666E+00  1.1353E+01  6.8247E-03 -2.4023E-02  8.6110E-01  4.2566E+02
0000322 1.5280E+00  1.9441E+01 -4.1923E+00 -2.9010E-01  8.5042E-01  2.2927E+01
0000322 1.3946E+00  3.0336E+01 -1.1658E+01 -6.3913E-01  8.1245E-01  1.3338E+02
0000322 1.3359E+00  5.2225E+01 -2.3860E+01  5.5858E+00  7.9517E-01  5.5407E+01
0000322 1.1075E+00  6.2040E+01 -3.1935E+01  6.9500E+00  7.2401E-01  2.2841E+02
0000322 8.4553E-01  7.0720E+01 -3.9637E+01  3.1343E+00  6.3262E-01  2.6195E+02
0000322 6.6914E-01  7.9301E+01 -4.6912E+01  5.2934E+00  5.6277E-01  1.7639E+02
0000322 5.6422E-01  8.3563E+01 -5.5655E+01  1.0097E+01  5.1677E-01  9.2710E+01
0000322 5.3736E-01  8.3898E+01 -6.4226E+01  1.6036E+01  5.0432E-01  1.6075E+01
0000322 3.1743E-01  8.7018E+01 -8.1176E+01  2.7275E+01  3.8761E-01  2.0296E+02
0000322 2.3829E-01  9.6503E+01 -8.6293E+01  4.2056E+01  3.3583E-01  6.6649E+01
0000322 2.0224E-01  9.7575E+01 -8.8506E+01  5.0335E+01  3.0939E-01  3.0248E+01
0000322 1.8974E-01  9.6787E+01 -9.2910E+01  5.7379E+01  2.9968E-01  7.3334E+00
0000322 1.7621E-01  9.6183E+01 -9.8522E+01  6.3374E+01  2.8880E-01  8.5939E+00
0000322 1.4444E-01  9.6408E+01 -1.0509E+02  6.8123E+01  2.6147E-01  3.1768E+01
0000322 6.9125E-02  9.9848E+01 -1.1110E+02  7.1691E+01  1.8088E-01  7.5318E+01
0000322 1.4535E-02  1.0938E+02 -1.1982E+02  6.8787E+01  8.2942E-02  4.8169E+01
0000322 8.0837E-03  1.1306E+02 -1.2114E+02  7.7555E+01  6.1856E-02  2.5565E+00
0000322 0.0000E+00  1.1240E+02 -1.2345E+02  9.2285E+01  0.0000E+00  1.7229E+00
0000323 2.0000E+00  0.0000E+00  0.0000E+00  0.0000E+00  9.7295E-01  0.0000E+00
0000323 1.9555E+00  1.2016E+01 -2.3844E-02 -2.0829E-02  9.6207E-01  4.4464E+01
0000323 1.9297E+00  2.2969E+01  1.0086E+00  1.2116E+00  9.5570E-01  4.5121E+00
0000323 1.8031E+00  3.6813E+01  2.8184E+00  2.3193E+00  9.2381E-01  9.9839E+01
0000323 1.7730E+00  4.9615E+01  7.6235E+00  3.9262E+00  9.1607E-01  4.6713E+00
0000323 1.6719E+00  6.2344E+01  1.2188E+01  6.1934E+00  8.8958E-01  1.0105E+02
0000323 1.3667E+00  7.5259E+01  1.3778E+01  9.8273E+00  8.0428E-01  3.0525E+02
0000323 1.3408E+00  8.7858E+01  1.1272E+01  9.3569E+00  7.9664E-01  5.1811E+00
0000323 9.9219E-01  1.0035E+02  8.7948E+00  8.0966E+00  6.8529E-01  3.2823E+02
0000323 7.7260E-01  1.0928E+02  9.7964E-01  7.2452E+00  6.0472E-01  2.0328E+02
0000323 7.6737E-01  1.1449E+02 -7.7366E+00  2.4879E+00  6.0267E-01  5.2340E+00
0000323 7.4839E-01  1.1979E+02 -1.5922E+01 -3.0200E+00  5.9517E-01  1.8980E+01
0000323 7.2412E-01  1.2468E+02 -2.5056E+01 -7.1016E+00  5.8544E-01  1.1013E+01
0000323 6.8214E-01  1.2836E+02 -3.4353E+01 -1.1801E+01  5.6821E-01  4.1985E+01
0000323 1.7531E-01  1.3433E+02 -4.2332E+01 -1.6197E+01  2.8805E-01  4.9445E+02
0000323 1.4848E-01  1.4163E+02 -4.4176E+01 -1.3204E+01  2.6510E-01  2.2160E+01
0000323 1.3942E-01  1.4727E+02 -4.8398E+01 -9.7829E+00  2.5689E-01  9.0546E+00
0000323 1.1690E-01  1.5383E+02 -5.0933E+01 -6.5868E+00  2.3522E-01  1.8553E+01
0000323 1.0812E-01  1.5893E+02 -5.5814E+01 -4.1728E+00  2.2622E-01  8.7834E+00
0000323 8.1667E-02  1.6242E+02 -6.1203E+01 -5.9849E-01  1.9661E-01  2.6449E+01
0000323 7.4685E-02  1.6231E+02 -6.6648E+01  3.7223E+00  1.8802E-01  4.2479E+00
0000323 2.5856E-02  1.6224E+02 -7.0870E+01  9.0948E+00  1.1063E-01  4.6260E+01
0000323 1.1633E-02  1.6662E+02 -7.2285E+01  1.2315E+01  7.4202E-02  1.2980E+01
0000323 6.4720E-03  1.6953E+02 -6.9761E+01  1.5323E+01  5.5347E-02  5.1608E+00
0000323 0.0000E+00  1.7010E+02 -6.2284E+01  2.2711E+01  0.0000E+00  5.5406E-01
0000324 2.0000E+00  0.0000E+00  0.0000E+00  0.0000E+00  9.7295E-01  0.0000E+00
0000324 1.8410E+00  3.9702E+00  0.0000E+00  0.0000E+00  9.3347E-01  1.5132E+02
0000324 1.8393E+00  1.1395E+01  1.6990E+00 -1.2815E+00  9.3305E-01  1.6374E+00
0000324 1.8158E+00  2.1787E+01  4.3841E+00 -2.9607E+00  9.2707E-01  2.3519E+01
0000324 1.7935E+00  3.5186E+01  6.3289E+00 -5.5972E+00  9.2136E-01  2.2272E+01
0000324 1.4720E+00  4.8816E+01  7.1799E+00 -7.1927E+00  8.3469E-01  2.9622E+02
0000324 1.4266E+00  6.1357E+01  6.0074E+00 -3.6232E+00  8.2171E-01  2.3559E+01
0000324 1.3839E+00  7.3689E+01  3.2698E+00 -5.9225E-01  8.0935E-01  2.1261E+01
0000324 8.0665E-01  8.5369E+01  3.8490E-02  3.8113E+00  6.1790E-01  5.5642E+02
0000324 7.8074E-01  1.0275E+02  9.3988E+00  1.4874E+01  6.0790E-01  7.7936E+00
0000324 7.5062E-01  1.1162E+02  1.4863E+01  1.9108E+01  5.9605E-01  1.6455E+01
0000324 7.1510E-01  1.2113E+02  1.8811E+01  2.3370E+01  5.8178E-01  2.2236E+01
0000324 6.4809E-01  1.2984E+02  2.2083E+01  2.9262E+01  5.5385E-01  5.4195E+01
0000324 6.3497E-01  1.3703E+02  2.3575E+01  3.7134E+01  5.4822E-01  1.3117E+01
0000324 6.0067E-01  1.4338E+02  2.6296E+01  4.5335E+01  5.3320E-01  2.2549E+01
0000324 5.8115E-01  1.5066E+02  2.7308E+01  5.2945E+01  5.2447E-01  8.2326E+00
0000324 5.6621E-01  1.5774E+02  2.9540E+01  6.0373E+01  5.1769E-01  3.9206E+00
0000324 5.3596E-01  1.6499E+02  3.2464E+01  6.7297E+01  5.0366E-01  1.9446E+01
0000324 5.1726E-01  1.7100E+02  3.4484E+01  7.5431E+01  4.9480E-01  1.8697E+01
0000324 5.0337E-01  1.7551E+02  3.7613E+01  8.4063E+01  4.8811E-01  3.7694E+00
0000324 4.8780E-01  1.8012E+02  3.9877E+01  9.2838E+01  4.8050E-01  5.6427E+00
0000324 4.6284E-01  1.8552E+02  4.1516E+01  1.0121E+02  4.6805E-01  2.4959E+01
0000324 6.1239E-03  1.8884E+02  4.3639E+01  1.1038E+02  5.3838E-02  4.4738E+02
0000324 0.0000E+00  1.8293E+02  5.2022E+01  1.0892E+02  0.0000E+00  7.0648E-01
0000325 2.0000E+00  0.0000E+00  0.0000E+00  0.0000E+00  9.7295E-01  0.0000E+00
0000325 8.3517E-01  1.5386E+01  1.5771E-02  7.2519E-02  6.2873E-01  1.1348E+03
0000325 8.2982E-01  2.1170E+01 -1.5575E+00  6.7095E+00  6.2671E-01  5.3585E+00
0000325 8.1350E-01  2.8748E+01 -4.3548E+00  1.4761E+01  6.2052E-01  1.6311E+01
0000325 8.0730E-01  3.5028E+01 -7.5314E+00  2.3669E+01  6.1815E-01  6.2022E+00
0000325 7.9971E-01  4.1553E+01 -1.1504E+01  3.2038E+01  6.1524E-01  7.5929E+00
0000325 4.8514E-01  5.3435E+01 -2.1933E+01  4.8156E+01  4.7919E-01  2.9539E+02
0000325 4.7593E-01  6.1136E+01 -2.0910E+01  5.4584E+01  4.7462E-01  9.2116E+00
0000325 4.6331E-01  6.9186E+01 -1.8811E+01  6.0206E+01  4.6829E-01  3.0909E+00
0000325 3.1186E-01  7.7481E+01 -1.6309E+01  6.5159E+01  3.8420E-01  1.4210E+02
0000325 2.9454E-01  8.6111E+01 -1.3346E+01  6.4489E+01  3.7338E-01  1.0296E+01
0000325 2.4769E-01  1.0225E+02 -5.3151E+00  6.4399E+01  3.4239E-01  3.6704E+01
0000325 7.4429E-02  1.1542E+02  5.1302E+00  6.8740E+01  1.8769E-01  1.7033E+02
0000325 6.7336E-02  1.1984E+02  7.8611E+00  6.4308E+01  1.7853E-01  4.5293E+00
0000325 5.6020E-02  1.2689E+02  1.5751E+01  5.6405E+01  1.6284E-01  4.7279E+00
0000325 4.9693E-02  1.3305E+02  2.0514E+01  4.6350E+01  1.5336E-01  2.0333E+00
0000325 3.8577E-02  1.3611E+02  2.3558E+01  3.4826E+01  1.3513E-01  3.8954E+00
0000325 2.1533E-02  1.3951E+02  2.5021E+01  2.3737E+01  1.0095E-01  1.0212E+01
0000325 0.0000E+00  1.4189E+02  2.8117E+01  1.9951E+01  0.0000E+00  2.1523E+01
0000326 2.0000E+00  0.0000E+00  0.0000E+00  0.0000E+00  9.7295E-01  0.0000E+00
0000326 1.9740E+00  3.9702E+00  0.0000E+00  0.0000E+00  9.6660E-01  2.6005E+01
0000326 1.9588E+00  1.4382E+01  1.7718E-01  1.0775E+00  9.6287E-01  1.7177E+00
0000326 1.9157E+00  2.8348E+01  8.8772E-01  2.5302E+00  9.5224E-01  1.5973E+01
0000326 1.8761E+00  4.2031E+01  2.1066E+00  5.1215E+00  9.4232E-01  3.9683E+01
0000326 1.6785E+00  5.5774E+01  1.3990E+00  7.1317E+00  8.9133E-01  1.9755E+02
0000326 1.6394E+00  6.8929E+01  4.5195E+00  6.7976E+00  8.8090E-01  3.9067E+01
0000326 1.5124E+00  8.1378E+01  9.5766E+00  6.3471E+00  8.4607E-01  1.0338E+02
0000326 1.4068E+00  9.3196E+01  1.4642E+01  9.2419E+00  8.1600E-01  8.3302E+01
0000326 1.3809E+00  1.0331E+02  2.0748E+01  1.4533E+01  8.0847E-01  4.7149E+00
0000326 1.1714E+00  1.1341E+02  2.6285E+01  2.0320E+01  7.4460E-01  1.8872E+02
0000326 1.0671E+00  1.2297E+02  2.7467E+01  2.8099E+01  7.1068E-01  8.5845E+01
0000326 1.0575E+00  1.2995E+02  2.9879E+01  3.7691E+01  7.0747E-01  9.6152E+00
0000326 1.0347E+00  1.3599E+02  3.2086E+01  4.7915E+01  6.9981E-01  5.7006E+00
0000326 6.8653E-01  1.4202E+02  3.3402E+01  5.8230E+01  5.7004E-01  3.3133E+02
0000326 6.7046E-01  1.4210E+02  3.8256E+01  6.8004E+01  5.6333E-01  3.6281E+00
0000326 3.1163E-01  1.4145E+02  4.3350E+01  7.7565E+01  3.8406E-01  3.4660E+02
0000326 3.0228E-01  1.4679E+02  4.3517E+01  8.4985E+01  3.7825E-01  9.3552E+00
0000326 1.6466E-01  1.5309E+02  4.4537E+01  9.1460E+01  2.7917E-01  1.3762E+02
0000326 9.8894E-02  1.5688E+02  3.9930E+01  9.6786E+01  2.1635E-01  6.1299E+01
0000326 7.6430E-02  1.6060E+02  4.0284E+01  1.0296E+02  1.9020E-01  2.2465E+01
0000326 4.6360E-02  1.6516E+02  3.7735E+01  1.0741E+02  1.4813E-01  2.7459E+01
0000326 4.0567E-03  1.6606E+02  3.3058E+01  1.1145E+02  4.3819E-02  4.2303E+01
0000326 0.0000E+00  1.6378E+02  2.4329E+01  1.0650E+02  0.0000E+00  3.8229E-01
0000327 2.0000E+00  0.0000E+00  0.0000E+00  0.0000E+00  9.7295E-01  0.0000E+00
0000327 3.9536E-01  3.9702E+00  0.0000E+00  0.0000E+00  4.3259E-01  1.6046E+03
0000327 3.5626E-01  7.9902E+00  8.0821E+00  3.9007E-01  4.1064E-01  3.9103E+01
0000327 3.4505E-01  1.9805E+01  2.6183E+01 -6.6474E+00  4.0413E-01  6.5460E+00
0000327 2.9816E-01  2.4293E+01  3.3137E+01 -1.1000E+01  3.7566E-01  3.9333E+01
0000327 2.7764E-01  2.8654E+01  3.7711E+01 -1.7491E+01  3.6251E-01  1.3715E+01
0000327 1.2416E-01  3.4242E+01  4.2567E+01 -2.2472E+01  2.4242E-01  1.4701E+02
0000327 1.1231E-01  3.4082E+01  4.4721E+01 -2.9708E+01  2.3056E-01  8.1942E+00
0000327 1.0750E-01  3.5126E+01  4.5314E+01 -3.7011E+01  2.2557E-01  4.8099E+00
0000327 2.4712E-02  3.4700E+01  4.5464E+01 -4.4335E+01  1.0815E-01  8.2785E+01
0000327 6.0210E-03  3.7915E+01  4.9057E+01 -4.7125E+01  5.3384E-02  1.8691E+01
0000327 0.0000E+00  2.6156E+01  5.2954E+01 -5.0447E+01  0.0000E+00  9.0802E-01
0000328 2.0000E+00  0.0000E+00  0.0000E+00  0.0000E+00  9.7295E-01  0.0000E+00
0000328 1.9794E+00  3.9702E+00  0.0000E+00  0.0000E+00  9.6793E-01  2.0584E+01
0000328 1.9539E+00  1.1874E+01 -2.2581E-01 -7.2402E-01  9.6166E-01  1.7589E+01
0000328 1.9492E+00  2.5753E+01  3.5075E-01 -2.8296E+00  9.6051E-01  4.6718E+00
0000328 1.8685E+00  5.3170E+01  2.9812E+00 -8.2426E+00  9.4043E-01  5.0088E+01
0000328 1.3774E+00  6.6563E+01  6.2846E+00 -9.8869E+00  8.0744E-01  4.6496E+02
0000328 1.2839E+00  7.8820E+01  5.3399E+00 -6.0447E+00  7.7955E-01  9.3499E+01
0000328 1.2753E+00  8.9934E+01  6.8142E+00 -1.6514E-01  7.7694E-01  8.5737E+00
0000328 1.2615E+00  1.0145E+02  8.4417E+00  4.7749E+00  7.7271E-01  1.3878E+01
0000328 1.2123E+00  1.1328E+02  1.0617E+01  8.5554E+00  7.5751E-01  4.9143E+01
0000328 1.1913E+00  1.2544E+02  1.0515E+01  1.1383E+01  7.5090E-01  2.1054E+01
0000328 1.1444E+00  1.3713E+02  1.1269E+01  1.5537E+01  7.3598E-01  2.8209E+01
0000328 2.2930E-01  1.4794E+02  1.2740E+01  2.1246E+01  3.2944E-01  9.1509E+02
0000328 1.6201E-01  1.6157E+02  1.2590E+01  1.0965E+01  2.7691E-01  6.3485E+01
0000328 1.5115E-01  1.6675E+02  7.9135E+00  7.1172E+00  2.6747E-01  6.4451E+00
0000328 1.1748E-01  1.7060E+02  2.9408E+00  2.4069E+00  2.3581E-01  2.9463E+01
0000328 7.9888E-02  1.7096E+02 -2.4055E+00 -2.7954E+00  1.9445E-01  3.7595E+01
0000328 6.9888E-02  1.7511E+02 -6.7403E+00 -6.2497E+00  1.8188E-01  7.3085E+00
0000328 4.9137E-02  1.7730E+02 -1.1863E+01 -1.0053E+01  1.5250E-01  2.0750E+01
0000328 2.6775E-02  1.8165E+02 -1.3951E+01 -1.4119E+01  1.1257E-01  2.2362E+01
0000328 7.7992E-03  1.9198E+02 -1.6189E+01 -1.5635E+01  6.0758E-02  1.1497E+01
0000328 0.0000E+00  1.9893E+02 -1.1324E+01 -8.2617E+00  0.0000E+00  1.0200E+00
0000329 2.0000E+00  0.0000E+00  0.0000E+00  0.0000E+00  9.7295E-01  0.0000E+00
0000329 1.7694E+00  1.0943E+01  1.4495E-02  4.1919E-02  9.1513E-01  2.0930E+02
0000329 1.4757E+00  4.0709E+01 -1.0877E+00  9.8509E+00  8.3574E-01  2.6435E+02
0000329 1.4360E+00  5.0884E+01 -3.7917E+00  1.7644E+01  8.2443E-01  1.7779E+01
0000329 1.3253E+00  6.1789E+01 -5.6836E+00  2.4486E+01  7.9200E-01  8.9267E+01
0000329 1.1612E+00  7.0522E+01 -9.3149E+00  3.3049E+01  7.4135E-01  1.6411E+02
0000329 1.1360E+00  7.5653E+01 -1.1717E+01  4.4029E+01  7.3326E-01  6.8728E+00
0000329 9.5063E-01  8.0310E+01 -1.3335E+01  5.5286E+01  6.7078E-01  1.6731E+02
0000329 8.2163E-01  8.7497E+01 -1.7674E+01  6.3546E+01  6.2361E-01  1.2899E+02
0000329 7.9220E-01  9.0869E+01 -2.1300E+01  7.3791E+01  6.1234E-01  1.5242E+01
0000329 7.8324E-01  9.5597E+01 -2.4287E+01  8.3589E+01  6.0887E-01  8.9580E+00
0000329 7.7356E-01  1.0049E+02 -2.8348E+01  9.2874E+01  6.0509E-01  9.6845E+00
0000329 4.0585E-01  1.0452E+02 -3.1740E+01  1.0278E+02  4.3829E-01  3.6771E+02
0000329 3.9217E-01  1.0408E+02 -2.8667E+01  1.1196E+02  4.3084E-01  5.1807E+00
0000329 3.8740E-01  1.0275E+02 -2.5065E+01  1.2078E+02  4.2821E-01  4.7704E+00
0000329 3.6939E-01  1.0074E+02 -2.0795E+01  1.2913E+02  4.1814E-01  9.7948E+00
0000329 3.5572E-01  9.9631E+01 -1.7650E+01  1.3801E+02  4.1033E-01  1.3671E+01
0000329 3.4247E-01  9.9475E+01 -1.3086E+01  1.4625E+02  4.0261E-01  5.5228E+00
0000329 3.0666E-01  9.9742E+01 -7.6324E+00  1.5382E+02  3.8098E-01  3.5815E+01
0000329 2.8344E-01  1.0108E+02 -4.8340E+00  1.6239E+02  3.6628E-01  2.3214E+01
0000329 1.4616E-01  1.0076E+02 -3.9020E+00  1.7130E+02  2.6302E-01  1.3728E+02
0000329 4.8691E-02  1.0597E+02 -2.8405E+00  1.7701E+02  1.5181E-01  9.3367E+01
0000329 3.0604E-03  1.1015E+02  1.8665E+00  1.7737E+02  3.8060E-02  4.3718E+01
0000329 0.0000E+00  1.0828E+02  4.9892E+00  1.7583E+02  0.0000E+00  2.1853E+00
0000330 2.0000E+00  0.0000E+00  0.0000E+00  0.0000E+00  9.7295E-01  0.0000E+00
0000330 7.1174E-01  3.9702E+00  0.0000E+00  0.0000E+00  5.8041E-01  1.2883E+03
0000330 7.0692E-01  7.7808E+00 -2.3876E-01  5.1186E+00  5.7844E-01  4.8184E+00
0000330 6.9144E-01  1.0137E+01 -6.0673E-02  8.3090E+00  5.7208E-01  1.0887E+01
0000330 4.0559E-01  1.7370E+01 -5.4019E-01  1.6491E+01  4.3815E-01  2.8585E+02
0000330 3.1274E-01  1.7656E+01 -6.5409E+00  3.4856E+01  3.8474E-01  8.7939E+01
0000330 2.6778E-01  1.7504E+01 -1.3377E+01  4.0942E+01  3.5601E-01  4.4962E+01
0000330 2.5857E-01  1.5152E+01 -1.7792E+01  4.8247E+01  3.4984E-01  9.2121E+00
0000330 5.9460E-02  1.1343E+01 -2.2252E+01  5.4791E+01  1.6776E-01  1.9296E+02
0000330 2.3258E-02  1.4219E+01 -2.2347E+01  6.0666E+01  1.0492E-01  3.4007E+01
0000330 6.9957E-03  2.4542E+01 -2.0470E+01  6.2930E+01  5.7543E-02  1.2450E+01
0000330 0.0000E+00  3.2347E+01 -2.1040E+01  5.9402E+01  0.0000E+00  4.8523E+00
0000331 2.0000E+00  0.0000E+00  0.0000E+00  0.0000E+00  9.7295E-01  0.0000E+00
0000331 1.9895E+00  1.1910E+01 -5.3806E-02 -3.0708E-02  9.7039E-01  2.5528E+00
0000331 1.8875E+00  2.6015E+01 -1.9591E-01  4.5901E-01  9.4519E-01  1.0198E+02
0000331 1.8147E+00  5.3164E+01 -6.0963E+00  2.2098E+00  9.2678E-01  4.1793E+01
0000331 1.4304E+00  6.6159E+01 -1.0706E+01  2.4717E+00  8.2283E-01  3.8427E+02
0000331 1.4167E+00  7.7374E+01 -1.3278E+01  8.5221E+00  8.1887E-01  1.3712E+01
0000331 1.2527E+00  8.8680E+01 -1.6842E+01  1.3781E+01  7.7002E-01  1.6400E+02
0000331 1.2292E+00  9.7766E+01 -1.8453E+01  2.2336E+01  7.6277E-01  4.1071E+00
0000331 1.1913E+00  1.0635E+02 -1.9828E+01  3.1358E+01  7.5091E-01  3.7936E+01
0000331 1.0234E+00  1.1603E+02 -1.9748E+01  3.9151E+01  6.9599E-01  1.4920E+02
0000331 8.5188E-01  1.2352E+02 -2.3454E+01  4.7743E+01  6.3499E-01  1.7154E+02
0000331 8.1957E-01  1.3363E+02 -2.6601E+01  5.2186E+01  6.2283E-01  1.7728E+01
0000331 7.7745E-01  1.4426E+02 -2.9418E+01  5.5079E+01  6.0661E-01  2.7957E+01
0000331 7.5400E-01  1.6304E+02 -3.8095E+01  6.3725E+01  5.9739E-01  3.6840E+00
0000331 7.0539E-01  1.7260E+02 -4.1974E+01  6.7955E+01  5.7782E-01  3.5280E+01
0000331 6.7575E-01  1.8140E+02 -4.7812E+01  7.0952E+01  5.6555E-01  2.9645E+01
0000331 6.6831E-01  1.9025E+02 -5.4079E+01  7.1735E+01  5.6242E-01  7.4388E+00
0000331 5.9664E-01  1.9855E+02 -6.1067E+01  7.1831E+01  5.3142E-01  5.9464E+01
0000331 5.8754E-01  2.0656E+02 -6.7147E+01  7.5058E+01  5.2735E-01  9.1047E+00
0000331 4.0301E-01  2.1392E+02 -7.3290E+01  7.9413E+01  4.3675E-01  1.8453E+02
0000331 3.8296E-01  2.1961E+02 -8.1031E+01  7.8256E+01  4.2575E-01  1.1597E+01
0000331 3.6914E-01  2.2527E+02 -8.8250E+01  7.5525E+01  4.1799E-01  5.6779E+00
0000331 3.5582E-01  2.3131E+02 -9.5380E+01  7.3900E+01  4.1038E-01  5.3840E+00
0000331 2.3307E-01  2.3805E+02 -1.0190E+02  7.2979E+01  3.3214E-01  1.1502E+02
0000331 2.2404E-01  2.4377E+02 -1.0674E+02  7.7183E+01  3.2564E-01  3.3123E+00
0000331 2.0893E-01  2.4869E+02 -1.1175E+02  8.2014E+01  3.1446E-01  9.5657E+00
0000331 5.1399E-02  2.5623E+02 -1.2320E+02  9.1545E+01  1.5597E-01  1.4379E+02
0000331 4.7734E-02  2.5438E+02 -1.2475E+02  9.7436E+01  1.5031E-01  3.6654E+00
0000331 1.7408E-02  2.5423E+02 -1.2634E+02  1.0351E+02  9.0772E-02  2.8439E+01
0000331 2.7323E-03  2.6416E+02 -1.3352E+02  1.1133E+02  3.5962E-02  9.2225E+00
0000331 0.0000E+00  2.6142E+02 -1.4013E+02  1.1001E+02  0.0000E+00  9.4529E-01
0000332 2.0000E+00  0.0000E+00  0.0000E+00  0.0000E+00  9.7295E-01  0.0000E+00
0000332 1.9691E+00  1.5027E+01  2.1138E-02 -1.7297E-02  9.6540E-01  1.6965E+00
0000332 1.9313E+00  3.3067E+01  4.4183E-01 -2.7404E-01  9.5610E-01  1.0515E+01
0000332 1.9012E+00  4.7051E+01 -2.1890E-01 -7.8414E-01  9.4861E-01  3.3490E+00
0000332 1.8853E+00  6.0978E+01 -1.0667E+00 -7.3869E-01  9.4464E-01  1.5875E+01
0000332 1.8160E+00  7.4776E+01 -2.5439E+00  4.0813E-01  9.2711E-01  6.9306E+01
0000332 1.7153E+00  8.7999E+01 -6.4615E+00  6.3007E-01  9.0103E-01  1.0073E+02
0000332 1.2139E+00  1.0149E+02 -7.5282E+00 -6.9326E-01  7.5801E-01  5.0133E+02
0000332 1.0771E+00  1.1233E+02 -1.0894E+01  4.5243E+00  7.1401E-01  1.3682E+02
0000332 1.0561E+00  1.2022E+02 -1.6015E+01  1.2186E+01  7.0702E-01  3.6743E+00
0000332 1.0272E+00  1.2810E+02 -2.0497E+01  2.0166E+01  6.9729E-01  1.4116E+01
0000332 9.6263E-01  1.3692E+02 -2.4671E+01  2.7147E+01  6.7500E-01  6.4614E+01
0000332 9.5859E-01  1.4497E+02 -2.6344E+01  3.5625E+01  6.7358E-01  4.0493E+00
0000332 8.6511E-01  1.5333E+02 -2.7344E+01  4.3895E+01  6.3990E-01  7.7579E+01
0000332 6.7551E-01  1.6212E+02 -3.1139E+01  5.0292E+01  5.6545E-01  1.8960E+02
0000332 5.7710E-01  1.7982E+02 -4.3443E+01  5.2946E+01  5.2264E-01  9.5063E+01
0000332 5.5852E-01  1.8772E+02 -4.9765E+01  5.0193E+01  5.1416E-01  7.6201E+00
0000332 3.4681E-01  1.9630E+02 -5.5106E+01  4.7692E+01  4.0516E-01  2.1171E+02
0000332 3.2336E-01  1.9918E+02 -6.2596E+01  4.2871E+01  3.9122E-01  1.5865E+01
0000332 3.0838E-01  2.0297E+02 -6.8610E+01  3.6997E+01  3.8205E-01  1.4983E+01
0000332 2.7170E-01  2.0911E+02 -8.2565E+01  2.7050E+01  3.5861E-01  2.6263E+01
0000332 2.3717E-01  2.1187E+02 -8.7240E+01  2.0022E+01  3.3505E-01  3.4528E+01
0000332 2.2044E-01  2.1552E+02 -8.8921E+01  1.2389E+01  3.2301E-01  1.6737E+01
0000332 2.1203E-01  2.1767E+02 -8.8970E+01  4.1683E+00  3.1679E-01  2.9215E+00
0000332 1.5589E-01  2.2073E+02 -8.8969E+01 -3.6822E+00  2.7164E-01  5.6136E+01
0000332 7.2016E-02  2.2026E+02 -8.6390E+01 -1.1143E+01  1.8463E-01  8.3876E+01
0000332 6.7681E-02  2.1543E+02 -8.3124E+01 -1.4601E+01  1.7898E-01  4.3354E+00
0000332 6.7762E-03  2.1009E+02 -7.9530E+01 -1.6497E+01  5.6633E-02  5.8504E+01
0000332 0.0000E+00  2.0339E+02 -8.3413E+01 -2.5454E+01  0.0000E+00  2.3561E+00
0000333 2.0000E+00  0.0000E+00  0.0000E+00  0.0000E+00  9.7295E-01  0.0000E+00
0000333 1.9831E+00  7.9405E+00  9.2915E-03 -4.2002E-03  9.6882E-01  1.4988E+00
0000333 1.8917E+00  2.1556E+01 -1.2815E-02 -3.8895E-01  9.4625E-01  6.4921E+01
0000333 1.8839E+00  3.5302E+01 -1.8029E+00  1.0443E+00  9.4429E-01  7.8503E+00
0000333 1.8788E+00  4.9152E+01 -2.8534E+00  1.9797E+00  9.4302E-01  5.0525E+00
0000333 1.8700E+00  6.3023E+01 -3.1866E+00  2.9846E+00  9.4080E-01  8.8378E+00
0000333 1.8361E+00  7.6889E+01 -2.6158E+00  3.6846E+00  9.3223E-01  7.7447E+00
0000333 1.6796E+00  9.0707E+01 -2.0489E+00  3.4849E+00  8.9163E-01  1.5647E+02
0000333 1.6327E+00  1.1644E+02 -8.2799E+00 -1.8688E+00  8.7908E-01  1.3951E+01
0000333 1.6174E+00  1.2873E+02 -1.1827E+01 -5.9766E+00  8.7496E-01  1.5288E+01
0000333 9.8657E-01  1.4140E+02 -1.5111E+01 -8.8691E+00  6.8334E-01  6.0739E+02
0000333 9.5401E-01  1.4850E+02 -2.4511E+01 -1.0378E+01  6.7197E-01  3.2557E+01
0000333 8.9120E-01  1.5603E+02 -3.2928E+01 -1.3766E+01  6.4948E-01  4.6972E+01
0000333 8.6764E-01  1.6400E+02 -4.1315E+01 -1.4553E+01  6.4083E-01  2.3556E+01
0000333 8.4929E-01  1.7056E+02 -5.0789E+01 -1.4713E+01  6.3402E-01  3.5750E+00
0000333 7.4684E-01  1.7672E+02 -6.0456E+01 -1.4279E+01  5.9455E-01  8.7914E+01
0000333 3.3420E-01  1.9339E+02 -7.5117E+01 -1.3843E+01  3.9772E-01  3.9281E+02
0000333 3.2689E-01  1.9969E+02 -7.7483E+01 -7.4448E+00  3.9335E-01  7.3083E+00
0000333 3.1638E-01  2.0492E+02 -8.0435E+01 -4.1897E-01  3.8697E-01  1.0512E+01
0000333 1.4301E-01  2.1056E+02 -8.4576E+01  5.5235E+00  2.6017E-01  1.6722E+02
0000333 1.3300E-01  2.1828E+02 -8.5345E+01  5.8097E+00  2.5090E-01  5.9635E+00
0000333 1.2643E-01  2.2562E+02 -8.6609E+01  7.5787E+00  2.4462E-01  2.7324E+00
0000333 1.1800E-01  2.3308E+02 -8.7760E+01  8.2467E+00  2.3633E-01  4.7196E+00
0000333 1.0066E-01  2.4009E+02 -9.0317E+01  8.7660E+00  2.1827E-01  1.7343E+01
0000333 8.6300E-02  2.4731E+02 -9.0229E+01  8.1545E+00  2.0211E-01  1.1197E+01
0000333 7.3055E-02  2.5387E+02 -9.2438E+01  6.9466E+00  1.8595E-01  1.0405E+01
0000333 5.4339E-02  2.6040E+02 -9.3941E+01  8.1273E+00  1.6037E-01  1.6185E+01
0000333 4.8794E-02  2.6509E+02 -9.6092E+01  1.1961E+01  1.5197E-01  3.4821E+00
0000333 1.9524E-02  2.6880E+02 -9.7456E+01  1.6874E+01  9.6131E-02  2.7354E+01
0000333 3.4349E-03  2.7384E+02 -9.6015E+01  1.7896E+01  4.0321E-02  1.5062E+01
0000333 0.0000E+00  2.7774E+02 -9.7865E+01  1.1781E+01  0.0000E+00  1.3984E+00
0000334 2.0000E+00  0.0000E+00  0.0000E+00  0.0000E+00  9.7295E-01  0.0000E+00
0000334 1.9634E+00  3.9702E+00  0.0000E+00  0.0000E+00  9.6401E-01  3.6575E+01
0000334 1.9158E+00  1.2070E+01  8.7535E-02  1.1019E+00  9.5224E-01  3.1886E+01
0000334 1.9077E+00  3.7149E+01 -3.1628E+00  4.9274E+00  9.5024E-01  6.3638E+00
0000334 1.8767E+00  5.0963E+01 -4.8019E+00  6.1514E+00  9.4249E-01  4.4604E+00
0000334 1.7401E+00  6.4606E+01 -7.0149E+00  7.6995E+00  9.0754E-01  1.3661E+02
0000334 1.4686E+00  7.8133E+01 -5.5102E+00  8.6959E+00  8.3373E-01  2.7153E+02
0000334 1.4384E+00  8.9424E+01 -1.4550E+00  1.3916E+01  8.2512E-01  8.3457E+00
0000334 1.4177E+00  1.0084E+02  1.6384E+00  1.9355E+01  8.1917E-01  2.0692E+01
0000334 1.3930E+00  1.1144E+02  5.8369E+00  2.5539E+01  8.1198E-01  3.5079E+00
0000334 1.3661E+00  1.2194E+02  9.5093E+00  3.2094E+01  8.0410E-01  5.9335E+00
0000334 1.3164E+00  1.3216E+02  1.2639E+01  3.9237E+01  7.8934E-01  4.9706E+01
0000334 1.3098E+00  1.4088E+02  1.7569E+01  4.7106E+01  7.8735E-01  6.6081E+00
0000334 4.4450E-01  1.5639E+02  2.8281E+01  6.4163E+01  4.5868E-01  8.4077E+02
0000334 4.3547E-01  1.6110E+02  2.3744E+01  7.1579E+01  4.5400E-01  9.0357E+00
0000334 1.7545E-01  1.6470E+02  1.9622E+01  7.9760E+01  2.8818E-01  2.5107E+02
0000334 1.5524E-01  1.6988E+02  1.3451E+01  8.0624E+01  2.7107E-01  1.5545E+01
0000334 1.4778E-01  1.7322E+02  6.6942E+00  8.2996E+01  2.6448E-01  7.4551E+00
0000334 4.4314E-02  1.7809E+02 -6.4724E+00  8.9530E+01  1.4483E-01  9.2959E+01
0000334 2.4642E-02  1.8027E+02 -1.6903E+01  8.3643E+01  1.0800E-01  1.6277E+01
0000334 1.9312E-02  1.7912E+02 -2.7741E+01  8.3707E+01  9.5607E-02  1.8302E+00
0000334 6.9081E-03  1.7825E+02 -3.2947E+01  8.4477E+01  5.7181E-02  1.1384E+01
0000334 0.0000E+00  1.8394E+02 -3.2609E+01  9.2265E+01  0.0000E+00  7.9487E-01
0000335 2.0000E+00  0.0000E+00  0.0000E+00  0.0000E+00  9.7295E-01  0.0000E+00
0000335 1.9842E+00  1.1999E+01 -5.0715E-02  3.1233E-02  9.6909E-01  1.3926E-01
0000335 1.4646E+00  2.6101E+01 -2.7736E-01  6.1926E-02  8.3261E-01  5.1952E+02
0000335 1.3928E+00  3.7251E+01 -4.9403E+00  5.0511E+00  8.1194E-01  7.1809E+01
0000335 1.3863E+00  4.8135E+01 -7.1925E+00  1.1628E+01  8.1003E-01  6.5483E+00
0000335 1.3466E+00  5.9298E+01 -9.8984E+00  1.7499E+01  7.9837E-01  3.9632E+01
0000335 1.1366E+00  6.9526E+01 -1.1543E+01  2.5032E+01  7.3345E-01  1.8964E+02
0000335 1.1226E+00  8.0532E+01 -9.1594E+00  2.9957E+01  7.2894E-01  1.3945E+01
0000335 1.0468E+00  9.1479E+01 -5.6142E+00  3.4173E+01  7.0389E-01  5.7961E+01
0000335 8.0682E-01  1.0219E+02 -4.5107E-01  3.6104E+01  6.1796E-01  2.3997E+02
0000335 7.8958E-01  1.1349E+02 -3.4912E-01  3.5226E+01  6.1133E-01  3.2333E+00
0000335 6.8623E-01  1.2467E+02  3.5714E-01  3.3966E+01  5.6991E-01  1.0335E+02
0000335 5.9296E-01  1.4588E+02 -4.5007E+00  3.5017E+01  5.2977E-01  8.8698E+01
0000335 5.7899E-01  1.5561E+02 -6.5935E+00  3.1488E+01  5.2349E-01  1.3975E+01
0000335 5.6397E-01  1.6534E+02 -9.7641E+00  2.9170E+01  5.1666E-01  4.0237E+00
0000335 5.3883E-01  1.7493E+02 -1.2494E+01  2.6099E+01  5.0501E-01  2.1778E+01
0000335 2.6020E-01  1.8443E+02 -1.3362E+01  2.2158E+01  3.5093E-01  2.7864E+02
0000335 2.0609E-01  1.9228E+02 -1.0053E+01  2.4347E+01  3.1232E-01  4.7931E+01
0000335 1.9229E-01  1.9751E+02 -3.9358E+00  2.6677E+01  3.0169E-01  1.3797E+01
0000335 1.5385E-01  2.0249E+02  1.1268E+00  3.0891E+01  2.6986E-01  3.3456E+01
0000335 9.6304E-02  2.0884E+02  5.6877E+00  3.1911E+01  2.1350E-01  5.3294E+01
0000335 5.6133E-03  2.1326E+02  1.0251E+01  2.8559E+01  5.1545E-02  8.7624E+01
0000335 0.0000E+00  2.0466E+02  2.0775E+01  2.6232E+01  0.0000E+00  9.0147E-01
0000336 2.0000E+00  0.0000E+00  0.0000E+00  0.0000E+00  9.7295E-01  0.0000E+00
0000336 1.9663E+00  2.0137E+01 -8.8349E-01  4.1727E-01  9.6471E-01  4.2750E+00
0000336 1.8319E+00  3.4124E+01 -2.2615E+00  1.1081E+00  9.3116E-01  1.3440E+02
0000336 1.8189E+00  4.7156E+01 -6.7533E+00  7.2719E-02  9.2786E-01  1.2965E+01
0000336 1.7821E+00  6.0236E+01 -1.1149E+01  1.9533E-01  9.1842E-01  1.1216E+01
0000336 1.7392E+00  7.3258E+01 -1.5387E+01 -7.6073E-01  9.0731E-01  4.2843E+01
0000336 1.6937E+00  9.8844E+01 -2.4660E+01  8.7023E-01  8.9535E-01  1.3988E+01
0000336 1.6338E+00  1.1129E+02 -3.0026E+01  1.1979E+00  8.7939E-01  3.5599E+01
0000336 1.4530E+00  1.2399E+02 -3.4210E+01 -3.9951E-02  8.2928E-01  1.8087E+02
0000336 1.3557E+00  1.3704E+02 -3.4164E+01  1.7318E-01  8.0104E-01  9.7289E+01
0000336 1.3144E+00  1.6171E+02 -3.5476E+01 -6.6671E+00  7.8876E-01  1.5764E+01
0000336 1.2833E+00  1.7337E+02 -3.6595E+01 -1.1667E+01  7.7937E-01  1.1046E+01
0000336 1.2298E+00  1.8447E+02 -3.8345E+01 -1.7491E+01  7.6296E-01  3.3739E+01
0000336 1.2047E+00  1.9451E+02 -3.9343E+01 -2.4921E+01  7.5512E-01  6.0028E+00
0000336 8.3709E-01  2.0419E+02 -3.9643E+01 -3.2760E+01  6.2945E-01  3.6763E+02
0000336 5.4936E-01  2.0771E+02 -4.1336E+01 -4.3502E+01  5.0992E-01  2.7335E+02
0000336 5.3209E-01  2.0548E+02 -3.9726E+01 -5.3502E+01  5.0184E-01  1.7265E+01
0000336 2.2490E-01  2.0504E+02 -3.8509E+01 -6.3715E+01  3.2626E-01  3.0719E+02
0000336 2.1287E-01  2.0487E+02 -4.4289E+01 -6.9989E+01  3.1742E-01  1.2032E+01
0000336 2.0318E-01  2.0484E+02 -4.8418E+01 -7.7343E+01  3.1011E-01  4.3321E+00
0000336 1.5964E-01  2.0406E+02 -5.3291E+01 -8.4082E+01  2.7488E-01  3.8358E+01
0000336 7.3158E-03  1.9779E+02 -5.7156E+01 -9.8030E+01  5.8845E-02  1.4059E+02
0000336 0.0000E+00  1.8773E+02 -5.6828E+01 -9.2224E+01  0.0000E+00  1.8964E+00
0000337 2.0000E+00  0.0000E+00  0.0000E+00  0.0000E+00  9.7295E-01  0.0000E+00
0000337 1.9696E+00  1.5903E+01 -1.5603E-01 -7.5255E-02  9.6554E-01  6.7293E+00
0000337 1.6507E+00  3.7742E+01 -2.0877E+00 -3.4059E-01  8.8391E-01  3.1522E+02
0000337 1.6209E+00  5.0389E+01  4.1518E-01 -4.2367E+00  8.7591E-01  5.9524E+00
0000337 1.6030E+00  6.2971E+01  2.1981E+00 -8.5098E+00  8.7106E-01  1.7906E+01
0000337 1.5878E+00  7.4968E+01  4.3073E+00 -1.4023E+01  8.6690E-01  1.5256E+01
0000337 4.1347E-01  8.6810E+01  5.2456E+00 -2.0089E+01  4.4238E-01  1.1743E+03
0000337 3.8876E-01  8.7731E+01  3.1278E+00 -2.9542E+01  4.2896E-01  1.6102E+01
0000337 3.7362E-01  8.9221E+01  2.8657E+00 -3.9021E+01  4.2053E-01  6.8968E+00
0000337 3.5902E-01  9.0549E+01  3.8807E+00 -4.8389E+01  4.1222E-01  1.4608E+01
0000337 2.1590E-02  8.8765E+01  6.8609E+00 -6.6883E+01  1.0109E-01  3.2581E+02
0000337 1.7649E-03  8.3400E+01  6.2847E+00 -6.7568E+01  2.8902E-02  1.8725E+01
0000337 0.0000E+00  8.2271E+01  9.0976E+00 -6.9568E+01  0.0000E+00  9.9791E-01
0000338 2.0000E+00  0.0000E+00  0.0000E+00  0.0000E+00  9.7295E-01  0.0000E+00
0000338 1.9768E+00  2.6030E+01  1.7720E-01  4.2018E-01  9.6729E-01  2.0165E+01
0000338 1.9692E+00  4.0077E+01  7.2591E-01 -5.4924E-01  9.6542E-01  7.6162E+00
0000338 1.9260E+00  5.4149E+01  1.0996E+00 -6.6210E-01  9.5478E-01  1.6020E+01
0000338 1.9185E+00  6.8091E+01  8.7541E-01 -1.8976E+00  9.5292E-01  7.4664E+00
0000338 1.8827E+00  8.1973E+01  1.4401E+00 -3.4984E+00  9.4399E-01  3.5815E+01
0000338 1.8508E+00  9.5475E+01  3.5783E+00 -6.1163E+00  9.3595E-01  5.6399E+00
0000338 1.8031E+00  1.0874E+02  5.8117E+00 -9.4579E+00  9.2382E-01  2.1726E+01
0000338 1.6177E+00  1.2185E+02  6.7422E+00 -1.3552E+01  8.7504E-01  1.5995E+02
0000338 1.5904E+00  1.3500E+02  9.3047E+00 -1.3843E+01  8.6762E-01  3.8479E+00
0000338 1.5326E+00  1.4806E+02  1.1862E+01 -1.4789E+01  8.5170E-01  5.7828E+01
0000338 1.0884E+00  1.6125E+02  1.2478E+01 -1.4091E+01  7.1775E-01  4.4416E+02
0000338 1.0719E+00  1.7129E+02  1.9231E+01 -1.5404E+01  7.1227E-01  1.6558E+01
0000338 1.0670E+00  1.8043E+02  2.6910E+01 -1.7492E+01  7.1066E-01  4.8447E+00
0000338 1.0565E+00  1.9006E+02  3.3941E+01 -1.9574E+01  7.0713E-01  1.0569E+01
0000338 1.0261E+00  2.0853E+02  4.9359E+01 -2.1457E+01  6.9689E-01  9.7895E+00
0000338 8.0682E-01  2.1730E+02  5.7388E+01 -2.3025E+01  6.1797E-01  2.1925E+02
0000338 6.3687E-01  2.2818E+02  6.0554E+01 -2.2824E+01  5.4904E-01  1.5595E+02
0000338 6.2139E-01  2.3874E+02  5.8677E+01 -2.2809E+01  5.4232E-01  3.6991E+00
0000338 3.1651E-01  2.4907E+02  5.6049E+01 -2.2539E+01  3.8705E-01  2.9331E+02
0000338 2.9701E-01  2.5668E+02  5.9501E+01 -1.8733E+01  3.7494E-01  1.9504E+01
0000338 5.4505E-02  2.6936E+02  6.7901E+01 -9.0073E+00  1.6062E-01  2.3216E+02
0000338 4.5435E-02  2.6781E+02  7.3490E+01 -6.2172E+00  1.4665E-01  7.0031E+00
0000338 3.5950E-02  2.6207E+02  8.3700E+01 -2.8377E+00  1.3044E-01  2.7230E+00
0000338 1.6103E-02  2.5856E+02  8.8391E+01 -1.7683E+00  8.7304E-02  1.8292E+01
0000338 9.5038E-03  2.5355E+02  8.9330E+01 -2.6372E+00  6.7069E-02  5.6969E+00
0000338 0.0000E+00  2.5180E+02  9.1318E+01 -9.0086E+00  0.0000E+00  8.1654E-01
0000339 2.0000E+00  0.0000E+00  0.0000E+00  0.0000E+00  9.7295E-01  0.0000E+00
0000339 1.9769E+00  3.9702E+00  0.0000E+00  0.0000E+00  9.6732E-01  2.3066E+01
0000339 1.8704E+00  1.0132E+01 -5.8825E-01  3.1101E-01  9.4090E-01  9.4562E+01
0000339 1.8627E+00  1.3972E+01 -1.4480E+00 -2.1298E-01  9.3896E-01  2.0269E-01
0000339 1.7894E+00  2.7399E+01 -4.3799E+00 -2.1695E+00  9.2031E-01  7.3273E+01
0000339 1.6922E+00  5.4795E+01 -5.6581E+00 -3.6108E+00  8.9495E-01  9.1881E+01
0000339 1.6804E+00  6.8076E+01 -7.8810E+00 -2.0847E+00  8.9183E-01  1.1775E+01
0000339 1.2935E+00  8.1353E+01 -1.0437E+01 -1.6387E+00  7.8246E-01  3.6277E+02
0000339 1.2470E+00  1.0143E+02 -2.1994E+01  8.6459E+00  7.6826E-01  4.3261E+01
0000339 1.2016E+00  1.1051E+02 -2.9810E+01  1.2473E+01  7.5416E-01  4.5350E+01
0000339 1.1590E+00  1.1775E+02 -3.8616E+01  1.7495E+01  7.4065E-01  2.3865E+01
0000339 1.1091E+00  1.3438E+02 -5.4768E+01  2.5891E+01  7.2455E-01  4.1738E+01
0000339 1.0679E+00  1.4059E+02 -6.4602E+01  2.9629E+01  7.1096E-01  2.3494E+01
0000339 1.0596E+00  1.4798E+02 -7.3190E+01  3.3902E+01  7.0818E-01  8.3407E+00
0000339 1.0173E+00  1.5491E+02 -8.2429E+01  3.7458E+01  6.9389E-01  4.2323E+01
0000339 9.2506E-01  1.6189E+02 -9.0377E+01  4.3058E+01  6.6170E-01  7.5593E+01
0000339 9.1541E-01  1.7032E+02 -9.8051E+01  4.5709E+01  6.5824E-01  9.6463E+00
0000339 7.6080E-01  1.7899E+02 -1.0500E+02  4.9279E+01  6.0008E-01  1.3925E+02
0000339 6.4690E-01  1.8842E+02 -1.1095E+02  4.8412E+01  5.5334E-01  1.1390E+02
0000339 3.4612E-01  1.9459E+02 -1.1951E+02  4.6330E+01  4.0475E-01  3.0078E+02
0000339 1.7000E-01  1.9933E+02 -1.2589E+02  5.1264E+01  2.8366E-01  1.6855E+02
0000339 7.5063E-02  2.0613E+02 -1.2588E+02  5.5570E+01  1.8849E-01  9.4932E+01
0000339 1.0440E-02  2.0825E+02 -1.2685E+02  6.8961E+01  7.0296E-02  6.2447E+01
0000339 8.6767E-03  2.0522E+02 -1.2431E+02  7.1691E+01  6.4085E-02  1.0881E+00
0000339 0.0000E+00  1.9946E+02 -1.2313E+02  7.5844E+01  0.0000E+00  1.0274E+00
0000340 2.0000E+00  0.0000E+00  0.0000E+00  0.0000E+00  9.7295E-01  0.0000E+00
0000340 1.9773E+00  1.0783E+01 -1.7129E-03 -2.8175E-02  9.6742E-01  1.6612E+00
0000340 1.8970E+00  1.9926E+01 -1.6756E-01  1.4245E-01  9.4757E-01  6.2652E+01
0000340 1.5521E+00  4.7351E+01 -3.4343E+00  3.8497E+00  8.5711E-01  3.3830E+02
0000340 1.5479E+00  5.8668E+01 -1.0092E+01  5.7244E+00  8.5595E-01  4.2107E+00
0000340 1.4630E+00  6.9673E+01 -1.7081E+01  8.1190E+00  8.3215E-01  8.4866E+01
0000340 1.4291E+00  8.1126E+01 -2.1670E+01  1.2438E+01  8.2246E-01  1.2142E+01
0000340 1.3970E+00  9.1905E+01 -2.7142E+01  1.7209E+01  8.1316E-01  3.2114E+01
0000340 1.2043E+00  1.0333E+02 -3.2424E+01  2.0150E+01  7.5499E-01  1.7171E+02
0000340 1.1960E+00  1.1554E+02 -3.4856E+01  1.9593E+01  7.5238E-01  8.3299E+00
0000340 1.1159E+00  1.2748E+02 -3.8240E+01  1.8727E+01  7.2675E-01  8.0084E+01
0000340 1.0697E+00  1.4994E+02 -4.2743E+01  1.0184E+01  7.1155E-01  2.2766E+01
0000340 1.0135E+00  1.7300E+02 -4.7830E+01  4.8737E+00  6.9262E-01  4.0920E+01
0000340 9.8798E-01  1.8401E+02 -5.2384E+01  3.7754E+00  6.8383E-01  8.9996E+00
0000340 9.6716E-01  1.9458E+02 -5.7422E+01  1.7435E+00  6.7659E-01  4.5668E+00
0000340 8.4545E-01  2.0501E+02 -6.2228E+01 -1.0582E+00  6.3259E-01  1.2170E+02
0000340 8.1897E-01  2.1488E+02 -6.7905E+01  2.2288E-01  6.2260E-01  1.1988E+01
0000340 7.3365E-01  2.2445E+02 -7.4041E+01  2.4110E-01  5.8928E-01  8.5326E+01
0000340 7.0315E-01  2.3271E+02 -8.0605E+01 -3.1545E+00  5.7690E-01  2.4165E+01
0000340 4.5922E-01  2.4156E+02 -8.6916E+01 -4.6359E+00  4.6622E-01  2.4393E+02
0000340 4.0243E-01  2.4749E+02 -9.3627E+01 -2.6887E-01  4.3643E-01  4.7509E+01
0000340 3.6897E-01  2.5055E+02 -1.0068E+02  5.6020E+00  4.1790E-01  2.5015E+01
0000340 3.1846E-01  2.5871E+02 -1.1576E+02  1.3554E+01  3.8824E-01  3.6542E+01
0000340 2.8575E-01  2.5953E+02 -1.2325E+02  1.8824E+01  3.6776E-01  2.5577E+01
0000340 2.5857E-01  2.6120E+02 -1.2880E+02  2.5680E+01  3.4984E-01  2.0575E+01
0000340 2.1602E-01  2.6204E+02 -1.4212E+02  3.7047E+01  3.1976E-01  3.9775E+01
0000340 1.6494E-01  2.6097E+02 -1.4989E+02  4.0219E+01  2.7941E-01  4.5670E+01
0000340 1.4545E-01  2.6064E+02 -1.5785E+02  3.9493E+01  2.6238E-01  1.5024E+01
0000340 8.1679E-02  2.5812E+02 -1.6522E+02  3.9693E+01  1.9662E-01  5.9676E+01
0000340 3.2279E-02  2.5509E+02 -1.6965E+02  4.4111E+01  1.2361E-01  4.6666E+01
0000340 2.9717E-02  2.5287E+02 -1.7497E+02  4.3137E+01  1.1860E-01  2.5618E+00
0000340 1.6747E-02  2.5216E+02 -1.8067E+02  4.2728E+01  8.9031E-02  1.1605E+01
0000340 7.3164E-03  2.4919E+02 -1.8847E+02  3.7100E+01  5.8847E-02  5.6884E+00
0000340 0.0000E+00  2.5236E+02 -1.9489E+02  3.8861E+01  0.0000E+00  1.7060E+00
0000341 2.0000E+00  0.0000E+00  0.0000E+00  0.0000E+00  9.7295E-01  0.0000E+00
0000341 1.9019E+00  3.9702E+00  0.0000E+00  0.0000E+00  9.4878E-01  9.8145E+01
0000341 8.8696E-01  1.6074E+01 -2.6287E+00 -8.0444E-01  6.4793E-01  1.0149E+03
0000341 8.7384E-01  1.8996E+01 -1.2698E+00 -3.1236E+00  6.4312E-01  7.9784E+00
0000341 8.6250E-01  2.8070E+01  2.8534E+00 -8.9485E+00  6.3893E-01  1.1339E+01
0000341 8.2741E-01  3.6268E+01  7.2821E+00 -1.5705E+01  6.2580E-01  2.0386E+01
0000341 7.6963E-01  4.3258E+01  1.1365E+01 -2.3729E+01  6.0355E-01  5.7783E+01
0000341 7.1773E-01  5.1892E+01  1.3173E+01 -3.0639E+01  5.8285E-01  5.1897E+01
0000341 6.5136E-01  5.8308E+01  1.5995E+01 -3.9150E+01  5.5525E-01  6.6371E+01
0000341 5.2376E-01  6.4189E+01  1.5537E+01 -4.8174E+01  4.9790E-01  1.1562E+02
0000341 5.0674E-01  6.7986E+01  1.9186E+01 -5.6978E+01  4.8975E-01  6.8043E+00
0000341 4.9855E-01  7.2810E+01  2.2486E+01 -6.5316E+01  4.8577E-01  8.1951E+00
0000341 4.8968E-01  7.8714E+01  2.5511E+01 -7.2992E+01  4.8143E-01  8.8729E+00
0000341 4.0239E-01  8.3464E+01  2.9016E+01 -8.1193E+01  4.3642E-01  8.7282E+01
0000341 3.7194E-01  8.4550E+01  3.4714E+01 -8.8932E+01  4.1958E-01  2.2010E+01
0000341 3.6860E-01  8.7693E+01  3.9414E+01 -9.6575E+01  4.1769E-01  3.3392E+00
0000341 3.5228E-01  9.1406E+01  4.4524E+01 -1.0365E+02  4.0834E-01  8.3981E+00
0000341 3.3959E-01  9.3740E+01  5.0042E+01 -1.1089E+02  4.0091E-01  1.2692E+01
0000341 3.0081E-01  9.7109E+01  5.6328E+01 -1.1689E+02  3.7733E-01  3.8782E+01
0000341 2.9785E-01  1.0284E+02  6.0542E+01 -1.2253E+02  3.7547E-01  2.9573E+00
0000341 1.7044E-01  1.1454E+02  6.6509E+01 -1.3485E+02  2.8403E-01  1.1978E+02
0000341 1.5894E-01  1.2129E+02  6.4103E+01 -1.3852E+02  2.7428E-01  1.1494E+01
0000341 1.4697E-01  1.2698E+02  6.2488E+01 -1.4381E+02  2.6375E-01  1.1973E+01
0000341 1.3388E-01  1.3094E+02  6.1151E+01 -1.5041E+02  2.5173E-01  1.3087E+01
0000341 1.0612E-01  1.3304E+02  5.8418E+01 -1.5726E+02  2.2412E-01  2.3901E+01
0000341 2.3032E-02  1.3208E+02  5.6930E+01 -1.6436E+02  1.0441E-01  8.3089E+01
0000341 4.9030E-03  1.3555E+02  5.3372E+01 -1.6673E+02  4.8173E-02  1.6980E+01
0000341 0.0000E+00  1.4484E+02  4.8375E+01 -1.6324E+02  0.0000E+00  1.0903E+00
0000342 2.0000E+00  0.0000E+00  0.0000E+00  0.0000E+00  9.7295E-01  0.0000E+00
0000342 1.9106E+00  1.4308E+01 -6.0200E-02  4.7096E-02  9.5095E-01  7.6859E+01
0000342 5.2204E-01  2.8024E+01 -5.5630E-02 -2.6058E+00  4.9708E-01  1.3885E+03
0000342 7.2606E-02  3.4317E+01 -6.9158E+00  1.6865E+00  1.8538E-01  4.4943E+02
0000342 5.4885E-02  3.6382E+01 -4.9523E+00  7.8564E+00  1.6118E-01  1.5202E+01
0000342 4.8245E-02  3.7204E+01 -5.9264E+00  1.4173E+01  1.5111E-01  6.6398E+00
0000342 2.5539E-02  3.8199E+01 -4.6650E+00  2.0255E+01  1.0995E-01  2.2706E+01
0000342 1.6469E-02  4.2284E+01 -2.3691E+00  2.3327E+01  8.8289E-02  9.0706E+00
0000342 8.9826E-03  5.0647E+01 -2.1283E+00  2.8504E+01  6.5204E-02  2.9455E+00
0000342 0.0000E+00  5.8293E+01  1.6506E+00  2.7468E+01  0.0000E+00  4.6660E+00
0000343 2.0000E+00  0.0000E+00  0.0000E+00  0.0000E+00  9.7295E-01  0.0000E+00
0000343 1.9885E+00  3.9702E+00  0.0000E+00  0.0000E+00  9.7015E-01  3.7793E+00
0000343 1.7339E+00  1.6067E+01 -4.6050E-01 -2.4230E-01  9.0592E-01  2.3874E+02
0000343 1.3247E+00  2.8661E+01 -3.6916E+00 -4.3486E+00  7.9184E-01  3.8452E+02
0000343 1.2233E+00  4.1211E+01 -4.7478E+00 -2.3196E+00  7.6092E-01  8.1221E+01
0000343 1.1952E+00  5.3668E+01 -5.1593E+00 -3.4099E+00  7.5214E-01  9.0176E+00
0000343 1.1547E+00  6.6025E+01 -6.5036E+00 -3.9596E+00  7.3928E-01  4.0541E+01
0000343 1.0840E+00  7.8097E+01 -8.4545E+00 -2.3158E+00  7.1628E-01  7.0734E+01
0000343 1.0665E+00  8.9020E+01 -1.3019E+01  4.2809E-01  7.1050E-01  1.7403E+01
0000343 9.7154E-01  9.9248E+01 -1.8950E+01  3.0215E+00  6.7812E-01  9.5007E+01
0000343 9.6616E-01  1.0711E+02 -2.6291E+01  7.9673E+00  6.7624E-01  5.3794E+00
0000343 7.6019E-01  1.1478E+02 -3.3244E+01  1.3680E+01  5.9984E-01  1.8998E+02
0000343 7.3190E-01  1.1856E+02 -4.3133E+01  1.7245E+01  5.8857E-01  2.8292E+01
0000343 7.1342E-01  1.2407E+02 -5.1830E+01  2.1329E+01  5.8110E-01  5.4417E+00
0000343 5.5846E-01  1.2884E+02 -6.1028E+01  2.5053E+01  5.1413E-01  1.4216E+02
0000343 5.2232E-01  1.3006E+02 -7.1358E+01  2.5452E+01  4.9721E-01  3.6149E+01
0000343 4.4197E-01  1.3266E+02 -8.1112E+01  2.3653E+01  4.5737E-01  8.0347E+01
0000343 3.6105E-01  1.3870E+02 -8.8795E+01  2.2257E+01  4.1339E-01  8.0048E+01
0000343 3.5695E-01  1.4660E+02 -9.3804E+01  2.3577E+01  4.1104E-01  4.0965E+00
0000343 3.0060E-01  1.5397E+02 -9.9597E+01  2.4559E+01  3.7720E-01  5.6352E+01
0000343 3.7243E-02  1.6062E+02 -1.0393E+02  2.8944E+01  1.3277E-01  2.6336E+02
0000343 1.3178E-02  1.7738E+02 -1.0060E+02  2.4897E+01  7.8979E-02  1.9467E+01
0000343 2.9803E-03  1.8490E+02 -1.0652E+02  2.5547E+01  3.7558E-02  6.7771E+00
0000343 0.0000E+00  1.9025E+02 -1.0480E+02  2.0977E+01  0.0000E+00  1.7398E+00
0000344 2.0000E+00  0.0000E+00  0.0000E+00  0.0000E+00  9.7295E-01  0.0000E+00
0000344 1.4753E+00  1.3923E+01 -2.7166E-02 -6.3887E-03  8.3565E-01  4.9758E+02
0000344 1.4565E+00  2.2665E+01  3.1121E+00  3.9496E+00  8.3029E-01  1.9887E+00
0000344 1.3637E+00  3.4106E+01  7.3212E+00  8.6275E+00  8.0339E-01  7.1148E+01
0000344 8.4387E-01  4.4592E+01  1.3941E+01  1.1985E+01  6.3199E-01  4.9914E+02
0000344 8.2336E-01  4.8294E+01  2.4531E+01  1.4278E+01  6.2427E-01  6.0349E+00
0000344 8.0056E-01  5.1075E+01  3.5371E+01  1.6364E+01  6.1556E-01  8.5886E+00
0000344 7.5119E-01  5.2919E+01  4.6175E+01  1.9154E+01  5.9628E-01  3.5441E+01
0000344 7.2932E-01  5.3032E+01  5.6428E+01  2.3516E+01  5.8754E-01  8.5864E+00
0000344 7.0706E-01  5.5545E+01  7.5644E+01  3.4137E+01  5.7850E-01  4.6789E+00
0000344 6.7894E-01  5.6589E+01  8.4596E+01  4.0422E+01  5.6688E-01  1.5410E+01
0000344 6.3441E-01  5.6929E+01  9.2574E+01  4.7818E+01  5.4798E-01  3.2187E+01
0000344 5.7821E-01  5.6416E+01  9.8761E+01  5.6552E+01  5.2314E-01  5.6204E+01
0000344 5.6403E-01  5.2823E+01  1.0432E+02  6.4695E+01  5.1668E-01  3.2035E+00
0000344 5.2220E-01  4.8612E+01  1.0938E+02  7.2786E+01  4.9716E-01  4.1830E+01
0000344 5.1916E-01  4.6199E+01  1.1267E+02  8.2191E+01  4.9571E-01  3.0324E+00
0000344 5.0576E-01  4.4252E+01  1.1539E+02  9.1866E+01  4.8927E-01  3.2558E+00
0000344 4.8450E-01  4.2871E+01  1.1869E+02  1.0140E+02  4.7888E-01  2.1256E+01
0000344 3.9585E-01  3.9501E+01  1.2205E+02  1.1028E+02  4.3285E-01  7.8998E+01
0000344 3.7171E-01  3.4225E+01  1.2754E+02  1.1619E+02  4.1945E-01  1.5796E+01
0000344 1.5171E-01  2.8997E+01  1.3139E+02  1.2313E+02  2.6797E-01  2.2000E+02
0000344 1.4575E-01  2.2656E+01  1.3602E+02  1.2267E+02  2.6265E-01  5.9632E+00
0000344 1.3798E-01  1.6773E+01  1.4075E+02  1.2072E+02  2.5556E-01  3.6662E+00
0000344 1.0416E-01  1.1438E+01  1.4540E+02  1.1765E+02  2.2204E-01  3.3823E+01
0000344 9.6803E-02  4.5780E+00  1.4662E+02  1.1550E+02  2.1405E-01  4.1210E+00
0000344 9.6803E-02-  2.6097E+01  1.5825E+02  1.0865E+02  0.0000E+00  4.1210E+00
0000345 2.0000E+00  0.0000E+00  0.0000E+00  0.0000E+00  9.7295E-01  0.0000E+00
0000345 1.9217E+00  1.5146E+01 -4.5993E-01 -2.1685E-02  9.5372E-01  7.4873E+01
0000345 1.1327E+00  2.0508E+01 -1.6711E+00  3.6692E-01  7.3222E-01  7.7849E+02
0000345 1.1092E+00  3.0676E+01  2.1551E+00  6.0954E+00  7.2457E-01  5.5501E+00
0000345 1.0586E+00  5.0307E+01  1.0096E+01  1.8252E+01  7.0785E-01  4.6809E+01
0000345 1.0351E+00  5.8772E+01  1.5921E+01  2.4610E+01  6.9996E-01  6.3646E+00
0000345 9.8964E-01  7.6039E+01  2.6421E+01  3.7591E+01  6.8441E-01  4.2248E+01
0000345 9.5228E-01  9.2786E+01  3.2385E+01  5.3302E+01  6.7136E-01  2.7933E+01
0000345 6.1190E-01  1.0196E+02  3.5668E+01  5.9924E+01  5.3817E-01  3.2455E+02
0000345 1.7048E-01  1.0634E+02  3.4810E+01  6.9571E+01  2.8406E-01  4.2998E+02
0000345 1.4554E-01  1.0238E+02  3.1616E+01  7.5814E+01  2.6246E-01  2.4942E+01
0000345 1.2970E-01  9.4019E+01  3.2361E+01  8.8859E+01  2.4777E-01  1.2403E+01
0000345 1.0621E-01  8.8003E+01  3.6010E+01  1.0208E+02  2.2421E-01  1.3794E+01
0000345 9.5609E-02  8.5659E+01  3.9151E+01  1.0826E+02  2.1273E-01  7.3151E+00
0000345 3.9004E-02  7.9446E+01  4.6329E+01  1.1878E+02  1.3587E-01  5.1673E+01
0000345 2.3306E-02  7.6720E+01  5.1675E+01  1.1953E+02  1.0503E-01  1.4054E+01
0000345 1.6916E-02  7.7193E+01  5.6465E+01  1.2222E+02  8.9480E-02  5.2323E+00
0000345 9.5523E-03  8.2700E+01  6.4600E+01  1.2158E+02  6.7240E-02  2.8144E+00
0000345 0.0000E+00  8.2602E+01  7.0999E+01  1.1243E+02  0.0000E+00  2.8581E+00
0000346 2.0000E+00  0.0000E+00  0.0000E+00  0.0000E+00  9.7295E-01  0.0000E+00
0000346 1.9712E+00  1.2624E+01 -2.9475E-02 -6.6833E-02  9.6593E-01  4.0831E+00
0000346 1.9623E+00  3.0656E+01  7.1500E-01 -4.0313E-01  9.6374E-01  8.7783E+00
0000346 1.9294E+00  4.4681E+01  8.4589E-01 -1.4588E+00  9.5561E-01  5.8452E+00
0000346 1.8909E+00  5.8569E+01  8.4024E-01 -3.2638E+00  9.4605E-01  1.1646E+01
0000346 4.2543E-01  7.2447E+01  8.9596E-02 -4.2651E+00  4.4873E-01  1.4392E+03
0000346 3.7139E-01  7.7369E+01 -4.9100E+00  2.5663E+00  4.1927E-01  4.5246E+01
0000346 3.4204E-01  8.2680E+01 -1.1629E+01  6.6836E+00  4.0236E-01  2.1388E+01
0000346 3.1367E-01  8.8829E+01 -1.6442E+01  1.1797E+01  3.8531E-01  2.8362E+01
0000346 1.5114E-01  9.2656E+01 -2.2484E+01  1.7519E+01  2.6746E-01  1.5548E+02
0000346 1.2107E-01  9.0389E+01 -2.9331E+01  2.0639E+01  2.3938E-01  3.0067E+01
0000346 1.1144E-01  8.7283E+01 -3.6165E+01  2.0322E+01  2.2967E-01  6.0326E+00
0000346 1.0726E-01  8.5662E+01 -4.3291E+01  1.9224E+01  2.2531E-01  4.1854E+00
0000346 6.8625E-02  8.2898E+01 -4.9853E+01  1.7467E+01  1.8023E-01  3.8631E+01
0000346 4.0550E-02  7.7655E+01 -5.2870E+01  1.4533E+01  1.3854E-01  2.5651E+01
0000346 3.4124E-02  7.4804E+01 -5.8244E+01  1.4230E+01  1.2709E-01  6.4262E+00
0000346 6.3642E-03  7.4110E+01 -6.3934E+01  1.2822E+01  5.4884E-02  2.6259E+01
0000346 0.0000E+00  5.9994E+01 -6.5332E+01  9.8370E+00  0.0000E+00  3.1333E-01
0000347 2.0000E+00  0.0000E+00  0.0000E+00  0.0000E+00  9.7295E-01  0.0000E+00
0000347 1.7337E+00  2.6030E+01  4.9402E-01  3.4780E-01  9.0586E-01  2.3613E+02
0000347 7.3005E-01  3.8703E+01  4.9943E+00  2.5906E+00  5.8783E-01  1.0037E+03
0000347 6.9975E-01  4.3021E+01  1.5131E+01  1.5291E+00  5.7550E-01  1.7278E+01
0000347 6.8081E-01  4.7751E+01  2.5002E+01  2.1142E+00  5.6766E-01  6.3254E+00
0000347 4.5182E-01  5.2728E+01  3.4563E+01  3.6737E+00  4.6245E-01  2.1662E+02
0000347 4.0465E-01  5.1451E+01  4.4187E+01  5.7360E+00  4.3764E-01  3.7996E+01
0000347 3.8838E-01  5.2790E+01  5.3227E+01  8.9401E+00  4.2875E-01  7.7923E+00
0000347 3.5242E-01  5.2937E+01  6.2467E+01  1.1527E+01  4.0842E-01  3.5962E+01
0000347 3.3967E-01  5.5750E+01  7.1315E+01  1.2963E+01  4.0097E-01  1.2744E+01
0000347 3.1284E-01  6.0063E+01  7.9340E+01  1.4923E+01  3.8480E-01  1.9361E+01
0000347 1.2783E-01  6.3831E+01  8.6649E+01  1.8948E+01  2.4597E-01  1.7797E+02
0000347 1.0857E-01  7.1057E+01  8.8985E+01  1.9113E+01  2.2669E-01  1.5520E+01
0000347 9.5043E-02  8.1936E+01  9.8536E+01  2.0698E+01  2.1210E-01  8.9278E+00
0000347 7.0569E-02  8.5462E+01  1.0472E+02  2.1451E+01  1.8276E-01  2.1436E+01
0000347 3.7418E-02  9.1191E+01  1.0820E+02  2.2315E+01  1.3308E-01  3.0680E+01
0000347 4.5671E-03  9.4155E+01  1.1847E+02  2.6712E+01  4.6494E-02  2.4541E+01
0000347 0.0000E+00  9.3612E+01  1.1784E+02  3.0829E+01  0.0000E+00  3.1778E+00
0000348 2.0000E+00  0.0000E+00  0.0000E+00  0.0000E+00  9.7295E-01  0.0000E+00
0000348 1.9885E+00  9.1175E+00  8.1474E-02  7.7588E-02  9.7015E-01  5.3030E-01
0000348 1.5216E+00  1.9670E+01  4.1745E-01  2.0229E-01  8.4864E-01  4.6693E+02
0000348 1.4954E+00  3.1140E+01  6.2369E-01  6.7309E+00  8.4132E-01  3.7168E+00
0000348 1.3589E+00  4.2795E+01  3.9874E-01  1.2798E+01  8.0199E-01  1.1443E+02
0000348 1.3310E+00  5.5129E+01  2.1864E+00  1.5875E+01  7.9371E-01  7.3268E+00
0000348 1.3231E+00  6.7185E+01  4.8654E+00  1.9128E+01  7.9137E-01  7.8407E+00
0000348 1.2046E+00  7.9189E+01  6.7776E+00  2.2989E+01  7.5510E-01  9.8322E+01
0000348 1.1793E+00  9.0056E+01  1.1951E+01  2.6231E+01  7.4713E-01  6.4659E+00
0000348 1.1334E+00  1.0123E+02  1.6726E+01  2.8703E+01  7.3244E-01  2.7379E+01
0000348 8.4401E-01  1.1190E+02  2.1088E+01  3.2962E+01  6.3205E-01  2.8943E+02
0000348 3.8320E-01  1.1819E+02  2.9902E+01  3.6686E+01  4.2588E-01  4.4633E+02
0000348 3.7801E-01  1.2357E+02  3.1213E+01  4.4483E+01  4.2299E-01  5.1894E+00
0000348 2.6591E-01  1.2879E+02  3.1440E+01  5.2468E+01  3.5477E-01  1.1210E+02
0000348 2.3624E-01  1.3505E+02  2.7549E+01  5.7349E+01  3.3439E-01  2.9668E+01
0000348 1.9801E-01  1.4019E+02  2.5732E+01  6.4030E+01  3.0614E-01  3.8235E+01
0000348 1.3497E-01  1.4610E+02  2.7164E+01  6.9689E+01  2.5275E-01  6.3038E+01
0000348 1.1677E-01  1.4758E+02  2.8634E+01  7.7080E+01  2.3510E-01  1.4315E+01
0000348 5.0492E-02  1.5118E+02  3.0794E+01  8.3244E+01  1.5459E-01  6.6282E+01
0000348 1.7953E-02  1.5018E+02  3.5683E+01  8.7163E+01  9.2182E-02  3.0578E+01
0000348 4.5152E-03  1.4573E+02  3.8429E+01  8.7793E+01  4.6229E-02  1.3438E+01
0000348 0.0000E+00  1.4186E+02  3.3409E+01  9.1307E+01  0.0000E+00  1.3407E+00
0000349 2.0000E+00  0.0000E+00  0.0000E+00  0.0000E+00  9.7295E-01  0.0000E+00
0000349 1.9814E+00  2.6028E+01  1.4328E-01  1.2322E-01  9.6841E-01  1.0389E+01
0000349 1.3995E+00  4.0084E+01  1.2416E+00  4.4626E-02  8.1387E-01  5.8194E+02
0000349 1.3895E+00  5.0497E+01  7.1345E+00 -4.8572E+00  8.1096E-01  9.9968E+00
0000349 1.3610E+00  6.0453E+01  1.3962E+01 -9.4230E+00  8.0260E-01  2.8488E+01
0000349 1.3051E+00  6.9284E+01  2.2233E+01 -1.3724E+01  7.8596E-01  5.5869E+01
0000349 1.0947E+00  7.9618E+01  2.9134E+01 -1.6396E+01  7.1981E-01  2.1044E+02
0000349 1.0893E+00  8.6357E+01  3.9241E+01 -1.7299E+01  7.1804E-01  5.3787E+00
0000349 8.3555E-01  9.3009E+01  4.9428E+01 -1.7356E+01  6.2887E-01  2.3626E+02
0000349 7.8284E-01  1.0297E+02  5.4966E+01 -1.8137E+01  6.0871E-01  5.2711E+01
0000349 5.9513E-01  1.1381E+02  5.7782E+01 -1.9205E+01  5.3074E-01  1.7401E+02
0000349 8.0780E-02  1.2232E+02  5.9920E+01 -2.5085E+01  1.9554E-01  5.1435E+02
0000349 7.1571E-02  1.2074E+02  6.3966E+01 -3.0495E+01  1.8405E-01  6.8593E+00
0000349 5.5907E-02  1.1829E+02  6.8996E+01 -3.4321E+01  1.6267E-01  1.3170E+01
0000349 1.6563E-02  1.1551E+02  7.4756E+01 -3.5276E+01  8.8540E-02  3.7240E+01
0000349 5.9532E-03  1.1738E+02  7.8164E+01 -4.4371E+01  5.3083E-02  6.3156E+00
0000349 0.0000E+00  1.1711E+02  7.1741E+01 -4.9660E+01  0.0000E+00  3.8609E+00
0000350 2.0000E+00  0.0000E+00  0.0000E+00  0.0000E+00  9.7295E-01  0.0000E+00
0000350 1.9765E+00  1.1910E+01 -5.7066E-02  1.1949E-01  9.6721E-01  7.4249E+00
0000350 1.9697E+00  2.5959E+01 -3.6299E-01  1.1510E+00  9.6555E-01  6.7881E+00
0000350 1.8916E+00  4.0032E+01 -6.8754E-01  1.3574E+00  9.4623E-01  5.0866E+01
0000350 1.8820E+00  5.3761E+01 -3.9683E-01  3.7301E+00  9.4380E-01  9.6781E+00
0000350 1.8470E+00  6.7576E+01 -7.7731E-01  5.3709E+00  9.3499E-01  8.6912E+00
0000350 1.8057E+00  9.5159E+01 -2.6891E+00  6.8951E+00  9.2447E-01  1.2041E+01
0000350 1.7960E+00  1.0878E+02 -4.3717E+00  8.0830E+00  9.2200E-01  9.6512E+00
0000350 1.7296E+00  1.2220E+02 -7.0257E+00  9.4545E+00  9.0480E-01  4.1014E+01
0000350 1.0365E+00  1.3534E+02 -1.0623E+01  8.9804E+00  7.0041E-01  6.9316E+02
0000350 9.0604E-01  1.4599E+02 -7.5905E+00  1.3650E+01  6.5486E-01  1.3043E+02
0000350 2.9494E-01  1.5734E+02 -5.0142E+00  1.4117E+01  3.7363E-01  5.9585E+02
0000350 2.8651E-01  1.6376E+02 -8.8640E+00  9.0538E+00  3.6825E-01  8.4267E+00
0000350 8.7118E-02  1.7021E+02 -1.1345E+01  3.3089E+00  2.0306E-01  1.9939E+02
0000350 7.3630E-02  1.7704E+02 -1.1567E+01  4.9955E+00  1.8668E-01  1.3489E+01
0000350 4.8053E-02  1.8349E+02 -1.3744E+01  4.7280E+00  1.5081E-01  2.3032E+01
0000350 3.6489E-02  1.8723E+02 -1.8738E+01  3.9757E+00  1.3142E-01  9.6685E+00
0000350 2.1234E-02  1.8996E+02 -2.2878E+01  6.4193E-01  1.0025E-01  1.3906E+01
0000350 1.3497E-02  1.8893E+02 -2.7474E+01 -2.0481E+00  7.9927E-02  6.6498E+00
0000350 0.0000E+00  1.8186E+02 -3.3372E+01 -4.2187E+00  0.0000E+00  9.2957E+00
0000351 2.0000E+00  0.0000E+00  0.0000E+00  0.0000E+00  9.7295E-01  0.0000E+00
0000351 1.5315E+00  1.6563E+01 -2.7925E-02 -5.5784E-02  8.5140E-01  4.3629E+02
0000351 1.5124E+00  3.1798E+01  7.7291E+00 -1.8138E+00  8.4608E-01  1.7619E+01
0000351 1.4851E+00  4.3156E+01  1.3800E+01 -4.6088E+00  8.3839E-01  5.0427E+00
0000351 1.2859E+00  5.4203E+01  2.0456E+01 -7.0159E+00  7.8017E-01  1.7711E+02
0000351 1.2430E+00  6.3169E+01  2.9344E+01 -6.0098E+00  7.6704E-01  4.2908E+01
0000351 9.5609E-01  7.0509E+01  3.9537E+01 -6.0106E+00  6.7271E-01  2.6768E+02
0000351 9.3607E-01  7.8754E+01  4.6445E+01 -1.0845E+01  6.6563E-01  4.1528E+00
0000351 2.3185E-01  8.7300E+01  5.2673E+01 -1.5931E+01  3.3126E-01  7.0423E+02
0000351 2.3036E-02  9.5208E+01  5.2610E+01 -1.2586E+01  1.0442E-01  2.0312E+02
0000351 1.3194E-02  9.4896E+01  5.0903E+01 -7.3657E+00  7.9024E-02  9.8427E+00
0000351 9.0321E-03  9.7785E+01  4.8725E+01 -3.9200E+00  6.5384E-02  3.5050E+00
0000351 0.0000E+00  9.9409E+01  4.6457E+01  4.2507E+00  0.0000E+00  5.4887E+00
0000352 2.0000E+00  0.0000E+00  0.0000E+00  0.0000E+00  9.7295E-01  0.0000E+00
0000352 1.9765E+00  1.3452E+01  1.6096E-02  3.2372E-02  9.6723E-01  1.5690E+01
0000352 1.9301E+00  2.7487E+01  9.8488E-01 -7.5073E-01  9.5579E-01  1.9196E+01
0000352 1.7663E+00  4.1266E+01  3.3194E+00 -1.6871E+00  9.1433E-01  1.6381E+02
0000352 6.8967E-01  5.4688E+01  3.7983E+00  1.0046E+00  5.7134E-01  1.0516E+03
0000352 5.2413E-01  6.1165E+01 -3.9934E+00  5.0877E+00  4.9807E-01  1.5306E+02
0000352 1.8896E-01  6.2614E+01 -1.2727E+01  1.0274E+01  2.9907E-01  3.2494E+02
0000352 1.4494E-01  5.9399E+01 -1.4798E+01  1.7558E+01  2.6192E-01  4.4021E+01
0000352 1.3033E-01  5.3530E+01 -1.7515E+01  2.1902E+01  2.4837E-01  1.4609E+01
0000352 5.6899E-02  4.8113E+01 -1.8003E+01  2.7247E+01  1.6411E-01  6.9647E+01
0000352 4.8270E-02  3.5387E+01 -1.9529E+01  2.7644E+01  1.5115E-01  3.5859E+00
0000352 3.5451E-02  1.7172E+01 -1.8244E+01  2.8851E+01  1.2954E-01  3.2061E+00
0000352 1.2973E-02  1.1698E+01 -1.5963E+01  2.9234E+01  7.8360E-02  2.0938E+01
0000352 5.6383E-03  9.9363E+00 -1.1806E+01  2.7127E+01  5.1659E-02  6.5538E+00
0000352 0.0000E+00  1.4510E+01 -7.6772E+00  1.8451E+01  0.0000E+00  3.3026E-01
0000353 2.0000E+00  0.0000E+00  0.0000E+00  0.0000E+00  9.7295E-01  0.0000E+00
0000353 1.9133E+00  7.9325E+00  1.2070E-01 -2.2097E-01  9.5164E-01  7.0900E+01
0000353 1.9049E+00  1.1852E+01  5.5635E-01  2.4150E-01  9.4953E-01  9.2699E-01
0000353 1.8996E+00  2.5666E+01  1.7841E+00  1.8337E+00  9.4821E-01  5.2631E+00
0000353 1.8679E+00  3.9346E+01  3.4349E+00  4.0102E+00  9.4027E-01  5.2339E+00
0000353 1.8563E+00  5.2827E+01  5.7538E+00  6.4297E+00  9.3734E-01  1.1638E+01
0000353 1.7961E+00  6.6276E+01  8.7592E+00  7.9947E+00  9.2203E-01  3.4139E+01
0000353 1.2737E+00  7.9288E+01  1.1642E+01  1.1398E+01  7.7644E-01  4.9706E+02
0000353 9.4893E-01  1.0079E+02  4.5064E+00  2.2555E+01  6.7018E-01  3.0166E+02
0000353 9.2322E-01  1.1125E+02 -8.5859E-01  2.1888E+01  6.6104E-01  2.5709E+01
0000353 9.1590E-01  1.2233E+02 -4.5800E+00  2.2034E+01  6.5842E-01  7.3179E+00
0000353 8.8275E-01  1.3309E+02 -9.0405E+00  2.2836E+01  6.4639E-01  3.3149E+01
0000353 8.6117E-01  1.4351E+02 -1.3891E+01  2.1476E+01  6.3844E-01  2.1585E+01
0000353 8.5720E-01  1.5387E+02 -1.8877E+01  2.1920E+01  6.3697E-01  3.9680E+00
0000353 7.9232E-01  1.7421E+02 -2.9251E+01  2.4344E+01  6.1239E-01  4.7011E+01
0000353 7.6720E-01  1.8381E+02 -3.4994E+01  2.2872E+01  6.0260E-01  1.1295E+01
0000353 7.4047E-01  1.9262E+02 -4.1543E+01  2.0645E+01  5.9201E-01  2.6739E+01
0000353 7.0336E-01  2.0248E+02 -4.6387E+01  1.9018E+01  5.7698E-01  2.3957E+01
0000353 6.6786E-01  2.1297E+02 -4.9372E+01  1.7848E+01  5.6224E-01  2.2835E+01
0000353 5.2323E-01  2.2270E+02 -5.4117E+01  1.7230E+01  4.9765E-01  1.3244E+02
0000353 4.7914E-01  2.2954E+02 -6.0482E+01  1.2997E+01  4.7622E-01  3.3882E+01
0000353 3.8661E-01  2.4524E+02 -7.2118E+01  8.3638E+00  4.2777E-01  7.9835E+01
0000353 6.3998E-02  2.5433E+02 -7.5165E+01  8.3441E+00  1.7404E-01  3.1441E+02
0000353 0.0000E+00  2.5600E+02 -7.8729E+01  3.0047E+00  0.0000E+00  6.3779E+01
0000354 2.0000E+00  0.0000E+00  0.0000E+00  0.0000E+00  9.7295E-01  0.0000E+00
0000354 1.9796E+00  9.7178E+00 -1.4714E-01 -3.6925E-02  9.6798E-01  1.0391E-01
0000354 1.5380E+00  2.7865E+01 -5.0183E-01  1.0415E-01  8.5320E-01  4.1410E+02
0000354 1.5245E+00  5.1326E+01 -6.3364E+00  1.0839E+01  8.4946E-01  9.8035E+00
0000354 1.0403E+00  6.2899E+01 -1.0394E+01  1.5736E+01  7.0171E-01  4.8422E+02
0000354 9.9045E-01  7.3719E+01 -1.4986E+01  1.3165E+01  6.8469E-01  3.2958E+01
0000354 9.8413E-01  8.5052E+01 -1.8511E+01  1.2400E+01  6.8250E-01  6.3198E+00
0000354 9.3278E-01  9.6617E+01 -2.1161E+01  1.1921E+01  6.6446E-01  3.5145E+01
0000354 8.6206E-01  1.0751E+02 -2.5372E+01  1.2936E+01  6.3877E-01  5.5142E+01
0000354 8.4019E-01  1.1684E+02 -3.1921E+01  1.4544E+01  6.3062E-01  7.1646E+00
0000354 7.4367E-01  1.2570E+02 -3.9092E+01  1.5428E+01  5.9329E-01  9.6521E+01
0000354 7.3997E-01  1.3238E+02 -4.7761E+01  1.3465E+01  5.9181E-01  3.7020E+00
0000354 7.2329E-01  1.3924E+02 -5.6409E+01  1.2264E+01  5.8510E-01  3.5378E+00
0000354 7.0466E-01  1.4561E+02 -6.5259E+01  1.0498E+01  5.7752E-01  5.7007E+00
0000354 6.8864E-01  1.5241E+02 -7.3529E+01  8.0562E+00  5.7091E-01  3.3453E+00
0000354 3.8383E-01  1.5861E+02 -8.2233E+01  5.8156E+00  4.2623E-01  2.9234E+02
0000354 1.9307E-01  1.6600E+02 -8.4568E+01  2.0725E-01  3.0230E-01  1.9076E+02
0000354 1.8467E-01  1.7125E+02 -9.0936E+01 -2.2291E-01  2.9565E-01  3.3992E+00
0000354 1.7201E-01  1.7649E+02 -9.7051E+01 -1.7345E+00  2.8533E-01  7.8255E+00
0000354 9.9856E-02  1.8026E+02 -1.0405E+02 -3.0934E+00  2.1740E-01  7.2152E+01
0000354 8.6244E-02  1.8469E+02 -1.1083E+02 -1.4768E+01  2.0204E-01  4.2438E+00
0000354 7.9511E-02  1.8509E+02 -1.1495E+02 -2.0443E+01  1.9399E-01  3.8942E+00
0000354 4.1689E-02  1.8428E+02 -1.1967E+02 -2.5431E+01  1.4047E-01  3.7821E+01
0000354 2.4803E-02  1.8635E+02 -1.2050E+02 -3.1135E+01  1.0835E-01  1.6886E+01
0000354 1.4751E-02  1.9095E+02 -1.1975E+02 -3.4192E+01  8.3559E-02  1.0052E+01
0000354 2.4103E-03  1.9261E+02 -1.1275E+02 -4.0499E+01  3.3776E-02  8.4261E+00
0000354 0.0000E+00  1.9243E+02 -1.1369E+02 -4.4182E+01  0.0000E+00  2.1268E+00
0000355 2.0000E+00  0.0000E+00  0.0000E+00  0.0000E+00  9.7295E-01  0.0000E+00
0000355 1.9842E+00  1.6286E+01  2.7079E-02 -1.2558E-02  9.6909E-01  8.1108E+00
0000355 1.9669E+00  2.4693E+01  5.6059E-01 -1.7506E-01  9.6486E-01  9.3493E-01
0000355 1.7804E+00  3.8713E+01  1.7099E+00 -6.1039E-01  9.1799E-01  1.8647E+02
0000355 1.7510E+00  5.2015E+01 -1.2608E+00 -2.2259E+00  9.1036E-01  4.2683E+00
0000355 1.5149E+00  6.5396E+01 -3.5599E+00 -3.7940E+00  8.4676E-01  2.1121E+02
0000355 1.5055E+00  7.8249E+01 -4.1474E+00 -9.1409E-01  8.4415E-01  9.3211E+00
0000355 1.4707E+00  9.1111E+01 -5.6362E+00  1.4585E+00  8.3433E-01  3.4827E+01
0000355 1.4334E+00  1.0338E+02 -8.8363E+00  4.6895E+00  8.2368E-01  3.7322E+01
0000355 1.3444E+00  1.1472E+02 -1.2962E+01  9.5411E+00  7.9770E-01  6.7554E+01
0000355 1.3092E+00  1.2567E+02 -1.8999E+01  1.2322E+01  7.8718E-01  1.4804E+01
0000355 1.2812E+00  1.3715E+02 -2.4094E+01  1.4296E+01  7.7873E-01  7.9350E+00
0000355 1.0575E+00  1.4839E+02 -2.9105E+01  1.7235E+01  7.0750E-01  2.2368E+02
0000355 8.6314E-01  1.7128E+02 -3.5705E+01  1.3309E+01  6.3917E-01  1.7331E+02
0000355 5.9070E-01  1.8265E+02 -3.3957E+01  1.2916E+01  5.2876E-01  2.7244E+02
0000355 4.7614E-01  1.9039E+02 -2.7670E+01  9.5034E+00  4.7473E-01  1.0342E+02
0000355 4.6533E-01  2.0933E+02 -2.2998E+01  4.8605E+00  4.6931E-01  7.1369E+00
0000355 1.4856E-01  2.1853E+02 -1.9738E+01  2.7309E+00  2.6517E-01  3.0740E+02
0000355 4.4643E-02  2.2070E+02 -1.2217E+01  2.6743E+00  1.4536E-01  9.9766E+01
0000355 3.9494E-02  2.2406E+02 -9.6330E+00 -1.8505E+00  1.3672E-01  3.3466E+00
0000355 8.6234E-03  2.2846E+02 -6.8863E+00 -4.9921E+00  6.3887E-02  2.9213E+01
0000355 0.0000E+00  2.3614E+02 -1.7629E+01  3.8073E-01  0.0000E+00  7.9425E-01
0000356 2.0000E+00  0.0000E+00  0.0000E+00  0.0000E+00  9.7295E-01  0.0000E+00
0000356 1.9840E+00  7.9399E+00  5.4612E-02  3.4524E-02  9.6906E-01  1.2153E-02
0000356 1.6222E+00  2.6824E+01  3.9099E-01  2.5043E-01  8.7625E-01  3.6175E+02
0000356 1.2196E+00  3.8913E+01 -9.0350E-01  5.9074E+00  7.5977E-01  4.0260E+02
0000356 1.1936E+00  4.6048E+01 -1.9375E+00  1.6122E+01  7.5163E-01  2.6009E+01
0000356 1.5372E-01  5.2467E+01 -4.6495E+00  2.6424E+01  2.6974E-01  1.0212E+03
0000356 5.2063E-02  5.5420E+01  1.8634E+00  2.9746E+01  1.5698E-01  1.0166E+02
0000356 3.4208E-02  5.5389E+01  3.1909E+00  3.5987E+01  1.2724E-01  1.5852E+01
0000356 2.3443E-02  5.9997E+01  8.4254E+00  4.5211E+01  1.0534E-01  5.3674E+00
0000356 1.9077E-02  6.4173E+01  9.4129E+00  4.8681E+01  9.5023E-02  3.5682E+00
0000356 2.2571E-03  6.7487E+01  1.4035E+01  5.7380E+01  3.2685E-02  1.3816E+01
0000356 0.0000E+00  7.5145E+01  1.9697E+01  5.5722E+01  0.0000E+00  4.0393E-01
0000357 2.0000E+00  0.0000E+00  0.0000E+00  0.0000E+00  9.7295E-01  0.0000E+00
0000357 1.9467E+00  1.1176E+01 -6.3771E-04 -1.7786E-02  9.5989E-01  5.3305E+01
0000357 1.9311E+00  1.8238E+01  1.1276E+00 -3.3694E-01  9.5604E-01  1.8750E+00
0000357 1.9080E+00  3.1987E+01  3.7542E+00 -8.6092E-01  9.5032E-01  2.3034E+01
0000357 1.4271E+00  5.9702E+01  7.0740E+00 -5.4467E-01  8.2188E-01  4.7631E+02
0000357 1.4003E+00  7.0579E+01  1.0623E+01  5.6113E+00  8.1412E-01  5.4701E+00
0000357 1.3704E+00  8.0999E+01  1.4100E+01  1.2434E+01  8.0537E-01  2.9946E+01
0000357 1.3299E+00  9.1787E+01  1.5720E+01  1.9250E+01  7.9337E-01  1.9793E+01
0000357 1.2592E+00  1.0326E+02  1.6982E+01  2.4713E+01  7.7202E-01  7.0614E+01
0000357 1.2330E+00  1.1554E+02  1.8006E+01  2.7352E+01  7.6394E-01  2.6218E+01
0000357 1.1735E+00  1.2788E+02  1.9920E+01  2.8407E+01  7.4527E-01  5.9553E+01
0000357 1.0758E+00  1.4024E+02  1.9197E+01  2.8650E+01  7.1359E-01  9.7634E+01
0000357 1.0675E+00  1.5171E+02  1.7395E+01  3.2187E+01  7.1081E-01  8.3557E+00
0000357 1.0586E+00  1.6343E+02  1.6355E+01  3.5022E+01  7.0785E-01  8.8857E+00
0000357 9.4288E-01  1.7486E+02  1.5589E+01  3.8883E+01  6.6804E-01  1.1571E+02
0000357 9.3816E-01  1.8426E+02  1.2319E+01  4.5135E+01  6.6637E-01  4.7194E+00
0000357 7.8140E-01  1.9330E+02  9.4152E+00  5.2040E+01  6.0815E-01  1.4112E+02
0000357 7.5498E-01  1.9851E+02  6.3427E+00  6.1517E+01  5.9778E-01  1.2736E+01
0000357 7.4912E-01  2.0417E+02  2.1638E+00  7.0174E+01  5.9546E-01  5.8616E+00
0000357 6.8864E-01  2.0903E+02 -1.8363E+00  7.9363E+01  5.7092E-01  6.0477E+01
0000357 3.7483E-01  2.1107E+02 -7.3001E+00  8.8595E+01  4.2121E-01  3.0134E+02
0000357 3.6949E-01  2.0954E+02 -6.2573E+00  9.7937E+01  4.1819E-01  5.3428E+00
0000357 3.3498E-01  2.0915E+02 -5.1268E+00  1.0735E+02  3.9819E-01  3.4509E+01
0000357 2.4253E-01  2.0653E+02 -2.3740E+00  1.1583E+02  3.3881E-01  9.2454E+01
0000357 2.2338E-01  2.0834E+02 -1.8053E+00  1.2429E+02  3.2516E-01  1.3276E+01
0000357 1.7573E-01  2.0812E+02 -8.8192E-01  1.3276E+02  2.8840E-01  4.2109E+01
0000357 1.4162E-01  2.0847E+02  3.4101E+00  1.3962E+02  2.5890E-01  2.9435E+01
0000357 1.2168E-01  2.1007E+02  9.6131E+00  1.4399E+02  2.3998E-01  1.5923E+01
0000357 1.5571E-02  2.1052E+02  1.6793E+01  1.4618E+02  8.5849E-02  1.0611E+02
0000357 6.9894E-03  2.0172E+02  1.8967E+01  1.4333E+02  5.7517E-02  2.8844E+00
0000357 0.0000E+00  1.9381E+02  1.8502E+01  1.4203E+02  0.0000E+00  3.0383E+00
0000358 2.0000E+00  0.0000E+00  0.0000E+00  0.0000E+00  9.7295E-01  0.0000E+00
0000358 1.9693E+00  1.1337E+01 -2.2007E-02  4.9786E-02  9.6545E-01  2.2899E+01
0000358 1.7479E+00  1.6566E+01  1.7757E-01  6.0655E-01  9.0956E-01  2.1123E+02
0000358 1.5279E+00  2.9710E+01 -3.5478E+00  4.7205E-01  8.5041E-01  1.9508E+02
0000358 1.1893E+00  4.1879E+01 -6.3979E+00  4.7567E+00  7.5027E-01  3.3866E+02
0000358 1.0732E+00  5.2845E+01 -3.1232E+00  9.5983E+00  7.1271E-01  1.1611E+02
0000358 8.9547E-01  6.4058E+01  1.3415E+00  1.0739E+01  6.5103E-01  1.6042E+02
0000358 8.8701E-01  7.5328E+01  2.6958E+00  8.2965E+00  6.4795E-01  8.4649E+00
0000358 8.5828E-01  8.6256E+01  4.3363E+00  4.8167E+00  6.3737E-01  1.3717E+01
0000358 8.2574E-01  9.6905E+01  7.3532E+00  1.7084E+00  6.2517E-01  1.7888E+01
0000358 6.4748E-01  1.0672E+02  1.1231E+01 -2.5720E+00  5.5359E-01  1.6402E+02
0000358 6.3047E-01  1.1413E+02  1.8860E+01 -4.2734E+00  5.4627E-01  5.0857E+00
0000358 1.1615E-01  1.2147E+02  2.6195E+01 -6.8894E+00  2.3447E-01  5.0263E+02
0000358 8.4949E-02  1.2856E+02  2.4251E+01 -5.6651E+00  2.0052E-01  2.7710E+01
0000358 5.2169E-02  1.3334E+02  2.0651E+01 -2.0203E+00  1.5714E-01  2.9970E+01
0000358 4.2106E-02  1.3847E+02  2.1342E+01  1.7095E+00  1.4117E-01  8.0576E+00
0000358 7.5122E-03  1.4159E+02  2.1609E+01  6.9840E+00  5.9629E-02  3.3991E+01
0000358 0.0000E+00  1.4233E+02  2.4457E+01  2.2434E+01  0.0000E+00  2.9074E-01
0000359 2.0000E+00  0.0000E+00  0.0000E+00  0.0000E+00  9.7295E-01  0.0000E+00
0000359 1.9839E+00  8.1108E+00 -1.5322E-02 -8.6251E-03  9.6903E-01  2.7443E-01
0000359 1.9357E+00  1.8061E+01 -2.0098E-02  8.3179E-02  9.5718E-01  2.8950E+01
0000359 1.8672E+00  3.1965E+01 -1.5073E+00  1.0494E+00  9.4010E-01  6.8476E+01
0000359 8.3618E-01  4.5171E+01 -5.3215E+00  3.0456E+00  6.2911E-01  1.0310E+03
0000359 7.7303E-01  5.2115E+01 -1.2216E+01 -2.8525E+00  6.0489E-01  4.8775E+01
0000359 5.6585E-01  5.7832E+01 -1.7684E+01 -1.0805E+01  5.1752E-01  1.9361E+02
0000359 5.5096E-01  6.6042E+01 -2.3483E+01 -1.3628E+01  5.1067E-01  4.0819E+00
0000359 5.0775E-01  7.3662E+01 -2.9665E+01 -1.7005E+01  4.9023E-01  3.2617E+01
0000359 4.8537E-01  8.0965E+01 -3.4299E+01 -2.2387E+01  4.7930E-01  1.2393E+01
0000359 2.9626E-01  8.8007E+01 -4.0095E+01 -2.6689E+01  3.7447E-01  1.8221E+02
0000359 2.6896E-01  9.5571E+01 -4.4689E+01 -2.4807E+01  3.5680E-01  2.0523E+01
0000359 2.4713E-01  1.0221E+02 -4.8918E+01 -2.0729E+01  3.4201E-01  1.5513E+01
0000359 2.2471E-01  1.0912E+02 -5.1134E+01 -1.5930E+01  3.2613E-01  2.2413E+01
0000359 1.0301E-01  1.2528E+02 -5.3884E+01 -1.1470E+01  2.2080E-01  1.1217E+02
0000359 8.9833E-02  1.2914E+02 -5.2444E+01 -5.4741E+00  2.0620E-01  9.9595E+00
0000359 5.1745E-03  1.3495E+02 -5.5191E+01  6.9892E+00  4.9489E-02  7.7758E+01
0000359 0.0000E+00  1.3753E+02 -5.8518E+01  6.1829E+00  0.0000E+00  4.6711E+00
0000360 2.0000E+00  0.0000E+00  0.0000E+00  0.0000E+00  9.7295E-01  0.0000E+00
0000360 1.9719E+00  3.9702E+00  0.0000E+00  0.0000E+00  9.6610E-01  2.8063E+01
0000360 1.7426E+00  1.7025E+01 -1.1094E+00  1.0925E+00  9.0817E-01  2.0398E+02
0000360 9.3557E-02  2.6594E+01 -1.7121E+00  5.2842E+00  2.1043E-01  1.6490E+03
0000360 1.9491E-02  2.7400E+01  4.6119E+00  8.4978E+00  9.6050E-02  7.4066E+01
0000360 8.9647E-03  3.4886E+01  1.4624E+01  1.1666E+00  6.5139E-02  1.8544E+00
0000360 0.0000E+00  4.7154E+01  2.3038E+01  5.9945E+00  0.0000E+00  1.0696E+00
0000361 2.0000E+00  0.0000E+00  0.0000E+00  0.0000E+00  9.7295E-01  0.0000E+00
0000361 1.9666E+00  1.5608E+01  1.7403E-02  1.4025E-01  9.6480E-01  1.0410E+01
0000361 1.9451E+00  2.5732E+01  3.3149E-01  9.3607E-01  9.5950E-01  1.9534E+00
0000361 1.9134E+00  3.9746E+01  5.4223E-01  1.6521E+00  9.5165E-01  4.7849E+00
0000361 1.8891E+00  5.3714E+01  1.0010E+00  1.7130E+00  9.4559E-01  2.4284E+01
0000361 1.7762E+00  6.7586E+01  4.6908E-01  5.5360E-01  9.1689E-01  8.6588E+01
0000361 1.7333E+00  8.0944E+01  2.7267E+00 -1.5977E+00  9.0577E-01  1.7677E+01
0000361 1.6655E+00  9.4429E+01  3.6668E+00 -3.3662E+00  8.8787E-01  4.3139E+01
0000361 1.5901E+00  1.2075E+02  1.2136E+00 -8.7138E+00  8.6755E-01  4.6091E+01
0000361 1.2668E+00  1.3322E+02  1.2446E+00 -1.3470E+01  7.7432E-01  3.2339E+02
0000361 1.2541E+00  1.4559E+02 -1.1157E+00 -1.2662E+01  7.7044E-01  1.2655E+01
0000361 1.0762E+00  1.5772E+02 -3.8491E+00 -1.0673E+01  7.1373E-01  1.7785E+02
0000361 1.0464E+00  1.6820E+02 -9.8706E+00 -1.1712E+01  7.0376E-01  1.2538E+01
0000361 9.9388E-01  1.7824E+02 -1.6130E+01 -1.3974E+01  6.8587E-01  5.2517E+01
0000361 7.8828E-01  1.8731E+02 -2.2174E+01 -1.8750E+01  6.1082E-01  1.8927E+02
0000361 7.6581E-01  1.9224E+02 -3.1415E+01 -2.2907E+01  6.0206E-01  8.7029E+00
0000361 7.4769E-01  1.9658E+02 -4.0358E+01 -2.8056E+01  5.9489E-01  1.8121E+01
0000361 6.5997E-01  1.9935E+02 -4.9403E+01 -3.3922E+01  5.5890E-01  7.4482E+01
0000361 1.2619E-01  2.0469E+02 -5.8161E+01 -3.7348E+01  2.4439E-01  5.2169E+02
0000361 1.0622E-01  2.1221E+02 -5.8054E+01 -3.6459E+01  2.2422E-01  1.6264E+01
0000361 9.0475E-02  2.1902E+02 -5.5369E+01 -3.6299E+01  2.0694E-01  1.2465E+01
0000361 7.2307E-02  2.2555E+02 -5.3929E+01 -3.3923E+01  1.8500E-01  1.8168E+01
0000361 6.2919E-02  2.3014E+02 -5.0056E+01 -3.0753E+01  1.7257E-01  6.8757E+00
0000361 4.8941E-02  2.3535E+02 -4.6151E+01 -2.9626E+01  1.5220E-01  1.1695E+01
0000361 1.2955E-02  2.3815E+02 -4.0902E+01 -2.7533E+01  7.8305E-02  3.4067E+01
0000361 4.8986E-03  2.3611E+02 -3.8092E+01 -2.3964E+01  4.8152E-02  8.0561E+00
0000361 0.0000E+00  2.4301E+02 -3.0870E+01 -2.1119E+01  0.0000E+00  7.8645E-01
0000362 2.0000E+00  0.0000E+00  0.0000E+00  0.0000E+00  9.7295E-01  0.0000E+00
0000362 1.9716E+00  1.3400E+01 -6.2683E-02  7.1759E-03  9.6602E-01  2.2751E+00
0000362 1.9536E+00  2.1071E+01 -3.7015E-01 -3.3076E-02  9.6161E-01  3.1357E+00
0000362 1.4790E+00  3.5075E+01 -1.4942E+00 -1.0303E-01  8.3669E-01  4.4757E+02
0000362 1.3426E+00  4.6517E+01 -2.8700E+00  6.1393E+00  7.9716E-01  1.1453E+02
0000362 1.2774E+00  5.7471E+01 -5.9792E-01  1.2358E+01  7.7756E-01  4.4801E+01
0000362 6.0603E-01  6.8957E+01  2.6733E+00  1.6510E+01  5.3558E-01  6.7134E+02
0000362 5.7722E-01  7.8612E+01  2.5766E+00  1.2124E+01  5.2269E-01  1.7452E+01
0000362 3.1693E-01  9.8521E+01  1.0525E+00  5.7954E+00  3.8731E-01  2.4609E+02
0000362 2.8781E-01  1.0721E+02  4.3099E+00 -9.9875E+00  3.6909E-01  1.8288E+01
0000362 2.5252E-01  1.1424E+02  1.3440E+01 -2.3708E+01  3.4572E-01  3.0756E+01
0000362 1.6294E-01  1.1898E+02  1.9444E+01 -2.7945E+01  2.7771E-01  8.9585E+01
0000362 3.9578E-02  1.1846E+02  2.5992E+01 -3.2475E+01  1.3687E-01  1.1893E+02
0000362 2.3394E-02  1.2345E+02  2.9177E+01 -3.3785E+01  1.0523E-01  1.4524E+01
0000362 1.8319E-02  1.2859E+02  2.8584E+01 -3.5692E+01  9.3117E-02  3.9141E+00
0000362 1.4714E-03  1.4082E+02  3.6510E+01 -3.5572E+01  2.6390E-02  9.8710E+00
0000362 0.0000E+00  1.4029E+02  3.8796E+01 -3.2927E+01  0.0000E+00  9.8307E-01
0000363 2.0000E+00  0.0000E+00  0.0000E+00  0.0000E+00  9.7295E-01  0.0000E+00
0000363 1.9695E+00  3.9702E+00  0.0000E+00  0.0000E+00  9.6552E-01  3.0450E+01
0000363 1.9434E+00  1.6692E+01 -1.4155E+00  6.4655E-01  9.5909E-01  1.3715E+00
0000363 1.8307E+00  3.0644E+01 -2.8603E+00  9.9681E-01  9.3086E-01  8.5835E+01
0000363 1.7803E+00  4.4294E+01 -1.7779E+00  2.8791E+00  9.1796E-01  2.4661E+01
0000363 1.7336E+00  5.8000E+01 -1.7988E+00  3.5831E+00  9.0583E-01  2.1513E+01
0000363 1.6788E+00  7.1553E+01 -3.2587E+00  3.8246E+00  8.9140E-01  3.0108E+01
0000363 1.6513E+00  8.5020E+01 -3.6299E+00  2.6234E+00  8.8407E-01  3.3995E+00
0000363 1.5999E+00  9.8450E+01 -4.3664E+00  1.9148E+00  8.7021E-01  2.7540E+01
0000363 1.5617E+00  1.2505E+02 -2.2427E+00  7.6732E-01  8.5975E-01  1.1337E+01
0000363 1.5517E+00  1.3818E+02 -2.1492E-01  6.1528E-01  8.5701E-01  9.9548E+00
0000363 1.3298E+00  1.5124E+02  1.7420E+00 -5.9299E-01  7.9335E-01  2.2196E+02
0000363 1.3162E+00  1.6244E+02  3.5047E+00 -6.4774E+00  7.8929E-01  1.3602E+01
0000363 1.2838E+00  1.8400E+02  6.0335E+00 -1.9748E+01  7.7953E-01  2.6960E+01
0000363 1.2672E+00  1.9422E+02  5.9824E+00 -2.7221E+01  7.7446E-01  1.6642E+01
0000363 1.0706E+00  2.0404E+02  7.2701E+00 -3.5046E+01  7.1187E-01  1.7701E+02
0000363 1.0671E+00  2.1560E+02  7.1531E+00 -3.8659E+01  7.1069E-01  3.5398E+00
0000363 1.0250E+00  2.2695E+02  7.2753E+00 -4.2888E+01  6.9651E-01  4.2157E+01
0000363 4.1459E-02  2.3739E+02  9.1969E+00 -4.8446E+01  1.4008E-01  9.8349E+02
0000363 1.6810E-02  2.3585E+02  8.3642E+00 -5.4305E+01  8.9198E-02  2.4649E+01
0000363 3.6784E-03  2.2992E+02  1.2999E+01 -6.0924E+01  4.1726E-02  1.0277E+01
0000363 0.0000E+00  2.2422E+02  1.4276E+01 -5.6701E+01  0.0000E+00  1.8897E+00
0000364 2.0000E+00  0.0000E+00  0.0000E+00  0.0000E+00  9.7295E-01  0.0000E+00
0000364 1.9882E+00  3.9702E+00  0.0000E+00  0.0000E+00  9.7007E-01  4.0986E+00
0000364 1.9751E+00  7.9364E+00 -1.5274E-01  9.5328E-02  9.6688E-01  5.3544E+00
0000364 6.0711E-02  2.5940E+01 -3.6395E-01  1.4663E+00  1.6952E-01  1.9138E+03
0000364 5.8097E-02  2.7175E+01  6.0796E+00  1.1616E+00  1.6583E-01  2.6144E+00
0000364 2.9249E-02  2.9699E+01  1.2073E+01  7.9927E-01  1.1766E-01  2.6687E+01
0000364 1.2304E-02  2.6774E+01  2.1474E+01  5.5533E+00  7.6314E-02  1.0858E+01
0000364 8.3557E-03  2.8464E+01  3.0642E+01  3.4147E+00  6.2888E-02  2.1758E+00
0000364 0.0000E+00  3.5719E+01  3.9031E+01 -1.8681E+00  0.0000E+00  8.0730E-01
0000365 2.0000E+00  0.0000E+00  0.0000E+00  0.0000E+00  9.7295E-01  0.0000E+00
0000365 1.8842E+00  7.9402E+00 -4.3010E-02 -9.5958E-03  9.4437E-01  1.0782E+02
0000365 1.8766E+00  1.1798E+01 -6.0006E-01  7.4749E-01  9.4245E-01  1.4918E-01
0000365 1.8442E+00  2.5280E+01 -2.6153E+00  3.5015E+00  9.3429E-01  6.1250E+00
0000365 1.7043E+00  3.8876E+01 -4.1439E+00  5.6297E+00  8.9815E-01  1.3994E+02
0000365 1.6821E+00  5.1095E+01 -5.7529E+00  1.1323E+01  8.9228E-01  2.2184E+01
0000365 7.0693E-01  6.3376E+01 -8.6746E+00  1.6195E+01  5.7845E-01  9.5102E+02
0000365 6.3746E-01  6.6419E+01 -1.4907E+01  2.4716E+01  5.4929E-01  5.6756E+01
0000365 6.0677E-01  6.6667E+01 -2.2347E+01  3.2441E+01  5.3590E-01  1.8913E+01
0000365 5.1014E-01  6.8553E+01 -3.0165E+01  3.9358E+01  4.9138E-01  8.5262E+01
0000365 4.9628E-01  6.8706E+01 -3.4988E+01  4.8342E+01  4.8466E-01  3.8372E+00
0000365 4.7865E-01  6.9312E+01 -3.9087E+01  5.7591E+01  4.7598E-01  1.7629E+01
0000365 2.2881E-01  6.8701E+01 -4.4448E+01  6.6073E+01  3.2909E-01  2.4984E+02
0000365 2.0925E-01  7.7445E+01 -5.7441E+01  7.2762E+01  3.1471E-01  1.1031E+01
0000365 1.8098E-01  8.5465E+01 -7.1895E+01  7.4742E+01  2.9268E-01  1.4584E+01
0000365 1.5389E-01  8.9491E+01 -7.8536E+01  7.7227E+01  2.6989E-01  2.7081E+01
0000365 1.1648E-01  9.1224E+01 -8.4685E+01  8.1853E+01  2.3480E-01  3.7414E+01
0000365 1.4265E-02  9.2066E+01 -9.2027E+01  8.2838E+01  8.2169E-02  9.8715E+01
0000365 3.4996E-03  9.3724E+01 -9.3038E+01  8.7514E+01  4.0699E-02  9.9331E+00
0000365 0.0000E+00  1.0001E+02 -8.7167E+01  9.3574E+01  0.0000E+00  1.7543E+00
0000366 2.0000E+00  0.0000E+00  0.0000E+00  0.0000E+00  9.7295E-01  0.0000E+00
0000366 1.8210E+00  3.9702E+00  0.0000E+00  0.0000E+00  9.2838E-01  1.7131E+02
0000366 1.7625E+00  1.6904E+01 -1.0875E+00 -3.8143E+00  9.1336E-01  3.3343E+01
0000366 4.6468E-01  2.0821E+01 -1.3371E+00 -4.4099E+00  4.6898E-01  1.2906E+03
0000366 4.3115E-01  2.7159E+01 -1.9882E+00  3.2800E+00  4.5174E-01  2.4166E+01
0000366 4.1604E-01  3.4057E+01 -4.5358E+00  9.7902E+00  4.4376E-01  6.2363E+00
0000366 3.6380E-01  4.1607E+01 -7.2588E+00  1.5316E+01  4.1496E-01  5.2237E+01
0000366 3.4634E-01  4.9655E+01 -6.6004E+00  2.0245E+01  4.0488E-01  1.7464E+01
0000366 1.1942E-01  5.7241E+01 -3.9231E+00  2.5027E+01  2.3774E-01  2.1935E+02
0000366 7.8244E-02  5.7722E+01  1.9055E+00  2.9711E+01  1.9244E-01  4.1173E+01
0000366 2.8444E-02  5.3941E+01  1.4620E+01  3.2994E+01  1.1603E-01  4.4065E+01
0000366 1.0774E-02  5.7250E+01  1.9023E+01  3.4505E+01  7.1409E-02  1.7670E+01
0000366 0.0000E+00  6.1360E+01  2.0497E+01  3.2443E+01  0.0000E+00  9.2993E+00
0000367 2.0000E+00  0.0000E+00  0.0000E+00  0.0000E+00  9.7295E-01  0.0000E+00
0000367 1.9763E+00  1.1867E+01  5.1511E-03 -8.3848E-02  9.6717E-01  8.0957E+00
0000367 1.9541E+00  2.1300E+01  2.8835E-01 -7.2082E-01  9.6171E-01  3.9502E+00
0000367 1.9423E+00  3.5260E+01  1.2430E+00 -1.9992E+00  9.5882E-01  1.1727E+01
0000367 1.8242E+00  4.9179E+01  1.2174E+00 -3.7490E+00  9.2920E-01  9.1266E+01
0000367 1.7948E+00  6.2178E+01  1.6118E+00 -8.3911E+00  9.2168E-01  3.7319E+00
0000367 1.0963E+00  7.5235E+01  1.4708E+00 -1.2706E+01  7.2035E-01  6.7310E+02
0000367 1.0564E+00  8.2439E+01 -3.2488E+00 -2.1326E+01  7.0711E-01  2.2377E+01
0000367 1.0276E+00  8.9822E+01 -6.2803E+00 -3.0391E+01  6.9740E-01  1.1734E+01
0000367 1.0092E+00  9.6183E+01 -9.0382E+00 -4.0182E+01  6.9115E-01  1.8349E+01
0000367 9.7405E-01  1.0229E+02 -1.3313E+01 -4.9517E+01  6.7899E-01  1.8663E+01
0000367 9.5298E-01  1.0966E+02 -1.6932E+01 -5.8051E+01  6.7161E-01  4.9793E+00
0000367 6.1866E-01  1.1644E+02 -2.0234E+01 -6.7107E+01  5.4113E-01  3.1849E+02
0000367 6.0212E-01  1.1717E+02 -2.0489E+01 -7.7733E+01  5.3385E-01  5.0071E+00
0000367 4.3520E-01  1.1708E+02 -2.0228E+01 -8.8319E+01  4.5386E-01  1.6692E+02
0000367 4.2909E-01  1.1533E+02 -1.5123E+01 -9.6548E+01  4.5066E-01  6.1111E+00
0000367 4.1560E-01  1.1352E+02 -9.0917E+00 -1.0407E+02  4.4352E-01  4.6411E+00
0000367 3.5413E-01  1.1192E+02 -3.8993E+00 -1.1216E+02  4.0941E-01  5.2836E+01
0000367 2.7264E-01  1.1288E+02 -9.9677E-01 -1.2105E+02  3.5923E-01  8.1489E+01
0000367 2.6099E-01  1.1012E+02  3.7466E+00 -1.2805E+02  3.5147E-01  1.1649E+01
0000367 1.9617E-01  1.0878E+02  9.5568E+00 -1.3452E+02  3.0471E-01  5.8630E+01
0000367 1.8650E-01  1.0815E+02  1.1469E+01 -1.4257E+02  2.9711E-01  4.6212E+00
0000367 1.6633E-01  1.0572E+02  1.5721E+01 -1.5809E+02  2.8059E-01  9.0685E+00
0000367 1.5986E-01  1.0297E+02  1.6671E+01 -1.6556E+02  2.7507E-01  6.4711E+00
0000367 1.4312E-01  1.0173E+02  1.7293E+01 -1.7339E+02  2.6027E-01  1.2371E+01
0000367 1.2969E-01  9.8511E+01  1.8549E+01 -1.8035E+02  2.4776E-01  1.3425E+01
0000367 9.1045E-02  9.0045E+01  1.5774E+01 -1.9251E+02  2.0759E-01  2.9176E+01
0000367 6.2913E-03  8.4325E+01  1.6391E+01 -1.9668E+02  5.4569E-02  8.1805E+01
0000367 0.0000E+00  7.8916E+01  2.9022E+01 -1.9531E+02  0.0000E+00  8.1471E-01
0000368 2.0000E+00  0.0000E+00  0.0000E+00  0.0000E+00  9.7295E-01  0.0000E+00
0000368 1.9868E+00  1.4088E+01 -1.4497E-01 -1.3880E-01  9.6974E-01  4.6801E+00
0000368 1.7294E+00  2.6609E+01 -9.3211E-01 -3.3433E-01  9.0474E-01  2.3306E+02
0000368 1.4236E+00  5.1231E+01 -1.1384E+01 -5.4223E+00  8.2086E-01  2.7545E+02
0000368 1.4092E+00  5.9960E+01 -2.0891E+01 -6.8399E+00  8.1671E-01  1.4362E+01
0000368 1.2580E+00  6.7674E+01 -3.1148E+01 -8.5833E+00  7.7164E-01  1.5126E+02
0000368 1.2200E+00  7.2938E+01 -4.1329E+01 -1.3809E+01  7.5991E-01  1.8500E+01
0000368 9.5132E-01  7.6998E+01 -5.2229E+01 -1.8399E+01  6.7103E-01  2.6872E+02
0000368 8.9338E-01  7.5633E+01 -6.1894E+01 -2.4992E+01  6.5027E-01  4.2136E+01
0000368 8.0187E-01  7.6233E+01 -7.2248E+01 -3.0199E+01  6.1607E-01  9.1501E+01
0000368 4.7942E-01  7.4202E+01 -8.0794E+01 -3.7329E+01  4.7636E-01  3.2246E+02
0000368 1.9703E-01  7.6123E+01 -8.3667E+01 -4.6773E+01  3.0538E-01  2.7281E+02
0000368 1.3067E-01  7.6771E+01 -9.1262E+01 -5.0055E+01  2.4869E-01  6.1287E+01
0000368 1.2178E-01  7.3209E+01 -9.7881E+01 -5.1360E+01  2.4008E-01  5.0954E+00
0000368 1.1243E-01  6.9145E+01 -1.0370E+02 -5.3865E+01  2.3069E-01  5.7321E+00
0000368 1.0598E-01  6.4590E+01 -1.0946E+02 -5.4787E+01  2.2397E-01  3.0358E+00
0000368 6.2209E-02  5.9247E+01 -1.1444E+02 -5.5164E+01  1.7159E-01  4.0497E+01
0000368 5.8256E-02  5.2675E+01 -1.1491E+02 -5.5529E+01  1.6605E-01  3.9529E+00
0000368 4.7544E-02  3.4782E+01 -1.1276E+02 -6.2305E+01  1.5001E-01  3.8648E+00
0000368 1.3149E-02  2.2947E+01 -1.1068E+02 -6.5195E+01  7.8891E-02  3.0192E+01
0000368 6.8281E-03  1.8854E+01 -1.1329E+02 -6.4023E+01  5.6850E-02  6.3212E+00
0000368 0.0000E+00  1.6893E+01 -1.2301E+02 -6.3882E+01  0.0000E+00  5.3609E-01
0000369 2.0000E+00  0.0000E+00  0.0000E+00  0.0000E+00  9.7295E-01  0.0000E+00
0000369 1.9094E+00  2.1582E+01  4.3299E-02 -1.7982E-01  9.5065E-01  6.3787E+01
0000369 1.4841E+00  3.5279E+01  1.8674E+00 -2.2247E+00  8.3813E-01  4.2525E+02
0000369 1.3220E+00  4.7584E+01  2.9776E+00  2.1830E+00  7.9103E-01  1.6212E+02
0000369 1.3172E+00  5.9747E+01  1.4459E-01  4.7580E+00  7.8959E-01  4.8261E+00
0000369 1.2783E+00  7.1689E+01 -2.8158E+00  8.0603E+00  7.7784E-01  3.8891E+01
0000369 1.2549E+00  8.4053E+01 -5.1651E+00  9.3015E+00  7.7070E-01  3.7038E+00
0000369 1.2316E+00  9.6214E+01 -8.1705E+00  1.0556E+01  7.6349E-01  3.9430E+00
0000369 1.2068E+00  1.0840E+02 -1.1049E+01  1.1110E+01  7.5579E-01  5.6062E+00
0000369 1.1819E+00  1.2067E+02 -1.3262E+01  1.1138E+01  7.4793E-01  6.1208E+00
0000369 9.5828E-01  1.3301E+02 -1.4600E+01  1.1347E+01  6.7347E-01  2.0502E+02
0000369 9.4158E-01  1.4322E+02 -2.0119E+01  9.2256E+00  6.6758E-01  1.6700E+01
0000369 9.1553E-01  1.5316E+02 -2.6337E+01  8.4714E+00  6.5828E-01  1.0356E+01
0000369 6.1332E-01  1.6354E+02 -3.1519E+01  7.1884E+00  5.3879E-01  3.0221E+02
0000369 1.2349E-01  1.6917E+02 -4.0322E+01  9.1442E+00  2.4177E-01  4.7837E+02
0000369 1.1639E-01  1.7132E+02 -4.4406E+01  3.1753E+00  2.3471E-01  3.4540E+00
0000369 1.0953E-01  1.7360E+02 -4.7320E+01 -3.2958E+00  2.2769E-01  3.3639E+00
0000369 9.2174E-02  1.7499E+02 -5.1111E+01 -9.4543E+00  2.0887E-01  1.4002E+01
0000369 8.4653E-02  1.7377E+02 -5.5268E+01 -1.5103E+01  2.0017E-01  4.5475E+00
0000369 7.0727E-02  1.7392E+02 -6.0062E+01 -2.0203E+01  1.8297E-01  1.1124E+01
0000369 6.5605E-02  1.7410E+02 -6.6182E+01 -2.3074E+01  1.7622E-01  2.6477E+00
0000369 2.6570E-02  1.7297E+02 -7.2192E+01 -2.5726E+01  1.1214E-01  3.9034E+01
0000369 1.8937E-02  1.7543E+02 -7.7141E+01 -2.4584E+01  9.4675E-02  7.6329E+00
0000369 6.8478E-03  1.8335E+02 -8.8630E+01 -2.7518E+01  5.6931E-02  3.2692E+00
0000369 0.0000E+00  1.8358E+02 -9.2528E+01 -2.5318E+01  0.0000E+00  6.1508E+00
0000370 2.0000E+00  0.0000E+00  0.0000E+00  0.0000E+00  9.7295E-01  0.0000E+00
0000370 1.9501E+00  1.3541E+01 -4.5730E-03 -5.7868E-02  9.6074E-01  2.3500E+01
0000370 1.9371E+00  2.0079E+01  7.4333E-02  6.1502E-01  9.5753E-01  3.8257E-01
0000370 1.9006E+00  3.4029E+01  5.1634E-02  2.0024E+00  9.4847E-01  9.6429E+00
0000370 1.8760E+00  4.7828E+01 -8.3463E-01  3.8632E+00  9.4229E-01  2.4659E+01
0000370 1.8587E+00  6.1264E+01 -2.6806E+00  6.9380E+00  9.3794E-01  1.7290E+01
0000370 1.7508E+00  7.4300E+01 -4.5907E+00  1.1285E+01  9.1031E-01  8.1875E+01
0000370 1.7460E+00  8.7224E+01 -3.5691E+00  1.5614E+01  9.0907E-01  4.7541E+00
0000370 1.7301E+00  9.9889E+01 -2.4122E+00  2.0593E+01  9.0493E-01  1.5868E+01
0000370 1.4996E+00  1.1242E+02  2.1838E-02  2.5355E+01  8.4248E-01  2.3058E+02
0000370 1.3972E+00  1.2386E+02  6.2794E+00  2.7095E+01  8.1322E-01  1.0235E+02
0000370 1.3309E+00  1.3559E+02  9.9559E+00  3.1095E+01  7.9369E-01  4.5289E+01
0000370 1.3270E+00  1.4791E+02  1.2664E+01  3.3046E+01  7.9254E-01  3.8534E+00
0000370 1.1366E+00  1.6009E+02  1.5439E+01  3.5664E+01  7.3347E-01  1.9042E+02
0000370 4.1565E-01  1.7230E+02  1.4003E+01  3.5860E+01  4.4355E-01  7.2098E+02
0000370 3.5165E-02  1.7735E+02  7.1773E+00  4.0630E+01  1.2901E-01  3.8048E+02
0000370 2.7000E-02  1.8823E+02  1.1261E+01  4.1628E+01  1.1305E-01  3.0897E+00
0000370 1.6046E-02  1.9624E+02  1.9047E+01  4.1636E+01  8.7148E-02  8.1223E+00
0000370 9.4109E-03  2.0224E+02  2.5818E+01  4.6097E+01  6.6741E-02  4.8810E+00
0000370 0.0000E+00  2.0573E+02  3.7841E+01  3.8257E+01  0.0000E+00  2.8593E+00
0000371 2.0000E+00  0.0000E+00  0.0000E+00  0.0000E+00  9.7295E-01  0.0000E+00
0000371 8.3441E-01  3.9146E+01 -8.1178E-01  2.1043E+00  6.2844E-01  1.1294E+03
0000371 8.2877E-01  4.7214E+01  6.5849E+00 -1.1532E+00  6.2632E-01  5.6385E+00
0000371 5.7633E-01  5.4580E+01  1.4568E+01 -4.6200E+00  5.2229E-01  2.5244E+02
0000371 4.6223E-01  5.5951E+01  2.4583E+01 -7.3982E+00  4.6774E-01  1.0315E+02
0000371 4.3995E-01  5.3932E+01  3.2863E+01 -1.2581E+01  4.5633E-01  2.2276E+01
0000371 4.2761E-01  4.9896E+01  4.0687E+01 -1.7033E+01  4.4988E-01  1.2341E+01
0000371 2.7054E-01  4.7300E+01  4.9224E+01 -2.1095E+01  3.5784E-01  1.5708E+02
0000371 8.8219E-02  4.1486E+01  5.2893E+01 -2.6703E+01  2.0434E-01  1.8232E+02
0000371 6.4155E-02  2.8926E+01  4.8513E+01 -3.0993E+01  1.7426E-01  2.0211E+01
0000371 2.9406E-02  2.2641E+01  5.0122E+01 -3.2394E+01  1.1798E-01  3.4750E+01
0000371 1.9564E-02  1.7605E+01  4.7775E+01 -3.0930E+01  9.6228E-02  9.8418E+00
0000371 1.6686E-03  7.7799E+00  4.6346E+01 -3.0752E+01  2.8103E-02  1.1520E+01
0000371 0.0000E+00  8.5835E+00  4.1611E+01 -3.5351E+01  0.0000E+00  4.8571E-01
0000372 2.0000E+00  0.0000E+00  0.0000E+00  0.0000E+00  9.7295E-01  0.0000E+00
0000372 1.9888E+00  3.9702E+00  0.0000E+00  0.0000E+00  9.7023E-01  3.4579E+00
0000372 1.9570E+00  1.7156E+01 -2.5676E-01  4.8608E-01  9.6243E-01  6.2219E+00
0000372 1.8498E+00  2.7566E+01 -1.2694E-01  1.3549E+00  9.3570E-01  8.7105E+01
0000372 1.7959E+00  4.0881E+01 -1.6357E+00  4.8870E+00  9.2197E-01  2.7949E+01
0000372 1.3224E+00  5.4014E+01 -1.5310E+00  8.9720E+00  7.9114E-01  4.7352E+02
0000372 1.2908E+00  6.2611E+01  7.0466E-01  1.8121E+01  7.8165E-01  1.1352E+01
0000372 1.2810E+00  7.1358E+01  1.7599E+00  2.7235E+01  7.7867E-01  9.8296E+00
0000372 1.0291E+00  7.9312E+01  2.4902E+00  3.7048E+01  6.9793E-01  2.3217E+02
0000372 9.8829E-01  8.5574E+01  8.2340E+00  4.5524E+01  6.8394E-01  2.4093E+01
0000372 9.6417E-01  9.7663E+01  2.2799E+01  5.9873E+01  6.7554E-01  2.0627E+01
0000372 8.9592E-01  1.0451E+02  3.0456E+01  6.5714E+01  6.5120E-01  5.2278E+01
0000372 8.7737E-01  1.0901E+02  3.9574E+01  7.1326E+01  6.4442E-01  3.4291E+00
0000372 8.4000E-01  1.1317E+02  4.8405E+01  7.7511E+01  6.3054E-01  2.2480E+01
0000372 5.0210E-01  1.1718E+02  5.5990E+01  8.5076E+01  4.8749E-01  3.3790E+02
0000372 4.7294E-01  1.1390E+02  6.2646E+01  9.2019E+01  4.7313E-01  1.9254E+01
0000372 4.2487E-01  1.1199E+02  7.0442E+01  9.8025E+01  4.4844E-01  4.8067E+01
0000372 3.6815E-01  1.0991E+02  7.5717E+01  1.0601E+02  4.1743E-01  5.6724E+01
0000372 3.3668E-01  1.0831E+02  8.3388E+01  1.1135E+02  3.9919E-01  2.3551E+01
0000372 1.9965E-01  1.0626E+02  8.9262E+01  1.1827E+02  3.0741E-01  1.2960E+02
0000372 1.8059E-01  1.0606E+02  8.9672E+01  1.2657E+02  2.9237E-01  1.9056E+01
0000372 1.5623E-01  1.0621E+02  9.2548E+01  1.3420E+02  2.7193E-01  1.9603E+01
0000372 6.5037E-02  1.0914E+02  1.0191E+02  1.4654E+02  1.7545E-01  8.4390E+01
0000372 2.6330E-02  1.2043E+02  1.0826E+02  1.4886E+02  1.1164E-01  3.3251E+01
0000372 1.6679E-02  1.3019E+02  1.0737E+02  1.4374E+02  8.8852E-02  5.5688E+00
0000372 6.3610E-03  1.3870E+02  1.0231E+02  1.4356E+02  5.4871E-02  5.9967E+00
0000372 0.0000E+00  1.3628E+02  9.1519E+01  1.3856E+02  0.0000E+00  2.6262E+00
0000373 2.0000E+00  0.0000E+00  0.0000E+00  0.0000E+00  9.7295E-01  0.0000E+00
0000373 1.9765E+00  3.9702E+00  0.0000E+00  0.0000E+00  9.6721E-01  2.3545E+01
0000373 1.9401E+00  1.5471E+01  5.7112E-01 -1.1175E+00  9.5828E-01  1.3944E+01
0000373 1.9109E+00  2.7997E+01  2.2587E+00 -2.2142E+00  9.5103E-01  4.9222E+00
0000373 8.4230E-01  4.1886E+01  3.5438E+00 -3.0168E+00  6.3141E-01  1.0420E+03
0000373 7.8052E-01  5.0379E+01 -3.9123E+00 -1.2111E+00  6.0781E-01  6.1782E+01
0000373 7.7652E-01  6.0095E+01 -8.7458E+00  1.7266E+00  6.0625E-01  3.9957E+00
0000373 7.4193E-01  6.9403E+01 -1.4270E+01  4.7197E+00  5.9259E-01  3.4594E+01
0000373 6.2558E-01  7.7118E+01 -2.1508E+01  8.1140E+00  5.4415E-01  1.0318E+02
0000373 5.5732E-01  8.6882E+01 -2.5386E+01  1.0047E+01  5.1360E-01  6.8268E+01
0000373 5.0544E-01  9.7091E+01 -2.7179E+01  9.1502E+00  4.8911E-01  4.1191E+01
0000373 4.8710E-01  1.0676E+02 -2.7327E+01  5.9771E+00  4.8016E-01  8.3856E+00
0000373 3.8546E-01  1.1593E+02 -2.8275E+01  1.8738E+00  4.2713E-01  1.0164E+02
0000373 3.6967E-01  1.2220E+02 -3.2316E+01 -4.1365E+00  4.1830E-01  7.5960E+00
0000373 3.5805E-01  1.2763E+02 -3.5847E+01 -1.1080E+01  4.1167E-01  3.6839E+00
0000373 3.3297E-01  1.3371E+02 -3.8795E+01 -1.7649E+01  3.9699E-01  1.7316E+01
0000373 1.1449E-01  1.4075E+02 -4.2444E+01 -2.2481E+01  2.3279E-01  2.1111E+02
0000373 1.3795E-02  1.4769E+02 -4.3477E+01 -2.0055E+01  8.0806E-02  9.7239E+01
0000373 1.9244E-03  1.5060E+02 -4.5323E+01 -2.3727E+01  3.0180E-02  1.1871E+01
0000373 0.0000E+00  1.5150E+02 -4.2748E+01 -2.6196E+01  0.0000E+00  1.2027E+00
0000374 2.0000E+00  0.0000E+00  0.0000E+00  0.0000E+00  9.7295E-01  0.0000E+00
0000374 1.3746E+00  1.8431E+01  8.5203E-02  5.4906E-02  8.0662E-01  5.9761E+02
0000374 1.3502E+00  2.9149E+01  6.1241E+00 -3.7347E+00  7.9943E-01  3.6274E+00
0000374 1.2003E+00  3.9622E+01  1.2059E+01 -8.1360E+00  7.5374E-01  1.2946E+02
0000374 1.1716E+00  5.1499E+01  1.4636E+01 -1.0858E+01  7.4468E-01  9.8910E+00
0000374 1.0028E+00  6.3592E+01  1.6304E+01 -1.2928E+01  6.8894E-01  1.5038E+02
0000374 8.4242E-01  7.5296E+01  1.6802E+01 -1.0685E+01  6.3145E-01  1.4394E+02
0000374 8.3799E-01  8.6044E+01  1.3000E+01 -9.6746E+00  6.2979E-01  4.4321E+00
0000374 5.5194E-01  9.7033E+01  9.9861E+00 -8.7617E+00  5.1112E-01  2.7165E+02
0000374 5.2810E-01  1.0365E+02  1.9973E+00 -8.3657E+00  4.9996E-01  1.3231E+01
0000374 4.8614E-01  1.1131E+02 -4.8507E+00 -8.4570E+00  4.7969E-01  3.1678E+01
0000374 8.6387E-02  1.2019E+02 -9.5788E+00 -9.2665E+00  2.0221E-01  3.9976E+02
0000374 5.9848E-02  1.2340E+02 -8.8186E+00 -1.5473E+01  1.6831E-01  2.3696E+01
0000374 9.0851E-03  1.2874E+02 -9.8749E+00 -1.9122E+01  6.5576E-02  5.0762E+01
0000374 0.0000E+00  1.4706E+02 -5.1215E+00 -2.2732E+01  0.0000E+00  7.0617E-01
0000375 2.0000E+00  0.0000E+00  0.0000E+00  0.0000E+00  9.7295E-01  0.0000E+00
0000375 9.3078E-01  3.9702E+00  0.0000E+00  0.0000E+00  6.6374E-01  1.0615E+03
0000375 9.2531E-01  9.3821E+00  3.5942E+00  4.5652E+00  6.6179E-01  3.3915E-02
0000375 9.0321E-01  1.7305E+01  8.9304E+00  1.1325E+01  6.5384E-01  6.6112E+00
0000375 4.3654E-01  2.4427E+01  1.4701E+01  1.8491E+01  4.5456E-01  4.6667E+02
0000375 4.1700E-01  2.3132E+01  1.9675E+01  2.6892E+01  4.4427E-01  1.9544E+01
0000375 3.6613E-01  2.3416E+01  2.3420E+01  3.5888E+01  4.1629E-01  5.0866E+01
0000375 3.5195E-01  2.6573E+01  2.5329E+01  4.4613E+01  4.0815E-01  6.2967E+00
0000375 3.4811E-01  2.8804E+01  2.8085E+01  5.3310E+01  4.0591E-01  3.8428E+00
0000375 3.2796E-01  3.1006E+01  3.1753E+01  6.1646E+01  3.9399E-01  1.2542E+01
0000375 3.0212E-01  3.2374E+01  3.6837E+01  6.9250E+01  3.7815E-01  2.5836E+01
0000375 2.9770E-01  3.1289E+01  4.2541E+01  7.6238E+01  3.7538E-01  4.4172E+00
0000375 2.8065E-01  3.0269E+01  4.7341E+01  8.3850E+01  3.6447E-01  1.0256E+01
0000375 2.5375E-01  2.8534E+01  5.3223E+01  9.0360E+01  3.4656E-01  2.6899E+01
0000375 2.3434E-01  2.7796E+01  5.6914E+01  9.8262E+01  3.3304E-01  1.9412E+01
0000375 1.8059E-01  2.6397E+01  5.8318E+01  1.0664E+02  2.9236E-01  4.8019E+01
0000375 1.3401E-01  2.1645E+01  6.0294E+01  1.1296E+02  2.5185E-01  4.1815E+01
0000375 8.6133E-02  1.6317E+01  6.4765E+01  1.1619E+02  2.0191E-01  4.4010E+01
0000375 4.0517E-02  1.0529E+01  6.8554E+01  1.1496E+02  1.3848E-01  4.2780E+01
0000375 2.8821E-02  7.7739E+00  7.0598E+01  1.0993E+02  1.1680E-01  1.0009E+01
0000375 1.4383E-02-  3.6747E+01  5.1573E+01  7.7736E+01  0.0000E+00  2.6119E+00
0000376 2.0000E+00  0.0000E+00  0.0000E+00  0.0000E+00  9.7295E-01  0.0000E+00
0000376 1.9248E+00  3.9702E+00  0.0000E+00  0.0000E+00  9.5448E-01  7.5236E+01
0000376 1.9138E+00  1.2967E+01 -1.7214E-01 -1.8207E+00  9.5175E-01  1.0809E+01
0000376 1.8521E+00  2.6447E+01 -1.1645E+00 -5.3779E+00  9.3628E-01  3.5084E+01
0000376 1.8169E+00  4.0018E+01 -4.4321E-01 -8.1071E+00  9.2734E-01  9.2449E+00
0000376 1.8075E+00  5.3449E+01  1.2517E+00 -1.0760E+01  9.2494E-01  9.4082E+00
0000376 1.6570E+00  6.6726E+01  2.4262E+00 -1.4245E+01  8.8560E-01  1.5050E+02
0000376 1.6191E+00  7.9690E+01  6.1035E+00 -1.4643E+01  8.7542E-01  1.3984E+01
0000376 1.6048E+00  9.2550E+01  9.5190E+00 -1.6258E+01  8.7154E-01  1.4337E+01
0000376 1.5979E+00  1.0564E+02  1.1696E+01 -1.7947E+01  8.6967E-01  6.8614E+00
0000376 1.0066E+00  1.1855E+02  1.4727E+01 -1.9582E+01  6.9024E-01  5.6811E+02
0000376 9.5220E-01  1.2962E+02  1.0821E+01 -1.7415E+01  6.7134E-01  3.7892E+01
0000376 9.4771E-01  1.4001E+02  5.2993E+00 -1.6790E+01  6.6975E-01  4.4938E+00
0000376 5.7177E-01  1.5070E+02  3.9211E-01 -1.6593E+01  5.2022E-01  3.6018E+02
0000376 5.5740E-01  1.5815E+02 -3.2936E+00 -2.2955E+01  5.1364E-01  3.4751E+00
0000376 5.3425E-01  1.6607E+02 -6.4270E+00 -2.8931E+01  5.0286E-01  2.3152E+01
0000376 4.2974E-02  1.7357E+02 -7.7160E+00 -3.5873E+01  1.4262E-01  4.8091E+02
0000376 3.8327E-02  1.7107E+02 -1.0703E+01 -4.0642E+01  1.3469E-01  2.8910E+00
0000376 2.2572E-02  1.6219E+02 -1.7127E+01 -5.4315E+01  1.0336E-01  8.7331E+00
0000376 2.6572E-03  1.5776E+02 -1.8359E+01 -5.7302E+01  3.5464E-02  1.9259E+01
0000376 0.0000E+00  1.6003E+02 -1.7304E+01 -6.3792E+01  0.0000E+00  8.4325E-01
0000377 2.0000E+00  0.0000E+00  0.0000E+00  0.0000E+00  9.7295E-01  0.0000E+00
0000377 1.9687E+00  3.9702E+00  0.0000E+00  0.0000E+00  9.6532E-01  2.3535E+01
0000377 1.7863E+00  1.4518E+01  9.9246E-01  5.2222E-01  9.1950E-01  1.8240E+02
0000377 9.5912E-01  2.7217E+01  6.2022E+00 -3.3451E-03  6.7377E-01  8.2715E+02
0000377 9.4926E-01  3.2195E+01  1.6900E+01  2.5561E-01  6.7030E-01  9.8640E+00
0000377 8.6727E-01  3.8160E+01  2.7049E+01  1.1723E-01  6.4070E-01  8.1984E+01
0000377 8.0874E-01  4.6657E+01  3.4830E+01 -1.5166E-01  6.1870E-01  5.8532E+01
0000377 6.9297E-01  5.2770E+01  4.4340E+01 -9.9292E-01  5.7271E-01  1.1577E+02
0000377 2.0357E-01  5.6182E+01  5.4432E+01  1.4755E+00  3.1041E-01  4.7687E+02
0000377 1.6749E-01  5.0967E+01  6.0817E+01  2.8374E+00  2.8156E-01  3.0894E+01
0000377 1.1044E-01  4.6318E+01  6.7075E+01  9.3547E-01  2.2863E-01  5.7053E+01
0000377 5.2834E-02  4.5828E+01  7.3115E+01 -3.2718E+00  1.5814E-01  5.4229E+01
0000377 3.7650E-03  4.5233E+01  7.4182E+01 -9.5520E+00  4.2214E-02  4.9069E+01
0000377 0.0000E+00  5.5382E+01  7.6620E+01 -1.4091E+01  0.0000E+00  1.7467E+00
0000378 2.0000E+00  0.0000E+00  0.0000E+00  0.0000E+00  9.7295E-01  0.0000E+00
0000378 1.7454E+00  1.7643E+01 -2.7781E-01  9.2971E-02  9.0891E-01  2.5370E+02
0000378 1.7370E+00  2.1882E+01  1.0117E+00  9.5396E-01  9.0672E-01  1.9442E-01
0000378 1.6614E+00  3.4737E+01  4.8337E+00  3.4414E+00  8.8677E-01  5.0874E+01
0000378 1.4623E+00  4.6486E+01  1.0271E+01  7.2309E+00  8.3194E-01  1.9910E+02
0000378 8.5084E-01  5.5559E+01  1.5765E+01  1.4868E+01  6.3460E-01  5.8969E+02
0000378 3.8758E-01  6.0558E+01  2.5926E+01  1.6711E+01  4.2831E-01  4.6326E+02
0000378 3.7418E-01  6.6056E+01  3.1532E+01  1.1201E+01  4.2084E-01  5.1870E+00
0000378 3.6350E-01  7.0941E+01  3.7956E+01  6.1546E+00  4.1479E-01  1.0672E+01
0000378 3.2271E-01  7.5457E+01  4.3407E+01 -1.1885E-01  3.9082E-01  4.0795E+01
0000378 1.0281E-01  8.1993E+01  4.8662E+01 -3.9406E+00  2.2059E-01  2.1990E+02
0000378 6.1472E-02  8.6223E+01  5.3287E+01 -2.5070E-01  1.7058E-01  3.8126E+01
0000378 4.4583E-02  8.6771E+01  5.6250E+01  5.6030E+00  1.4526E-01  1.4644E+01
0000378 3.4006E-02  9.0195E+01  5.7880E+01  1.0506E+01  1.2687E-01  8.7762E+00
0000378 5.7583E-03  9.1599E+01  5.7705E+01  1.6233E+01  5.2206E-02  2.6751E+01
0000378 0.0000E+00  8.7081E+01  5.7798E+01  2.2742E+01  0.0000E+00  2.4168E+00
0000379 2.0000E+00  0.0000E+00  0.0000E+00  0.0000E+00  9.7295E-01  0.0000E+00
0000379 1.9537E+00  2.1166E+01 -1.7762E-01 -2.5369E-01  9.6164E-01  1.3314E+01
0000379 1.5898E+00  3.5187E+01 -1.3602E-01  6.4147E-01  8.6745E-01  3.3696E+02
0000379 1.5686E+00  4.7440E+01 -5.2144E+00 -8.0983E-01  8.6165E-01  2.1161E+01
0000379 1.5386E+00  5.9057E+01 -1.1613E+01 -1.7876E+00  8.5338E-01  2.9964E+01
0000379 1.5009E+00  6.9836E+01 -1.9292E+01 -1.7469E+00  8.4286E-01  3.7719E+01
0000379 1.4334E+00  7.9475E+01 -2.8147E+01 -4.3345E-01  8.2369E-01  4.5325E+01
0000379 1.4113E+00  8.7530E+01 -3.8009E+01  2.2132E+00  8.1732E-01  2.2085E+01
0000379 1.3967E+00  9.4886E+01 -4.7854E+01  6.3158E+00  8.1308E-01  1.4598E+01
0000379 1.3714E+00  1.0114E+02 -5.8413E+01  1.0374E+01  8.0567E-01  4.3240E+00
0000379 1.3458E+00  1.0755E+02 -6.8558E+01  1.5004E+01  7.9812E-01  4.8425E+00
0000379 1.3062E+00  1.1328E+02 -7.9052E+01  1.9592E+01  7.8628E-01  1.9201E+01
0000379 7.2330E-01  1.1896E+02 -8.8764E+01  2.5507E+01  5.8511E-01  5.8288E+02
0000379 6.8911E-01  1.2182E+02 -9.1589E+01  3.5797E+01  5.7111E-01  2.1263E+01
0000379 6.6859E-01  1.2286E+02 -9.5038E+01  4.6108E+01  5.6254E-01  8.0464E+00
0000379 6.1110E-01  1.2496E+02 -9.7929E+01  5.6349E+01  5.3781E-01  4.5287E+01
0000379 5.9167E-01  1.2633E+02 -1.0331E+02  6.5406E+01  5.2920E-01  1.9425E+01
0000379 5.8324E-01  1.2859E+02 -1.0991E+02  7.3313E+01  5.2541E-01  8.4380E+00
0000379 3.1957E-01  1.2978E+02 -1.1609E+02  8.1735E+01  3.8892E-01  2.5262E+02
0000379 2.7960E-01  1.3264E+02 -1.2462E+02  8.3656E+01  3.6379E-01  3.2811E+01
0000379 2.6631E-01  1.3496E+02 -1.3319E+02  8.2637E+01  3.5504E-01  6.7871E+00
0000379 2.1697E-01  1.3744E+02 -1.4167E+02  8.3015E+01  3.2046E-01  4.3066E+01
0000379 1.9286E-01  1.4264E+02 -1.4826E+02  8.1948E+01  3.0213E-01  1.8679E+01
0000379 1.3176E-01  1.4923E+02 -1.5289E+02  8.0083E+01  2.4973E-01  5.6112E+01
0000379 1.0314E-01  1.5650E+02 -1.5303E+02  7.7750E+01  2.2094E-01  2.8623E+01
0000379 7.2586E-02  1.6362E+02 -1.5406E+02  7.8901E+01  1.8535E-01  2.7334E+01
0000379 6.7507E-02  1.6962E+02 -1.5620E+02  7.6534E+01  1.7875E-01  5.0793E+00
0000379 5.6629E-02  1.7478E+02 -1.5991E+02  7.4432E+01  1.6372E-01  8.4815E+00
0000379 4.7147E-02  1.7807E+02 -1.6426E+02  7.0932E+01  1.4938E-01  7.5790E+00
0000379 2.0473E-02  1.8186E+02 -1.6646E+02  6.6456E+01  9.8440E-02  2.6674E+01
0000379 1.6673E-02  1.8712E+02 -1.6568E+02  6.5554E+01  8.8836E-02  3.8002E+00
0000379 6.1939E-03  1.9218E+02 -1.6612E+02  6.6648E+01  5.4145E-02  9.5556E+00
0000379 0.0000E+00  1.9835E+02 -1.5934E+02  6.5870E+01  0.0000E+00  6.1457E-01
0000380 2.0000E+00  0.0000E+00  0.0000E+00  0.0000E+00  9.7295E-01  0.0000E+00
0000380 1.9845E+00  7.9404E+00  9.1498E-03 -1.3915E-02  9.6917E-01  6.3804E-02
0000380 1.5534E+00  1.5050E+01 -1.4294E-02 -4.5029E-02  8.5747E-01  4.3106E+02
0000380 1.4983E+00  2.6755E+01 -4.5071E+00 -4.3832E+00  8.4213E-01  3.2330E+01
0000380 1.4727E+00  3.8600E+01 -7.2058E+00 -9.4128E+00  8.3491E-01  3.4396E+00
0000380 1.3728E+00  5.0554E+01 -1.0152E+01 -1.3867E+01  8.0609E-01  7.8038E+01
0000380 1.3528E+00  6.1936E+01 -1.0541E+01 -1.9860E+01  8.0018E-01  2.0069E+01
0000380 1.2770E+00  7.3752E+01 -1.1840E+01 -2.4667E+01  7.7744E-01  7.5797E+01
0000380 1.2531E+00  8.3910E+01 -1.3687E+01 -3.1964E+01  7.7013E-01  4.2401E+00
0000380 1.1989E+00  9.3973E+01 -1.4826E+01 -3.9436E+01  7.5331E-01  3.4757E+01
0000380 1.1800E+00  1.0494E+02 -1.6539E+01 -4.5084E+01  7.4734E-01  1.8939E+01
0000380 1.0012E+00  1.1609E+02 -1.9413E+01 -4.9697E+01  6.8839E-01  1.6026E+02
0000380 9.8125E-01  1.2423E+02 -2.2571E+01 -5.7813E+01  6.8150E-01  3.5337E+00
0000380 9.3654E-01  1.3223E+02 -2.5083E+01 -6.6205E+01  6.6579E-01  2.8530E+01
0000380 5.4904E-01  1.4101E+02 -2.5817E+01 -7.3962E+01  5.0977E-01  3.8750E+02
0000380 4.1936E-01  1.4259E+02 -2.7922E+01 -8.3991E+01  4.4552E-01  1.1910E+02
0000380 3.3348E-01  1.4325E+02 -3.4138E+01 -9.1488E+01  3.9729E-01  7.7184E+01
0000380 3.1967E-01  1.4019E+02 -3.8301E+01 -9.9198E+01  3.8898E-01  6.4331E+00
0000380 2.5234E-01  1.3251E+02 -4.8275E+01 -1.1253E+02  3.4559E-01  5.5830E+01
0000380 1.6846E-01  1.2886E+02 -4.9518E+01 -1.2038E+02  2.8237E-01  8.3880E+01
0000380 1.2378E-01  1.1593E+02 -4.8153E+01 -1.2960E+02  2.4205E-01  3.2164E+01
0000380 8.7056E-02  1.0862E+02 -4.8564E+01 -1.3145E+02  2.0299E-01  3.3072E+01
0000380 7.1108E-02  1.0199E+02 -4.6621E+01 -1.3012E+02  1.8346E-01  1.3090E+01
0000380 6.3736E-02  9.6584E+01 -4.2545E+01 -1.3011E+02  1.7369E-01  4.8879E+00
0000380 5.9893E-02  9.0832E+01 -3.9559E+01 -1.3150E+02  1.6837E-01  3.8436E+00
0000380 3.7888E-02  8.6093E+01 -3.5298E+01 -1.3302E+02  1.3391E-01  1.9799E+01
0000380 2.7163E-02  8.4996E+01 -2.9791E+01 -1.3518E+02  1.1339E-01  1.0725E+01
0000380 6.4145E-03  8.9995E+01 -1.9964E+01 -1.3653E+02  5.5101E-02  1.7642E+01
0000380 0.0000E+00  9.2710E+01 -1.4241E+01 -1.4953E+02  0.0000E+00  4.0955E-01
0000381 2.0000E+00  0.0000E+00  0.0000E+00  0.0000E+00  9.7295E-01  0.0000E+00
0000381 1.9777E+00  3.9702E+00  0.0000E+00  0.0000E+00  9.6750E-01  2.2333E+01
0000381 1.7995E+00  1.3447E+01 -4.1539E-01  9.1723E-01  9.2290E-01  1.5970E+02
0000381 1.5221E+00  3.0256E+01 -5.8722E+00 -3.5755E-01  8.4877E-01  2.4704E+02
0000381 1.5179E+00  4.0335E+01 -1.3609E+01 -3.9342E+00  8.4760E-01  4.1922E+00
0000381 1.0428E+00  5.9864E+01 -2.9339E+01 -1.2035E+01  7.0254E-01  4.4621E+02
0000381 1.0225E+00  6.9498E+01 -3.0194E+01 -1.9205E+01  6.9568E-01  3.3556E+00
0000381 9.7121E-01  7.8905E+01 -3.0447E+01 -2.6625E+01  6.7800E-01  5.1299E+01
0000381 9.4998E-01  8.9375E+01 -2.9281E+01 -3.2023E+01  6.7055E-01  5.1743E+00
0000381 7.2366E-01  1.0007E+02 -2.7692E+01 -3.6692E+01  5.8525E-01  2.2632E+02
0000381 6.6752E-01  1.0829E+02 -2.1059E+01 -3.9928E+01  5.6209E-01  4.3212E+01
0000381 4.7743E-01  1.1756E+02 -1.5527E+01 -4.0902E+01  4.7537E-01  1.7790E+02
0000381 4.6488E-01  1.2750E+02 -1.5636E+01 -4.2397E+01  4.6908E-01  2.9990E+00
0000381 4.4771E-01  1.3727E+02 -1.5114E+01 -4.4366E+01  4.6034E-01  7.7990E+00
0000381 4.2999E-01  1.5649E+02 -1.1796E+01 -4.7574E+01  4.5113E-01  4.6373E+00
0000381 2.1467E-01  1.6565E+02 -9.0825E+00 -4.9819E+01  3.1876E-01  2.1532E+02
0000381 1.9820E-01  1.6935E+02 -5.4880E+00 -5.6514E+01  3.0628E-01  1.1088E+01
0000381 1.5736E-01  1.7243E+02 -3.1835E-01 -6.2243E+01  2.7291E-01  3.5750E+01
0000381 1.4443E-01  1.7776E+02  4.7556E+00 -6.5168E+01  2.6146E-01  1.2924E+01
0000381 1.2965E-01  1.8120E+02  1.0485E+01 -6.9166E+01  2.4772E-01  1.0711E+01
0000381 9.7386E-02  1.8447E+02  1.7059E+01 -7.1188E+01  2.1470E-01  3.2264E+01
0000381 4.7428E-02  1.9008E+02  2.1567E+01 -7.0957E+01  1.4983E-01  4.9958E+01
0000381 3.2289E-02  1.9538E+02  2.2131E+01 -7.4255E+01  1.2362E-01  1.5139E+01
0000381 2.7094E-02  2.0087E+02  2.0245E+01 -7.4915E+01  1.1324E-01  3.7501E+00
0000381 7.2313E-03  2.1120E+02  2.1465E+01 -7.8757E+01  5.8504E-02  1.6068E+01
0000381 0.0000E+00  2.1798E+02  1.7090E+01 -7.9952E+01  0.0000E+00  3.3905E+00
0000382 2.0000E+00  0.0000E+00  0.0000E+00  0.0000E+00  9.7295E-01  0.0000E+00
0000382 1.8960E+00  2.8554E+01  4.1078E-01  7.5406E-02  9.4731E-01  1.0142E+02
0000382 1.8437E+00  4.2072E+01  2.6583E+00 -2.5016E+00  9.3416E-01  2.5866E+01
0000382 1.2895E+00  5.5517E+01  3.3998E+00 -5.7233E+00  7.8124E-01  5.2835E+02
0000382 1.2671E+00  7.9170E+01 -4.0028E+00 -5.0642E-01  7.7442E-01  1.8486E+01
0000382 5.7876E-01  9.1422E+01 -6.5486E+00  1.1250E+00  5.2339E-01  6.6878E+02
0000382 4.4083E-01  1.0020E+02 -1.8131E+00 -2.1294E+00  4.5678E-01  1.3793E+02
0000382 4.2445E-01  1.0938E+02  1.4169E+00 -4.5251E-01  4.4822E-01  7.3606E+00
0000382 3.1330E-01  1.1878E+02  4.0937E+00  8.2639E-02  3.8509E-01  1.1114E+02
0000382 5.8715E-02  1.2763E+02  1.7693E+00  4.5044E-02  1.6671E-01  2.5459E+02
0000382 4.6380E-02  1.3185E+02  6.6944E+00  7.7963E-01  1.4816E-01  1.2335E+01
0000382 3.8098E-02  1.3426E+02  1.2226E+01 -8.3064E-01  1.3429E-01  8.1382E+00
0000382 6.9689E-03  1.3864E+02  1.6001E+01 -2.5059E+00  5.7433E-02  3.1129E+01
0000382 0.0000E+00  1.3940E+02  2.3084E+01 -5.0357E+00  0.0000E+00  2.6720E+00
0000383 2.0000E+00  0.0000E+00  0.0000E+00  0.0000E+00  9.7295E-01  0.0000E+00
0000383 1.9835E+00  8.6766E+00 -1.0777E-02  8.6427E-03  9.6893E-01  1.6475E+01
0000383 1.9733E+00  1.6952E+01  3.3117E-01 -6.3806E-01  9.6643E-01  1.0217E+01
0000383 1.9419E+00  3.0960E+01  1.7217E+00 -1.1304E+00  9.5870E-01  4.2168E+00
0000383 1.9104E+00  4.4828E+01  3.6623E+00 -1.9539E+00  9.5092E-01  4.5170E+00
0000383 1.5454E+00  5.8595E+01  5.5073E+00 -3.4455E+00  8.5525E-01  3.6508E+02
0000383 1.0993E+00  7.0369E+01  1.0588E+01 -1.0978E-01  7.2133E-01  4.4607E+02
0000383 8.7445E-01  7.6884E+01  1.7025E+01  7.9389E+00  6.4334E-01  2.0725E+02
0000383 8.4287E-01  7.9538E+01  2.0747E+01  1.8542E+01  6.3162E-01  1.6729E+01
0000383 8.1182E-01  8.2572E+01  2.2918E+01  2.9364E+01  6.1988E-01  1.6585E+01
0000383 7.9895E-01  8.6157E+01  2.3569E+01  4.0110E+01  6.1494E-01  1.2871E+01
0000383 3.2442E-02  9.0630E+01  2.3164E+01  5.0484E+01  1.2392E-01  7.5260E+02
0000383 2.6818E-02  9.0547E+01  1.7422E+01  5.1596E+01  1.1266E-01  5.6238E+00
0000383 1.2992E-02  9.1369E+01  1.1952E+01  5.0438E+01  7.8417E-02  1.2553E+01
0000383 9.7657E-03  9.4096E+01  9.3846E+00  4.7151E+01  6.7987E-02  2.4444E+00
0000383 0.0000E+00  9.0983E+01 -3.5878E+00  3.6043E+01  0.0000E+00  3.6674E-01
0000384 2.0000E+00  0.0000E+00  0.0000E+00  0.0000E+00  9.7295E-01  0.0000E+00
0000384 1.9425E+00  7.9389E+00  6.1345E-02  9.1189E-02  9.5887E-01  4.8219E+01
0000384 1.9375E+00  1.8543E+01  8.2112E-01  1.9043E+00  9.5763E-01  5.0069E+00
0000384 1.9063E+00  3.2213E+01  1.5749E+00  4.9237E+00  9.4989E-01  4.3460E+00
0000384 1.8556E+00  4.5723E+01  2.9345E+00  8.1795E+00  9.3718E-01  2.4171E+01
0000384 1.7714E+00  5.8935E+01  3.0680E+00  1.2391E+01  9.1566E-01  8.4229E+01
0000384 1.7629E+00  7.2582E+01  3.0908E+00  1.3679E+01  9.1347E-01  8.4715E+00
0000384 1.7287E+00  8.6091E+01  3.1632E+00  1.5903E+01  9.0455E-01  9.2460E+00
0000384 1.6304E+00  9.9488E+01  2.2461E+00  1.8206E+01  8.7846E-01  9.8266E+01
0000384 1.4485E+00  1.1227E+02  4.2666E+00  2.1768E+01  8.2800E-01  1.8191E+02
0000384 1.3940E+00  1.2370E+02  2.8423E+00  2.7886E+01  8.1230E-01  3.2842E+01
0000384 3.3524E-01  1.4438E+02 -2.6210E+00  4.2353E+01  3.9834E-01  1.0554E+03
0000384 3.2314E-01  1.4324E+02 -6.9577E+00  5.0493E+01  3.9109E-01  4.6904E+00
0000384 3.0841E-01  1.4320E+02 -1.1461E+01  5.8537E+01  3.8207E-01  1.4730E+01
0000384 2.9103E-01  1.4361E+02 -1.7993E+01  7.5463E+01  3.7115E-01  2.9167E+00
0000384 2.7920E-01  1.4392E+02 -2.1026E+01  8.3944E+01  3.6352E-01  5.1456E+00
0000384 2.4124E-01  1.4176E+02 -2.6323E+01  1.0082E+02  3.3791E-01  2.8135E+01
0000384 1.6651E-01  1.4300E+02 -2.9791E+01  1.0866E+02  2.8073E-01  7.4733E+01
0000384 8.3963E-02  1.4057E+02 -3.5280E+01  1.1397E+02  1.9935E-01  8.2464E+01
0000384 7.4117E-02  1.3709E+02 -3.5126E+01  1.2003E+02  1.8730E-01  7.0596E+00
0000384 4.2822E-02  1.3557E+02 -3.5290E+01  1.2668E+02  1.4237E-01  2.8739E+01
0000384 1.5734E-03  1.3772E+02 -3.7503E+01  1.3200E+02  2.7290E-02  3.9496E+01
0000384 0.0000E+00  1.3711E+02 -3.4760E+01  1.3420E+02  0.0000E+00  5.1785E-01
0000385 2.0000E+00  0.0000E+00  0.0000E+00  0.0000E+00  9.7295E-01  0.0000E+00
0000385 1.9637E+00  9.2366E+00 -3.5214E-04  1.2842E-02  9.6408E-01  1.8326E+01
0000385 1.8058E+00  2.7197E+01  1.1798E+00 -1.1617E+00  9.2450E-01  1.5785E+02
0000385 1.7411E+00  4.0180E+01  8.6814E-01 -5.7524E+00  9.0779E-01  6.4706E+01
0000385 1.7185E+00  5.3673E+01  5.6859E-01 -7.7838E+00  9.0189E-01  2.2559E+01
0000385 1.6878E+00  6.6802E+01 -5.0308E-03 -1.1301E+01  8.9379E-01  6.1722E+00
0000385 1.6098E+00  7.9981E+01  1.3659E-01 -1.4416E+01  8.7288E-01  5.3840E+01
0000385 1.5418E+00  9.3216E+01 -1.3624E+00 -1.5731E+01  8.5425E-01  6.7995E+01
0000385 1.3099E+00  1.0642E+02 -1.3007E+00 -1.4776E+01  7.8740E-01  2.3187E+02
0000385 1.2777E+00  1.2872E+02  9.4222E-01 -2.7792E+00  7.7765E-01  7.2207E+00
0000385 1.2114E+00  1.3931E+02  2.9937E+00  3.8241E+00  7.5722E-01  6.6231E+01
0000385 1.1085E+00  1.4913E+02  2.4863E+00  1.1513E+01  7.2434E-01  1.0292E+02
0000385 1.0905E+00  1.5891E+02 -1.3626E+00  1.7739E+01  7.1845E-01  1.7980E+01
0000385 1.0530E+00  1.6773E+02 -6.2947E+00  2.4525E+01  7.0599E-01  1.9996E+01
0000385 1.0411E+00  1.7747E+02 -1.0073E+01  3.0560E+01  7.0196E-01  1.1979E+01
0000385 9.8309E-01  1.8654E+02 -1.3582E+01  3.7655E+01  6.8214E-01  5.7974E+01
0000385 9.2555E-01  1.9582E+02 -1.9016E+01  4.2668E+01  6.6188E-01  5.7541E+01
0000385 4.4008E-01  2.0295E+02 -2.5686E+01  4.9123E+01  4.5639E-01  4.8547E+02
0000385 4.3628E-01  2.0371E+02 -3.5416E+01  5.0565E+01  4.5442E-01  3.7998E+00
0000385 4.0124E-01  2.0369E+02 -4.5216E+01  5.1534E+01  4.3579E-01  3.5036E+01
0000385 3.9694E-01  2.0142E+02 -5.4282E+01  5.4005E+01  4.3345E-01  4.3006E+00
0000385 3.7166E-01  1.9821E+02 -6.3062E+01  5.6357E+01  4.1942E-01  2.5284E+01
0000385 3.3387E-01  1.9444E+02 -7.1790E+01  5.6331E+01  3.9752E-01  3.7791E+01
0000385 1.8983E-01  1.8872E+02 -7.8913E+01  5.7995E+01  2.9975E-01  1.4404E+02
0000385 4.3239E-02  1.8916E+02 -8.6963E+01  5.9673E+01  1.4306E-01  1.4165E+02
0000385 3.4105E-02  1.8416E+02 -8.9827E+01  6.1860E+01  1.2705E-01  7.3701E+00
0000385 2.1668E-02  1.8065E+02 -9.4471E+01  6.2844E+01  1.0127E-01  1.2437E+01
0000385 1.8283E-02  1.7680E+02 -9.7564E+01  6.0555E+01  9.3026E-02  3.3847E+00
0000385 2.8683E-03  1.7289E+02 -9.8762E+01  5.7212E+01  3.6846E-02  1.5415E+01
0000385 0.0000E+00  1.6935E+02 -9.7793E+01  5.8556E+01  0.0000E+00  2.4789E+00
0000386 2.0000E+00  0.0000E+00  0.0000E+00  0.0000E+00  9.7295E-01  0.0000E+00
0000386 1.9844E+00  1.1910E+01  5.2782E-02  3.0167E-02  9.6914E-01  9.0996E-02
0000386 1.9444E+00  2.6013E+01  2.7039E-01  1.0520E-01  9.5933E-01  1.2634E+01
0000386 1.9365E+00  4.0002E+01 -5.4174E-02  1.1689E+00  9.5739E-01  7.8622E+00
0000386 1.3087E+00  5.3980E+01 -1.0118E+00  1.6039E+00  7.8704E-01  6.0100E+02
0000386 1.2760E+00  6.4076E+01 -8.5580E+00 -1.0025E-01  7.7715E-01  3.2688E+01
0000386 7.7592E-01  7.4996E+01 -1.4918E+01 -4.0426E-01  6.0602E-01  4.8044E+02
0000386 4.5706E-01  8.4053E+01 -1.7203E+01  5.8245E+00  4.6512E-01  3.1886E+02
0000386 3.3898E-01  8.6707E+01 -2.2595E+01  1.3755E+01  4.0056E-01  1.0882E+02
0000386 2.9847E-01  9.0496E+01 -2.3203E+01  2.2243E+01  3.7586E-01  4.0509E+01
0000386 2.8597E-01  9.1126E+01 -2.3391E+01  3.1281E+01  3.6790E-01  5.6950E+00
0000386 2.6546E-01  9.2952E+01 -2.3253E+01  4.0071E+01  3.5447E-01  1.3900E+01
0000386 2.4195E-01  9.6489E+01 -2.2376E+01  4.8122E+01  3.3841E-01  2.3509E+01
0000386 2.1727E-01  1.0044E+02 -2.4053E+01  5.5649E+01  3.2069E-01  1.8812E+01
0000386 1.5205E-01  1.0563E+02 -2.7133E+01  6.1594E+01  2.6827E-01  5.9795E+01
0000386 1.3707E-01  1.0764E+02 -2.7403E+01  6.9195E+01  2.5471E-01  1.0752E+01
0000386 1.2248E-01  1.1168E+02 -3.0833E+01  8.3539E+01  2.4077E-01  6.2356E+00
0000386 1.0904E-01  1.1267E+02 -3.2911E+01  9.0709E+01  2.2718E-01  9.8159E+00
0000386 2.6496E-03  1.1151E+02 -3.4935E+01  9.7687E+01  3.5413E-02  1.0639E+02
0000386 0.0000E+00  1.1057E+02 -3.1494E+01  9.9168E+01  0.0000E+00  1.6269E+00
0000387 2.0000E+00  0.0000E+00  0.0000E+00  0.0000E+00  9.7295E-01  0.0000E+00
0000387 1.9866E+00  1.0671E+01 -2.7788E-02 -5.8895E-03  9.6969E-01  3.2553E-01
0000387 1.5946E+00  3.1379E+01 -1.5645E-01 -3.9094E-01  8.6876E-01  3.6452E+02
0000387 8.9893E-01  4.3307E+01  2.1579E-01 -6.3817E+00  6.5229E-01  6.7244E+02
0000387 7.0347E-01  5.4476E+01  1.8877E+00 -3.6362E+00  5.7703E-01  1.9547E+02
0000387 5.2316E-01  6.3342E+01  8.2510E+00 -2.4816E+00  4.9761E-01  1.6764E+02
0000387 5.1851E-01  6.8404E+01  1.6950E+01 -4.4554E+00  4.9540E-01  4.6474E+00
0000387 4.6398E-01  8.0897E+01  3.2775E+01 -7.5903E+00  4.6863E-01  4.7511E+01
0000387 4.5036E-01  8.4865E+01  4.1648E+01 -9.8688E+00  4.6170E-01  4.2693E+00
0000387 3.0507E-01  8.8519E+01  5.0761E+01 -1.1264E+01  3.7999E-01  1.3613E+02
0000387 2.9988E-01  9.4954E+01  5.5808E+01 -1.5267E+01  3.7675E-01  5.1864E+00
0000387 2.2908E-01  1.0202E+02  5.9850E+01 -1.9263E+01  3.2929E-01  6.3962E+01
0000387 1.9916E-01  1.0997E+02  5.9786E+01 -2.2468E+01  3.0703E-01  2.4278E+01
0000387 1.8957E-01  1.1794E+02  6.1782E+01 -2.3729E+01  2.9954E-01  4.4898E+00
0000387 1.7294E-01  1.2542E+02  6.4411E+01 -2.5964E+01  2.8610E-01  1.6627E+01
0000387 1.6465E-01  1.3164E+02  6.7181E+01 -3.0300E+01  2.7916E-01  3.6722E+00
0000387 7.2737E-02  1.3711E+02  6.9768E+01 -3.5535E+01  1.8555E-01  9.1908E+01
0000387 4.0094E-02  1.4055E+02  7.5613E+01 -3.5953E+01  1.3776E-01  3.2643E+01
0000387 0.0000E+00  1.4203E+02  8.0252E+01 -3.2314E+01  0.0000E+00  3.9561E+01
0000388 2.0000E+00  0.0000E+00  0.0000E+00  0.0000E+00  9.7295E-01  0.0000E+00
0000388 1.9900E+00  8.7251E+00 -4.9067E-02 -1.0258E-02  9.7051E-01  5.5288E-01
0000388 1.9540E+00  2.6805E+01 -3.4444E-01  2.9121E-01  9.6170E-01  8.4526E+00
0000388 1.8723E+00  4.0834E+01  3.5897E-01  5.8078E-01  9.4138E-01  5.4691E+01
0000388 1.8627E+00  5.4453E+01  1.3401E+00  3.1848E+00  9.3895E-01  9.6546E+00
0000388 1.8556E+00  6.8167E+01  1.4417E+00  5.3271E+00  9.3716E-01  7.1011E+00
0000388 1.8178E+00  8.1909E+01  7.8157E-01  7.0776E+00  9.2758E-01  3.7724E+01
0000388 1.8061E+00  1.0908E+02  3.3958E+00  1.0985E+01  9.2457E-01  6.7526E+00
0000388 1.7452E+00  1.2271E+02  3.9843E+00  1.2856E+01  9.0886E-01  6.0876E+01
0000388 1.4620E+00  1.3593E+02  2.3521E+00  1.5869E+01  8.3186E-01  2.5834E+02
0000388 1.4357E+00  1.4778E+02 -3.1519E+00  1.5512E+01  8.2433E-01  4.6009E+00
0000388 9.7954E-01  1.5958E+02 -8.6300E+00  1.5892E+01  6.8090E-01  4.3469E+02
0000388 9.6002E-01  1.6847E+02 -1.3359E+01  9.6311E+00  6.7409E-01  3.3654E+00
0000388 9.4072E-01  1.7690E+02 -1.8089E+01  2.8490E+00  6.6728E-01  3.3847E+00
0000388 8.6250E-01  1.8551E+02 -2.3143E+01 -3.3340E+00  6.3893E-01  7.8222E+01
0000388 8.3592E-01  1.9135E+02 -2.9656E+01 -1.0815E+01  6.2901E-01  2.6580E+01
0000388 8.1790E-01  1.9874E+02 -3.5028E+01 -1.7678E+01  6.2219E-01  3.6428E+00
0000388 7.9190E-01  2.0594E+02 -3.9844E+01 -2.5030E+01  6.1222E-01  2.6005E+01
0000388 6.8300E-01  2.1166E+02 -4.4246E+01 -3.3699E+01  5.6857E-01  9.5087E+01
0000388 6.7717E-01  2.1374E+02 -4.7961E+01 -4.3735E+01  5.6614E-01  5.8274E+00
0000388 3.3738E-01  2.1533E+02 -5.2516E+01 -5.3484E+01  3.9961E-01  3.3979E+02
0000388 2.4251E-01  2.2057E+02 -5.9504E+01 -5.6691E+01  3.3880E-01  9.4876E+01
0000388 2.1868E-01  2.2162E+02 -6.8051E+01 -5.7693E+01  3.2172E-01  2.3828E+01
0000388 1.7303E-01  2.1996E+02 -7.6272E+01 -5.8968E+01  2.8618E-01  4.5648E+01
0000388 1.6315E-01  2.1499E+02 -8.2449E+01 -6.0492E+01  2.7789E-01  9.8792E+00
0000388 2.4688E-02  2.1012E+02 -8.8765E+01 -6.0091E+01  1.0810E-01  1.3846E+02
0000388 1.0202E-02  2.0020E+02 -8.4651E+01 -5.8756E+01  6.9490E-02  1.0680E+01
0000388 8.4488E-03  1.9586E+02 -8.5928E+01 -5.7215E+01  6.3237E-02  1.0884E+00
0000388 0.0000E+00  1.9069E+02 -8.6235E+01 -5.0373E+01  0.0000E+00  5.0760E+00
0000389 2.0000E+00  0.0000E+00  0.0000E+00  0.0000E+00  9.7295E-01  0.0000E+00
0000389 1.9656E+00  1.5037E+01  3.7726E-02  3.5052E-02  9.6455E-01  5.1430E+00
0000389 1.9577E+00  1.9001E+01  5.2322E-02  2.5039E-01  9.6261E-01  2.1806E-01
0000389 1.9168E+00  3.3037E+01 -4.3887E-02  1.0014E+00  9.5250E-01  1.3831E+01
0000389 1.6142E+00  4.6934E+01  9.6925E-01  2.1594E+00  8.7408E-01  3.0264E+02
0000389 1.4491E+00  5.9048E+01 -1.4729E+00  7.3239E+00  8.2818E-01  1.4168E+02
0000389 7.1826E-01  7.1819E+01 -9.2386E-01  9.9078E+00  5.8306E-01  7.0923E+02
0000389 7.0197E-01  7.8256E+01  5.4138E+00  1.6233E+01  5.7641E-01  3.4283E+00
0000389 6.7671E-01  8.5189E+01  1.1168E+01  2.2489E+01  5.6595E-01  1.2617E+01
0000389 6.4839E-01  9.3035E+01  1.5795E+01  2.8432E+01  5.5398E-01  1.6008E+01
0000389 4.0634E-01  9.9602E+01  2.1410E+01  3.4862E+01  4.3855E-01  2.4205E+02
0000389 1.0731E-01  1.0258E+02  3.0428E+01  3.6796E+01  2.2537E-01  2.9053E+02
0000389 9.1282E-02  9.9255E+01  3.6259E+01  3.3842E+01  2.0786E-01  1.2720E+01
0000389 8.8174E-02  9.7533E+01  4.3049E+01  3.2657E+01  2.0429E-01  3.1082E+00
0000389 7.9059E-02  9.5769E+01  4.9881E+01  3.2783E+01  1.9344E-01  9.1146E+00
0000389 5.2391E-02  9.2050E+01  5.5686E+01  3.2339E+01  1.5747E-01  2.3995E+01
0000389 4.6031E-02  9.0275E+01  6.0560E+01  2.8611E+01  1.4761E-01  4.3481E+00
0000389 2.8090E-02  8.8349E+01  6.6146E+01  2.6617E+01  1.1531E-01  1.6448E+01
0000389 1.8121E-02  8.7869E+01  7.1599E+01  2.8201E+01  9.2613E-02  9.9684E+00
0000389 3.2401E-03  9.2198E+01  8.5021E+01  2.2797E+01  3.9161E-02  9.5403E+00
0000389 0.0000E+00  9.3615E+01  9.3422E+01  1.3144E+01  0.0000E+00  2.7186E-01
0000390 2.0000E+00  0.0000E+00  0.0000E+00  0.0000E+00  9.7295E-01  0.0000E+00
0000390 1.9893E+00  1.0456E+01 -3.3994E-02 -1.1713E-02  9.7035E-01  1.0615E+01
0000390 1.9003E+00  1.8558E+01  3.0767E-01 -4.7634E-01  9.4839E-01  8.9006E+01
0000390 1.1332E+00  3.1967E+01  1.5480E+00 -4.1241E+00  7.3237E-01  7.4065E+02
0000390 1.1042E+00  3.9424E+01  8.6292E+00 -1.0841E+01  7.2293E-01  1.1026E+01
0000390 1.0722E+00  4.7404E+01  1.5944E+01 -1.6479E+01  7.1238E-01  1.4361E+01
0000390 7.9795E-01  5.6261E+01  2.2788E+01 -2.1129E+01  6.1456E-01  2.7423E+02
0000390 7.7131E-01  6.1438E+01  3.2800E+01 -2.1945E+01  6.0421E-01  1.2749E+01
0000390 6.3075E-01  6.5496E+01  4.3118E+01 -2.3614E+01  5.4639E-01  1.2701E+02
0000390 6.1685E-01  7.1048E+01  5.0721E+01 -2.8703E+01  5.4034E-01  4.3736E+00
0000390 2.2819E-01  7.6886E+01  5.7645E+01 -3.4302E+01  3.2865E-01  3.8866E+02
0000390 1.6654E-01  7.4064E+01  6.3789E+01 -3.9548E+01  2.8076E-01  6.1654E+01
0000390 1.0090E-01  7.8426E+01  7.3815E+01 -5.1116E+01  2.1853E-01  5.6126E+01
0000390 9.3646E-02  7.7602E+01  7.5426E+01 -5.8133E+01  2.1053E-01  7.2512E+00
0000390 8.1331E-02  7.7315E+01  7.5168E+01 -6.5263E+01  1.9620E-01  9.3079E+00
0000390 6.3297E-02  7.9191E+01  7.5527E+01 -7.1942E+01  1.7309E-01  1.8034E+01
0000390 1.9715E-03  8.0126E+01  7.8879E+01 -7.7574E+01  3.0548E-02  6.1326E+01
0000390 0.0000E+00  8.1100E+01  8.2173E+01 -7.6222E+01  0.0000E+00  1.2212E+00
0000391 2.0000E+00  0.0000E+00  0.0000E+00  0.0000E+00  9.7295E-01  0.0000E+00
0000391 1.9773E+00  1.5724E+01 -3.6867E-02  6.4648E-03  9.6743E-01  1.4771E+01
0000391 1.9540E+00  2.9768E+01  1.1243E+00  7.4002E-02  9.6170E-01  2.3325E+01
0000391 8.4811E-01  4.3696E+01  2.0820E+00  1.6544E+00  6.3358E-01  1.0789E+03
0000391 8.2319E-01  5.7406E+01  1.5408E+01  1.4231E+01  6.2420E-01  1.8529E+01
0000391 7.3799E-01  6.4313E+01  2.2999E+01  1.9157E+01  5.9102E-01  8.5198E+01
0000391 6.9519E-01  7.1186E+01  3.1599E+01  2.0549E+01  5.7362E-01  2.9682E+01
0000391 6.7256E-01  7.7622E+01  4.0415E+01  1.9748E+01  5.6421E-01  2.2630E+01
0000391 7.2869E-02  8.4918E+01  4.8150E+01  1.7534E+01  1.8572E-01  5.9969E+02
0000391 5.0936E-02  8.2424E+01  5.4190E+01  1.9417E+01  1.5527E-01  1.9407E+01
0000391 1.9153E-02  8.2110E+01  5.8784E+01  2.3795E+01  9.5212E-02  2.9810E+01
0000391 6.8168E-03  7.8314E+01  5.8435E+01  3.3526E+01  5.6802E-02  1.0661E+01
0000391 0.0000E+00  7.7476E+01  5.4570E+01  3.8840E+01  0.0000E+00  3.2914E-01
0000392 2.0000E+00  0.0000E+00  0.0000E+00  0.0000E+00  9.7295E-01  0.0000E+00
0000392 1.9856E+00  1.1204E+01  4.5385E-02 -3.0459E-02  9.6943E-01  2.5759E-01
0000392 1.9762E+00  1.5984E+01  3.5452E-02 -8.7581E-02  9.6715E-01  5.2244E-02
0000392 1.7890E+00  4.4144E+01 -5.3449E-01 -1.1450E-01  9.2020E-01  1.8337E+02
0000392 1.6814E+00  5.7147E+01 -4.1974E+00 -2.6348E+00  8.9209E-01  8.2359E+01
0000392 1.6015E+00  6.9710E+01 -9.2193E+00 -2.5499E+00  8.7064E-01  5.5759E+01
0000392 1.5692E+00  8.2735E+01 -1.2018E+01 -1.4612E+00  8.6181E-01  9.0288E+00
0000392 8.1165E-01  9.5573E+01 -1.5476E+01 -1.1170E+00  6.1981E-01  7.3460E+02
0000392 8.0761E-01  1.0158E+02 -2.4966E+01 -2.7340E+00  6.1827E-01  4.0408E+00
0000392 7.7808E-01  1.0732E+02 -3.4697E+01 -3.6355E+00  6.0686E-01  1.5517E+01
0000392 7.5766E-01  1.1417E+02 -4.3471E+01 -5.1274E+00  5.9884E-01  6.7886E+00
0000392 6.6971E-01  1.2013E+02 -5.2800E+01 -6.6074E+00  5.6301E-01  8.7949E+01
0000392 6.3747E-01  1.2737E+02 -5.9726E+01 -1.0761E+01  5.4929E-01  2.0025E+01
0000392 6.2387E-01  1.3322E+02 -6.6924E+01 -1.6158E+01  5.4340E-01  1.3595E+01
0000392 4.4495E-01  1.3930E+02 -7.4740E+01 -2.0135E+01  4.5892E-01  1.6731E+02
0000392 4.1548E-01  1.4326E+02 -8.3734E+01 -1.9028E+01  4.4346E-01  2.0395E+01
0000392 3.6455E-01  1.4586E+02 -9.3110E+01 -1.9524E+01  4.1539E-01  4.2292E+01
0000392 3.3324E-01  1.5117E+02 -1.0091E+02 -2.0224E+01  3.9715E-01  3.1315E+01
0000392 3.2252E-01  1.5571E+02 -1.0876E+02 -1.8252E+01  3.9071E-01  3.3457E+00
0000392 3.0738E-01  1.5939E+02 -1.1699E+02 -1.6356E+01  3.8143E-01  7.9409E+00
0000392 2.9871E-01  1.6414E+02 -1.2439E+02 -1.3918E+01  3.7601E-01  8.6679E+00
0000392 2.8705E-01  1.6838E+02 -1.3142E+02 -1.0081E+01  3.6860E-01  4.8380E+00
0000392 1.2500E-01  1.7157E+02 -1.3863E+02 -5.7712E+00  2.4324E-01  1.5543E+02
0000392 7.4757E-02  1.7490E+02 -1.4494E+02 -8.2690E+00  1.8811E-01  5.0243E+01
0000392 3.6515E-02  1.8722E+02 -1.5065E+02 -8.3409E+00  1.3147E-01  3.3461E+01
0000392 6.3248E-03  1.8977E+02 -1.5598E+02 -9.2200E+00  5.4714E-02  2.8619E+01
0000392 0.0000E+00  1.9169E+02 -1.5944E+02  4.9223E+00  0.0000E+00  1.3064E+00
0000393 2.0000E+00  0.0000E+00  0.0000E+00  0.0000E+00  9.7295E-01  0.0000E+00
0000393 1.9898E+00  3.9702E+00  0.0000E+00  0.0000E+00  9.7046E-01  2.5012E+00
0000393 1.9460E+00  1.3343E+01 -1.6897E-02  3.3182E-01  9.5973E-01  4.3747E+01
0000393 1.6045E+00  3.1244E+01 -1.8928E-01 -1.5651E+00  8.7146E-01  3.4027E+02
0000393 1.5777E+00  4.3870E+01  2.3684E+00  2.0275E+00  8.6415E-01  3.4769E+00
0000393 1.5505E+00  5.6224E+01  5.1990E+00  6.1170E+00  8.5666E-01  4.2138E+00
0000393 1.5157E+00  6.8632E+01  7.3408E+00  1.0276E+01  8.4701E-01  3.4742E+01
0000393 1.5009E+00  8.1471E+01  7.9765E+00  1.3214E+01  8.4285E-01  1.4860E+01
0000393 1.2340E+00  9.3973E+01  8.0921E+00  1.7301E+01  7.6424E-01  2.4474E+02
0000393 5.2743E-01  1.0340E+02  1.0291E+01  2.5273E+01  4.9964E-01  7.0654E+02
0000393 3.5657E-01  1.0665E+02  4.9989E+00  3.3458E+01  4.1082E-01  1.6060E+02
0000393 2.9875E-01  1.0826E+02  5.1545E+00  4.2737E+01  3.7604E-01  5.0083E+01
0000393 2.6867E-01  1.1118E+02  2.2056E+00  5.0794E+01  3.5660E-01  2.3262E+01
0000393 1.5324E-01  1.1616E+02 -1.0800E+00  5.7349E+01  2.6931E-01  1.1543E+02
0000393 9.5642E-03  1.1908E+02  1.1810E+00  6.4308E+01  6.7282E-02  1.4367E+02
0000393 0.0000E+00  1.1059E+02  6.3869E+00  6.2518E+01  0.0000E+00  7.1874E-01
0000394 2.0000E+00  0.0000E+00  0.0000E+00  0.0000E+00  9.7295E-01  0.0000E+00
0000394 1.9862E+00  3.9702E+00  0.0000E+00  0.0000E+00  9.6958E-01  6.1076E+00
0000394 1.9288E+00  2.7685E+01  1.3106E+00  3.4649E-01  9.5547E-01  2.9921E+01
0000394 1.9138E+00  4.1658E+01  5.3766E-01 -1.8235E-01  9.5176E-01  1.4969E+01
0000394 9.3319E-01  5.5511E+01 -7.1564E-02 -1.9282E+00  6.6460E-01  9.5402E+02
0000394 8.7774E-01  6.4439E+01 -4.3179E+00  4.3766E+00  6.4455E-01  3.9861E+01
0000394 7.6517E-01  7.1666E+01 -8.3799E+00  1.2428E+01  6.0180E-01  9.7673E+01
0000394 2.4489E-01  8.1188E+01 -1.1232E+01  1.7569E+01  3.4046E-01  5.2028E+02
0000394 2.1812E-01  8.7541E+01 -1.5896E+01  1.3915E+01  3.2131E-01  2.0856E+01
0000394 1.4967E-01  9.2149E+01 -2.2339E+01  1.0896E+01  2.6616E-01  6.3000E+01
0000394 5.1841E-02  1.0406E+02 -3.2081E+01  1.2839E+01  1.5664E-01  8.6562E+01
0000394 4.3410E-02  1.1031E+02 -3.1744E+01  1.1638E+01  1.4334E-01  6.4335E+00
0000394 3.7992E-02  1.1613E+02 -3.3634E+01  1.0809E+01  1.3410E-01  5.4178E+00
0000394 2.2047E-02  1.2114E+02 -3.5331E+01  7.9471E+00  1.0215E-01  1.4331E+01
0000394 6.7205E-03  1.2378E+02 -3.7015E+01 -2.2994E+00  5.6400E-02  1.2389E+01
0000394 0.0000E+00  1.1416E+02 -2.5039E+01 -4.4236E+00  0.0000E+00  3.9901E-01
0000395 2.0000E+00  0.0000E+00  0.0000E+00  0.0000E+00  9.7295E-01  0.0000E+00
0000395 1.9872E+00  3.9702E+00  0.0000E+00  0.0000E+00  9.6983E-01  1.2833E+01
0000395 1.9789E+00  7.9277E+00 -3.1402E-01  5.0034E-02  9.6780E-01  5.9347E-01
0000395 1.9607E+00  1.6238E+01 -1.0705E+00  2.6257E-01  9.6336E-01  1.9665E+00
0000395 1.8859E+00  3.0273E+01 -1.9188E+00  4.9640E-01  9.4479E-01  7.4829E+01
0000395 1.8331E+00  4.3963E+01 -2.4936E+00 -1.9842E+00  9.3146E-01  2.6552E+01
0000395 1.8287E+00  5.7658E+01 -1.6131E+00 -3.6588E+00  9.3036E-01  4.3277E+00
0000395 1.7926E+00  7.1289E+01 -6.4435E-02 -5.3113E+00  9.2113E-01  1.0407E+01
0000395 1.7864E+00  8.4651E+01  1.8751E+00 -7.9006E+00  9.1954E-01  6.1635E+00
0000395 1.7319E+00  9.8169E+01  3.3068E+00 -9.8834E+00  9.0540E-01  5.4508E+01
0000395 1.7210E+00  1.1129E+02  6.8786E+00 -1.0853E+01  9.0253E-01  1.0972E+01
0000395 3.0180E-01  1.2414E+02  1.1331E+01 -1.1245E+01  3.7795E-01  1.3946E+03
0000395 2.9270E-01  1.2975E+02  6.4019E+00 -1.6419E+01  3.7221E-01  9.0982E+00
0000395 2.8257E-01  1.3551E+02  2.8350E+00 -2.2376E+01  3.6571E-01  3.4118E+00
0000395 2.7562E-01  1.4124E+02  1.7320E-01 -2.8723E+01  3.6119E-01  6.9491E+00
0000395 2.6385E-01  1.5021E+02 -4.4854E+00 -4.3330E+01  3.5339E-01  7.9186E+00
0000395 2.3985E-01  1.5543E+02 -7.5228E+00 -4.9765E+01  3.3694E-01  1.7757E+01
0000395 2.1180E-01  1.6922E+02 -1.0037E+01 -5.9705E+01  3.1662E-01  1.2797E+01
0000395 1.8403E-01  1.7490E+02 -1.1070E+01 -6.5844E+01  2.9513E-01  2.7769E+01
0000395 1.2967E-01  1.7803E+02 -1.1159E+01 -7.3404E+01  2.4774E-01  4.9525E+01
0000395 9.8742E-02  1.7926E+02 -1.8915E+01 -8.6279E+01  2.1619E-01  2.3159E+01
0000395 7.7277E-03  1.7509E+02 -2.8518E+01 -9.5994E+01  6.0479E-02  8.3513E+01
0000395 0.0000E+00  1.6428E+02 -2.2692E+01 -9.0928E+01  0.0000E+00  4.4414E-01
0000396 2.0000E+00  0.0000E+00  0.0000E+00  0.0000E+00  9.7295E-01  0.0000E+00
0000396 1.9757E+00  1.6769E+01  2.8681E-02  1.1576E-01  9.6703E-01  9.6222E-01
0000396 1.9018E+00  4.4919E+01  8.5528E-01  5.7248E-01  9.4877E-01  4.3055E+01
0000396 1.8940E+00  5.8592E+01  2.6759E+00  2.6832E+00  9.4681E-01  7.8658E+00
0000396 1.8236E+00  8.5950E+01  7.4322E+00  5.0132E+00  9.2905E-01  4.0182E+01
0000396 1.7841E+00  9.9650E+01  8.8462E+00  4.0342E+00  9.1893E-01  1.3859E+01
0000396 1.7465E+00  1.1310E+02  1.1444E+01  3.1365E+00  9.0920E-01  1.2339E+01
0000396 1.6722E+00  1.2621E+02  1.5124E+01  2.0524E+00  8.8965E-01  7.4292E+01
0000396 1.6440E+00  1.3897E+02  1.7665E+01 -1.5884E+00  8.8211E-01  4.1902E+00
0000396 1.6366E+00  1.5161E+02  1.9750E+01 -5.7207E+00  8.8012E-01  7.3952E+00
0000396 1.5078E+00  1.6449E+02  2.1192E+01 -9.2713E+00  8.4479E-01  1.2876E+02
0000396 2.6541E-01  1.7755E+02  2.2865E+01 -9.0545E+00  3.5443E-01  1.2424E+03
0000396 2.3687E-01  1.8087E+02  2.7034E+01 -1.6101E+01  3.3483E-01  2.2278E+01
0000396 2.2604E-01  1.8325E+02  3.3145E+01 -2.1708E+01  3.2709E-01  5.0506E+00
0000396 1.6779E-01  1.8678E+02  3.8794E+01 -2.7051E+01  2.8181E-01  5.2663E+01
0000396 1.0972E-01  1.9486E+02  4.2796E+01 -4.0160E+01  2.2789E-01  5.1503E+01
0000396 5.3781E-02  1.9515E+02  4.4222E+01 -4.7382E+01  1.5955E-01  5.2580E+01
0000396 4.7185E-02  1.9085E+02  4.5689E+01 -5.1921E+01  1.4944E-01  4.5481E+00
0000396 3.2180E-02  1.8756E+02  4.8767E+01 -5.6271E+01  1.2341E-01  1.3133E+01
0000396 2.8915E-02  1.8372E+02  5.3002E+01 -5.7451E+01  1.1699E-01  1.8229E+00
0000396 7.0338E-03  1.7897E+02  6.1712E+01 -6.2806E+01  5.7699E-02  1.8485E+01
0000396 0.0000E+00  1.7173E+02  6.5284E+01 -6.3357E+01  0.0000E+00  2.9962E+00
0000397 2.0000E+00  0.0000E+00  0.0000E+00  0.0000E+00  9.7295E-01  0.0000E+00
0000397 1.3769E+00  1.1906E+01  1.7180E-01  8.1198E-02  8.0728E-01  6.1765E+02
0000397 1.3466E+00  2.2901E+01 -6.2019E+00  2.1632E+00  7.9837E-01  3.0232E+01
0000397 1.3391E+00  3.3210E+01 -1.3765E+01  2.9182E+00  7.9612E-01  7.5668E+00
0000397 1.1388E+00  4.3632E+01 -2.1178E+01  2.7316E+00  7.3417E-01  1.7993E+02
0000397 1.1098E+00  5.5342E+01 -2.4383E+01  7.7841E-01  7.2476E-01  1.0960E+01
0000397 1.0705E+00  6.7263E+01 -2.6405E+01 -9.9605E-01  7.1182E-01  2.1560E+01
0000397 1.0163E+00  7.9192E+01 -2.6739E+01 -3.0873E+00  6.9357E-01  3.6934E+01
0000397 8.3766E-01  1.0142E+02 -2.6704E+01 -1.1892E+01  6.2967E-01  1.5743E+02
0000397 1.8735E-01  1.1198E+02 -2.2641E+01 -1.3459E+01  2.9779E-01  6.5031E+02
0000397 1.3039E-01  1.1283E+02 -1.5231E+01 -1.6898E+01  2.4843E-01  5.6965E+01
0000397 1.1729E-01  1.1497E+02 -7.9753E+00 -1.5933E+01  2.3562E-01  9.3109E+00
0000397 6.7759E-02  1.1806E+02 -1.2279E+00 -1.6737E+01  1.7909E-01  4.6012E+01
0000397 3.8736E-02  1.1953E+02  3.2602E+00 -2.1501E+01  1.3540E-01  2.6621E+01
0000397 2.1749E-02  1.2056E+02  1.4579E+01 -2.3768E+01  1.0146E-01  8.6660E+00
0000397 1.8584E-02  1.1821E+02  1.8118E+01 -2.7172E+01  9.3787E-02  3.1650E+00
0000397 0.0000E+00  1.1473E+02  2.4280E+01 -3.3793E+01  0.0000E+00  1.0576E+01
0000398 2.0000E+00  0.0000E+00  0.0000E+00  0.0000E+00  9.7295E-01  0.0000E+00
0000398 1.9280E+00  1.7351E+01 -2.8679E-02  1.5693E-02  9.5529E-01  6.4224E+01
0000398 1.9095E+00  2.1892E+01 -8.1713E-01  3.0580E-01  9.5070E-01  9.6669E+00
0000398 1.8928E+00  3.5441E+01 -4.1509E+00  9.6492E-01  9.4652E-01  1.6736E+01
0000398 1.8881E+00  4.8589E+01 -8.7294E+00  1.6307E+00  9.4535E-01  4.6615E+00
0000398 1.7325E+00  7.4301E+01 -1.8994E+01  4.5796E+00  9.0556E-01  1.2504E+02
0000398 1.7011E+00  8.7649E+01 -2.0768E+01  6.7028E+00  8.9730E-01  6.7679E+00
0000398 1.6658E+00  1.0108E+02 -2.1918E+01  8.2416E+00  8.8794E-01  1.0961E+01
0000398 1.6381E+00  1.1426E+02 -2.4015E+01  1.0274E+01  8.8052E-01  3.7463E+00
0000398 5.9633E-01  1.2726E+02 -2.6726E+01  1.2390E+01  5.3127E-01  1.0346E+03
0000398 5.8100E-01  1.3332E+02 -2.3173E+01  2.0276E+01  5.2440E-01  4.1057E+00
0000398 5.5315E-01  1.3986E+02 -2.0354E+01  2.8000E+01  5.1168E-01  1.6835E+01
0000398 5.0730E-01  1.4554E+02 -1.8878E+01  3.6571E+01  4.9001E-01  4.5845E+01
0000398 4.9117E-01  1.5294E+02 -1.6165E+01  4.3022E+01  4.8216E-01  6.1492E+00
0000398 1.5800E-01  1.6039E+02 -1.2535E+01  4.8810E+01  2.7347E-01  3.2342E+02
0000398 1.1932E-01  1.6555E+02 -1.6968E+01  5.2878E+01  2.3765E-01  3.4344E+01
0000398 7.7289E-02  1.7090E+02 -1.7794E+01  5.8065E+01  1.9127E-01  4.2031E+01
0000398 6.2076E-02  1.7253E+02 -2.1146E+01  6.3845E+01  1.7141E-01  1.2582E+01
0000398 4.6859E-02  1.7607E+02 -2.2416E+01  6.9266E+01  1.4893E-01  1.5217E+01
0000398 3.5842E-02  1.7552E+02 -2.4137E+01  8.1469E+01  1.3025E-01  7.0137E+00
0000398 2.3361E-02  1.7250E+02 -2.5906E+01  8.6288E+01  1.0515E-01  1.0929E+01
0000398 1.1953E-03  1.6789E+02 -3.4582E+01  9.0667E+01  2.3786E-02  1.8925E+01
0000398 0.0000E+00  1.7005E+02 -3.7187E+01  9.0108E+01  0.0000E+00  1.0294E+00
0000399 2.0000E+00  0.0000E+00  0.0000E+00  0.0000E+00  9.7295E-01  0.0000E+00
0000399 1.9793E+00  3.9702E+00  0.0000E+00  0.0000E+00  9.6790E-01  1.2994E+01
0000399 1.9686E+00  2.1927E+01 -1.0172E+00  8.7358E-01  9.6529E-01  2.0781E+00
0000399 1.9348E+00  3.5987E+01 -1.6809E+00  1.0924E+00  9.5695E-01  6.6808E+00
0000399 1.9248E+00  5.0000E+01 -1.6145E+00  9.2668E-01  9.5448E-01  1.0014E+01
0000399 1.8835E+00  6.3967E+01 -2.5350E+00  9.6210E-01  9.4420E-01  1.4497E+01
0000399 1.8026E+00  7.7799E+01 -3.5606E+00 -2.1383E-01  9.2368E-01  5.4681E+01
0000399 1.7509E+00  9.1373E+01 -2.3428E+00 -2.1683E+00  9.1034E-01  2.6278E+01
0000399 1.7062E+00  1.0449E+02 -7.8914E-01 -5.6964E+00  8.9864E-01  4.4700E+01
0000399 1.6658E+00  1.1679E+02  6.5325E-01 -1.1253E+01  8.8795E-01  1.5956E+01
0000399 1.6479E+00  1.2855E+02  1.4702E+00 -1.7836E+01  8.8317E-01  1.7882E+01
0000399 1.6207E+00  1.4067E+02  3.2006E+00 -2.3426E+01  8.7584E-01  3.4738E+00
0000399 1.4312E+00  1.5248E+02  5.2845E+00 -2.9422E+01  8.2305E-01  1.8946E+02
0000399 1.3758E+00  1.6398E+02  1.0671E+01 -3.2230E+01  8.0696E-01  5.5408E+01
0000399 1.3470E+00  1.7418E+02  1.8196E+01 -3.4475E+01  7.9847E-01  2.8806E+01
0000399 1.3205E+00  1.8319E+02  2.6683E+01 -3.7776E+01  7.9058E-01  2.6480E+01
0000399 1.3087E+00  1.9333E+02  3.3885E+01 -4.0548E+01  7.8704E-01  1.1809E+01
0000399 1.2843E+00  2.0412E+02  4.0074E+01 -4.3206E+01  7.7967E-01  4.3668E+00
0000399 1.2637E+00  2.1473E+02  4.6667E+01 -4.5269E+01  7.7338E-01  2.0636E+01
0000399 1.2558E+00  2.2438E+02  5.4542E+01 -4.7260E+01  7.7097E-01  7.8738E+00
0000399 1.2357E+00  2.3341E+02  6.3150E+01 -4.8989E+01  7.6477E-01  2.0109E+01
0000399 1.2023E+00  2.4938E+02  8.2411E+01 -5.0445E+01  7.5438E-01  9.8004E+00
0000399 8.0044E-01  2.5614E+02  9.2850E+01 -5.1122E+01  6.1552E-01  3.8309E+02
0000399 7.5233E-01  2.6597E+02  9.7363E+01 -5.4424E+01  5.9673E-01  4.8112E+01
0000399 7.4590E-01  2.7516E+02  1.0038E+02 -5.9975E+01  5.9418E-01  6.4285E+00
0000399 7.3892E-01  2.8426E+02  1.0429E+02 -6.5036E+01  5.9139E-01  6.9827E+00
0000399 6.4990E-01  2.9387E+02  1.0797E+02 -6.9184E+01  5.5463E-01  8.9014E+01
0000399 4.0269E-01  3.0961E+02  1.1167E+02 -8.3399E+01  4.3658E-01  2.3176E+02
0000399 3.9950E-01  3.1914E+02  1.1112E+02 -8.4931E+01  4.3485E-01  3.1871E+00
0000399 3.8813E-01  3.2848E+02  1.1013E+02 -8.7182E+01  4.2861E-01  2.9703E+00
0000399 1.8255E-01  3.3790E+02  1.0985E+02 -8.8986E+01  2.9395E-01  1.9736E+02
0000399 1.7015E-01  3.4286E+02  1.1411E+02 -9.3886E+01  2.8378E-01  7.6040E+00
0000399 1.1650E-01  3.4655E+02  1.1948E+02 -9.8604E+01  2.3483E-01  5.3642E+01
0000399 9.8609E-02  3.4770E+02  1.2672E+02 -9.9997E+01  2.1604E-01  1.4392E+01
0000399 7.8821E-02  3.5487E+02  1.3906E+02 -1.0004E+02  1.9315E-01  1.3721E+01
0000399 3.1251E-02  3.5956E+02  1.4343E+02 -9.7480E+01  1.2162E-01  4.7570E+01
0000399 1.3001E-02  3.6418E+02  1.4579E+02 -1.0010E+02  7.8445E-02  1.8250E+01
0000399 4.7009E-03  3.6724E+02  1.4390E+02 -1.0355E+02  4.7170E-02  7.5183E+00
0000399 0.0000E+00  3.6907E+02  1.4588E+02 -1.0679E+02  0.0000E+00  4.1424E+00
0000400 2.0000E+00  0.0000E+00  0.0000E+00  0.0000E+00  9.7295E-01  0.0000E+00
0000400 1.7458E+00  1.9035E+01 -4.8061E-02  1.9672E-01  9.0901E-01  2.5333E+02
0000400 1.7357E+00  3.1784E+01 -4.8910E+00 -5.3771E-01  9.0638E-01  1.0084E+01
0000400 1.6384E+00  4.4314E+01 -1.0272E+01 -4.1187E-01  8.8063E-01  7.2502E+01
0000400 1.6070E+00  5.5515E+01 -1.7489E+01  1.3715E+00  8.7215E-01  3.1406E+01
0000400 1.5705E+00  6.7034E+01 -2.3509E+01  4.5446E+00  8.6218E-01  3.6509E+01
0000400 1.5382E+00  7.8094E+01 -3.0722E+01  6.1566E+00  8.5326E-01  3.2323E+01
0000400 1.3727E+00  9.7952E+01 -4.8077E+01  8.2279E+00  8.0604E-01  1.6219E+02
0000400 1.3395E+00  1.0978E+02 -5.3135E+01  8.6393E+00  7.9626E-01  1.2377E+01
0000400 1.2064E+00  1.2196E+02 -5.7040E+01  8.8034E+00  7.5566E-01  1.1274E+02
0000400 1.0893E+00  1.3279E+02 -6.2156E+01  1.2249E+01  7.1804E-01  9.8288E+01
0000400 7.1665E-01  1.4448E+02 -6.3813E+01  1.5208E+01  5.8241E-01  3.5517E+02
0000400 6.8966E-01  1.5324E+02 -7.0395E+01  1.4000E+01  5.7134E-01  1.4157E+01
0000400 5.0574E-01  1.6161E+02 -7.6865E+01  1.1282E+01  4.8926E-01  1.7143E+02
0000400 4.6824E-01  1.7044E+02 -8.1309E+01  1.3704E+01  4.7077E-01  2.7540E+01
0000400 2.4766E-01  1.8498E+02 -9.1323E+01  2.3050E+01  3.4238E-01  2.0821E+02
0000400 2.0731E-01  1.8634E+02 -9.4110E+01  3.1187E+01  3.1325E-01  4.0353E+01
0000400 1.9337E-01  1.9080E+02 -9.7110E+01  3.7626E+01  3.0254E-01  8.6823E+00
0000400 1.8206E-01  1.9653E+02 -9.9878E+01  4.2901E+01  2.9355E-01  6.3078E+00
0000400 1.7915E-01  2.0146E+02 -1.0178E+02  4.9124E+01  2.9119E-01  2.9177E+00
0000400 1.2240E-01  2.1039E+02 -1.0575E+02  6.2063E+01  2.4070E-01  5.3799E+01
0000400 1.1340E-01  2.1251E+02 -1.1089E+02  6.7138E+01  2.3167E-01  5.3794E+00
0000400 8.5230E-02  2.1607E+02 -1.1554E+02  7.1691E+01  2.0085E-01  2.8168E+01
0000400 7.4828E-02  2.2198E+02 -1.1867E+02  7.3773E+01  1.8819E-01  7.5864E+00
0000400 6.5036E-02  2.2820E+02 -1.1976E+02  7.6387E+01  1.7545E-01  9.7911E+00
0000400 1.4138E-02  2.3286E+02 -1.2129E+02  8.0886E+01  8.1804E-02  5.0898E+01
0000400 9.7485E-03  2.3739E+02 -1.2276E+02  7.9185E+01  6.7927E-02  4.3898E+00
0000400 0.0000E+00  2.4111E+02 -1.3653E+02  7.6181E+01  0.0000E+00  2.7453E+00
0000401 2.0000E+00  0.0000E+00  0.0000E+00  0.0000E+00  9.7295E-01  0.0000E+00
0000401 1.0192E+00  1.3744E+01  6.0946E-02 -1.0114E-01  6.9455E-01  9.8052E+02
0000401 1.0091E+00  2.9877E+01 -1.0158E+01 -1.2910E+01  6.9109E-01  4.0225E+00
0000401 9.7214E-01  3.8130E+01 -1.5279E+01 -1.9864E+01  6.7833E-01  2.0405E+01
0000401 9.5184E-01  4.7345E+01 -1.9109E+01 -2.6236E+01  6.7121E-01  4.2346E+00
0000401 9.3247E-01  5.6079E+01 -2.2812E+01 -3.3220E+01  6.6434E-01  3.5561E+00
0000401 9.0893E-01  6.4435E+01 -2.6177E+01 -4.0724E+01  6.5590E-01  7.9661E+00
0000401 7.0260E-01  7.1960E+01 -3.0030E+01 -4.8743E+01  5.7668E-01  1.9104E+02
0000401 6.9909E-01  7.6448E+01 -2.9853E+01 -5.8752E+01  5.7523E-01  3.5132E+00
0000401 6.8189E-01  8.1206E+01 -3.0388E+01 -6.8610E+01  5.6811E-01  4.5920E+00
0000401 4.0928E-01  8.5289E+01 -3.1483E+01 -7.8652E+01  4.4014E-01  2.6023E+02
0000401 3.9449E-01  9.3198E+01 -3.4615E+01 -8.3331E+01  4.3211E-01  1.4790E+01
0000401 3.8177E-01  9.9858E+01 -3.8179E+01 -8.9304E+01  4.2509E-01  1.2719E+01
0000401 3.5042E-01  1.0719E+02 -4.2348E+01 -9.3801E+01  4.0726E-01  2.3228E+01
0000401 2.8798E-01  1.1266E+02 -4.7531E+01 -9.9392E+01  3.6919E-01  6.2437E+01
0000401 2.7455E-01  1.1604E+02 -5.7273E+01 -1.1407E+02  3.6048E-01  3.7377E+00
0000401 2.6417E-01  1.1747E+02 -6.3201E+01 -1.2056E+02  3.5361E-01  3.9555E+00
0000401 2.0892E-01  1.1987E+02 -7.4078E+01 -1.3419E+02  3.1446E-01  4.5678E+01
0000401 1.3776E-01  1.2433E+02 -7.8912E+01 -1.3941E+02  2.5535E-01  6.5878E+01
0000401 1.2714E-01  1.2461E+02 -8.5663E+01 -1.4313E+02  2.4531E-01  6.6837E+00
0000401 7.3144E-02  1.2633E+02 -9.2510E+01 -1.4591E+02  1.8607E-01  5.0272E+01
0000401 7.7989E-03  1.2485E+02 -9.9082E+01 -1.4494E+02  6.0757E-02  6.2812E+01
0000401 0.0000E+00  1.1297E+02 -9.7059E+01 -1.4599E+02  0.0000E+00  2.6345E+00
0000402 2.0000E+00  0.0000E+00  0.0000E+00  0.0000E+00  9.7295E-01  0.0000E+00
0000402 1.8577E+00  1.8875E+01 -2.0309E-01 -2.3384E-01  9.3769E-01  1.1177E+02
0000402 1.8191E+00  3.2298E+01 -3.6466E+00 -8.6490E-01  9.2790E-01  1.2577E+01
0000402 1.7836E+00  4.5417E+01 -7.9251E+00 -7.6669E-01  9.1882E-01  3.5444E+01
0000402 1.6800E+00  5.8075E+01 -1.2924E+01  1.0584E+00  8.9172E-01  7.8425E+01
0000402 1.6553E+00  7.0444E+01 -1.8302E+01  2.1722E-02  8.8514E-01  2.4687E+01
0000402 1.0760E+00  8.3174E+01 -2.2314E+01 -1.8472E+00  7.1364E-01  5.7931E+02
0000402 3.7430E-01  9.0497E+01 -3.1984E+01 -1.7393E+00  4.2091E-01  7.0169E+02
0000402 2.5399E-01  9.0357E+01 -3.9206E+01 -7.9398E+00  3.4672E-01  1.2031E+02
0000402 2.2313E-01  9.4220E+01 -4.3911E+01 -2.4304E+01  3.2498E-01  2.1812E+01
0000402 9.0270E-02  9.4074E+01 -4.4021E+01 -3.2820E+01  2.0670E-01  1.2732E+02
0000402 3.8238E-02  9.5679E+01 -3.8927E+01 -3.7482E+01  1.3453E-01  5.2032E+01
0000402 2.7638E-02  1.1203E+02 -3.4267E+01 -4.1272E+01  1.1438E-01  3.3094E+00
0000402 1.6904E-02  1.1697E+02 -3.5567E+01 -4.3767E+01  8.9447E-02  1.0735E+01
0000402 1.1642E-03  1.2988E+02 -4.1870E+01 -4.1228E+01  2.3474E-02  1.0379E+01
0000402 0.0000E+00  1.3242E+02 -4.0928E+01 -4.3310E+01  0.0000E+00  3.4644E-01
0000403 2.0000E+00  0.0000E+00  0.0000E+00  0.0000E+00  9.7295E-01  0.0000E+00
0000403 1.4059E+00  1.7048E+01  5.2721E-02  1.9707E-02  8.1575E-01  5.6859E+02
0000403 1.3958E+00  2.0391E+01  2.1188E+00 -5.4470E-01  8.1282E-01  1.0081E+01
0000403 1.3627E+00  3.1461E+01  8.7390E+00 -1.3084E+00  8.0311E-01  1.2153E+01
0000403 1.2957E+00  4.2291E+01  1.5366E+01 -3.2627E+00  7.8313E-01  4.6325E+01
0000403 1.2664E+00  5.2832E+01  2.1084E+01 -7.4058E+00  7.7422E-01  9.4398E+00
0000403 1.2071E+00  6.3864E+01  2.6183E+01 -1.0796E+01  7.5588E-01  5.9285E+01
0000403 1.1815E+00  7.4506E+01  3.2605E+01 -1.1825E+01  7.4782E-01  2.5615E+01
0000403 8.5614E-01  8.4040E+01  4.0464E+01 -1.2957E+01  6.3657E-01  3.0682E+02
0000403 8.1677E-01  9.4925E+01  4.2370E+01 -1.6101E+01  6.2176E-01  3.9369E+01
0000403 4.7936E-01  1.0543E+02  4.2141E+01 -2.0422E+01  4.7633E-01  3.2328E+02
0000403 4.2543E-01  1.1440E+02  4.6541E+01 -1.9282E+01  4.4874E-01  4.4348E+01
0000403 3.8232E-01  1.2136E+02  5.3266E+01 -1.7775E+01  4.2539E-01  4.3107E+01
0000403 2.8141E-01  1.2792E+02  6.0035E+01 -1.9372E+01  3.6496E-01  9.2778E+01
0000403 2.7718E-01  1.3476E+02  6.5040E+01 -1.6507E+01  3.6221E-01  4.2302E+00
0000403 2.0762E-01  1.4821E+02  7.5694E+01 -1.1854E+01  3.1348E-01  6.5083E+01
0000403 1.2670E-01  1.5580E+02  7.8891E+01 -1.3453E+01  2.4489E-01  8.0918E+01
0000403 1.1603E-02  1.6049E+02  8.0412E+01 -1.9209E+01  7.4108E-02  1.1139E+02
0000403 1.7277E-03  1.6324E+02  8.4251E+01 -1.7936E+01  2.8597E-02  9.1508E+00
0000403 0.0000E+00  1.6180E+02  8.7434E+01 -1.8880E+01  0.0000E+00  8.9744E-01
0000404 2.0000E+00  0.0000E+00  0.0000E+00  0.0000E+00  9.7295E-01  0.0000E+00
0000404 1.9890E+00  9.5424E+00  1.4693E-02 -1.3351E-02  9.7028E-01  8.9708E-02
0000404 1.9747E+00  1.8005E+01 -9.6252E-03 -1.1572E-03  9.6678E-01  1.4329E+01
0000404 1.8263E+00  3.2040E+01 -2.4126E-01  1.1992E+00  9.2974E-01  1.4843E+02
0000404 7.9858E-01  4.4953E+01 -3.1120E-01  6.1008E+00  6.1480E-01  1.0277E+03
0000404 7.6738E-01  5.3962E+01 -4.4017E+00  2.6381E+01  6.0267E-01  1.1405E+01
0000404 2.9642E-01  5.8898E+01 -5.0492E+00  3.6412E+01  3.7456E-01  4.7097E+02
0000404 2.8479E-01  6.5971E+01 -3.3566E-01  3.9516E+01  3.6714E-01  4.8505E+00
0000404 1.5023E-01  7.3647E+01  3.4987E+00  4.2135E+01  2.6666E-01  1.2797E+02
0000404 1.4273E-01  8.0990E+01  4.1341E+00  3.9441E+01  2.5991E-01  3.3219E+00
0000404 1.1238E-01  8.8528E+01  3.9507E+00  3.7578E+01  2.3063E-01  3.0349E+01
0000404 3.9656E-02  9.4087E+01  3.0842E+00  3.2766E+01  1.3700E-01  6.9307E+01
0000404 2.2147E-02  1.0844E+02  1.3050E+01  3.5261E+01  1.0238E-01  9.1775E+00
0000404 1.6335E-02  1.1169E+02  1.4324E+01  3.9467E+01  8.7930E-02  4.6930E+00
0000404 2.7753E-03  1.1397E+02  1.3194E+01  4.3978E+01  3.6244E-02  1.3560E+01
0000404 0.0000E+00  1.1018E+02  1.7541E+01  4.7237E+01  0.0000E+00  6.4662E-01
0000405 2.0000E+00  0.0000E+00  0.0000E+00  0.0000E+00  9.7295E-01  0.0000E+00
0000405 1.9192E+00  7.9404E+00 -1.3193E-02  7.6412E-03  9.5309E-01  7.3068E+01
0000405 1.9077E+00  1.4399E+01 -1.1263E-02 -1.2392E+00  9.5024E-01  1.1469E+01
0000405 1.8638E+00  4.1942E+01 -1.3104E+00 -5.6030E+00  9.3923E-01  1.3659E+01
0000405 1.8587E+00  5.5446E+01 -9.3418E-01 -8.8054E+00  9.3795E-01  5.1023E+00
0000405 1.3470E+00  6.8796E+01 -9.7777E-01 -1.2580E+01  7.9849E-01  4.8562E+02
0000405 1.3338E+00  9.2870E+01 -8.2010E+00 -7.7163E+00  7.9454E-01  9.4181E+00
0000405 1.2896E+00  1.0462E+02 -1.1580E+01 -4.0109E+00  7.8129E-01  2.3807E+01
0000405 1.0897E+00  1.1609E+02 -1.6280E+01 -1.3708E+00  7.1817E-01  1.8014E+02
0000405 1.0563E+00  1.2786E+02 -1.8893E+01 -3.0338E+00  7.0709E-01  1.5890E+01
0000405 9.9648E-01  1.3914E+02 -2.2051E+01 -5.9837E+00  6.8677E-01  4.2776E+01
0000405 9.8629E-01  1.6062E+02 -2.6023E+01 -1.5407E+01  6.8325E-01  6.0887E+00
0000405 9.1381E-01  1.7135E+02 -2.9113E+01 -1.9465E+01  6.5766E-01  5.6242E+01
0000405 8.8017E-01  1.8123E+02 -3.0370E+01 -2.5550E+01  6.4545E-01  1.8288E+01
0000405 8.6378E-01  1.9011E+02 -3.1226E+01 -3.2908E+01  6.3941E-01  1.6392E+01
0000405 4.0196E-01  1.9967E+02 -3.1024E+01 -3.9314E+01  4.3618E-01  4.4710E+02
0000405 2.5073E-02  2.0612E+02 -3.7764E+01 -4.1854E+01  1.0894E-01  3.7689E+02
0000405 4.8113E-03  2.0814E+02 -3.5997E+01 -4.6755E+01  4.7721E-02  2.0262E+01
0000405 0.0000E+00  1.9959E+02 -3.1496E+01 -5.1814E+01  0.0000E+00  5.4993E-01
0000406 2.0000E+00  0.0000E+00  0.0000E+00  0.0000E+00  9.7295E-01  0.0000E+00
0000406 1.9873E+00  3.9702E+00  0.0000E+00  0.0000E+00  9.6986E-01  1.2682E+01
0000406 1.6717E+00  1.0674E+01 -8.2876E-02  5.2900E-01  8.8951E-01  3.0259E+02
0000406 1.5049E+00  1.7651E+01  2.7680E+00  7.8175E-01  8.4397E-01  1.5340E+02
0000406 1.4471E+00  3.0319E+01  4.6653E+00  3.8092E+00  8.2762E-01  3.5513E+01
0000406 1.4136E+00  4.2853E+01  4.6076E+00  7.3926E+00  8.1798E-01  3.3501E+01
0000406 1.4057E+00  5.4795E+01  5.9500E+00  1.2251E+01  8.1569E-01  7.9319E+00
0000406 1.3796E+00  6.6953E+01  7.7777E+00  1.6298E+01  8.0809E-01  4.9458E+00
0000406 1.2664E+00  7.9006E+01  1.0323E+01  2.0074E+01  7.7422E-01  1.1322E+02
0000406 1.2598E+00  9.1387E+01  9.4968E+00  2.2362E+01  7.7220E-01  6.6133E+00
0000406 9.6436E-01  1.0356E+02  8.8102E+00  2.5528E+01  6.7561E-01  2.7599E+02
0000406 9.2575E-01  1.1310E+02  1.2879E+01  3.1193E+01  6.6195E-01  2.2645E+01
0000406 9.0669E-01  1.2146E+02  1.8227E+01  3.7402E+01  6.5510E-01  1.9061E+01
0000406 5.0871E-01  1.3807E+02  3.0879E+01  4.7634E+01  4.9069E-01  3.9160E+02
0000406 4.8236E-01  1.4381E+02  3.0477E+01  5.6043E+01  4.7782E-01  1.6349E+01
0000406 3.2959E-01  1.4884E+02  3.1763E+01  6.4672E+01  3.9497E-01  1.4314E+02
0000406 1.7429E-02  1.6552E+02  3.5431E+01  7.1669E+01  9.0826E-02  3.0767E+02
0000406 6.2966E-03  1.7372E+02  2.3867E+01  6.7246E+01  5.4592E-02  5.8611E+00
0000406 0.0000E+00  1.7116E+02  1.5007E+01  5.5237E+01  0.0000E+00  1.6318E+00
0000407 2.0000E+00  0.0000E+00  0.0000E+00  0.0000E+00  9.7295E-01  0.0000E+00
0000407 1.9895E+00  3.9702E+00  0.0000E+00  0.0000E+00  9.7039E-01  2.7944E+00
0000407 1.9496E+00  2.8453E+01 -7.6547E-01  4.4104E-01  9.6062E-01  4.0669E+00
0000407 1.8857E+00  4.2463E+01 -1.2307E+00  1.2753E+00  9.4473E-01  3.6989E+01
0000407 1.8796E+00  5.6352E+01 -6.8470E-01  4.4977E-01  9.4322E-01  6.0573E+00
0000407 1.8500E+00  7.0249E+01 -9.0405E-01 -1.8380E-01  9.3576E-01  3.3358E+00
0000407 1.8201E+00  8.4105E+01 -1.0753E+00 -2.2899E-01  9.2816E-01  3.9934E+00
0000407 1.8001E+00  9.7898E+01 -6.0169E-01 -3.1830E-01  9.2306E-01  1.9985E+01
0000407 1.7394E+00  1.1156E+02  1.9093E-01 -1.8120E+00  9.0735E-01  3.5315E+01
0000407 1.6294E+00  1.3866E+02  3.1072E+00 -9.1871E-01  8.7819E-01  8.0747E+01
0000407 1.4910E+00  1.5185E+02  4.1871E+00 -3.1737E+00  8.4007E-01  1.1480E+02
0000407 1.4110E+00  1.6469E+02  6.7386E+00 -2.1680E+00  8.1722E-01  8.0022E+01
0000407 1.3776E+00  1.7727E+02  9.0737E+00 -4.1905E+00  8.0749E-01  1.2221E+01
0000407 4.8701E-01  1.8977E+02  1.0457E+01 -6.9638E+00  4.8011E-01  8.6978E+02
0000407 4.7036E-01  1.9954E+02  3.3178E+00 -2.3070E+01  4.7184E-01  3.0144E+00
0000407 4.2974E-01  2.0491E+02 -1.3550E-01 -3.0787E+01  4.5100E-01  3.1171E+01
0000407 8.9922E-03  2.1256E+02 -1.0528E+01 -4.5505E+01  6.5239E-02  4.1556E+02
0000407 0.0000E+00  2.1370E+02  1.1050E-01 -5.4640E+01  0.0000E+00  1.6356E+00
0000408 2.0000E+00  0.0000E+00  0.0000E+00  0.0000E+00  9.7295E-01  0.0000E+00
0000408 1.9845E+00  7.9404E+00 -1.6012E-02 -9.9094E-03  9.6917E-01  1.8856E-02
0000408 1.9722E+00  2.6015E+01 -1.1785E-01 -1.4018E-01  9.6615E-01  1.2333E+01
0000408 1.9449E+00  4.0053E+01  6.8144E-01 -9.2841E-01  9.5946E-01  2.7234E+01
0000408 1.9143E+00  5.4032E+01 -1.6979E-01 -1.8276E+00  9.5188E-01  3.6629E+00
0000408 1.8819E+00  6.7984E+01 -4.1531E-01 -2.6257E+00  9.4380E-01  5.7765E+00
0000408 1.6337E+00  8.1863E+01  1.0443E-01 -3.5140E+00  8.7934E-01  2.4829E+02
0000408 1.2057E+00  9.4321E+01  4.9380E+00 -2.1368E+00  7.5542E-01  4.0436E+02
0000408 1.1648E+00  1.0202E+02  1.4059E+01  1.4701E+00  7.4252E-01  4.0828E+01
0000408 1.1540E+00  1.1047E+02  2.1548E+01  6.5065E+00  7.3906E-01  1.0821E+01
0000408 1.1486E+00  1.1894E+02  2.8269E+01  1.2453E+01  7.3732E-01  5.4462E+00
0000408 1.0816E+00  1.2798E+02  3.4619E+01  1.7904E+01  7.1550E-01  6.6971E+01
0000408 1.0717E+00  1.3644E+02  4.2754E+01  2.1041E+01  7.1223E-01  9.8642E+00
0000408 9.9261E-01  1.4444E+02  5.0819E+01  2.5247E+01  6.8543E-01  6.1863E+01
0000408 9.7132E-01  1.5383E+02  5.6351E+01  3.0038E+01  6.7804E-01  4.9756E+00
0000408 8.4895E-01  1.6321E+02  6.2316E+01  3.4097E+01  6.3389E-01  1.0632E+02
0000408 3.3087E-01  1.7136E+02  6.6095E+01  4.1220E+01  3.9573E-01  5.0354E+02
0000408 7.7385E-02  1.7170E+02  6.5653E+01  5.0470E+01  1.9138E-01  2.5348E+02
0000408 6.7601E-02  1.7583E+02  6.9981E+01  5.3864E+01  1.7888E-01  9.7846E+00
0000408 4.5730E-02  1.7772E+02  7.5301E+01  5.7476E+01  1.4712E-01  1.9472E+01
0000408 3.0121E-02  1.7930E+02  8.1327E+01  6.8129E+01  1.1940E-01  1.1888E+01
0000408 6.3369E-03  1.8277E+02  8.5093E+01  7.0788E+01  5.4766E-02  2.3784E+01
0000408 0.0000E+00  1.9301E+02  8.3605E+01  6.0989E+01  0.0000E+00  1.2060E+00
0000409 2.0000E+00  0.0000E+00  0.0000E+00  0.0000E+00  9.7295E-01  0.0000E+00
0000409 1.9745E+00  3.9702E+00  0.0000E+00  0.0000E+00  9.6674E-01  2.5460E+01
0000409 1.9643E+00  8.2514E+00 -4.7819E-01 -8.7024E-02  9.6423E-01  1.8809E+00
0000409 1.7712E+00  2.1135E+01 -1.6757E+00 -2.8159E-02  9.1562E-01  1.9309E+02
0000409 1.4187E+00  3.3709E+01 -7.0716E+00 -8.3370E-01  8.1944E-01  3.2748E+02
0000409 1.0897E+00  4.2312E+01 -1.6777E+01 -5.1888E-01  7.1818E-01  3.2893E+02
0000409 1.0163E+00  5.3736E+01 -2.0925E+01 -1.0982E+00  6.9355E-01  5.5986E+01
0000409 1.0087E+00  6.5300E+01 -2.2922E+01 -3.4358E+00  6.9097E-01  7.5451E+00
0000409 5.6112E-01  7.6538E+01 -2.5629E+01 -6.4447E+00  5.1535E-01  4.4760E+02
0000409 5.4207E-01  8.1660E+01 -2.9584E+01 -1.4612E+01  5.0653E-01  8.3136E+00
0000409 5.1973E-01  8.7329E+01 -3.2381E+01 -2.2793E+01  4.9598E-01  2.2338E+01
0000409 4.5809E-01  9.2988E+01 -3.3102E+01 -3.1297E+01  4.6564E-01  5.1483E+01
0000409 4.1450E-01  1.0004E+02 -3.5923E+01 -3.7729E+01  4.4293E-01  3.4322E+01
0000409 3.5222E-01  1.0671E+02 -4.1022E+01 -4.2656E+01  4.0830E-01  5.3656E+01
0000409 3.4229E-01  1.1253E+02 -4.3359E+01 -4.9650E+01  4.0251E-01  9.9262E+00
0000409 1.8364E-01  1.1791E+02 -4.7164E+01 -5.6263E+01  2.9482E-01  1.5865E+02
0000409 1.7850E-01  1.2259E+02 -4.4528E+01 -6.2434E+01  2.9066E-01  5.1444E+00
0000409 5.8059E-02  1.2778E+02 -4.1065E+01 -6.7643E+01  1.6577E-01  1.2044E+02
0000409 3.4504E-02  1.3287E+02 -4.4079E+01 -7.0371E+01  1.2779E-01  2.3555E+01
0000409 1.4598E-02  1.3440E+02 -4.9343E+01 -7.2592E+01  8.3124E-02  1.9906E+01
0000409 0.0000E+00  1.3180E+02 -5.3702E+01 -7.2854E+01  0.0000E+00  1.3324E+01
0000410 2.0000E+00  0.0000E+00  0.0000E+00  0.0000E+00  9.7295E-01  0.0000E+00
0000410 1.9693E+00  3.9702E+00  0.0000E+00  0.0000E+00  9.6545E-01  2.3000E+01
0000410 1.9538E+00  9.8225E+00  6.3208E-01 -1.8455E-02  9.6164E-01  4.1310E+00
0000410 1.9013E+00  2.7772E+01  2.0724E+00 -6.6527E-01  9.4864E-01  5.2244E+01
0000410 1.8687E+00  4.1554E+01  1.5984E+00 -2.7985E+00  9.4047E-01  6.1451E+00
0000410 1.8289E+00  5.5150E+01  5.4556E-01 -5.4513E+00  9.3041E-01  1.3643E+01
0000410 1.3293E+00  6.8727E+01 -1.3158E+00 -7.2238E+00  7.9321E-01  4.9962E+02
0000410 1.2517E+00  7.8221E+01 -8.5305E+00 -1.1787E+01  7.6972E-01  7.7551E+01
0000410 1.2171E+00  8.8766E+01 -1.2927E+01 -1.7058E+01  7.5900E-01  1.5254E+01
0000410 1.1610E+00  9.9362E+01 -1.6049E+01 -2.2901E+01  7.4130E-01  3.7138E+01
0000410 1.0765E+00  1.0935E+02 -1.7485E+01 -3.0025E+01  7.1381E-01  6.6207E+01
0000410 8.5728E-01  1.1810E+02 -2.1617E+01 -3.7351E+01  6.3700E-01  2.1920E+02
0000410 8.4344E-01  1.2509E+02 -2.9803E+01 -4.1373E+01  6.3184E-01  1.3840E+01
0000410 7.2965E-01  1.3116E+02 -3.8909E+01 -4.4743E+01  5.8767E-01  1.1379E+02
0000410 7.0659E-01  1.3757E+02 -4.7891E+01 -4.3903E+01  5.7831E-01  1.0050E+01
0000410 6.0203E-01  1.4489E+02 -5.5994E+01 -4.2727E+01  5.3381E-01  1.0457E+02
0000410 5.8022E-01  1.5074E+02 -6.3222E+01 -3.7664E+01  5.2405E-01  2.1801E+01
0000410 3.2265E-01  1.5794E+02 -6.9936E+01 -3.4011E+01  3.9079E-01  2.4657E+02
0000410 3.1249E-01  1.6691E+02 -7.1751E+01 -3.5080E+01  3.8459E-01  1.0152E+01
0000410 2.2937E-01  1.7574E+02 -7.4131E+01 -3.4620E+01  3.2949E-01  7.6086E+01
0000410 1.6612E-01  1.8357E+02 -7.2994E+01 -3.1348E+01  2.8041E-01  5.7602E+01
0000410 1.5349E-01  1.9118E+02 -7.0660E+01 -3.2295E+01  2.6954E-01  8.1324E+00
0000410 3.7623E-02  1.9799E+02 -6.6743E+01 -3.2938E+01  1.3345E-01  1.1162E+02
0000410 2.1047E-02  2.0285E+02 -6.8626E+01 -2.9948E+01  9.9810E-02  1.6576E+01
0000410 1.5960E-02  2.0569E+02 -7.3190E+01 -2.9301E+01  8.6916E-02  5.0871E+00
0000410 3.1469E-03  2.0855E+02 -7.7016E+01 -3.1250E+01  3.8594E-02  1.1916E+01
0000410 0.0000E+00  2.1116E+02 -7.8745E+01 -2.8819E+01  0.0000E+00  2.3437E+00
0000411 2.0000E+00  0.0000E+00  0.0000E+00  0.0000E+00  9.7295E-01  0.0000E+00
0000411 1.8876E+00  1.4734E+01 -9.4422E-03 -2.5340E-02  9.4522E-01  9.1438E+01
0000411 1.7050E+00  2.6945E+01  1.8432E+00 -1.9912E+00  8.9834E-01  1.5893E+02
0000411 1.1196E+00  4.0024E+01  5.0780E+00 -3.1305E-01  7.2795E-01  5.8547E+02
0000411 1.0885E+00  4.9186E+01  1.1945E+01 -4.6586E+00  7.1779E-01  1.3198E+01
0000411 1.0403E+00  5.9010E+01  1.7648E+01 -9.0110E+00  7.0169E-01  3.0815E+01
0000411 1.4090E-01  6.9049E+01  2.3846E+01 -1.1372E+01  2.5824E-01  8.8247E+02
0000411 1.3329E-01  7.4264E+01  1.9545E+01 -1.5156E+01  2.5118E-01  3.6008E+00
0000411 1.1911E-01  7.8553E+01  1.4398E+01 -1.8869E+01  2.3744E-01  1.0333E+01
0000411 5.9822E-02  8.8342E+01  3.4811E+00 -2.1305E+01  1.6827E-01  5.5295E+01
0000411 3.1772E-02  9.0592E+01 -9.2112E+00 -2.0199E+01  1.2263E-01  2.2467E+01
0000411 1.0306E-02  9.5464E+01 -1.2381E+01 -1.9799E+01  6.9844E-02  2.1466E+01
0000411 1.5604E-03  9.7990E+01 -1.3991E+01 -2.3542E+01  2.7177E-02  8.0763E+00
0000411 0.0000E+00  9.7773E+01 -1.7520E+01 -2.4009E+01  0.0000E+00  1.2693E+00
0000412 2.0000E+00  0.0000E+00  0.0000E+00  0.0000E+00  9.7295E-01  0.0000E+00
0000412 1.4742E+00  3.9702E+00  0.0000E+00  0.0000E+00  8.3531E-01  5.1812E+02
0000412 1.4399E+00  1.3684E+01 -5.9643E+00 -1.4304E-01  8.2555E-01  2.4557E+01
0000412 1.2417E+00  2.4233E+01 -1.3382E+01 -1.9426E+00  7.6663E-01  1.7671E+02
0000412 1.1825E+00  3.5084E+01 -1.9183E+01  5.6450E-01  7.4814E-01  3.9937E+01
0000412 8.7973E-01  4.4567E+01 -2.6795E+01  3.0399E+00  6.4528E-01  2.8423E+02
0000412 8.4396E-01  5.4075E+01 -2.9370E+01  9.0949E+00  6.3203E-01  3.5762E+01
0000412 8.2155E-01  6.3998E+01 -2.9674E+01  1.4802E+01  6.2358E-01  7.9419E+00
0000412 2.3309E-01  7.3908E+01 -2.8871E+01  2.0335E+01  3.3215E-01  5.7426E+02
0000412 1.8108E-01  7.6618E+01 -2.1543E+01  2.3922E+01  2.9276E-01  5.2009E+01
0000412 1.6894E-01  7.5234E+01 -1.4420E+01  2.7642E+01  2.8277E-01  1.2147E+01
0000412 1.5689E-01  7.3761E+01 -6.6996E+00  2.9332E+01  2.7251E-01  7.4983E+00
0000412 1.4961E-01  7.2053E+01  3.1994E-01  3.2573E+01  2.6610E-01  2.9705E+00
0000412 8.1478E-02  6.5962E+01  1.3437E+01  3.8265E+01  1.9638E-01  5.6038E+01
0000412 7.1883E-02  6.3847E+01  1.5854E+01  4.4428E+01  1.8445E-01  6.8659E+00
0000412 6.8346E-02  6.1221E+01  1.9783E+01  4.9294E+01  1.7986E-01  3.5366E+00
0000412 3.6819E-02  5.7488E+01  2.3830E+01  5.3143E+01  1.3201E-01  2.9111E+01
0000412 2.2800E-02  5.2941E+01  2.3385E+01  5.7007E+01  1.0388E-01  1.4020E+01
0000412 1.9975E-02  4.8052E+01  2.0974E+01  5.7669E+01  9.7234E-02  1.6836E+00
0000412 3.7832E-03  3.8745E+01  1.3896E+01  6.6491E+01  4.2316E-02  8.0100E+00
0000412 0.0000E+00  4.1168E+01  7.4438E+00  6.3899E+01  0.0000E+00  1.2760E+00
0000413 2.0000E+00  0.0000E+00  0.0000E+00  0.0000E+00  9.7295E-01  0.0000E+00
0000413 4.1634E-01  1.5413E+01  1.3261E-02  8.6570E-02  4.4392E-01  1.5758E+03
0000413 2.6177E-01  2.1789E+01 -7.0073E+00  9.9653E+00  3.5199E-01  1.4206E+02
0000413 2.5245E-01  2.0836E+01 -1.0470E+01  1.8011E+01  3.4567E-01  9.3213E+00
0000413 2.4572E-01  1.8276E+01 -1.3626E+01  2.5752E+01  3.4103E-01  6.7275E+00
0000413 9.2941E-02  1.5056E+01 -1.7760E+01  3.2689E+01  2.0974E-01  1.4685E+02
0000413 8.7214E-02  8.2669E+00 -1.9392E+01  3.4129E+01  2.0317E-01  2.7362E+00
0000413 8.3655E-02-  2.5340E+01 -1.8033E+01  3.9558E+01  0.0000E+00  3.5589E+00
0000414 2.0000E+00  0.0000E+00  0.0000E+00  0.0000E+00  9.7295E-01  0.0000E+00
0000414 1.9486E+00  2.2432E+01  3.4854E-01 -1.2170E-01  9.6037E-01  1.9764E+01
0000414 1.9172E+00  3.6438E+01 -4.3737E-01  4.6199E-01  9.5261E-01  4.4319E+00
0000414 1.8851E+00  5.0409E+01 -5.4892E-01  1.0326E+00  9.4458E-01  5.5191E+00
0000414 1.8056E+00  6.4330E+01 -6.9437E-01  8.4923E-01  9.2445E-01  7.9509E+01
0000414 1.5689E+00  7.7764E+01 -3.3113E+00 -6.9417E-01  8.6174E-01  2.1119E+02
0000414 1.5569E+00  9.0882E+01 -1.2504E+00 -1.4302E+00  8.5844E-01  1.1989E+01
0000414 1.3238E+00  1.0386E+02  8.2557E-01 -3.3198E+00  7.9156E-01  2.1036E+02
0000414 1.2744E+00  1.1625E+02  1.7536E+00 -4.4754E-01  7.7664E-01  2.9218E+01
0000414 1.2411E+00  1.2858E+02  7.9707E-01  2.1228E+00  7.6645E-01  3.3252E+01
0000414 1.2139E+00  1.4111E+02  1.8660E-01  2.6892E+00  7.5798E-01  8.0108E+00
0000414 7.2593E-01  1.5352E+02 -1.2631E+00  2.6951E+00  5.8617E-01  4.8792E+02
0000414 6.1704E-01  1.6282E+02  4.6941E+00  3.0796E+00  5.4042E-01  1.0889E+02
0000414 3.7794E-01  1.6889E+02  1.3444E+01  2.9550E+00  4.2295E-01  2.2758E+02
0000414 3.1334E-01  1.6838E+02  2.2970E+01  2.9558E+00  3.8511E-01  5.6536E+01
0000414 2.9742E-01  1.6982E+02  3.1488E+01 -8.1089E-02  3.7520E-01  8.8694E+00
0000414 6.4482E-02  1.7025E+02  3.9537E+01 -4.2066E+00  1.7470E-01  2.2614E+02
0000414 3.6732E-02  1.7553E+02  4.0820E+01 -8.0273E+00  1.3186E-01  2.5428E+01
0000414 1.8669E-02  1.8454E+02  4.7960E+01 -9.0750E+00  9.4001E-02  1.0231E+01
0000414 4.5741E-03  1.8365E+02  5.7306E+01 -2.0257E+01  4.6529E-02  6.5766E+00
0000414 0.0000E+00  1.8586E+02  6.0629E+01 -2.1567E+01  0.0000E+00  3.6097E+00
0000415 2.0000E+00  0.0000E+00  0.0000E+00  0.0000E+00  9.7295E-01  0.0000E+00
0000415 1.7284E+00  2.5999E+01  8.7293E-01 -3.6320E-01  9.0449E-01  2.3603E+02
0000415 3.0958E-01  3.8787E+01 -4.9713E-01 -4.8572E+00  3.8279E-01  1.4189E+03
0000415 1.3008E-01  3.9030E+01 -5.1076E+00 -2.2432E+01  2.4813E-01  1.7256E+02
0000415 6.5881E-02  3.3027E+01 -5.5594E+00 -2.7109E+01  1.7659E-01  6.4197E+01
0000415 5.5325E-02  3.2136E+01 -7.3605E+00 -4.0120E+01  1.6182E-01  6.6772E+00
0000415 4.4697E-02  3.1724E+01 -5.5104E+00 -4.6289E+01  1.4545E-01  8.5399E+00
0000415 3.9380E-02  2.9432E+01 -2.4226E+00 -5.1155E+01  1.3652E-01  3.5130E+00
0000415 1.9744E-02  2.5786E+01  6.8023E-01 -5.4868E+01  9.6671E-02  1.9635E+01
0000415 5.3708E-03  2.4941E+01  1.7366E+01 -6.3496E+01  5.0419E-02  4.9079E+00
0000415 0.0000E+00  2.5709E+01  1.4977E+01 -7.0506E+01  0.0000E+00  2.1062E+00
0000416 2.0000E+00  0.0000E+00  0.0000E+00  0.0000E+00  9.7295E-01  0.0000E+00
0000416 1.9539E+00  7.9403E+00 -8.2194E-03 -2.9937E-02  9.6166E-01  3.8286E+01
0000416 1.6341E+00  1.7241E+01 -1.0769E+00  6.6926E-01  8.7946E-01  3.0169E+02
0000416 3.4327E-01  3.0191E+01  1.9172E+00 -1.2827E+00  4.0308E-01  1.2672E+03
0000416 2.8590E-01  3.2154E+01  9.1660E+00 -6.8370E+00  3.6786E-01  4.9848E+01
0000416 2.6363E-01  3.7273E+01  1.4908E+01 -1.1468E+01  3.5324E-01  1.5657E+01
0000416 2.5559E-01  4.1602E+01  2.1932E+01 -1.4595E+01  3.4781E-01  8.0462E+00
0000416 2.1845E-01  4.5092E+01  2.9703E+01 -1.6664E+01  3.2155E-01  3.7137E+01
0000416 1.7509E-01  4.5597E+01  3.8141E+01 -1.7337E+01  2.8788E-01  4.3359E+01
0000416 1.4420E-01  4.4397E+01  4.5709E+01 -1.4714E+01  2.6125E-01  3.0888E+01
0000416 1.3137E-01  4.2021E+01  5.3096E+01 -1.5307E+01  2.4936E-01  8.7637E+00
0000416 9.7907E-02  4.0952E+01  6.0380E+01 -1.7341E+01  2.1527E-01  2.9655E+01
0000416 3.7497E-02  4.2371E+01  6.6019E+01 -2.1593E+01  1.3322E-01  6.0410E+01
0000416 1.0693E-02  4.0348E+01  7.1650E+01 -2.1097E+01  7.1142E-02  2.5204E+01
0000416 6.6386E-03  4.3264E+01  7.5487E+01 -2.0892E+01  5.6055E-02  4.0546E+00
0000416 0.0000E+00  4.2919E+01  9.1121E+01 -1.9569E+01  0.0000E+00  8.7520E-01
0000417 2.0000E+00  0.0000E+00  0.0000E+00  0.0000E+00  9.7295E-01  0.0000E+00
0000417 1.9899E+00  1.1907E+01  2.3841E-01  8.9972E-02  9.7050E-01  4.7729E-01
0000417 1.9366E+00  2.6010E+01  6.6322E-01  4.6349E-01  9.5741E-01  5.3313E+01
0000417 1.7447E+00  3.9899E+01 -1.2121E+00  7.4809E-01  9.0874E-01  1.6508E+02
0000417 1.4878E+00  5.2444E+01 -5.3459E+00  4.2164E+00  8.3915E-01  2.5696E+02
0000417 1.4024E+00  6.2245E+01 -1.3793E+01  6.4237E+00  8.1472E-01  6.3338E+01
0000417 1.3666E+00  7.0379E+01 -2.2903E+01  1.0689E+01  8.0425E-01  3.5813E+01
0000417 1.3384E+00  7.8535E+01 -3.0843E+01  1.6660E+01  7.9593E-01  7.4642E+00
0000417 1.3143E+00  8.7361E+01 -3.8184E+01  2.2298E+01  7.8871E-01  3.7975E+00
0000417 1.2503E+00  9.6200E+01 -4.5019E+01  2.8402E+01  7.6929E-01  4.3851E+01
0000417 1.2446E+00  1.0576E+02 -5.2204E+01  3.2303E+01  7.6751E-01  5.7733E+00
0000417 1.1878E+00  1.1573E+02 -5.8664E+01  3.6393E+01  7.4979E-01  5.6803E+01
0000417 1.1740E+00  1.2496E+02 -6.3973E+01  4.2796E+01  7.4545E-01  1.3717E+01
0000417 1.1413E+00  1.3491E+02 -6.8229E+01  4.8817E+01  7.3499E-01  1.4257E+01
0000417 7.6210E-01  1.4392E+02 -7.3026E+01  5.5682E+01  6.0059E-01  3.7824E+02
0000417 7.5810E-01  1.5469E+02 -7.2133E+01  5.8549E+01  5.9902E-01  4.0001E+00
0000417 3.3644E-01  1.6553E+02 -7.2027E+01  6.1237E+01  3.9905E-01  4.2166E+02
0000417 3.2043E-01  1.7031E+02 -6.7097E+01  6.7507E+01  3.8944E-01  8.5920E+00
0000417 7.9010E-02  1.7539E+02 -6.1326E+01  7.2567E+01  1.9338E-01  2.3425E+02
0000417 6.2034E-02  1.8672E+02 -5.7646E+01  6.6225E+01  1.7135E-01  6.3631E+00
0000417 2.9802E-02  1.9194E+02 -5.4573E+01  6.3623E+01  1.1877E-01  2.9971E+01
0000417 1.3698E-02  2.0669E+02 -4.7892E+01  6.6379E+01  8.0520E-02  7.2296E+00
0000417 9.2834E-03  2.0938E+02 -4.4526E+01  6.8968E+01  6.6287E-02  3.6049E+00
0000417 0.0000E+00  2.1377E+02 -4.0585E+01  7.2665E+01  0.0000E+00  1.1646E+00
0000418 2.0000E+00  0.0000E+00  0.0000E+00  0.0000E+00  9.7295E-01  0.0000E+00
0000418 1.9706E+00  1.8428E+01 -9.0957E-02  5.4190E-03  9.6576E-01  2.0247E+00
0000418 1.9655E+00  3.2503E+01  2.7667E-02 -3.5406E-01  9.6453E-01  5.0099E+00
0000418 1.8912E+00  4.6560E+01  6.2228E-01 -1.8718E-01  9.4612E-01  4.7179E+01
0000418 1.7153E+00  6.0298E+01  9.1529E-01  2.1303E+00  9.0104E-01  1.7593E+02
0000418 1.6869E+00  7.3484E+01  4.1586E+00  1.4222E+00  8.9356E-01  3.8781E+00
0000418 1.0216E+00  8.6744E+01  6.7680E+00  5.7868E-01  6.9536E-01  6.4115E+02
0000418 9.6831E-01  9.6659E+01  3.2674E+00 -5.1652E+00  6.7699E-01  5.3255E+01
0000418 8.7270E-01  1.1448E+02 -9.1554E+00 -1.4476E+01  6.4270E-01  7.5874E+01
0000418 8.2662E-01  1.2386E+02 -1.2625E+01 -2.0240E+01  6.2550E-01  3.1245E+01
0000418 7.7628E-01  1.3398E+02 -1.4170E+01 -2.5233E+01  6.0616E-01  3.6083E+01
0000418 7.5043E-01  1.4450E+02 -1.6820E+01 -2.8129E+01  5.9598E-01  1.2236E+01
0000418 7.3827E-01  1.5471E+02 -2.0689E+01 -3.0366E+01  5.9113E-01  1.2161E+01
0000418 5.2497E-01  1.6457E+02 -2.4309E+01 -3.3955E+01  4.9847E-01  2.0018E+02
0000418 5.1967E-01  1.7027E+02 -3.2096E+01 -3.7452E+01  4.9595E-01  5.2973E+00
0000418 4.6660E-01  1.7599E+02 -3.9367E+01 -4.1841E+01  4.6995E-01  4.2912E+01
0000418 4.5657E-01  1.8181E+02 -4.4415E+01 -4.8208E+01  4.6487E-01  1.0036E+01
0000418 4.3263E-01  1.8667E+02 -5.0546E+01 -5.4353E+01  4.5252E-01  1.4684E+01
0000418 3.9067E-01  1.9291E+02 -5.6127E+01 -5.9491E+01  4.3001E-01  3.3064E+01
0000418 2.3099E-01  1.9830E+02 -5.9889E+01 -6.6504E+01  3.3065E-01  1.5969E+02
0000418 1.8632E-01  2.0557E+02 -6.4313E+01 -6.7587E+01  2.9697E-01  3.8993E+01
0000418 1.3987E-01  2.1011E+02 -7.1067E+01 -6.8618E+01  2.5730E-01  4.6451E+01
0000418 8.4225E-02  2.2231E+02 -7.8562E+01 -7.4149E+01  1.9966E-01  5.0715E+01
0000418 3.5809E-02  2.2449E+02 -8.3874E+01 -7.8142E+01  1.3019E-01  4.5623E+01
0000418 1.7425E-02  2.2936E+02 -9.3616E+01 -7.4231E+01  9.0817E-02  1.1688E+01
0000418 4.1378E-03  2.3252E+02 -9.7730E+01 -7.4976E+01  4.4255E-02  1.3287E+01
0000418 0.0000E+00  2.3415E+02 -1.0326E+02 -7.0466E+01  0.0000E+00  1.4832E+00
0000419 2.0000E+00  0.0000E+00  0.0000E+00  0.0000E+00  9.7295E-01  0.0000E+00
0000419 1.9735E+00  1.8296E+01  6.0486E-02 -3.0656E-01  9.6648E-01  1.7630E+01
0000419 1.9443E+00  3.2342E+01  3.0048E-01  7.1178E-01  9.5931E-01  2.9167E+01
0000419 1.9245E+00  4.6297E+01  1.7644E+00  5.3545E-01  9.5441E-01  1.9826E+01
0000419 1.8929E+00  6.0206E+01  2.4782E+00 -8.4236E-01  9.4653E-01  4.9228E+00
0000419 1.8424E+00  7.4002E+01  3.8965E+00 -2.2335E+00  9.3383E-01  2.4059E+01
0000419 1.8103E+00  8.7740E+01  3.7641E+00 -3.9328E+00  9.2566E-01  6.2478E+00
0000419 1.7787E+00  1.0131E+02  4.0444E+00 -6.3121E+00  9.1755E-01  6.0874E+00
0000419 1.0182E+00  1.1473E+02  3.6921E+00 -9.1654E+00  6.9421E-01  7.6051E+02
0000419 9.9620E-01  1.2433E+02  1.0812E+01 -8.4711E+00  6.8667E-01  2.2000E+01
0000419 9.6646E-01  1.4163E+02  2.7129E+01 -9.1893E+00  6.7634E-01  8.7367E+00
0000419 9.4922E-01  1.4977E+02  3.5696E+01 -9.1644E+00  6.7029E-01  1.7237E+01
0000419 8.4613E-01  1.5839E+02  4.3604E+01 -1.0495E+01  6.3284E-01  8.7313E+01
0000419 8.2706E-01  1.6590E+02  5.2007E+01 -8.4283E+00  6.2567E-01  4.5608E+00
0000419 8.0694E-01  1.7399E+02  5.9786E+01 -6.4209E+00  6.1801E-01  5.8607E+00
0000419 7.8382E-01  1.8898E+02  7.5467E+01  2.4692E-02  6.0910E-01  4.6513E+00
0000419 7.7247E-01  1.9696E+02  8.2561E+01  3.5705E+00  6.0467E-01  1.1350E+01
0000419 7.3014E-01  2.0579E+02  8.8610E+01  6.9333E+00  5.8787E-01  2.8768E+01
0000419 6.9866E-01  2.1308E+02  9.6214E+01  1.0329E+01  5.7505E-01  3.1486E+01
0000419 6.3634E-01  2.2948E+02  1.0716E+02  1.9827E+01  5.4881E-01  4.6088E+01
0000419 6.2979E-01  2.3910E+02  1.1038E+02  2.3297E+01  5.4598E-01  6.5458E+00
0000419 6.0776E-01  2.5840E+02  1.1831E+02  2.7862E+01  5.3634E-01  5.1653E+00
0000419 5.9840E-01  2.6759E+02  1.2270E+02  3.0843E+01  5.3219E-01  9.3598E+00
0000419 5.8302E-01  2.7607E+02  1.2819E+02  3.3987E+01  5.2531E-01  4.1264E+00
0000419 3.8137E-01  2.8457E+02  1.3393E+02  3.6283E+01  4.2487E-01  1.9060E+02
0000419 3.3937E-01  2.9381E+02  1.3533E+02  3.4303E+01  4.0079E-01  3.3879E+01
0000419 1.0340E-01  3.0305E+02  1.3425E+02  3.3804E+01  2.2123E-01  2.2850E+02
0000419 4.1327E-02  3.0786E+02  1.3938E+02  3.5698E+01  1.3986E-01  5.8853E+01
0000419 1.3721E-02  3.0969E+02  1.4436E+02  3.2659E+01  8.0588E-02  2.7606E+01
0000419 7.7691E-03  3.1505E+02  1.5202E+02  3.4668E+01  6.0640E-02  1.8886E+00
0000419 0.0000E+00  3.1740E+02  1.5652E+02  2.5843E+01  0.0000E+00  1.2150E+00
0000420 2.0000E+00  0.0000E+00  0.0000E+00  0.0000E+00  9.7295E-01  0.0000E+00
0000420 1.9687E+00  1.1974E+01  1.2705E-02 -5.2178E-01  9.6530E-01  7.2766E+00
0000420 1.9416E+00  1.9312E+01  3.4059E-01 -6.8536E-01  9.5863E-01  1.2941E+01
0000420 1.7338E+00  3.3313E+01  6.5154E-01  1.0012E-01  9.0588E-01  1.8088E+02
0000420 1.4887E+00  4.6034E+01  7.4591E-01  5.0057E+00  8.3943E-01  2.2034E+02
0000420 1.4326E+00  5.8293E+01 -3.3232E+00  7.3478E+00  8.2345E-01  3.4089E+01
0000420 1.4234E+00  7.0385E+01 -6.1228E+00  1.1228E+01  8.2081E-01  9.1862E+00
0000420 1.3139E+00  8.2087E+01 -9.8184E+00  1.5468E+01  7.8859E-01  8.8237E+01
0000420 1.2768E+00  9.4561E+01 -1.1842E+01  1.7017E+01  7.7739E-01  1.6983E+01
0000420 1.2657E+00  1.0708E+02 -1.3596E+01  1.7134E+01  7.7402E-01  1.1054E+01
0000420 1.2526E+00  1.1963E+02 -1.4619E+01  1.6330E+01  7.6998E-01  1.3165E+01
0000420 1.1964E+00  1.3198E+02 -1.5891E+01  1.4280E+01  7.5253E-01  3.6759E+01
0000420 1.0721E-01  1.4435E+02 -1.7239E+01  1.4401E+01  2.2526E-01  1.0892E+03
0000420 5.7510E-02  1.4665E+02 -1.5842E+01  2.1223E+01  1.6499E-01  4.6391E+01
0000420 1.8251E-02  1.4613E+02 -1.8487E+01  2.7139E+01  9.2942E-02  3.9260E+01
0000420 1.2722E-03  1.5211E+02 -1.0819E+01  3.8471E+01  2.4539E-02  1.1656E+01
0000420 0.0000E+00  1.5042E+02 -8.4223E+00  4.0307E+01  0.0000E+00  3.0221E-01
0000421 2.0000E+00  0.0000E+00  0.0000E+00  0.0000E+00  9.7295E-01  0.0000E+00
0000421 1.8899E+00  1.3203E+01 -2.6969E-03 -2.2221E-02  9.4580E-01  1.1006E+02
0000421 1.8445E+00  2.3853E+01 -1.4174E+00 -2.1966E+00  9.3437E-01  4.5407E+01
0000421 1.8272E+00  3.6661E+01 -3.7082E+00 -6.9342E+00  9.2997E-01  1.7319E+01
0000421 1.7712E+00  4.9085E+01 -7.2774E+00 -1.1807E+01  9.1560E-01  3.0336E+01
0000421 4.0448E-01  6.2069E+01 -9.5646E+00 -1.5560E+01  4.3755E-01  1.3416E+03
0000421 3.4611E-01  6.4406E+01 -8.8716E+00 -2.4931E+01  4.0475E-01  5.8376E+01
0000421 3.0461E-01  6.1437E+01 -8.0966E+00 -4.3343E+01  3.7971E-01  3.0050E+01
0000421 2.9996E-01  5.9434E+01 -1.0002E+01 -5.2015E+01  3.7680E-01  4.6475E+00
0000421 2.5761E-01  5.6500E+01 -1.1305E+01 -6.0499E+01  3.4918E-01  3.5518E+01
0000421 2.0775E-01  5.6689E+01 -1.2133E+01 -6.9239E+01  3.1358E-01  4.3725E+01
0000421 6.4375E-02  6.0094E+01 -1.4156E+01 -7.6637E+01  1.7456E-01  1.4337E+02
0000421 5.8495E-02  6.4942E+01 -1.0677E+01 -7.9552E+01  1.6639E-01  5.8801E+00
0000421 4.2056E-02  7.1298E+01 -9.4156E-01 -8.4452E+01  1.4109E-01  8.0758E+00
0000421 8.7703E-03  7.5490E+01  2.3007E+00 -8.7536E+01  6.4429E-02  3.3286E+01
0000421 0.0000E+00  8.7721E+01 -3.1645E+00 -9.1021E+01  0.0000E+00  4.5753E-01
0000422 2.0000E+00  0.0000E+00  0.0000E+00  0.0000E+00  9.7295E-01  0.0000E+00
0000422 1.9845E+00  7.9405E+00  7.1328E-04 -1.0155E-02  9.6918E-01  3.2045E-02
0000422 6.7759E-01  2.6016E+01 -3.0227E-02  5.1945E-02  5.6631E-01  1.2796E+03
0000422 5.3542E-01  3.2459E+01  3.6031E+00 -7.9257E+00  5.0341E-01  1.4216E+02
0000422 1.9150E-01  3.5699E+01  1.0845E+01 -1.4510E+01  3.0106E-01  3.3354E+02
0000422 1.4610E-01  3.4484E+01  1.8986E+01 -1.3957E+01  2.6297E-01  4.0429E+01
0000422 1.1520E-01  3.1874E+01  2.5345E+01 -1.0261E+01  2.3351E-01  2.6800E+01
0000422 1.0344E-01  2.1670E+01  3.4878E+01 -5.4247E+00  2.2127E-01  4.9400E+00
0000422 9.8699E-02  1.7322E+01  3.9658E+01 -2.0676E+00  2.1614E-01  4.7382E+00
0000422 7.7696E-02  1.4297E+01  4.4742E+01  2.0623E+00  1.9177E-01  1.7884E+01
0000422 3.1175E-02  3.5548E+00  5.2351E+01  5.2072E+00  1.2147E-01  3.6766E+01
0000422 1.6303E-02  2.3204E+00  5.7435E+01  7.7259E+00  8.7844E-02  1.3461E+01
0000422 6.3765E-03  3.9355E+00  6.2349E+01  7.4388E+00  5.4937E-02  9.0164E+00
0000422 0.0000E+00  9.6558E+00  6.2757E+01  3.1853E+00  0.0000E+00  1.3378E+00
0000423 2.0000E+00  0.0000E+00  0.0000E+00  0.0000E+00  9.7295E-01  0.0000E+00
0000423 3.7285E-01  3.9702E+00  0.0000E+00  0.0000E+00  4.2009E-01  1.6194E+03
0000423 3.3497E-01  9.6014E+00  8.9438E+00 -7.2198E+00  3.9818E-01  3.0103E+01
0000423 3.2616E-01  1.1691E+01  1.4875E+01 -1.4059E+01  3.9291E-01  8.8095E+00
0000423 1.0254E-01  1.3680E+01  1.9573E+01 -2.1761E+01  2.2030E-01  2.2362E+02
0000423 9.5358E-02  1.3860E+01  2.6827E+01 -2.2180E+01  2.1245E-01  3.9784E+00
0000423 7.8384E-02  1.2632E+01  3.3887E+01 -2.2292E+01  1.9261E-01  1.3929E+01
0000423 3.9368E-02  4.4735E+00  5.0211E+01 -3.1381E+01  1.3651E-01  3.4387E+01
0000423 2.1897E-02  2.4266E+00  6.1548E+01 -2.8993E+01  1.0181E-01  1.0889E+01
0000423 2.1897E-02-  6.6677E+00  6.8590E+01 -2.0054E+01  0.0000E+00  1.0889E+01
0000424 2.0000E+00  0.0000E+00  0.0000E+00  0.0000E+00  9.7295E-01  0.0000E+00
0000424 1.9888E+00  2.1920E+01 -8.1034E-02  7.3161E-02  9.7023E-01  2.7561E+00
0000424 1.8812E+00  3.6015E+01 -7.6962E-01  2.7727E-01  9.4362E-01  8.0211E+01
0000424 1.8193E+00  4.9590E+01 -2.8897E+00 -1.9335E+00  9.2797E-01  3.5609E+01
0000424 1.8029E+00  6.2629E+01 -6.8609E+00 -4.0895E+00  9.2377E-01  1.6421E+01
0000424 1.4034E+00  7.5270E+01 -1.2021E+01 -5.8600E+00  8.1501E-01  3.7410E+02
0000424 1.1466E+00  8.5169E+01 -1.5921E+01 -1.3222E+01  7.3667E-01  2.3574E+02
0000424 8.3487E-01  9.1589E+01 -2.3881E+01 -2.0089E+01  6.2862E-01  2.9354E+02
0000424 7.4088E-01  9.2977E+01 -3.4468E+01 -2.4142E+01  5.9218E-01  7.9629E+01
0000424 7.3380E-01  9.1453E+01 -4.3861E+01 -2.9871E+01  5.8934E-01  7.0808E+00
0000424 7.2515E-01  8.8878E+01 -5.2977E+01 -3.5623E+01  5.8586E-01  8.6486E+00
0000424 3.2249E-01  8.7440E+01 -6.2048E+01 -4.1770E+01  3.9069E-01  3.8971E+02
0000424 3.1134E-01  8.0387E+01 -6.7919E+01 -4.2607E+01  3.8388E-01  3.9563E+00
0000424 3.0537E-01  7.3340E+01 -7.3457E+01 -4.4422E+01  3.8018E-01  5.9627E+00
0000424 2.1602E-01  6.6663E+01 -7.8865E+01 -4.7440E+01  3.1976E-01  8.9350E+01
0000424 2.0522E-01  5.8863E+01 -7.9416E+01 -5.0671E+01  3.1166E-01  5.3927E+00
0000424 1.9747E-01  5.1764E+01 -8.0242E+01 -5.5027E+01  3.0572E-01  7.7486E+00
0000424 1.6286E-01  4.5711E+01 -8.1308E+01 -6.0609E+01  2.7764E-01  2.9539E+01
0000424 9.4314E-02  4.0707E+01 -7.9290E+01 -6.6486E+01  2.1128E-01  6.8544E+01
0000424 2.1957E-02  4.1762E+01 -7.6955E+01 -8.0457E+01  1.0194E-01  6.9494E+01
0000424 1.4014E-02  3.7672E+01 -7.8287E+01 -8.3812E+01  8.1443E-02  6.8309E+00
0000424 8.4823E-03  3.6669E+01 -8.0280E+01 -9.3233E+01  6.3363E-02  1.8473E+00
0000424 0.0000E+00  3.5538E+01 -8.3311E+01 -1.0222E+02  0.0000E+00  1.1246E+00
0000425 2.0000E+00  0.0000E+00  0.0000E+00  0.0000E+00  9.7295E-01  0.0000E+00
0000425 1.9825E+00  7.9384E+00 -9.9535E-02  7.8697E-02  9.6868E-01  5.0741E-02
0000425 1.9709E+00  1.2620E+01 -2.3832E-01  1.6124E-01  9.6584E-01  2.5547E+00
0000425 1.5269E+00  2.6685E+01 -3.5058E-01  8.1390E-01  8.5011E-01  4.1678E+02
0000425 1.1148E+00  3.8137E+01 -4.4958E+00  5.9314E+00  7.2640E-01  3.8961E+02
0000425 1.0458E+00  4.6508E+01 -3.9407E+00  1.4836E+01  7.0357E-01  5.1177E+01
0000425 5.8634E-01  5.5931E+01 -5.2788E+00  2.2224E+01  5.2681E-01  4.5951E+02
0000425 5.7071E-01  6.3897E+01 -1.1997E+01  2.3700E+01  5.1974E-01  4.5416E+00
0000425 5.5604E-01  7.2334E+01 -1.7941E+01  2.5406E+01  5.1301E-01  3.7986E+00
0000425 5.3502E-01  8.0346E+01 -2.4111E+01  2.7826E+01  5.0322E-01  1.0352E+01
0000425 5.1412E-01  8.7884E+01 -3.0057E+01  3.1579E+01  4.9330E-01  1.0521E+01
0000425 4.9426E-01  9.4365E+01 -3.6426E+01  3.6247E+01  4.8367E-01  1.9867E+01
0000425 4.3393E-01  1.0137E+02 -4.1104E+01  4.1870E+01  4.5319E-01  6.0329E+01
0000425 3.8537E-01  1.1020E+02 -4.3481E+01  4.5495E+01  4.2709E-01  3.9640E+01
0000425 3.3079E-01  1.1804E+02 -4.3721E+01  5.0996E+01  3.9569E-01  4.6400E+01
0000425 3.1330E-01  1.2639E+02 -4.1455E+01  5.4300E+01  3.8509E-01  1.0150E+01
0000425 3.0489E-01  1.3513E+02 -4.0614E+01  5.6886E+01  3.7988E-01  8.4133E+00
0000425 2.1023E-01  1.4335E+02 -4.0281E+01  6.0785E+01  3.1544E-01  8.7749E+01
0000425 1.1335E-01  1.5163E+02 -3.9172E+01  5.9747E+01  2.3162E-01  9.1572E+01
0000425 6.3042E-02  1.5723E+02 -3.5813E+01  6.3262E+01  1.7274E-01  5.0305E+01
0000425 5.5948E-02  1.6384E+02 -3.5844E+01  6.3166E+01  1.6273E-01  4.8083E+00
0000425 0.0000E+00  1.7006E+02 -3.4055E+01  6.3057E+01  0.0000E+00  5.3456E+01
0000426 2.0000E+00  0.0000E+00  0.0000E+00  0.0000E+00  9.7295E-01  0.0000E+00
0000426 1.7763E+00  1.1051E+01  7.7889E-02 -7.5531E-03  9.1692E-01  2.2347E+02
0000426 1.7655E+00  1.6537E+01  1.9935E+00  5.9548E-01  9.1413E-01  9.7021E-02
0000426 1.7276E+00  2.9410E+01  6.4822E+00  1.9084E+00  9.0427E-01  1.2831E+01
0000426 1.7152E+00  5.5526E+01  1.4151E+01  1.6867E+00  9.0103E-01  6.2673E+00
0000426 1.6773E+00  6.8390E+01  1.8435E+01  6.6398E-01  8.9102E-01  1.3397E+01
0000426 1.6270E+00  8.1180E+01  2.2821E+01  8.4513E-01  8.7754E-01  2.6263E+01
0000426 1.6164E+00  9.3430E+01  2.8189E+01 -2.5661E-01  8.7468E-01  1.0583E+01
0000426 1.5715E+00  1.0523E+02  3.4490E+01 -1.0471E+00  8.6244E-01  4.4915E+01
0000426 1.5549E+00  1.1580E+02  4.2371E+01 -2.8324E+00  8.5787E-01  1.6616E+01
0000426 1.5238E+00  1.2558E+02  5.0928E+01 -5.5103E+00  8.4926E-01  8.3100E+00
0000426 1.5195E+00  1.3557E+02  5.9387E+01 -7.2379E+00  8.4806E-01  4.3026E+00
0000426 1.4719E+00  1.4569E+02  6.7789E+01 -8.2785E+00  8.3466E-01  2.5245E+01
0000426 9.3404E-01  1.5673E+02  7.4800E+01 -8.9198E+00  6.6491E-01  5.3782E+02
0000426 8.7180E-01  1.6215E+02  8.3136E+01 -1.5134E+01  6.4237E-01  4.6644E+01
0000426 8.6301E-01  1.6918E+02  8.9416E+01 -2.1785E+01  6.3912E-01  8.7899E+00
0000426 5.3538E-01  1.7525E+02  9.6163E+01 -2.8871E+01  5.0339E-01  3.2763E+02
0000426 5.0811E-01  1.7631E+02  1.0599E+02 -3.1800E+01  4.9040E-01  1.6895E+01
0000426 2.1883E-01  1.7725E+02  1.1503E+02 -3.6399E+01  3.2183E-01  2.8928E+02
0000426 3.5031E-02  1.8411E+02  1.1916E+02 -3.9215E+01  1.2877E-01  1.7834E+02
0000426 2.6466E-02  1.8624E+02  1.2316E+02 -3.5399E+01  1.1192E-01  7.0378E+00
0000426 1.4897E-02  1.8786E+02  1.2838E+02 -3.3989E+01  8.3969E-02  1.1569E+01
0000426 9.2291E-03  1.8690E+02  1.3183E+02 -3.0360E+01  6.6093E-02  5.6675E+00
0000426 0.0000E+00  1.8539E+02  1.3419E+02 -1.8767E+01  0.0000E+00  1.5335E+00
0000427 2.0000E+00  0.0000E+00  0.0000E+00  0.0000E+00  9.7295E-01  0.0000E+00
0000427 1.9827E+00  7.9388E+00  1.1031E-01  3.6241E-02  9.6874E-01  1.3261E-01
0000427 1.9675E+00  1.1946E+01  2.3212E-01  4.1752E-02  9.6502E-01  7.4296E+00
0000427 1.7778E+00  2.6014E+01 -2.0344E-01  3.6543E-02  9.1732E-01  1.6253E+02
0000427 1.7637E+00  5.2222E+01  3.7341E+00 -7.0248E+00  9.1367E-01  1.0763E+01
0000427 1.0524E+00  6.5033E+01  5.2703E+00 -1.1609E+01  7.0577E-01  7.1132E+02
0000427 1.0064E+00  7.3391E+01  1.3821E+01 -1.3230E+01  6.9017E-01  2.8987E+01
0000427 8.4295E-01  8.0393E+01  2.3023E+01 -1.6198E+01  6.3165E-01  1.6342E+02
0000427 8.0230E-01  8.5764E+01  3.3017E+01 -1.4681E+01  6.1623E-01  2.6184E+01
0000427 7.5170E-01  9.2278E+01  4.2269E+01 -1.4675E+01  5.9648E-01  5.0604E+01
0000427 6.4172E-01  1.0063E+02  4.9585E+01 -1.5670E+01  5.5112E-01  1.0998E+02
0000427 4.1081E-01  1.0689E+02  5.7916E+01 -1.3061E+01  4.4096E-01  2.3091E+02
0000427 4.0307E-01  1.1510E+02  6.0330E+01 -8.4561E+00  4.3678E-01  7.7403E+00
0000427 3.6367E-01  1.2386E+02  6.2622E+01 -5.0585E+00  4.1489E-01  3.9400E+01
0000427 3.4463E-01  1.3110E+02  6.7529E+01 -1.4521E+00  4.0388E-01  1.1190E+01
0000427 3.0907E-01  1.3882E+02  7.2405E+01  5.4808E-01  3.8247E-01  2.8015E+01
0000427 2.5304E-01  1.5069E+02  8.4339E+01  7.4778E+00  3.4608E-01  5.1689E+01
0000427 2.4900E-01  1.5676E+02  8.7647E+01  1.2835E+01  3.4330E-01  4.0477E+00
0000427 2.2515E-01  1.6335E+02  9.1256E+01  1.7260E+01  3.2644E-01  1.7864E+01
0000427 2.1266E-01  1.7369E+02  9.8044E+01  2.8931E+01  3.1726E-01  9.1198E+00
0000427 8.7152E-02  1.7997E+02  1.0053E+02  3.3993E+01  2.0310E-01  1.2551E+02
0000427 2.1624E-02  1.8409E+02  1.0622E+02  3.3602E+01  1.0117E-01  6.5528E+01
0000427 1.8167E-02  1.8757E+02  1.0677E+02  2.9456E+01  9.2730E-02  3.4570E+00
0000427 5.6583E-03  1.9431E+02  1.0177E+02  2.4109E+01  5.1751E-02  7.5242E+00
0000427 0.0000E+00  1.9220E+02  9.5210E+01  2.5298E+01  0.0000E+00  9.0541E-01
0000428 2.0000E+00  0.0000E+00  0.0000E+00  0.0000E+00  9.7295E-01  0.0000E+00
0000428 1.9599E+00  1.3339E+01 -2.0804E-02  2.6458E-02  9.6314E-01  3.2369E+01
0000428 5.7143E-01  3.1218E+01  1.9998E+00  1.1857E+00  5.2006E-01  1.3884E+03
0000428 5.6130E-01  3.7202E+01 -4.0014E+00  7.3227E+00  5.1543E-01  1.0132E+01
0000428 5.4399E-01  4.2707E+01 -1.1049E+01  1.2672E+01  5.0742E-01  6.5626E+00
0000428 5.2710E-01  4.8150E+01 -1.7317E+01  1.8849E+01  4.9949E-01  6.3857E+00
0000428 3.8327E-01  5.2836E+01 -2.4355E+01  2.4684E+01  4.2592E-01  1.4383E+02
0000428 1.3136E-01  6.0693E+01 -2.7139E+01  2.9383E+01  2.4935E-01  2.5191E+02
0000428 3.6661E-02  6.0834E+01 -3.0883E+01  3.6038E+01  1.3173E-01  9.0889E+01
0000428 1.6685E-02  5.5909E+01 -3.3188E+01  3.8526E+01  8.8867E-02  1.8401E+01
0000428 0.0000E+00  4.4760E+01 -2.5932E+01  4.4825E+01  0.0000E+00  1.0284E+01
0000429 2.0000E+00  0.0000E+00  0.0000E+00  0.0000E+00  9.7295E-01  0.0000E+00
0000429 1.9697E+00  1.4702E+01  8.5770E-03 -1.4840E-01  9.6554E-01  1.3931E+00
0000429 1.9599E+00  2.7263E+01  1.2376E-01 -5.1342E-03  9.6316E-01  9.7202E+00
0000429 1.9239E+00  4.1273E+01  9.8926E-01  8.1218E-01  9.5425E-01  8.9942E+00
0000429 1.8901E+00  5.5262E+01  1.4112E+00  7.7891E-01  9.4584E-01  7.0508E+00
0000429 1.8589E+00  6.9144E+01  2.3936E+00  1.1053E-01  9.3799E-01  4.8739E+00
0000429 3.5560E-01  8.2956E+01  2.9090E+00 -1.0927E+00  4.1026E-01  1.5033E+03
0000429 3.4415E-01  8.6971E+01 -4.3106E+00 -5.6053E+00  4.0360E-01  3.7234E+00
0000429 1.8390E-01  9.0218E+01 -1.2020E+01 -9.7732E+00  2.9503E-01  1.5270E+02
0000429 1.0473E-01  9.7485E+01 -1.5312E+01 -1.1583E+01  2.2265E-01  7.4339E+01
0000429 2.1250E-02  1.0046E+02 -2.1815E+01 -1.3051E+01  1.0029E-01  8.0234E+01
0000429 1.9156E-02  9.9183E+01 -2.4115E+01 -1.7795E+01  9.5221E-02  2.0938E+00
0000429 4.4066E-03  1.0764E+02 -3.4211E+01 -3.2245E+01  4.5670E-02  7.9733E+00
0000429 0.0000E+00  1.1125E+02 -3.5188E+01 -3.8012E+01  0.0000E+00  1.1471E+00
0000430 2.0000E+00  0.0000E+00  0.0000E+00  0.0000E+00  9.7295E-01  0.0000E+00
0000430 1.9891E+00  3.9702E+00  0.0000E+00  0.0000E+00  9.7029E-01  1.0930E+01
0000430 1.9753E+00  8.8603E+00  4.0223E-02  3.6020E-01  9.6691E-01  4.2959E+00
0000430 1.9594E+00  2.6887E+01  8.1436E-01  1.0925E+00  9.6303E-01  1.5734E+01
0000430 1.0973E+00  4.0807E+01  2.6854E+00  1.7481E+00  7.2069E-01  8.3499E+02
0000430 5.0535E-01  5.0627E+01  1.1191E+00 -5.2976E+00  4.8907E-01  5.7442E+02
0000430 4.8849E-01  5.9355E+01  6.2512E+00 -6.3177E+00  4.8084E-01  6.9053E+00
0000430 3.7706E-01  6.8531E+01  1.0450E+01 -6.7281E+00  4.2246E-01  1.0172E+02
0000430 2.9376E-01  7.9552E+01  2.5661E+01 -3.9686E+00  3.7288E-01  7.6249E+01
0000430 2.6654E-01  8.4243E+01  3.2849E+01 -6.7752E+00  3.5519E-01  2.1206E+01
0000430 2.4896E-01  8.6722E+01  4.1004E+01 -9.1370E+00  3.4327E-01  1.1297E+01
0000430 2.2923E-01  9.0838E+01  4.8449E+01 -1.1039E+01  3.2939E-01  1.3747E+01
0000430 1.7290E-01  9.3877E+01  5.6456E+01 -1.1259E+01  2.8607E-01  5.0689E+01
0000430 1.6467E-01  9.9973E+01  6.1727E+01 -1.1791E+01  2.7918E-01  3.6053E+00
0000430 9.7762E-02  1.0642E+02  6.6439E+01 -1.1343E+01  2.1511E-01  6.6908E+01
0000430 8.5604E-02  1.1359E+02  6.6001E+01 -1.0855E+01  2.0129E-01  9.0598E+00
0000430 7.8297E-02  1.2006E+02  6.3559E+01 -9.6726E+00  1.9251E-01  7.3070E+00
0000430 6.9323E-02  1.2673E+02  6.3104E+01 -7.9985E+00  1.8114E-01  8.9742E+00
0000430 5.8029E-02  1.3258E+02  6.0492E+01 -5.9110E+00  1.6573E-01  1.1294E+01
0000430 4.3610E-02  1.4543E+02  6.0818E+01 -5.4381E+00  1.4367E-01  7.8647E+00
0000430 3.9192E-02  1.5109E+02  6.0827E+01 -7.8926E+00  1.3620E-01  2.6444E+00
0000430 1.1809E-02  1.6209E+02  5.6965E+01 -1.0490E+01  7.4762E-02  2.4933E+01
0000430 9.2096E-03  1.6288E+02  5.2382E+01 -1.2042E+01  6.6023E-02  1.8662E+00
0000430 0.0000E+00  1.6673E+02  3.9491E+01 -1.8764E+01  0.0000E+00  1.0764E+00
0000431 2.0000E+00  0.0000E+00  0.0000E+00  0.0000E+00  9.7295E-01  0.0000E+00
0000431 1.9519E+00  1.2248E+01  1.1929E-02  5.2503E-02  9.6118E-01  3.1828E+01
0000431 1.4835E+00  2.6199E+01  3.2815E-01 -1.5491E+00  8.3794E-01  4.4146E+02
0000431 1.4581E+00  3.7383E+01 -4.7739E+00 -6.1230E+00  8.3075E-01  3.3774E+00
0000431 1.3776E+00  4.8675E+01 -1.0004E+01 -1.0088E+01  8.0748E-01  8.0533E+01
0000431 1.3283E+00  5.8183E+01 -1.5904E+01 -1.6465E+01  7.9291E-01  2.8456E+01
0000431 1.2883E+00  6.8677E+01 -2.1291E+01 -2.1345E+01  7.8089E-01  3.9982E+01
0000431 1.2777E+00  7.8192E+01 -2.6166E+01 -2.8146E+01  7.7766E-01  1.0622E+01
0000431 1.2498E+00  8.7604E+01 -3.1971E+01 -3.4278E+01  7.6914E-01  8.1928E+00
0000431 5.9390E-01  1.0727E+02 -4.1795E+01 -4.6471E+01  5.3019E-01  6.3292E+02
0000431 5.6931E-01  1.1330E+02 -5.0376E+01 -4.5307E+01  5.1910E-01  1.3400E+01
0000431 5.2634E-01  1.1994E+02 -5.8453E+01 -4.5540E+01  4.9912E-01  3.2117E+01
0000431 2.6415E-01  1.2485E+02 -6.7269E+01 -4.7441E+01  3.5359E-01  2.6218E+02
0000431 2.5259E-01  1.3299E+02 -6.9454E+01 -5.0063E+01  3.4577E-01  5.3187E+00
0000431 2.1252E-01  1.4123E+02 -7.0386E+01 -5.2849E+01  3.1716E-01  3.4023E+01
0000431 1.9417E-01  1.4823E+02 -6.8760E+01 -5.7246E+01  3.0316E-01  1.2999E+01
0000431 1.7477E-01  1.5391E+02 -6.7726E+01 -6.3177E+01  2.8762E-01  1.9402E+01
0000431 3.3048E-02  1.6077E+02 -6.8334E+01 -6.7433E+01  1.2507E-01  1.4172E+02
0000431 1.1751E-02  1.6019E+02 -6.8062E+01 -7.3266E+01  7.4577E-02  2.1297E+01
0000431 5.0321E-03  1.6119E+02 -6.4212E+01 -7.6126E+01  4.8803E-02  6.7185E+00
0000431 0.0000E+00  1.5759E+02 -6.3373E+01 -8.3395E+01  0.0000E+00  3.7866E+00
0000432 2.0000E+00  0.0000E+00  0.0000E+00  0.0000E+00  9.7295E-01  0.0000E+00
0000432 8.5920E-01  1.6942E+01  2.1484E-02 -9.0315E-02  6.3771E-01  1.1407E+03
0000432 6.0694E-01  2.3420E+01  7.2177E+00 -2.2582E+00  5.3598E-01  2.3960E+02
0000432 5.1469E-01  2.5905E+01  1.7518E+01 -1.7548E+00  4.9357E-01  9.2248E+01
0000432 4.6344E-01  3.0724E+01  2.5883E+01  1.5951E+00  4.6835E-01  4.1167E+01
0000432 4.5933E-01  3.3078E+01  3.4240E+01  6.5175E+00  4.6627E-01  4.1085E+00
0000432 4.2468E-01  3.7182E+01  5.0923E+01  1.6447E+01  4.4834E-01  2.7034E+01
0000432 3.4806E-01  4.0127E+01  5.9940E+01  1.8863E+01  4.0589E-01  7.6615E+01
0000432 3.2945E-01  4.1614E+01  6.7089E+01  2.4733E+01  3.9488E-01  1.8615E+01
0000432 3.1028E-01  4.3965E+01  7.5070E+01  2.8793E+01  3.8322E-01  1.9171E+01
0000432 3.0338E-01  4.8332E+01  8.2344E+01  3.2187E+01  3.7894E-01  6.8927E+00
0000432 9.8604E-02  5.2128E+01  8.9230E+01  3.6757E+01  2.1603E-01  1.9789E+02
0000432 8.4323E-02  5.1758E+01  9.0192E+01  4.3896E+01  1.9978E-01  1.4280E+01
0000432 2.8252E-02  4.9949E+01  8.8851E+01  5.0520E+01  1.1564E-01  5.3276E+01
0000432 1.6371E-02  5.5988E+01  8.6106E+01  5.9433E+01  8.8027E-02  8.5527E+00
0000432 9.4559E-03  5.7568E+01  7.3733E+01  6.6850E+01  6.6900E-02  1.5630E+00
0000432 0.0000E+00  5.9520E+01  6.2017E+01  7.3580E+01  0.0000E+00  1.2843E+00
0000433 2.0000E+00  0.0000E+00  0.0000E+00  0.0000E+00  9.7295E-01  0.0000E+00
0000433 1.9448E+00  3.9702E+00  0.0000E+00  0.0000E+00  9.5942E-01  4.7503E+01
0000433 1.3196E+00  2.8546E+01  4.0411E+00 -5.5098E-01  7.9030E-01  5.9739E+02
0000433 1.2431E+00  3.9668E+01  6.6891E-01 -5.7815E+00  7.6707E-01  5.6267E+01
0000433 1.2150E+00  4.9131E+01 -4.1668E+00 -1.2478E+01  7.5833E-01  8.9077E+00
0000433 9.5412E-01  5.8989E+01 -8.0075E+00 -1.9118E+01  6.7201E-01  2.6085E+02
0000433 9.3209E-01  6.6808E+01 -1.6182E+01 -2.2432E+01  6.6421E-01  6.1905E+00
0000433 9.1151E-01  7.4634E+01 -2.3866E+01 -2.6569E+01  6.5684E-01  5.0031E+00
0000433 7.2006E-01  8.2281E+01 -3.1983E+01 -2.9977E+01  5.8379E-01  1.9145E+02
0000433 7.0251E-01  9.2408E+01 -3.6339E+01 -3.0435E+01  5.7664E-01  4.6607E+00
0000433 6.8187E-01  1.0220E+02 -4.1157E+01 -3.1582E+01  5.6810E-01  2.0640E+01
0000433 1.2120E-02  1.1155E+02 -4.6727E+01 -3.1061E+01  7.5742E-02  6.5737E+02
0000433 0.0000E+00  1.1014E+02 -5.0088E+01 -2.7748E+01  0.0000E+00  1.0561E+01
0000434 2.0000E+00  0.0000E+00  0.0000E+00  0.0000E+00  9.7295E-01  0.0000E+00
0000434 1.9721E+00  1.1872E+01 -4.8019E-02 -5.0945E-01  9.6614E-01  4.1559E+00
0000434 1.9681E+00  2.2980E+01 -1.5717E-01 -1.7373E+00  9.6515E-01  4.0394E+00
0000434 1.7379E+00  3.7017E+01  6.2718E-02 -2.7585E+00  9.0697E-01  2.0296E+02
0000434 1.5163E+00  4.9564E+01  1.4694E+00 -7.9255E+00  8.4717E-01  2.2162E+02
0000434 1.4746E+00  5.9102E+01  2.7291E+00 -1.6945E+01  8.3544E-01  1.9370E+01
0000434 1.4408E+00  6.8551E+01  2.4908E+00 -2.6010E+01  8.2581E-01  1.1916E+01
0000434 1.3504E+00  7.8725E+01  2.2679E+00 -3.4136E+01  7.9947E-01  6.8924E+01
0000434 9.4881E-01  8.7191E+01  1.0487E-01 -4.3513E+01  6.7014E-01  4.0157E+02
0000434 5.4345E-01  8.8995E+01 -3.7862E+00 -5.4475E+01  5.0717E-01  4.0536E+02
0000434 5.3590E-01  9.5646E+01 -9.7744E+00 -5.9663E+01  5.0364E-01  7.5444E+00
0000434 4.0511E-01  1.0223E+02 -1.4908E+01 -6.5718E+01  4.3789E-01  1.3079E+02
0000434 2.8791E-01  1.0409E+02 -1.9882E+01 -7.3818E+01  3.6915E-01  1.0872E+02
0000434 2.1040E-01  1.0442E+02 -2.7819E+01 -7.8030E+01  3.1557E-01  7.7509E+01
0000434 1.2195E-01  1.0887E+02 -3.3442E+01 -8.2440E+01  2.4025E-01  8.8451E+01
0000434 7.7076E-02  1.1171E+02 -4.0365E+01 -8.1675E+01  1.9100E-01  4.4874E+01
0000434 4.9966E-02  1.1433E+02 -4.5626E+01 -8.5248E+01  1.5378E-01  2.4485E+01
0000434 3.0935E-02  1.1228E+02 -5.5032E+01 -9.3195E+01  1.2101E-01  1.5830E+01
0000434 2.6795E-02  1.1419E+02 -5.8148E+01 -9.7698E+01  1.1262E-01  2.7367E+00
0000434 9.9655E-03  1.1704E+02 -6.1882E+01 -1.0084E+02  6.8679E-02  1.6830E+01
0000434 0.0000E+00  1.2786E+02 -6.0870E+01 -9.7491E+01  0.0000E+00  2.1166E+00
0000435 2.0000E+00  0.0000E+00  0.0000E+00  0.0000E+00  9.7295E-01  0.0000E+00
0000435 9.5974E-01  1.7721E+01 -5.1999E-02 -1.3539E-01  6.7399E-01  1.0133E+03
0000435 8.6496E-01  2.8714E+01  1.1030E+01  2.0237E+00  6.3985E-01  8.9370E+01
0000435 5.7646E-01  3.5962E+01  1.9790E+01  1.8869E-01  5.2235E-01  2.8851E+02
0000435 5.6194E-01  4.5581E+01  2.3488E+01  2.1154E+00  5.1573E-01  3.5618E+00
0000435 1.4816E-01  5.4789E+01  2.7764E+01  4.4778E+00  2.6481E-01  4.0303E+02
0000435 9.8675E-02  6.0259E+01  2.8907E+01 -1.0009E+00  2.1611E-01  4.5338E+01
0000435 3.5491E-02  6.1588E+01  2.9623E+01 -8.0556E+00  1.2961E-01  6.3184E+01
0000435 2.7649E-02  6.2625E+01  3.4686E+01 -1.0993E+01  1.1440E-01  7.8420E+00
0000435 9.0299E-03  6.2794E+01  4.5166E+01 -1.3790E+01  6.5376E-02  1.1393E+01
0000435 0.0000E+00  5.7391E+01  5.1128E+01 -1.6211E+01  0.0000E+00  4.8354E+00
0000436 2.0000E+00  0.0000E+00  0.0000E+00  0.0000E+00  9.7295E-01  0.0000E+00
0000436 7.3770E-01  3.9702E+00  0.0000E+00  0.0000E+00  5.9090E-01  1.2546E+03
0000436 4.6408E-01  1.1168E+01  9.3266E-01 -9.5246E+00  4.6867E-01  2.7338E+02
0000436 4.4567E-01  1.4534E+01 -4.1359E+00 -1.7440E+01  4.5928E-01  9.0503E+00
0000436 4.1343E-01  1.9002E+01 -9.4258E+00 -2.4507E+01  4.4236E-01  2.3147E+01
0000436 1.5895E-01  2.1706E+01 -1.6072E+01 -3.1079E+01  2.7429E-01  2.5448E+02
0000436 4.5263E-02  2.6657E+01 -1.5193E+01 -3.7222E+01  1.4637E-01  1.0934E+02
0000436 3.7042E-02  2.6975E+01 -9.9620E+00 -4.0565E+01  1.3241E-01  8.2208E+00
0000436 5.0311E-03  2.4725E+01 -5.1110E+00 -4.3267E+01  4.8799E-02  3.2011E+01
0000436 0.0000E+00  2.5825E+01 -4.9509E+00 -4.7385E+01  0.0000E+00  4.6063E+00
0000437 2.0000E+00  0.0000E+00  0.0000E+00  0.0000E+00  9.7295E-01  0.0000E+00
0000437 1.5142E+00  1.1908E+01  1.5340E-01 -1.2846E-01  8.4659E-01  4.6911E+02
0000437 1.4959E+00  2.3266E+01  6.4931E+00 -2.2742E+00  8.4144E-01  1.8380E+01
0000437 1.4683E+00  3.3894E+01  1.3538E+01 -5.4600E+00  8.3365E-01  5.4254E+00
0000437 1.4523E+00  5.4514E+01  2.8294E+01 -1.1812E+01  8.2910E-01  9.8596E+00
0000437 2.6581E-01  6.4363E+01  3.6166E+01 -1.5170E+01  3.5470E-01  1.1865E+03
0000437 8.2473E-02  6.4278E+01  4.4157E+01 -1.1393E+01  1.9758E-01  1.8333E+02
0000437 7.9397E-02  6.0723E+01  4.5673E+01 -5.5972E+00  1.9386E-01  3.0761E+00
0000437 3.3898E-02  5.8363E+01  4.6953E+01  7.7492E-01  1.2667E-01  4.2818E+01
0000437 2.8926E-02  5.4897E+01  3.9731E+01  9.1648E+00  1.1701E-01  2.4996E+00
0000437 1.9449E-02  5.2911E+01  3.5031E+01  1.1770E+01  9.5945E-02  9.4772E+00
0000437 7.8051E-03  4.8197E+01  2.5697E+01  1.1883E+01  6.0781E-02  9.7743E+00
0000437 0.0000E+00  3.7669E+01  1.2491E+01  2.3341E+00  0.0000E+00  8.5101E-01
0000438 2.0000E+00  0.0000E+00  0.0000E+00  0.0000E+00  9.7295E-01  0.0000E+00
0000438 1.7533E+00  3.9702E+00  0.0000E+00  0.0000E+00  9.1098E-01  2.4666E+02
0000438 1.7096E+00  1.4416E+01 -2.8385E+00 -2.6995E+00  8.9953E-01  2.3453E+01
0000438 1.6748E+00  2.3542E+01 -5.8997E+00 -6.1782E+00  8.9034E-01  3.4781E+01
0000438 1.6633E+00  3.6057E+01 -8.0662E+00 -1.0803E+01  8.8727E-01  1.1524E+01
0000438 1.6453E+00  4.8907E+01 -1.0139E+01 -1.4363E+01  8.8247E-01  1.7940E+01
0000438 2.6233E-01  6.1232E+01 -1.2656E+01 -1.9143E+01  3.5237E-01  1.3592E+03
0000438 2.0482E-01  6.7703E+01 -9.1450E+00 -1.4297E+01  3.1136E-01  5.1299E+01
0000438 1.0620E-01  7.1586E+01 -2.7976E+00 -1.0472E+01  2.2420E-01  9.3408E+01
0000438 9.0670E-02  7.4959E+01  3.3831E+00 -1.2473E+01  2.0716E-01  1.5528E+01
0000438 7.8871E-02  7.9729E+01  8.6293E+00 -1.2212E+01  1.9321E-01  1.1800E+01
0000438 5.8221E-02  9.2492E+01  1.3061E+01 -1.2926E+01  1.6600E-01  9.7173E+00
0000438 4.5615E-02  1.0445E+02  1.0972E+01 -1.6991E+01  1.4694E-01  7.4729E+00
0000438 1.4550E-02  1.0845E+02  9.1748E+00 -2.1404E+01  8.2986E-02  2.9235E+01
0000438 4.8412E-03  1.1236E+02  1.1933E+01 -2.3110E+01  4.7869E-02  8.8653E+00
0000438 0.0000E+00  1.1828E+02  1.5044E+01 -2.1460E+01  0.0000E+00  8.6598E-01
0000439 2.0000E+00  0.0000E+00  0.0000E+00  0.0000E+00  9.7295E-01  0.0000E+00
0000439 1.2288E+00  9.4725E+00 -3.7055E-02 -2.6165E-02  7.6264E-01  7.6033E+02
0000439 1.1978E+00  1.9082E+01 -7.4148E+00 -2.1543E+00  7.5295E-01  1.2278E+01
0000439 1.1667E+00  2.9075E+01 -1.4144E+01 -5.2880E+00  7.4312E-01  1.2315E+01
0000439 1.1373E+00  3.8200E+01 -2.1678E+01 -8.8883E+00  7.3368E-01  2.9456E+01
0000439 1.1043E+00  4.7715E+01 -2.9280E+01 -1.0562E+01  7.2297E-01  3.2976E+01
0000439 1.0778E+00  5.7050E+01 -3.7134E+01 -1.0164E+01  7.1423E-01  8.8779E+00
0000439 9.8204E-01  6.6685E+01 -4.4493E+01 -1.0705E+01  6.8177E-01  9.5723E+01
0000439 9.6221E-01  7.4583E+01 -5.3014E+01 -8.2809E+00  6.7485E-01  3.6492E+00
0000439 9.5735E-01  8.1957E+01 -6.1782E+01 -5.4123E+00  6.7315E-01  4.8541E+00
0000439 9.3334E-01  9.7256E+01 -7.9057E+01 -5.9777E-01  6.6466E-01  4.5265E+00
0000439 9.0518E-01  1.0413E+02 -8.8350E+01  1.3783E+00  6.5455E-01  1.2582E+01
0000439 8.5368E-01  1.1196E+02 -9.6683E+01  3.5575E+00  6.3566E-01  3.6251E+01
0000439 7.7860E-01  1.2124E+02 -1.0320E+02  5.3640E+00  6.0706E-01  7.5087E+01
0000439 5.8142E-01  1.2910E+02 -1.1118E+02  4.4267E+00  5.2459E-01  1.9718E+02
0000439 3.9793E-01  1.3167E+02 -1.2129E+02  3.2498E+00  4.3399E-01  1.7247E+02
0000439 3.7906E-01  1.3390E+02 -1.2960E+02  7.6168E+00  4.2358E-01  1.0493E+01
0000439 3.6372E-01  1.3601E+02 -1.3700E+02  1.3271E+01  4.1491E-01  7.2597E+00
0000439 3.3952E-01  1.3700E+02 -1.4401E+02  1.9543E+01  4.0087E-01  2.4201E+01
0000439 3.2063E-01  1.3713E+02 -1.4924E+02  2.7254E+01  3.8956E-01  1.1418E+01
0000439 3.0749E-01  1.3828E+02 -1.5318E+02  3.5490E+01  3.8150E-01  5.9683E+00
0000439 1.0537E-01  1.3817E+02 -1.5721E+02  4.3672E+01  2.2332E-01  1.9516E+02
0000439 5.3825E-02  1.3421E+02 -1.5515E+02  4.9460E+01  1.5961E-01  4.8279E+01
0000439 7.5710E-03  1.3302E+02 -1.4966E+02  5.2573E+01  5.9862E-02  4.4204E+01
0000439 0.0000E+00  1.4346E+02 -1.4678E+02  5.8571E+01  0.0000E+00  3.5356E+00
0000440 2.0000E+00  0.0000E+00  0.0000E+00  0.0000E+00  9.7295E-01  0.0000E+00
0000440 1.9858E+00  2.7774E+01  1.6733E-01 -3.0625E-01  9.6950E-01  1.2108E+01
0000440 1.9076E+00  5.5938E+01 -1.3073E+00 -2.5184E-01  9.5021E-01  7.4791E+01
0000440 1.8850E+00  6.9577E+01 -3.8863E+00 -1.7847E+00  9.4456E-01  2.2600E+01
0000440 1.8621E+00  8.3371E+01 -4.9531E+00 -3.3470E+00  9.3880E-01  2.2905E+01
0000440 1.8069E+00  9.7026E+01 -7.3232E+00 -4.1099E+00  9.2479E-01  2.9100E+01
0000440 1.4626E+00  1.1072E+02 -8.6774E+00 -3.4519E+00  8.3202E-01  3.1888E+02
0000440 1.4513E+00  1.2192E+02 -1.5308E+01 -2.2845E+00  8.2881E-01  1.1250E+01
0000440 1.4230E+00  1.3259E+02 -2.2789E+01 -1.6731E+00  8.2068E-01  6.7056E+00
0000440 1.2542E+00  1.4335E+02 -2.9909E+01 -2.4843E-01  7.7047E-01  1.4892E+02
0000440 1.2305E+00  1.5169E+02 -3.8054E+01  4.5025E+00  7.6315E-01  4.3258E+00
0000440 1.2055E+00  1.6039E+02 -4.5582E+01  9.4662E+00  7.5538E-01  5.8032E+00
0000440 1.1549E+00  1.6917E+02 -5.2476E+01  1.5018E+01  7.3934E-01  3.1833E+01
0000440 1.1037E+00  1.7652E+02 -5.9503E+01  2.2014E+01  7.2276E-01  3.2961E+01
0000440 1.0466E+00  1.8210E+02 -6.6677E+01  3.0155E+01  7.0381E-01  5.7107E+01
0000440 1.0261E+00  1.8507E+02 -7.4725E+01  3.8619E+01  6.9689E-01  3.5356E+00
0000440 9.3699E-01  1.8781E+02 -8.3243E+01  4.6604E+01  6.6595E-01  7.2354E+01
0000440 8.8641E-01  1.8751E+02 -9.1063E+01  5.5351E+01  6.4773E-01  3.4953E+01
0000440 8.6555E-01  1.8519E+02 -9.9335E+01  6.3121E+01  6.4006E-01  5.8480E+00
0000440 8.0475E-01  1.8201E+02 -1.0720E+02  7.0908E+01  6.1717E-01  6.0802E+01
0000440 6.2825E-01  1.7864E+02 -1.1669E+02  7.6102E+01  5.4531E-01  1.6252E+02
0000440 5.7497E-01  1.7309E+02 -1.2581E+02  7.6626E+01  5.2167E-01  5.3285E+01
0000440 2.4053E-01  1.6833E+02 -1.3480E+02  7.4129E+01  3.3741E-01  3.2351E+02
0000440 1.7910E-01  1.6764E+02 -1.4224E+02  7.8500E+01  2.9116E-01  5.5582E+01
0000440 1.6947E-01  1.6694E+02 -1.5034E+02  7.8674E+01  2.8322E-01  9.6381E+00
0000440 8.0864E-02  1.6536E+02 -1.5809E+02  7.7212E+01  1.9564E-01  8.8602E+01
0000440 5.0284E-03  1.6891E+02 -1.6398E+02  7.8193E+01  4.8786E-02  7.3121E+01
0000440 0.0000E+00  1.6760E+02 -1.6728E+02  9.1384E+01  0.0000E+00  6.3700E-01
0000441 2.0000E+00  0.0000E+00  0.0000E+00  0.0000E+00  9.7295E-01  0.0000E+00
0000441 1.9875E+00  1.1906E+01 -1.6961E-01  6.5487E-02  9.6990E-01  7.5191E-02
0000441 1.9722E+00  2.6005E+01 -6.8121E-01  3.4590E-01  9.6618E-01  1.5243E+01
0000441 1.8998E+00  4.0025E+01 -1.6980E+00 -4.9887E-01  9.4827E-01  7.2445E+01
0000441 1.8230E+00  5.3511E+01 -5.2668E+00 -6.3693E-01  9.2889E-01  5.0366E+01
0000441 1.7121E+00  6.7105E+01 -7.1959E+00  8.1627E-01  9.0020E-01  8.5222E+01
0000441 1.6797E+00  7.9689E+01 -1.1888E+01  2.8995E+00  8.9165E-01  7.9161E+00
0000441 1.5465E+00  1.0359E+02 -2.3547E+01  7.7183E+00  8.5557E-01  1.0289E+02
0000441 1.0590E+00  1.1422E+02 -3.1463E+01  7.5291E+00  7.0799E-01  4.8752E+02
0000441 8.5225E-01  1.3209E+02 -4.0613E+01  2.0949E+01  6.3513E-01  2.0338E+02
0000441 8.4493E-01  1.4193E+02 -3.9832E+01  2.6805E+01  6.3239E-01  7.3295E+00
0000441 8.2489E-01  1.5172E+02 -3.8007E+01  3.2456E+01  6.2485E-01  5.5447E+00
0000441 5.2837E-01  1.6165E+02 -3.7101E+01  3.7975E+01  5.0009E-01  2.8229E+02
0000441 5.1412E-01  1.6686E+02 -4.0272E+01  4.6245E+01  4.9330E-01  1.4248E+01
0000441 1.6387E-01  1.7080E+02 -4.2715E+01  5.5347E+01  2.7850E-01  3.5026E+02
0000441 6.0277E-03  1.7291E+02 -3.7398E+01  6.0926E+01  5.3414E-02  1.5784E+02
0000441 0.0000E+00  1.8522E+02 -5.2741E+01  7.0138E+01  0.0000E+00  5.6639E-01
0000442 2.0000E+00  0.0000E+00  0.0000E+00  0.0000E+00  9.7295E-01  0.0000E+00
0000442 1.2382E+00  3.9702E+00  0.0000E+00  0.0000E+00  7.6553E-01  7.6185E+02
0000442 1.1752E+00  7.8249E+00  1.0500E+00 -2.8346E+00  7.4583E-01  6.2925E+01
0000442 1.1533E+00  1.9436E+01  1.6952E+00 -1.4343E+01  7.3885E-01  2.1829E+01
0000442 1.0816E+00  2.8139E+01  3.8595E+00 -2.2812E+01  7.1548E-01  5.3564E+01
0000442 1.0557E+00  3.5148E+01  8.0335E+00 -3.1811E+01  7.0688E-01  8.4872E+00
0000442 1.0188E+00  4.1243E+01  1.2142E+01 -4.1391E+01  6.9443E-01  1.9784E+01
0000442 9.9580E-01  4.5983E+01  1.7201E+01 -5.1152E+01  6.8653E-01  6.4014E+00
0000442 9.5844E-01  4.9833E+01  2.2182E+01 -6.1260E+01  6.7353E-01  2.1003E+01
0000442 9.2070E-01  5.8313E+01  2.8747E+01 -8.2254E+01  6.6014E-01  1.7608E+01
0000442 3.4605E-01  6.3656E+01  3.1800E+01 -9.2191E+01  4.0471E-01  5.5922E+02
0000442 3.1921E-01  5.9830E+01  3.3274E+01 -1.0060E+02  3.8870E-01  2.6844E+01
0000442 3.0238E-01  5.5854E+01  3.7128E+01 -1.0794E+02  3.7832E-01  1.3358E+01
0000442 2.8180E-01  5.2758E+01  4.2505E+01 -1.1458E+02  3.6522E-01  2.0578E+01
0000442 2.7166E-01  5.1525E+01  4.6871E+01 -1.2230E+02  3.5858E-01  3.6042E+00
0000442 1.6183E-01  4.9480E+01  5.0618E+01 -1.3009E+02  2.7677E-01  1.0346E+02
0000442 9.2413E-02  4.5785E+01  4.9048E+01 -1.3697E+02  2.0914E-01  6.9422E+01
0000442 6.9410E-02  4.6439E+01  5.0563E+01 -1.4390E+02  1.8125E-01  2.3002E+01
0000442 5.9039E-02  4.9948E+01  5.3257E+01 -1.4898E+02  1.6717E-01  7.9284E+00
0000442 4.3042E-02  5.3156E+01  5.7691E+01 -1.5255E+02  1.4273E-01  1.5997E+01
0000442 2.6824E-02  5.6429E+01  5.9011E+01 -1.5759E+02  1.1268E-01  1.4460E+01
0000442 1.3049E-02  5.8386E+01  5.6869E+01 -1.6244E+02  7.8591E-02  1.2501E+01
0000442 8.9084E-03  6.1821E+01  5.8207E+01 -1.6580E+02  6.4935E-02  4.1410E+00
0000442 0.0000E+00  7.1204E+01  5.3523E+01 -1.7197E+02  0.0000E+00  1.8666E+00
0000443 2.0000E+00  0.0000E+00  0.0000E+00  0.0000E+00  9.7295E-01  0.0000E+00
0000443 1.9852E+00  3.9702E+00  0.0000E+00  0.0000E+00  9.6933E-01  7.1242E+00
0000443 1.9726E+00  1.0379E+01 -2.3650E-01  3.0235E-01  9.6625E-01  1.5244E-01
0000443 1.7346E+00  2.2296E+01 -7.7455E-01  8.2774E-01  9.0609E-01  2.1492E+02
0000443 1.7002E+00  3.5417E+01  2.1316E+00 -1.4803E+00  8.9708E-01  9.6203E+00
0000443 1.6416E+00  4.8381E+01  4.5441E+00 -4.6706E+00  8.8147E-01  3.4304E+01
0000443 1.6217E+00  6.1477E+01  5.0272E+00 -7.6966E+00  8.7612E-01  1.9860E+01
0000443 1.5722E+00  7.4625E+01  4.1367E+00 -1.0175E+01  8.6265E-01  2.5996E+01
0000443 1.5437E+00  8.7881E+01  3.2801E+00 -1.0947E+01  8.5478E-01  5.5833E+00
0000443 1.5223E+00  1.0103E+02  2.7560E+00 -1.2439E+01  8.4884E-01  2.1409E+01
0000443 1.5023E+00  1.1422E+02  2.1079E+00 -1.2375E+01  8.4326E-01  1.9930E+01
0000443 1.4468E+00  1.2726E+02  1.2986E+00 -1.0817E+01  8.2751E-01  3.3405E+01
0000443 1.0310E+00  1.4022E+02  2.3306E+00 -9.9726E+00  6.9855E-01  4.1580E+02
0000443 1.0016E+00  1.5056E+02  5.0318E+00 -1.5460E+01  6.8852E-01  2.9406E+01
0000443 9.5616E-01  1.6055E+02  9.5565E+00 -2.0122E+01  6.7273E-01  2.8973E+01
0000443 8.8963E-01  1.8157E+02  1.3919E+01 -2.9857E+01  6.4890E-01  6.2711E+01
0000443 8.2124E-01  1.9294E+02  1.4565E+01 -3.1991E+01  6.2346E-01  6.5866E+01
0000443 6.2697E-01  2.0423E+02  1.3206E+01 -3.1676E+01  5.4475E-01  1.9427E+02
0000443 4.5181E-01  2.1413E+02  1.6934E+01 -3.3193E+01  4.6244E-01  1.7517E+02
0000443 3.6773E-01  2.2391E+02  1.5385E+01 -3.2528E+01  4.1719E-01  7.4899E+01
0000443 1.0271E-02  2.3242E+02  1.5512E+01 -2.8339E+01  6.9725E-02  3.5746E+02
0000443 6.6914E-03  2.3361E+02  2.0096E+01 -2.9067E+01  5.6278E-02  2.9119E+00
0000443 0.0000E+00  2.3083E+02  2.3778E+01 -3.4278E+01  0.0000E+00  1.2398E+00
0000444 2.0000E+00  0.0000E+00  0.0000E+00  0.0000E+00  9.7295E-01  0.0000E+00
0000444 1.9404E+00  1.5452E+01  4.7446E-02  1.1188E-01  9.5834E-01  5.9388E+01
0000444 1.9267E+00  1.9366E+01  5.2211E-01 -3.5767E-01  9.5495E-01  6.1185E+00
0000444 2.9848E-01  3.3247E+01  1.4150E+00 -1.9459E+00  3.7586E-01  1.6014E+03
0000444 6.8033E-02  3.7799E+01 -5.0104E+00  2.5385E+00  1.7945E-01  2.2363E+02
0000444 5.5399E-02  3.7815E+01 -1.1268E+01  1.1127E-01  1.6193E-01  1.2634E+01
0000444 3.4798E-02  3.5450E+01 -1.6182E+01 -3.3431E+00  1.2834E-01  1.8510E+01
0000444 2.0015E-02  3.6428E+01 -1.9619E+01 -8.0671E+00  9.7331E-02  1.4783E+01
0000444 3.1778E-03  3.6483E+01 -1.9259E+01 -1.3422E+01  3.8783E-02  1.5792E+01
0000444 0.0000E+00  3.3840E+01 -1.3183E+01 -1.4485E+01  0.0000E+00  1.0040E+00
0000445 2.0000E+00  0.0000E+00  0.0000E+00  0.0000E+00  9.7295E-01  0.0000E+00
0000445 1.9061E+00  7.9404E+00 -6.2139E-03  1.8076E-02  9.4984E-01  8.6117E+01
0000445 1.8982E+00  1.1820E+01  8.1334E-02  8.5573E-01  9.4786E-01  3.9665E-01
0000445 1.7746E+00  2.5409E+01  3.3388E-01  3.9879E+00  9.1649E-01  1.2355E+02
0000445 1.7425E+00  3.9106E+01  8.7070E-01  3.5681E+00  9.0816E-01  6.9837E+00
0000445 1.7136E+00  5.2746E+01  5.4279E-01  3.1217E+00  9.0059E-01  4.1189E+00
0000445 1.0612E+00  6.6302E+01 -4.3190E-01  2.8270E+00  7.0874E-01  6.2786E+02
0000445 1.0223E+00  7.5433E+01 -5.2063E+00 -3.4988E+00  6.9561E-01  2.1804E+01
0000445 9.4874E-01  8.4811E+01 -1.0876E+01 -8.3449E+00  6.7012E-01  5.6893E+01
0000445 8.5280E-01  9.3177E+01 -1.8557E+01 -1.1441E+01  6.3533E-01  8.0168E+01
0000445 7.7405E-01  1.0329E+02 -2.3827E+01 -1.2777E+01  6.0528E-01  6.9237E+01
0000445 6.6531E-01  1.1427E+02 -2.6138E+01 -1.2952E+01  5.6116E-01  1.0874E+02
0000445 6.4877E-01  1.2493E+02 -2.4312E+01 -1.2317E+01  5.5414E-01  4.3821E+00
0000445 6.3283E-01  1.3554E+02 -2.2477E+01 -1.2568E+01  5.4729E-01  1.5934E+01
0000445 5.9339E-01  1.4615E+02 -2.1961E+01 -1.3875E+01  5.2996E-01  2.7724E+01
0000445 4.0080E-01  1.5610E+02 -2.0059E+01 -1.6843E+01  4.3555E-01  1.9259E+02
0000445 2.9747E-01  1.6479E+02 -2.3967E+01 -1.8475E+01  3.7523E-01  9.4911E+01
0000445 5.5927E-02  1.7073E+02 -2.7931E+01 -2.4038E+01  1.6270E-01  2.4154E+02
0000445 3.9250E-02  1.7684E+02 -2.5862E+01 -2.3554E+01  1.3630E-01  1.4573E+01
0000445 1.5151E-02  1.8854E+02 -2.7129E+01 -2.1562E+01  8.4684E-02  1.9071E+01
0000445 9.9427E-03  1.9234E+02 -2.5809E+01 -2.4718E+01  6.8601E-02  5.2084E+00
0000445 0.0000E+00  2.0795E+02 -1.3511E+01 -2.9972E+01  0.0000E+00  1.0929E+00
0000446 2.0000E+00  0.0000E+00  0.0000E+00  0.0000E+00  9.7295E-01  0.0000E+00
0000446 1.9815E+00  3.9702E+00  0.0000E+00  0.0000E+00  9.6843E-01  1.8532E+01
0000446 1.8455E+00  1.6414E+01 -9.4941E-01  7.3913E-01  9.3461E-01  1.1177E+02
0000446 1.6972E+00  2.0218E+01 -2.0560E+00  4.8075E-01  8.9628E-01  1.4828E+02
0000446 1.6789E+00  3.2292E+01 -6.1277E+00 -4.1633E+00  8.9143E-01  1.8305E+01
0000446 1.3001E+00  4.3630E+01 -1.1063E+01 -9.6420E+00  7.8446E-01  3.7877E+02
0000446 1.1418E+00  5.3534E+01 -1.0169E+01 -1.7539E+01  7.3515E-01  1.5829E+02
0000446 1.1189E+00  5.9852E+01 -8.6227E+00 -2.7984E+01  7.2773E-01  4.8642E+00
0000446 1.0511E+00  6.5580E+01 -6.5487E+00 -3.8606E+01  7.0535E-01  4.9936E+01
0000446 8.4246E-01  7.1923E+01 -2.2894E+00 -4.7941E+01  6.3147E-01  1.9165E+02
0000446 8.2730E-01  7.5658E+01  5.8920E+00 -5.5021E+01  6.2576E-01  1.5156E+01
0000446 2.8722E-01  7.8160E+01  1.3700E+01 -6.2937E+01  3.6871E-01  5.2582E+02
0000446 2.6051E-01  8.3246E+01  1.2463E+01 -7.0243E+01  3.5115E-01  2.6710E+01
0000446 2.5150E-01  8.6212E+01  9.5281E+00 -7.7993E+01  3.4502E-01  2.8310E+00
0000446 1.3210E-01  8.9997E+01  6.8756E+00 -8.5406E+01  2.5005E-01  1.1940E+02
0000446 1.2116E-01  9.6715E+01  3.8280E+00 -8.7417E+01  2.3947E-01  1.0944E+01
0000446 1.1190E-01  1.0395E+02  2.9181E+00 -8.9227E+01  2.3014E-01  9.2587E+00
0000446 7.9487E-02  1.1040E+02  2.6990E+00 -9.2839E+01  1.9396E-01  3.2411E+01
0000446 6.0024E-02  1.1671E+02  5.4155E+00 -9.3683E+01  1.6855E-01  1.6780E+01
0000446 5.5430E-02  1.2312E+02  4.8989E+00 -9.4945E+01  1.6198E-01  2.3841E+00
0000446 4.6350E-02  1.3418E+02  2.0627E+00 -1.0052E+02  1.4812E-01  4.0769E+00
0000446 3.0139E-02  1.4194E+02 -2.5452E-01 -1.0983E+02  1.1944E-01  1.3633E+01
0000446 1.5511E-02  1.4256E+02 -1.9630E+00 -1.1530E+02  8.5683E-02  1.4628E+01
0000446 0.0000E+00  1.4394E+02 -6.3032E+00 -1.1768E+02  0.0000E+00  1.3828E+01
0000447 2.0000E+00  0.0000E+00  0.0000E+00  0.0000E+00  9.7295E-01  0.0000E+00
0000447 1.9516E+00  1.5689E+01  5.8277E-02  7.9850E-02  9.6110E-01  2.5509E+01
0000447 1.9266E+00  2.9628E+01  5.1321E-01  1.7503E+00  9.5492E-01  2.5010E+01
0000447 1.8570E+00  4.3447E+01  2.4543E+00  2.8671E+00  9.3753E-01  4.2820E+01
0000447 1.8270E+00  5.6671E+01  5.6831E+00  5.5342E+00  9.2991E-01  4.0489E+00
0000447 1.4418E+00  6.9630E+01  9.3693E+00  8.5856E+00  8.2609E-01  3.5948E+02
0000447 1.4293E+00  8.0464E+01  1.6387E+01  6.8514E+00  8.2251E-01  1.2473E+01
0000447 1.3390E+00  9.0590E+01  2.4377E+01  5.2586E+00  7.9609E-01  6.8954E+01
0000447 7.7624E-01  1.0208E+02  2.9860E+01  4.0344E+00  6.0614E-01  5.6274E+02
0000447 7.5653E-01  1.0672E+02  3.9107E+01 -3.2879E-01  5.9840E-01  6.0963E+00
0000447 6.5913E-01  1.1215E+02  4.8085E+01 -4.1332E+00  5.5855E-01  9.7406E+01
0000447 6.1362E-01  1.2012E+02  5.5279E+01 -5.3807E+00  5.3892E-01  4.5510E+01
0000447 5.6881E-01  1.2756E+02  6.1776E+01 -9.3357E+00  5.1887E-01  4.4812E+01
0000447 5.2150E-01  1.3329E+02  7.0133E+01 -1.1892E+01  4.9683E-01  3.6458E+01
0000447 5.1449E-01  1.4001E+02  7.7865E+01 -1.2044E+01  4.9347E-01  7.0161E+00
0000447 4.8642E-01  1.4626E+02  8.5861E+01 -1.3252E+01  4.7983E-01  1.7977E+01
0000447 4.6707E-01  1.5258E+02  9.3131E+01 -1.6246E+01  4.7018E-01  9.6749E+00
0000447 4.1105E-01  1.5807E+02  1.0037E+02 -2.0412E+01  4.4109E-01  4.6616E+01
0000447 3.9589E-01  1.6505E+02  1.0699E+02 -2.1813E+01  4.3287E-01  6.5881E+00
0000447 3.7606E-01  1.7276E+02  1.1268E+02 -2.2845E+01  4.2190E-01  1.1480E+01
0000447 3.1748E-01  1.8123E+02  1.1704E+02 -2.3240E+01  3.8764E-01  5.8587E+01
0000447 2.8235E-01  1.8913E+02  1.2043E+02 -2.0018E+01  3.6557E-01  3.5131E+01
0000447 2.3016E-01  1.9791E+02  1.2157E+02 -1.8673E+01  3.3006E-01  4.5637E+01
0000447 2.2148E-01  2.0538E+02  1.2576E+02 -1.8864E+01  3.2377E-01  4.8427E+00
0000447 7.5113E-02  2.1333E+02  1.2879E+02 -1.8972E+01  1.8855E-01  1.4086E+02
0000447 5.3726E-02  2.1521E+02  1.3511E+02 -2.0807E+01  1.5947E-01  1.8807E+01
0000447 3.8508E-02  2.1690E+02  1.3925E+02 -2.5410E+01  1.3501E-01  1.5218E+01
0000447 3.8683E-03  2.1261E+02  1.4492E+02 -3.4787E+01  4.2789E-02  2.8820E+01
0000447 0.0000E+00  2.0972E+02  1.3716E+02 -4.0498E+01  0.0000E+00  5.6176E-01
0000448 2.0000E+00  0.0000E+00  0.0000E+00  0.0000E+00  9.7295E-01  0.0000E+00
0000448 1.9510E+00  1.7171E+01 -1.2809E-02 -5.2193E-02  9.6095E-01  2.3352E+01
0000448 8.6072E-01  3.1139E+01  7.0626E-02  1.4031E+00  6.3827E-01  1.0632E+03
0000448 8.4033E-01  3.8395E+01  7.9599E+00  5.5808E+00  6.3067E-01  5.7104E+00
0000448 8.2184E-01  4.6264E+01  1.5130E+01  9.7647E+00  6.2369E-01  4.0545E+00
0000448 5.7497E-01  5.4648E+01  2.1730E+01  1.3721E+01  5.2167E-01  2.3268E+02
0000448 5.6026E-01  6.4807E+01  2.2629E+01  1.6123E+01  5.1496E-01  3.7821E+00
0000448 5.4601E-01  7.4751E+01  2.4337E+01  1.8713E+01  5.0837E-01  1.4249E+01
0000448 5.3866E-01  8.4162E+01  2.7601E+01  2.1544E+01  5.0493E-01  7.3504E+00
0000448 5.0573E-01  9.3843E+01  2.9697E+01  2.4454E+01  4.8926E-01  3.2925E+01
0000448 4.8245E-01  1.0391E+02  3.1127E+01  2.4924E+01  4.7786E-01  1.3329E+01
0000448 3.7544E-01  1.1398E+02  3.0928E+01  2.5025E+01  4.2155E-01  9.7383E+01
0000448 3.1193E-01  1.2256E+02  3.4528E+01  2.2992E+01  3.8424E-01  6.3507E+01
0000448 3.0668E-01  1.3166E+02  3.5260E+01  2.3617E+01  3.8099E-01  5.2504E+00
0000448 8.2228E-02  1.4077E+02  3.4926E+01  2.3719E+01  1.9728E-01  2.1751E+02
0000448 7.8664E-02  1.4427E+02  3.2546E+01  2.9245E+01  1.9296E-01  3.5642E+00
0000448 7.7549E-03  1.4646E+02  2.9650E+01  3.5115E+01  6.0585E-02  6.8245E+01
0000448 0.0000E+00  1.6077E+02  3.0913E+01  4.2314E+01  0.0000E+00  2.8060E-01
0000449 2.0000E+00  0.0000E+00  0.0000E+00  0.0000E+00  9.7295E-01  0.0000E+00
0000449 1.9557E+00  3.9702E+00  0.0000E+00  0.0000E+00  9.6212E-01  3.6562E+01
0000449 1.9413E+00  2.0545E+01  1.8868E+00  1.6020E+00  9.5856E-01  8.4261E-02
0000449 1.9233E+00  3.4330E+01  3.7033E+00  3.4547E+00  9.5410E-01  1.8016E+01
0000449 1.5562E+00  4.8208E+01  4.1772E+00  5.1850E+00  8.5825E-01  3.4030E+02
0000449 1.4929E+00  5.9771E+01  1.0012E+01  8.0868E+00  8.4060E-01  6.3354E+01
0000449 1.4861E+00  6.9825E+01  1.6957E+01  1.2908E+01  8.3869E-01  6.7807E+00
0000449 1.4583E+00  7.9940E+01  2.3289E+01  1.8366E+01  8.3079E-01  5.8416E+00
0000449 1.3421E+00  8.9581E+01  2.9611E+01  2.4504E+01  7.9701E-01  1.1619E+02
0000449 1.3129E+00  9.9800E+01  3.6860E+01  2.7112E+01  7.8830E-01  8.7579E+00
0000449 1.2848E+00  1.0931E+02  4.4863E+01  2.9850E+01  7.7981E-01  8.0723E+00
0000449 1.0779E+00  1.1810E+02  5.3565E+01  3.2568E+01  7.1428E-01  1.8710E+02
0000449 9.8225E-01  1.2316E+02  6.4582E+01  3.3135E+01  6.8185E-01  9.5673E+01
0000449 7.9197E-01  1.2690E+02  7.5140E+01  3.7053E+01  6.1225E-01  1.7410E+02
0000449 2.9445E-01  1.3023E+02  8.2530E+01  4.4901E+01  3.7332E-01  4.8370E+02
0000449 1.6395E-01  1.2559E+02  8.5512E+01  5.2054E+01  2.7857E-01  1.2375E+02
0000449 1.5578E-01  1.2044E+02  9.1336E+01  5.3904E+01  2.7154E-01  3.7181E+00
0000449 7.3036E-02  1.1470E+02  9.6230E+01  5.6269E+01  1.8593E-01  7.8454E+01
0000449 6.5680E-02  1.1090E+02  9.6693E+01  6.1899E+01  1.7632E-01  7.3555E+00
0000449 2.8962E-02  1.0861E+02  9.8693E+01  6.7831E+01  1.1708E-01  3.6718E+01
0000449 9.4881E-03  1.1129E+02  1.0082E+02  7.2427E+01  6.7014E-02  1.9474E+01
0000449 0.0000E+00  1.1324E+02  1.0913E+02  7.1839E+01  0.0000E+00  5.4880E+00
0000450 2.0000E+00  0.0000E+00  0.0000E+00  0.0000E+00  9.7295E-01  0.0000E+00
0000450 1.9433E+00  3.9702E+00  0.0000E+00  0.0000E+00  9.5906E-01  5.6714E+01
0000450 1.9241E+00  1.7039E+01  1.8043E-01 -2.1060E+00  9.5431E-01  7.4888E-01
0000450 1.9191E+00  3.0846E+01  5.7261E-01 -4.3620E+00  9.5307E-01  4.9724E+00
0000450 1.8888E+00  4.4513E+01  1.2632E+00 -7.2487E+00  9.4551E-01  3.6806E+00
0000450 1.8012E+00  5.8235E+01  2.0341E+00 -9.5249E+00  9.2334E-01  8.7520E+01
0000450 1.6418E+00  7.1119E+01  1.4205E+00 -1.4330E+01  8.8152E-01  1.3406E+02
0000450 1.6095E+00  8.3428E+01  4.5324E+00 -1.8770E+01  8.7282E-01  8.5170E+00
0000450 1.4728E+00  9.5256E+01  8.0316E+00 -2.3965E+01  8.3494E-01  1.3670E+02
0000450 1.4331E+00  1.0562E+02  1.4955E+01 -2.7962E+01  8.2360E-01  1.7848E+01
0000450 1.3900E+00  1.1595E+02  2.2401E+01 -3.0604E+01  8.1113E-01  2.1653E+01
0000450 1.3712E+00  1.2689E+02  2.9137E+01 -3.1932E+01  8.0562E-01  1.8826E+01
0000450 1.3404E+00  1.3718E+02  3.6415E+01 -3.4506E+01  7.9652E-01  1.0080E+01
0000450 1.3132E+00  1.4781E+02  4.3360E+01 -3.6075E+01  7.8838E-01  6.8762E+00
0000450 1.2825E+00  1.5796E+02  5.0696E+01 -3.8334E+01  7.7913E-01  1.0564E+01
0000450 1.2563E+00  1.6734E+02  5.8752E+01 -4.1043E+01  7.7111E-01  6.5450E+00
0000450 1.2048E+00  1.7698E+02  6.6644E+01 -4.2893E+01  7.5516E-01  3.1990E+01
0000450 9.5083E-01  1.8726E+02  7.3693E+01 -4.3018E+01  6.7085E-01  2.3518E+02
0000450 7.8739E-01  1.9498E+02  8.0992E+01 -4.8100E+01  6.1048E-01  1.6344E+02
0000450 7.7037E-01  2.0522E+02  8.4716E+01 -5.0950E+01  6.0385E-01  3.2636E+00
0000450 3.9359E-01  2.1537E+02  8.8885E+01 -5.3227E+01  4.3162E-01  3.7678E+02
0000450 3.3876E-01  2.1984E+02  9.7291E+01 -5.1797E+01  4.0043E-01  4.6519E+01
0000450 2.9387E-01  2.2196E+02  1.0552E+02 -4.7978E+01  3.7295E-01  4.4894E+01
0000450 1.4247E-01  2.2473E+02  1.1143E+02 -4.1741E+01  2.5968E-01  1.5140E+02
0000450 3.5058E-03  2.3092E+02  1.1187E+02 -3.7079E+01  4.0735E-02  1.3493E+02
0000450 0.0000E+00  2.2833E+02  1.1817E+02 -2.9398E+01  0.0000E+00  4.1516E-01
0000451 2.0000E+00  0.0000E+00  0.0000E+00  0.0000E+00  9.7295E-01  0.0000E+00
0000451 1.9779E+00  3.9702E+00  0.0000E+00  0.0000E+00  9.6755E-01  1.4410E+01
0000451 1.9540E+00  1.5317E+01  6.1480E-01 -7.4811E-01  9.6169E-01  1.8700E+00
0000451 1.8570E+00  1.9264E+01  8.0169E-01 -1.1283E+00  9.3753E-01  8.9283E+01
0000451 1.8458E+00  3.2642E+01  4.3712E+00 -1.9577E+00  9.3468E-01  1.1283E+01
0000451 1.7534E+00  4.6088E+01  7.6852E+00 -1.7387E+00  9.1100E-01  9.2320E+01
0000451 1.7222E+00  5.9705E+01  8.2036E+00 -2.8526E+00  9.0286E-01  6.2944E+00
0000451 1.6082E+00  7.3165E+01  8.8769E+00 -4.7621E+00  8.7245E-01  1.1406E+02
0000451 1.3231E+00  8.6198E+01  6.1251E+00 -6.0360E+00  7.9135E-01  2.6175E+02
0000451 1.1666E+00  9.8111E+01  7.8347E+00 -1.0256E+01  7.4307E-01  1.5649E+02
0000451 9.6136E-01  1.0823E+02  1.3567E+01 -1.4458E+01  6.7456E-01  2.0521E+02
0000451 9.4835E-01  1.1552E+02  2.2741E+01 -1.5952E+01  6.6998E-01  1.3008E+01
0000451 9.3690E-01  1.2281E+02  3.1979E+01 -1.6074E+01  6.6592E-01  1.1452E+01
0000451 9.1714E-01  1.2940E+02  4.1648E+01 -1.5196E+01  6.5886E-01  4.1256E+00
0000451 7.1791E-01  1.4325E+02  6.0347E+01 -1.3471E+01  5.8292E-01  1.9546E+02
0000451 5.2817E-01  1.4510E+02  7.0646E+01 -9.9934E+00  4.9999E-01  1.7688E+02
0000451 3.6934E-01  1.5139E+02  7.8713E+01 -9.0252E+00  4.1811E-01  1.5883E+02
0000451 3.0242E-01  1.5540E+02  8.6211E+01 -1.3251E+01  3.7834E-01  5.8980E+01
0000451 2.9762E-01  1.6140E+02  9.2956E+01 -1.4270E+01  3.7532E-01  4.8015E+00
0000451 2.5298E-01  1.6771E+02  9.9449E+01 -1.4215E+01  3.4603E-01  4.4644E+01
0000451 2.0302E-01  1.7186E+02  1.0664E+02 -1.1462E+01  3.0999E-01  4.3906E+01
0000451 4.7608E-02  1.7651E+02  1.1115E+02 -6.1907E+00  1.5011E-01  1.5541E+02
0000451 3.8430E-02  1.8276E+02  1.1062E+02 -6.4210E+00  1.3487E-01  7.2945E+00
0000451 2.0796E-02  1.9208E+02  1.0511E+02 -2.1807E+00  9.9212E-02  9.3511E+00
0000451 1.1923E-02  1.9344E+02  1.0275E+02  2.4865E+00  7.5122E-02  8.8732E+00
0000451 5.1485E-03  1.9468E+02  1.0401E+02  7.0688E+00  4.9365E-02  6.5619E+00
0000451 0.0000E+00  1.9396E+02  1.0758E+02  9.3219E+00  0.0000E+00  4.4627E+00
0000452 2.0000E+00  0.0000E+00  0.0000E+00  0.0000E+00  9.7295E-01  0.0000E+00
0000452 8.2233E-01  9.8257E+00  1.9647E-02  1.5584E-01  6.2388E-01  1.1648E+03
0000452 7.9934E-01  1.4876E+01  5.8871E+00  1.9706E+00  6.1509E-01  1.3075E+01
0000452 7.1939E-01  2.1167E+01  1.5095E+01  3.8270E+00  5.8352E-01  7.9950E+01
0000452 6.8664E-01  2.5811E+01  2.3764E+01  8.8253E+00  5.7009E-01  1.9869E+01
0000452 3.2685E-02  2.8861E+01  3.3226E+01  1.3326E+01  1.2438E-01  6.5396E+02
0000452 6.7269E-03  3.1484E+01  3.1507E+01  1.8272E+01  5.6426E-02  2.5958E+01
0000452 0.0000E+00  3.5897E+01  2.0573E+01  2.4862E+01  0.0000E+00  1.0314E+00
0000453 2.0000E+00  0.0000E+00  0.0000E+00  0.0000E+00  9.7295E-01  0.0000E+00
0000453 1.9006E+00  2.6953E+01  5.9458E-01 -2.5531E-01  9.4846E-01  8.9700E+01
0000453 1.8843E+00  4.0515E+01  2.0515E+00 -3.1880E+00  9.4438E-01  1.6318E+01
0000453 8.7997E-01  5.3941E+01  2.4477E+00 -6.8472E+00  6.4537E-01  1.0043E+03
0000453 8.6616E-01  6.0738E+01 -4.7995E+00 -1.2763E+01  6.4029E-01  1.2831E+01
0000453 8.1243E-01  6.7850E+01 -1.0922E+01 -1.9446E+01  6.2011E-01  3.8976E+01
0000453 7.8885E-01  7.4199E+01 -1.8805E+01 -2.4580E+01  6.1104E-01  9.5106E+00
0000453 6.0566E-01  8.1237E+01 -2.5711E+01 -3.0039E+01  5.3541E-01  1.8319E+02
0000453 5.9041E-01  9.0769E+01 -2.7940E+01 -3.4112E+01  5.2863E-01  3.8948E+00
0000453 5.3938E-01  1.0055E+02 -3.0126E+01 -3.7366E+01  5.0527E-01  3.9883E+01
0000453 2.4069E-01  1.1696E+02 -3.3005E+01 -4.9455E+01  3.3752E-01  2.8018E+02
0000453 1.8798E-01  1.2288E+02 -3.9287E+01 -5.0100E+01  2.9828E-01  5.2710E+01
0000453 1.7108E-01  1.3064E+02 -4.1920E+01 -5.0664E+01  2.8456E-01  1.6901E+01
0000453 1.5577E-01  1.3740E+02 -4.5406E+01 -5.3323E+01  2.7153E-01  1.0724E+01
0000453 1.4846E-01  1.4365E+02 -4.7715E+01 -5.7578E+01  2.6508E-01  3.0149E+00
0000453 1.2471E-01  1.4993E+02 -5.0832E+01 -6.1064E+01  2.4296E-01  2.3746E+01
0000453 1.1111E-01  1.5572E+02 -5.5620E+01 -6.1922E+01  2.2933E-01  1.3596E+01
0000453 1.0805E-01  1.6088E+02 -5.9819E+01 -6.5136E+01  2.2615E-01  3.0605E+00
0000453 7.7011E-02  1.7243E+02 -6.5321E+01 -7.2083E+01  1.9092E-01  2.1838E+01
0000453 6.4648E-02  1.7904E+02 -6.4591E+01 -7.3818E+01  1.7493E-01  9.7380E+00
0000453 2.8538E-02  1.8547E+02 -6.3032E+01 -7.3203E+01  1.1622E-01  3.3784E+01
0000453 1.0492E-02  1.8969E+02 -6.2450E+01 -7.7012E+01  7.0470E-02  1.8046E+01
0000453 5.3230E-03  1.9060E+02 -5.8639E+01 -7.9798E+01  5.0194E-02  5.1689E+00
0000453 0.0000E+00  1.9351E+02 -5.5471E+01 -7.9805E+01  0.0000E+00  4.1686E+00
0000454 2.0000E+00  0.0000E+00  0.0000E+00  0.0000E+00  9.7295E-01  0.0000E+00
0000454 1.9851E+00  1.2887E+01  2.9697E-02  5.9071E-02  9.6933E-01  1.4647E+01
0000454 1.2975E+00  2.6953E+01 -1.0166E+00 -1.6319E-01  7.8365E-01  6.6033E+02
0000454 1.2705E+00  3.6698E+01 -9.0338E+00 -1.5225E+00  7.7548E-01  7.0248E+00
0000454 1.2206E+00  4.5845E+01 -1.7682E+01 -2.5200E+00  7.6008E-01  4.9974E+01
0000454 1.2153E+00  5.3102E+01 -2.7859E+01 -2.9063E+00  7.5845E-01  5.2282E+00
0000454 9.3903E-01  6.7516E+01 -4.8215E+01 -1.9027E+00  6.6668E-01  2.5308E+02
0000454 7.6860E-01  7.5696E+01 -6.8526E+01 -1.0258E+01  6.0315E-01  1.6237E+02
0000454 6.1354E-01  8.3293E+01 -7.6186E+01 -1.3275E+01  5.3889E-01  1.5506E+02
0000454 5.1967E-01  9.0859E+01 -8.0061E+01 -1.9665E+01  4.9595E-01  8.2407E+01
0000454 4.9731E-01  9.7858E+01 -8.6634E+01 -2.3225E+01  4.8517E-01  2.2357E+01
0000454 4.7915E-01  1.0586E+02 -9.1389E+01 -2.7243E+01  4.7623E-01  1.8163E+01
0000454 4.2728E-01  1.1398E+02 -9.4507E+01 -3.2295E+01  4.4971E-01  5.1873E+01
0000454 3.9381E-01  1.2307E+02 -9.4770E+01 -3.5955E+01  4.3174E-01  3.3471E+01
0000454 2.0446E-01  1.3249E+02 -9.6277E+01 -3.7183E+01  3.1109E-01  1.8103E+02
0000454 1.4515E-01  1.3745E+02 -1.0279E+02 -3.8890E+01  2.6211E-01  5.9313E+01
0000454 1.3854E-01  1.4458E+02 -1.0530E+02 -4.0773E+01  2.5607E-01  6.6099E+00
0000454 6.8148E-02  1.5097E+02 -1.0929E+02 -4.2490E+01  1.7960E-01  6.6436E+01
0000454 4.8068E-02  1.5234E+02 -1.1566E+02 -4.4091E+01  1.5084E-01  2.0080E+01
0000454 3.3703E-02  1.6087E+02 -1.2438E+02 -4.3181E+01  1.2630E-01  7.6852E+00
0000454 2.8427E-02  1.6657E+02 -1.2568E+02 -4.2457E+01  1.1600E-01  3.7877E+00
0000454 1.4328E-02  1.7656E+02 -1.3049E+02 -4.3492E+01  8.2351E-02  1.0909E+01
0000454 5.6044E-03  1.8048E+02 -1.3129E+02 -4.0383E+01  5.1504E-02  7.8890E+00
0000454 0.0000E+00  1.8479E+02 -1.3725E+02 -3.3828E+01  0.0000E+00  8.3924E-01
0000455 2.0000E+00  0.0000E+00  0.0000E+00  0.0000E+00  9.7295E-01  0.0000E+00
0000455 1.9843E+00  8.4155E+00  2.2163E-01 -1.1890E-01  9.6912E-01  6.6972E-01
0000455 1.4203E+00  2.6442E+01  1.3898E+00 -7.2582E-01  8.1992E-01  5.3661E+02
0000455 1.3676E+00  3.6985E+01  8.5342E+00 -3.2175E+00  8.0457E-01  5.2692E+01
0000455 1.0869E+00  4.5845E+01  1.7087E+01 -6.9115E+00  7.1726E-01  2.8073E+02
0000455 7.2858E-01  5.0972E+01  2.8113E+01 -6.8172E+00  5.8724E-01  3.5834E+02
0000455 7.0207E-01  5.5237E+01  3.6066E+01 -4.1637E-01  5.7646E-01  1.3514E+01
0000455 8.7330E-02  5.8889E+01  4.3179E+01  7.0932E+00  2.0331E-01  6.1474E+02
0000455 4.8034E-02  6.0124E+01  5.6401E+01  2.8796E+00  1.5078E-01  3.0757E+01
0000455 3.7085E-02  6.5383E+01  6.7169E+01  6.1553E+00  1.3249E-01  8.4098E+00
0000455 5.7694E-03  6.8420E+01  7.1177E+01  9.4146E+00  5.2256E-02  2.9728E+01
0000455 0.0000E+00  6.4243E+01  7.9098E+01  1.6670E+01  0.0000E+00  1.3882E+00
0000456 2.0000E+00  0.0000E+00  0.0000E+00  0.0000E+00  9.7295E-01  0.0000E+00
0000456 1.1982E+00  2.6248E+01 -1.0287E-01 -2.0422E-01  7.5307E-01  7.9932E+02
0000456 1.1346E+00  3.5692E+01  1.5853E+00 -8.1384E+00  7.3283E-01  4.4769E+01
0000456 1.0311E+00  4.6055E+01  1.4685E+00 -1.4737E+01  6.9859E-01  1.0357E+02
0000456 8.9318E-01  5.7471E+01  2.9586E+00 -1.8147E+01  6.5020E-01  1.2112E+02
0000456 8.8996E-01  6.6793E+01  3.5323E+00 -2.5035E+01  6.4902E-01  3.2226E+00
0000456 7.8321E-01  7.5704E+01  4.4026E+00 -3.2401E+01  6.0886E-01  1.0675E+02
0000456 7.7783E-01  8.1412E+01  6.5526E+00 -4.1857E+01  6.0676E-01  5.3821E+00
0000456 2.9299E-01  8.6463E+01  9.3390E+00 -5.1496E+01  3.7239E-01  4.8483E+02
0000456 2.6498E-01  9.4977E+01  7.6602E+00 -5.3977E+01  3.5415E-01  2.1288E+01
0000456 2.5264E-01  1.0320E+02  8.3365E+00 -5.7128E+01  3.4580E-01  1.2338E+01
0000456 2.4271E-01  1.1183E+02  8.9390E+00 -5.8414E+01  3.3894E-01  3.8811E+00
0000456 2.1424E-01  1.2049E+02  8.8721E+00 -5.8832E+01  3.1844E-01  2.8470E+01
0000456 1.8988E-01  1.2836E+02  1.1251E+01 -6.0766E+01  2.9979E-01  1.8984E+01
0000456 1.7084E-01  1.4228E+02  1.9377E+01 -6.3765E+01  2.8436E-01  1.5150E+01
0000456 1.6688E-01  1.5001E+02  2.1627E+01 -6.3460E+01  2.8105E-01  3.9553E+00
0000456 5.9058E-02  1.5751E+02  2.4331E+01 -6.4272E+01  1.6719E-01  1.0618E+02
0000456 3.8600E-02  1.6279E+02  2.2232E+01 -6.1047E+01  1.3517E-01  2.0458E+01
0000456 1.2554E-02  1.6707E+02  1.7974E+01 -6.0935E+01  7.7084E-02  2.6046E+01
0000456 4.5420E-03  1.7160E+02  1.8463E+01 -6.2891E+01  4.6366E-02  7.2480E+00
0000456 0.0000E+00  1.7222E+02  1.4634E+01 -6.8658E+01  0.0000E+00  1.0924E+00
0000457 2.0000E+00  0.0000E+00  0.0000E+00  0.0000E+00  9.7295E-01  0.0000E+00
0000457 1.9889E+00  1.6709E+01  3.1516E-01  5.7779E-02  9.7026E-01  2.4258E+00
0000457 1.9778E+00  3.0781E+01  1.3787E+00 -9.0356E-02  9.6753E-01  1.1151E+01
0000457 1.8144E+00  4.4786E+01  2.6829E+00  7.8827E-01  9.2670E-01  1.6341E+02
0000457 1.0102E+00  5.7498E+01  6.1917E+00  4.8222E+00  6.9149E-01  7.7859E+02
0000457 8.6772E-01  6.7922E+01  9.3612E+00 -8.2886E-02  6.4087E-01  1.4251E+02
0000457 1.2638E-01  7.8080E+01  1.4719E+01 -1.0540E+00  2.4457E-01  7.4135E+02
0000457 1.1826E-01  8.2562E+01  1.1507E+01 -6.2524E+00  2.3659E-01  8.1104E+00
0000457 8.8558E-02  8.7294E+01  7.0766E+00 -9.9813E+00  2.0473E-01  2.6169E+01
0000457 1.5213E-03  9.1993E+01  1.8080E+00 -1.0204E+01  2.6834E-02  8.4144E+01
0000457 0.0000E+00  8.9711E+01 -8.8472E-01 -9.8006E+00  0.0000E+00  1.0224E+00
0000458 2.0000E+00  0.0000E+00  0.0000E+00  0.0000E+00  9.7295E-01  0.0000E+00
0000458 1.7464E+00  3.9702E+00  0.0000E+00  0.0000E+00  9.0918E-01  2.4585E+02
0000458 1.7386E+00  7.6875E+00  1.1198E+00  8.3091E-01  9.0714E-01  6.0665E-01
0000458 1.5649E+00  1.9986E+01  5.0777E+00  3.6440E+00  8.6065E-01  1.7366E+02
0000458 1.3693E+00  3.0277E+01  1.2702E+01  7.1956E+00  8.0506E-01  1.9564E+02
0000458 1.3468E+00  4.2464E+01  1.6523E+01  8.6969E+00  7.9842E-01  2.2476E+01
0000458 1.2643E+00  5.4804E+01  1.9957E+01  8.6034E+00  7.7358E-01  8.2489E+01
0000458 1.2004E+00  6.7301E+01  2.0591E+01  7.0209E+00  7.5377E-01  6.3938E+01
0000458 1.1432E+00  7.9040E+01  2.3687E+01  4.2421E+00  7.3559E-01  3.8420E+01
0000458 1.0461E+00  9.0319E+01  2.5518E+01 -3.3491E-01  7.0365E-01  7.9016E+01
0000458 9.4579E-01  1.0098E+02  3.0194E+01 -3.4294E+00  6.6907E-01  8.3338E+01
0000458 8.0055E-01  1.1031E+02  3.7280E+01 -4.4704E+00  6.1556E-01  1.4523E+02
0000458 7.4135E-01  1.1594E+02  4.7080E+01 -4.8803E+00  5.9236E-01  5.9205E+01
0000458 6.2590E-01  1.2388E+02  5.4856E+01 -4.9742E+00  5.4429E-01  1.1545E+02
0000458 5.6755E-01  1.4132E+02  6.4840E+01  2.1841E+00  5.1830E-01  5.4428E+01
0000458 4.4385E-01  1.5115E+02  6.7815E+01  4.0729E+00  4.5835E-01  1.1287E+02
0000458 4.3814E-01  1.5980E+02  6.7206E+01  8.8205E+00  4.5539E-01  5.7116E+00
0000458 1.9954E-01  1.6890E+02  6.6499E+01  1.2545E+01  3.0732E-01  2.3861E+02
0000458 3.2645E-02  1.7614E+02  6.9973E+01  1.0374E+01  1.2430E-01  1.6178E+02
0000458 5.9486E-03  1.7965E+02  7.1244E+01  1.4891E+01  5.3062E-02  2.6696E+01
0000458 0.0000E+00  1.8251E+02  7.7169E+01  1.6332E+01  0.0000E+00  3.4612E-01
0000459 2.0000E+00  0.0000E+00  0.0000E+00  0.0000E+00  9.7295E-01  0.0000E+00
0000459 1.9621E+00  9.7473E+00  1.7374E-02  6.1589E-02  9.6368E-01  1.8740E+01
0000459 1.9483E+00  2.8381E+01  2.0032E+00  3.1089E-01  9.6030E-01  1.3562E+01
0000459 1.9167E+00  4.2171E+01  4.5198E+00  1.0952E+00  9.5247E-01  4.6621E+00
0000459 1.6164E+00  5.5774E+01  7.4873E+00  2.3712E+00  8.7467E-01  2.7370E+02
0000459 1.5637E+00  6.7163E+01  1.4355E+01  7.4899E-01  8.6029E-01  2.9276E+01
0000459 1.5485E+00  7.8569E+01  2.0363E+01 -2.4726E+00  8.5611E-01  1.5179E+01
0000459 1.1297E+00  8.9872E+01  2.6974E+01 -4.5370E+00  7.3123E-01  4.1878E+02
0000459 9.2490E-01  1.0186E+02  2.8225E+01 -2.2195E+00  6.6164E-01  1.8684E+02
0000459 9.1985E-01  1.1133E+02  2.9808E+01  4.4693E+00  6.5983E-01  5.0550E+00
0000459 7.7577E-01  1.2099E+02  3.2055E+01  1.0639E+01  6.0596E-01  1.2866E+02
0000459 6.7285E-01  1.3112E+02  3.0230E+01  1.5135E+01  5.6433E-01  1.0292E+02
0000459 4.3244E-01  1.4035E+02  3.2331E+01  2.0457E+01  4.5242E-01  2.4041E+02
0000459 4.0558E-01  1.4705E+02  2.8391E+01  2.6471E+01  4.3814E-01  2.6855E+01
0000459 2.1877E-01  1.5489E+02  2.4198E+01  3.0326E+01  3.2179E-01  1.7832E+02
0000459 2.0664E-01  1.5997E+02  1.7611E+01  2.8662E+01  3.1274E-01  6.6715E+00
0000459 1.9018E-01  1.6579E+02  1.2088E+01  2.6248E+01  3.0003E-01  1.1216E+01
0000459 1.7271E-01  1.7226E+02  8.2055E+00  2.2927E+01  2.8591E-01  1.7471E+01
0000459 1.5588E-01  1.7766E+02  5.4183E+00  1.7614E+01  2.7162E-01  1.2214E+01
0000459 6.2311E-02  1.8127E+02  1.5161E+00  1.1761E+01  1.7173E-01  8.9272E+01
0000459 5.1050E-02  1.8145E+02 -4.9538E+00  1.0466E+01  1.5544E-01  9.0189E+00
0000459 4.1978E-02  1.7923E+02 -1.0882E+01  9.9038E+00  1.4096E-01  7.0963E+00
0000459 3.9649E-02  1.7943E+02 -1.6983E+01  9.3448E+00  1.3699E-01  2.3286E+00
0000459 2.1215E-02  1.8094E+02 -2.2857E+01  9.3430E+00  1.0021E-01  1.6772E+01
0000459 1.0657E-02  1.7937E+02 -2.7446E+01  6.9172E+00  7.1023E-02  9.4712E+00
0000459 8.1098E-03  1.7839E+02 -2.8880E+01  2.4204E+00  6.1956E-02  1.8627E+00
0000459 0.0000E+00  1.7098E+02 -3.4826E+01 -8.5058E+00  0.0000E+00  9.3713E-01
0000460 2.0000E+00  0.0000E+00  0.0000E+00  0.0000E+00  9.7295E-01  0.0000E+00
0000460 1.9628E+00  1.6982E+01  2.2806E-02  6.3408E-02  9.6387E-01  4.1055E+00
0000460 1.4636E+00  2.6373E+01  3.2243E-01 -2.1360E-01  8.3233E-01  4.9920E+02
0000460 1.2996E+00  3.7368E+01  6.0965E+00 -4.2952E+00  7.8428E-01  1.6409E+02
0000460 1.2211E+00  4.9379E+01  7.6040E+00 -8.1276E+00  7.6024E-01  7.8450E+01
0000460 1.2146E+00  5.9862E+01  1.0527E+01 -1.4290E+01  7.5820E-01  6.5480E+00
0000460 1.1900E+00  6.9875E+01  1.3296E+01 -2.1223E+01  7.5050E-01  5.5998E+00
0000460 1.0511E+00  8.0311E+01  1.5975E+01 -2.7419E+01  7.0533E-01  1.3894E+02
0000460 1.0248E+00  8.9706E+01  1.4717E+01 -3.4880E+01  6.9646E-01  9.2686E+00
0000460 9.8917E-01  9.9220E+01  1.2451E+01 -4.1816E+01  6.8424E-01  1.8923E+01
0000460 9.6228E-01  1.1699E+02  4.1630E+00 -5.5232E+01  6.7488E-01  7.1697E+00
0000460 7.1572E-01  1.2597E+02  6.7582E-01 -6.2059E+01  5.8203E-01  2.3062E+02
0000460 6.5916E-01  1.3113E+02  5.5990E-01 -7.1797E+01  5.5856E-01  4.3737E+01
0000460 6.4270E-01  1.3439E+02 -1.5305E+00 -8.1888E+01  5.5155E-01  4.3797E+00
0000460 5.4037E-01  1.3847E+02 -3.4882E+00 -9.1637E+01  5.0574E-01  9.0473E+01
0000460 2.7668E-01  1.4309E+02 -1.4594E+00 -1.0066E+02  3.6188E-01  2.6370E+02
0000460 4.0847E-02  1.4597E+02  5.8646E+00 -1.0484E+02  1.3904E-01  2.3583E+02
0000460 3.4102E-02  1.4190E+02  1.0400E+01 -1.0471E+02  1.2705E-01  5.0482E+00
0000460 2.1309E-02  1.3832E+02  1.4534E+01 -1.0248E+02  1.0043E-01  1.2793E+01
0000460 8.6774E-03  1.3477E+02  1.8368E+01 -1.0393E+02  6.4087E-02  1.1542E+01
0000460 0.0000E+00  1.2445E+02  2.0264E+01 -9.3035E+01  0.0000E+00  8.7797E-01
0000461 2.0000E+00  0.0000E+00  0.0000E+00  0.0000E+00  9.7295E-01  0.0000E+00
0000461 1.6012E+00  1.5422E+01  6.6068E-02  2.0137E-03  8.7055E-01  3.7649E+02
0000461 1.4116E+00  3.2631E+01  4.7912E+00 -6.7063E+00  8.1741E-01  1.6594E+02
0000461 1.3898E+00  4.1952E+01  1.0579E+01 -1.3598E+01  8.1107E-01  2.1808E+01
0000461 1.3449E+00  5.0969E+01  1.5222E+01 -2.1582E+01  7.9784E-01  4.4961E+01
0000461 1.3141E+00  6.1354E+01  1.9513E+01 -2.7721E+01  7.8866E-01  1.0346E+01
0000461 1.3072E+00  7.1566E+01  2.4738E+01 -3.3245E+01  7.8658E-01  6.9161E+00
0000461 1.2597E+00  8.1198E+01  3.0315E+01 -3.9394E+01  7.7215E-01  2.7525E+01
0000461 9.4022E-01  8.9795E+01  3.5469E+01 -4.7030E+01  6.6710E-01  3.1944E+02
0000461 8.6531E-01  1.0101E+02  3.6772E+01 -5.0272E+01  6.3997E-01  5.9234E+01
0000461 6.6812E-01  1.1238E+02  3.5676E+01 -5.1759E+01  5.6235E-01  1.9719E+02
0000461 5.4539E-01  1.2168E+02  3.0252E+01 -5.0465E+01  5.0808E-01  1.2273E+02
0000461 4.5703E-01  1.3934E+02  2.5908E+01 -4.0619E+01  4.6510E-01  7.4892E+01
0000461 4.2102E-01  1.4788E+02  2.7559E+01 -3.5791E+01  4.4640E-01  3.6016E+01
0000461 2.9994E-01  1.5610E+02  2.6447E+01 -3.0630E+01  3.7678E-01  1.1235E+02
0000461 2.7808E-01  1.6501E+02  2.7951E+01 -2.9854E+01  3.6279E-01  1.5022E+01
0000461 1.4347E-01  1.7393E+02  2.7567E+01 -2.9891E+01  2.6059E-01  1.3461E+02
0000461 1.0178E-01  1.7928E+02  2.2105E+01 -3.1304E+01  2.1948E-01  4.1688E+01
0000461 8.6139E-02  1.8145E+02  1.6626E+01 -3.5540E+01  2.0192E-01  1.5639E+01
0000461 7.7958E-02  1.8322E+02  3.0844E+00 -3.8112E+01  1.9209E-01  2.5037E+00
0000461 3.0577E-02  1.8279E+02 -3.7754E+00 -3.8590E+01  1.2030E-01  4.7381E+01
0000461 2.8076E-02  1.7919E+02 -7.3802E+00 -3.5844E+01  1.1528E-01  2.5005E+00
0000461 2.1832E-03  1.7639E+02 -1.0279E+01 -3.1819E+01  3.2146E-02  2.5893E+01
0000461 0.0000E+00  1.7329E+02 -8.3056E+00 -3.1076E+01  0.0000E+00  2.0291E+00
0000462 2.0000E+00  0.0000E+00  0.0000E+00  0.0000E+00  9.7295E-01  0.0000E+00
0000462 9.5735E-01  3.9702E+00  0.0000E+00  0.0000E+00  6.7315E-01  1.0349E+03
0000462 9.4480E-01  9.9375E+00  4.3724E+00 -4.4139E+00  6.6872E-01  8.0565E-02
0000462 2.9047E-01  1.8148E+01  1.0138E+01 -1.0549E+01  3.7079E-01  6.3860E+02
0000462 2.0056E-01  2.6606E+01  7.2276E+00 -1.1625E+01  3.0810E-01  8.9911E+01
0000462 1.9391E-01  3.4624E+01  9.3668E+00 -1.2339E+01  3.0295E-01  6.6530E+00
0000462 1.8513E-01  4.2432E+01  1.1053E+01 -1.4486E+01  2.9602E-01  3.7598E+00
0000462 5.8919E-02  5.0467E+01  1.1941E+01 -1.5813E+01  1.6700E-01  1.2136E+02
0000462 3.7552E-03  5.5797E+01  1.9883E+01 -2.4341E+01  4.2159E-02  4.8137E+01
0000462 0.0000E+00  5.4605E+01  2.3403E+01 -2.2671E+01  0.0000E+00  3.3464E+00
0000463 2.0000E+00  0.0000E+00  0.0000E+00  0.0000E+00  9.7295E-01  0.0000E+00
0000463 1.8884E+00  3.9702E+00  0.0000E+00  0.0000E+00  9.4540E-01  1.1165E+02
0000463 9.0307E-01  1.5856E+01 -1.8731E+00 -2.2003E+00  6.5379E-01  9.8529E+02
0000463 8.9468E-01  1.9026E+01 -2.4248E+00  1.2587E-01  6.5074E-01  3.1960E+00
0000463 8.7549E-01  2.8688E+01 -3.7870E+00  6.4157E+00  6.4373E-01  4.0843E+00
0000463 7.8184E-01  3.8663E+01 -5.3787E+00  1.2016E+01  6.0833E-01  7.8773E+01
0000463 7.5342E-01  4.6367E+01 -6.2026E+00  2.0168E+01  5.9716E-01  1.4743E+01
0000463 7.3600E-01  5.2981E+01 -6.2784E+00  2.9145E+01  5.9022E-01  4.0947E+00
0000463 7.1917E-01  6.0183E+01 -6.5614E+00  3.7574E+01  5.8344E-01  3.7398E+00
0000463 6.5925E-01  6.7455E+01 -6.0634E+00  4.5854E+01  5.5860E-01  4.7057E+01
0000463 6.3772E-01  7.5756E+01 -3.6119E+00  5.2331E+01  5.4940E-01  2.1521E+01
0000463 6.1679E-01  8.2702E+01 -7.3000E-02  5.9703E+01  5.4031E-01  9.1471E+00
0000463 5.5958E-01  9.0385E+01  3.7008E+00  6.6034E+01  5.1465E-01  5.7205E+01
0000463 3.6815E-01  9.9295E+01  4.6404E+00  7.1343E+01  4.1743E-01  1.8072E+02
0000463 3.5887E-01  1.0316E+02  5.2522E+00  7.9981E+01  4.1214E-01  9.2831E+00
0000463 2.7224E-01  1.0697E+02  4.3590E+00  8.8564E+01  3.5896E-01  8.6628E+01
0000463 2.3702E-01  1.0947E+02  7.8853E+00  9.6327E+01  3.3494E-01  2.8844E+01
0000463 2.2426E-01  1.1021E+02  9.1746E+00  1.0482E+02  3.2580E-01  6.9801E+00
0000463 6.1275E-02  1.1161E+02  1.1723E+01  1.1284E+02  1.7030E-01  1.5826E+02
0000463 5.2272E-02  1.0799E+02  9.5175E+00  1.1787E+02  1.5729E-01  6.7628E+00
0000463 1.8389E-02  1.0296E+02  8.5263E+00  1.2167E+02  9.3294E-02  3.3883E+01
0000463 7.4291E-03  1.0141E+02  3.8853E+00  1.2368E+02  5.9298E-02  1.0389E+01
0000463 0.0000E+00  9.9277E+01 -2.7851E-01  1.3219E+02  0.0000E+00  1.3404E+00
0000464 2.0000E+00  0.0000E+00  0.0000E+00  0.0000E+00  9.7295E-01  0.0000E+00
0000464 1.9684E+00  1.2200E+01 -2.8649E-02 -3.0716E-02  9.6523E-01  7.8705E+00
0000464 1.9249E+00  3.0182E+01 -1.7518E-01 -1.5107E+00  9.5452E-01  1.5392E+01
0000464 1.8774E+00  4.3979E+01 -1.0180E+00 -3.7096E+00  9.4265E-01  2.0831E+01
0000464 1.8446E+00  5.7447E+01 -3.1950E+00 -6.4190E+00  9.3439E-01  3.2750E+01
0000464 1.8378E+00  7.0624E+01 -4.2411E+00 -1.0547E+01  9.3267E-01  6.7946E+00
0000464 1.8046E+00  8.4018E+01 -4.9527E+00 -1.3936E+01  9.2419E-01  7.4584E+00
0000464 1.7246E+00  9.7141E+01 -6.2918E+00 -1.7892E+01  9.0348E-01  5.4518E+01
0000464 1.6295E+00  1.2409E+02 -8.5291E+00 -2.1030E+01  8.7822E-01  9.1777E+01
0000464 1.5276E+00  1.3667E+02 -1.1800E+01 -2.4356E+01  8.5031E-01  1.0192E+02
0000464 1.4074E+00  1.4789E+02 -1.8120E+01 -2.7329E+01  8.1617E-01  1.2020E+02
0000464 1.3967E+00  1.5966E+02 -2.3483E+01 -2.6756E+01  8.1308E-01  1.0636E+01
0000464 1.3058E+00  1.7149E+02 -2.8428E+01 -2.5141E+01  7.8617E-01  9.0923E+01
0000464 1.0411E+00  1.8144E+02 -3.6010E+01 -2.2876E+01  7.0198E-01  2.6471E+02
0000464 6.9622E-01  1.9133E+02 -3.9246E+01 -1.6828E+01  5.7405E-01  3.4488E+02
0000464 6.6702E-01  2.0224E+02 -3.8457E+01 -1.6432E+01  5.6188E-01  1.6636E+01
0000464 5.3416E-01  2.2356E+02 -3.7283E+01 -1.9891E+01  5.0282E-01  1.2639E+02
0000464 4.8087E-01  2.4135E+02 -2.7216E+01 -2.2236E+01  4.7708E-01  3.9726E+01
0000464 4.6349E-01  2.5070E+02 -2.4529E+01 -2.4818E+01  4.6838E-01  7.7809E+00
0000464 4.2811E-01  2.6037E+02 -2.2786E+01 -2.6579E+01  4.5014E-01  2.6035E+01
0000464 4.0939E-01  2.7002E+02 -2.3433E+01 -2.8220E+01  4.4019E-01  9.8928E+00
0000464 3.6476E-01  2.7922E+02 -2.3825E+01 -3.1279E+01  4.1551E-01  4.4627E+01
0000464 3.4568E-01  2.8671E+02 -2.4281E+01 -3.7056E+01  4.0449E-01  1.9081E+01
0000464 2.8056E-01  2.9515E+02 -2.5286E+01 -4.0966E+01  3.6441E-01  5.7549E+01
0000464 2.5679E-01  3.0354E+02 -2.8307E+01 -4.1558E+01  3.4863E-01  2.3771E+01
0000464 2.4658E-01  3.1123E+02 -3.2139E+01 -3.9771E+01  3.4163E-01  4.0902E+00
0000464 2.3184E-01  3.1836E+02 -3.6346E+01 -3.7089E+01  3.3126E-01  1.4735E+01
0000464 2.2888E-01  3.2559E+02 -4.0938E+01 -3.6501E+01  3.2914E-01  2.9672E+00
0000464 2.1117E-01  3.3249E+02 -4.6007E+01 -3.6691E+01  3.1615E-01  1.7712E+01
0000464 2.0203E-01  3.3953E+02 -5.0160E+01 -3.4679E+01  3.0923E-01  9.1327E+00
0000464 1.6314E-01  3.4715E+02 -5.3498E+01 -3.4108E+01  2.7788E-01  3.3732E+01
0000464 1.1762E-01  3.5349E+02 -5.7630E+01 -3.6663E+01  2.3595E-01  4.1081E+01
0000464 5.7422E-02  3.6090E+02 -5.8469E+01 -3.7020E+01  1.6486E-01  5.6676E+01
0000464 4.5230E-02  3.7114E+02 -5.3304E+01 -3.1252E+01  1.4632E-01  7.7453E+00
0000464 1.1318E-02  3.7527E+02 -4.9244E+01 -2.9001E+01  7.3191E-02  3.3912E+01
0000464 5.9725E-03  3.7978E+02 -4.9084E+01 -3.0835E+01  5.3168E-02  4.6326E+00
0000464 0.0000E+00  3.7950E+02 -5.2420E+01 -3.9722E+01  0.0000E+00  4.3536E-01
0000465 2.0000E+00  0.0000E+00  0.0000E+00  0.0000E+00  9.7295E-01  0.0000E+00
0000465 1.9694E+00  1.4628E+01  6.1900E-01 -1.7354E-02  9.6547E-01  3.1538E+00
0000465 1.7333E+00  3.2649E+01  1.1508E+00  4.0632E-01  9.0576E-01  2.0126E+02
0000465 1.5550E+00  4.5397E+01  3.5679E+00  4.5899E+00  8.5790E-01  1.7833E+02
0000465 1.5259E+00  5.7483E+01  8.9515E+00  5.6106E+00  8.4984E-01  6.3202E+00
0000465 1.4990E+00  6.9726E+01  1.3666E+01  7.1358E+00  8.4233E-01  4.4138E+00
0000465 1.4308E+00  8.1631E+01  1.8964E+01  8.9034E+00  8.2295E-01  6.8185E+01
0000465 1.4276E+00  9.4267E+01  2.2009E+01  9.1604E+00  8.2201E-01  3.2522E+00
0000465 1.1806E+00  1.0693E+02  2.4809E+01  9.9854E+00  7.4751E-01  2.4703E+02
0000465 1.1709E+00  1.1782E+02  2.9105E+01  5.8926E+00  7.4445E-01  9.6448E+00
0000465 1.0836E+00  1.2828E+02  3.3306E+01  7.7067E-01  7.1616E-01  8.7309E+01
0000465 1.0561E+00  1.3993E+02  3.5354E+01 -2.0194E+00  7.0702E-01  1.0096E+01
0000465 9.5384E-01  1.5113E+02  3.8327E+01 -5.3999E+00  6.7191E-01  8.5182E+01
0000465 1.4769E-01  1.6274E+02  3.8138E+01 -7.4265E+00  2.6439E-01  7.9031E+02
0000465 8.5268E-02  1.6563E+02  4.5079E+01 -9.5786E+00  2.0089E-01  5.8285E+01
0000465 6.8872E-02  1.6387E+02  5.1864E+01 -9.6976E+00  1.8055E-01  1.6396E+01
0000465 5.8327E-02  1.6077E+02  5.7347E+01 -7.3421E+00  1.6615E-01  1.0545E+01
0000465 2.5362E-02  1.5594E+02  6.0834E+01 -4.6891E+00  1.0956E-01  3.0799E+01
0000465 1.0559E-02  1.5257E+02  6.4781E+01 -6.7742E+00  7.0696E-02  1.3576E+01
0000465 2.7177E-03  1.4913E+02  6.7444E+01 -4.7133E+00  3.5865E-02  7.8417E+00
0000465 0.0000E+00  1.4772E+02  7.6555E+01 -6.5867E+00  0.0000E+00  2.7651E-01
0000466 2.0000E+00  0.0000E+00  0.0000E+00  0.0000E+00  9.7295E-01  0.0000E+00
0000466 1.9894E+00  1.4643E+01  7.0378E-02 -1.7116E-01  9.7037E-01  2.2670E+00
0000466 1.9772E+00  2.0540E+01 -6.5218E-02 -3.6159E-01  9.6740E-01  7.1013E-01
0000466 1.9485E+00  3.4620E+01 -1.5296E-01 -9.4106E-01  9.6033E-01  2.8773E+01
0000466 1.9366E+00  4.8563E+01 -1.8009E+00 -8.5843E-01  9.5742E-01  1.1825E+01
0000466 1.9248E+00  7.6239E+01 -6.0455E+00 -1.7268E+00  9.5449E-01  5.5383E+00
0000466 1.8864E+00  9.0169E+01 -7.3770E+00 -1.3962E+00  9.4490E-01  1.1762E+01
0000466 1.2420E+00  1.0389E+02 -9.7604E+00 -1.3185E+00  7.6671E-01  6.4438E+02
0000466 1.2372E+00  1.1516E+02 -4.3745E+00 -3.8398E-02  7.6523E-01  4.8012E+00
0000466 1.0804E+00  1.2673E+02  3.8571E-01  8.8369E-01  7.1509E-01  1.3761E+02
0000466 7.5038E-01  1.3837E+02  1.6029E+00  4.1136E+00  5.9596E-01  3.2999E+02
0000466 6.5976E-01  1.4619E+02  8.3465E+00  8.2951E+00  5.5881E-01  7.7349E+01
0000466 6.4427E-01  1.5337E+02  1.2696E+01  1.5113E+01  5.5222E-01  3.4031E+00
0000466 5.4546E-01  1.6029E+02  1.6488E+01  2.2418E+01  5.0811E-01  8.6926E+01
0000466 5.2448E-01  1.6437E+02  2.3067E+01  2.9293E+01  4.9824E-01  1.0462E+01
0000466 3.6355E-01  1.6767E+02  2.8858E+01  3.7096E+01  4.1482E-01  1.6093E+02
0000466 3.2831E-01  1.7022E+02  3.0188E+01  5.5750E+01  3.9420E-01  2.3937E+01
0000466 3.1759E-01  1.7305E+02  2.9688E+01  6.4543E+01  3.8771E-01  1.0720E+01
0000466 8.0370E-02  1.7647E+02  3.0722E+01  7.3007E+01  1.9504E-01  2.3009E+02
0000466 6.5700E-02  1.8305E+02  3.2665E+01  7.3943E+01  1.7634E-01  1.1966E+01
0000466 4.9734E-02  1.9564E+02  3.4946E+01  7.0579E+01  1.5343E-01  1.1257E+01
0000466 3.2753E-02  2.0184E+02  3.4142E+01  7.1514E+01  1.2451E-01  1.5040E+01
0000466 1.8763E-02  2.0699E+02  3.2815E+01  6.9046E+01  9.4237E-02  1.2531E+01
0000466 4.3065E-03  2.1248E+02  3.2855E+01  6.0778E+01  4.5148E-02  8.4156E+00
0000466 0.0000E+00  2.0729E+02  3.9475E+01  5.5351E+01  0.0000E+00  5.5165E-01
0000467 2.0000E+00  0.0000E+00  0.0000E+00  0.0000E+00  9.7295E-01  0.0000E+00
0000467 1.9796E+00  9.6270E+00  8.4967E-02 -1.3317E-01  9.6797E-01  1.6196E-01
0000467 1.9633E+00  1.9974E+01  2.1755E-01 -2.8597E-01  9.6399E-01  1.6248E+01
0000467 1.9121E+00  3.3966E+01  1.6685E+00 -4.1134E-01  9.5134E-01  5.1204E+01
0000467 1.8819E+00  4.7873E+01  1.3730E+00  9.1582E-01  9.4379E-01  3.6172E+00
0000467 1.2983E+00  6.1681E+01  1.5305E+00  2.6447E+00  7.8390E-01  5.5738E+02
0000467 1.1112E+00  7.2226E+01  8.5717E+00  3.2670E+00  7.2523E-01  1.6713E+02
0000467 9.6543E-01  7.9769E+01  1.7509E+01  6.8241E+00  6.7598E-01  1.2807E+02
0000467 5.3220E-01  8.9130E+01  2.2882E+01  1.1644E+01  5.0190E-01  4.3323E+02
0000467 5.2358E-01  9.4113E+01  3.1845E+01  1.0726E+01  4.9781E-01  8.6243E+00
0000467 5.1160E-01  9.8761E+01  4.0983E+01  1.1063E+01  4.9209E-01  1.1980E+01
0000467 4.0930E-01  1.0197E+02  5.0649E+01  1.1671E+01  4.4015E-01  9.2256E+01
0000467 3.9443E-01  1.0709E+02  5.7968E+01  1.5484E+01  4.3208E-01  6.3204E+00
0000467 9.0332E-02  1.1168E+02  6.4909E+01  2.0330E+01  2.0677E-01  3.0410E+02
0000467 7.5979E-02  1.1319E+02  6.3842E+01  2.7176E+01  1.8964E-01  1.4353E+01
0000467 6.9468E-02  1.1716E+02  6.3454E+01  3.2753E+01  1.8133E-01  3.9105E+00
0000467 5.8532E-02  1.2337E+02  5.9087E+01  4.3585E+01  1.6645E-01  5.3145E+00
0000467 3.6102E-02  1.2442E+02  5.5231E+01  4.8741E+01  1.3072E-01  2.0258E+01
0000467 2.8492E-02  1.2477E+02  4.3767E+01  5.0827E+01  1.1613E-01  1.7136E+00
0000467 5.0391E-03  1.2420E+02  3.8113E+01  5.0241E+01  4.8837E-02  2.3453E+01
0000467 0.0000E+00  1.2019E+02  3.5065E+01  4.5835E+01  0.0000E+00  8.5714E-01
0000468 2.0000E+00  0.0000E+00  0.0000E+00  0.0000E+00  9.7295E-01  0.0000E+00
0000468 1.6804E+00  1.0961E+01  1.1516E-02  2.0458E-02  8.9182E-01  3.1961E+02
0000468 5.6518E-01  1.6987E+01 -2.1901E+00  1.4573E+00  5.1721E-01  1.1035E+03
0000468 1.8087E-01  2.5725E+01 -3.7055E+00  2.0311E+01  2.9259E-01  3.7988E+02
0000468 1.6972E-01  2.3486E+01  2.5788E-01  2.7075E+01  2.8342E-01  6.3806E+00
0000468 1.2981E-01  2.0471E+01  5.0579E+00  3.2786E+01  2.4787E-01  3.9911E+01
0000468 2.2088E-02  1.9967E+01  7.2502E+00  4.0065E+01  1.0225E-01  1.0772E+02
0000468 1.8569E-02  2.1446E+01  1.2429E+01  4.0968E+01  9.3749E-02  2.4026E+00
0000468 7.0526E-03  2.2038E+01  1.7643E+01  4.0242E+01  5.7776E-02  1.0523E+01
0000468 0.0000E+00  2.2603E+01  2.7045E+01  4.6024E+01  0.0000E+00  4.4649E-01
0000469 2.0000E+00  0.0000E+00  0.0000E+00  0.0000E+00  9.7295E-01  0.0000E+00
0000469 1.9721E+00  7.9405E+00 -1.1216E-02  1.3947E-03  9.6615E-01  1.2426E+01
0000469 1.9637E+00  1.1899E+01  2.5413E-01 -1.4618E-01  9.6407E-01  7.8023E-01
0000469 1.9585E+00  2.5902E+01  1.4616E+00 -7.5031E-01  9.6281E-01  5.1600E+00
0000469 1.8954E+00  3.9819E+01  3.0273E+00 -1.9743E+00  9.4718E-01  3.6004E+01
0000469 1.7881E+00  5.3634E+01  2.7849E+00 -3.8336E+00  9.1998E-01  8.0875E+01
0000469 1.7789E+00  6.7001E+01  5.4085E+00 -5.6328E+00  9.1759E-01  9.2855E+00
0000469 1.7100E+00  8.0543E+01  7.1774E+00 -6.9640E+00  8.9965E-01  4.3675E+01
0000469 1.6814E+00  9.3536E+01  1.1018E+01 -7.9877E+00  8.9209E-01  4.1888E+00
0000469 3.2013E-01  1.0632E+02  1.5390E+01 -8.6430E+00  3.8926E-01  1.3371E+03
0000469 6.2219E-02  1.0851E+02  2.0396E+01 -1.6045E+01  1.7161E-01  2.5075E+02
0000469 5.7207E-02  1.1101E+02  1.7106E+01 -2.1189E+01  1.6455E-01  5.0125E+00
0000469 4.3816E-02  1.1292E+02  1.2404E+01 -2.5242E+01  1.4401E-01  1.3391E+01
0000469 2.8667E-02  1.2234E+02  5.6170E+00 -2.9052E+01  1.1648E-01  1.1178E+01
0000469 1.9299E-02  1.2894E+02  5.1492E+00 -3.7904E+01  9.5576E-02  4.3805E+00
0000469 7.8536E-03  1.3466E+02 -4.8810E-01 -4.3835E+01  6.0969E-02  6.1079E+00
0000469 0.0000E+00  1.4558E+02 -1.0190E+01 -4.2139E+01  0.0000E+00  1.4108E+00
0000470 2.0000E+00  0.0000E+00  0.0000E+00  0.0000E+00  9.7295E-01  0.0000E+00
0000470 1.8625E+00  1.7435E+01  6.8650E-02 -1.3028E-02  9.3892E-01  1.1120E+02
0000470 1.8453E+00  2.4899E+01 -1.0180E+00 -1.4543E+00  9.3457E-01  2.8085E+00
0000470 1.8154E+00  3.8407E+01 -2.4485E+00 -4.1496E+00  9.2697E-01  3.9910E+00
0000470 1.5630E+00  5.1722E+01 -4.4104E+00 -7.1651E+00  8.6011E-01  2.5243E+02
0000470 1.2961E+00  6.4755E+01 -5.8876E+00 -5.0457E+00  7.8326E-01  2.4400E+02
0000470 8.0714E-01  7.7109E+01 -5.7613E+00 -7.9438E+00  6.1809E-01  4.6913E+02
0000470 7.9736E-01  8.4398E+01 -3.1497E+00 -1.6217E+01  6.1433E-01  9.7836E+00
0000470 7.7032E-01  9.1596E+01 -1.7402E+00 -2.4812E+01  6.0382E-01  1.3158E+01
0000470 7.3465E-01  9.7814E+01 -1.1533E+00 -3.4119E+01  5.8968E-01  2.2128E+01
0000470 6.9887E-01  1.0239E+02  1.1147E-01 -4.4138E+01  5.7514E-01  2.2712E+01
0000470 6.5792E-01  1.0803E+02 -1.4545E-01 -5.3525E+01  5.5804E-01  4.0950E+01
0000470 6.1505E-01  1.1138E+02  6.2064E-01 -6.3770E+01  5.3955E-01  3.0804E+01
0000470 5.9605E-01  1.1670E+02  5.8303E-01 -7.2987E+01  5.3115E-01  7.5208E+00
0000470 3.0731E-01  1.2274E+02  1.2899E+00 -8.1626E+01  3.8139E-01  2.7752E+02
0000470 1.6707E-01  1.2361E+02 -5.5799E+00 -9.8442E+01  2.8121E-01  1.2956E+02
0000470 1.5497E-01  1.3264E+02 -1.6610E+01 -1.0556E+02  2.7083E-01  7.2042E+00
0000470 1.2143E-01  1.3608E+02 -2.3059E+01 -1.0856E+02  2.3974E-01  2.9262E+01
0000470 1.1250E-01  1.3792E+02 -3.0347E+01 -1.0854E+02  2.3075E-01  5.3260E+00
0000470 4.0624E-03  1.3818E+02 -3.7746E+01 -1.0867E+02  4.3850E-02  1.0843E+02
0000470 0.0000E+00  1.4000E+02 -3.6563E+01 -1.1550E+02  0.0000E+00  1.2059E+00
0000471 2.0000E+00  0.0000E+00  0.0000E+00  0.0000E+00  9.7295E-01  0.0000E+00
0000471 1.9842E+00  7.9404E+00 -2.6023E-02  9.1056E-03  9.6909E-01  2.9990E-01
0000471 1.9503E+00  2.7939E+01  2.0740E-01  1.5552E-02  9.6078E-01  3.3730E+01
0000471 6.9727E-01  4.1885E+01 -1.2432E+00 -7.7288E-01  5.7448E-01  1.2260E+03
0000471 6.7867E-01  4.9443E+01  6.3874E+00  1.3728E+00  5.6677E-01  6.0156E+00
0000471 6.6192E-01  5.6551E+01  1.4036E+01  4.4417E+00  5.5973E-01  4.4154E+00
0000471 3.1315E-01  6.3419E+01  2.2074E+01  6.7518E+00  3.8499E-01  3.4877E+02
0000471 2.9623E-01  6.3072E+01  3.1160E+01  5.6752E+00  3.7445E-01  9.8724E+00
0000471 2.8556E-01  6.3050E+01  4.0191E+01  6.2099E+00  3.6764E-01  3.8949E+00
0000471 2.7982E-01  6.2369E+01  4.9042E+01  7.5411E+00  3.6393E-01  5.7402E+00
0000471 2.6800E-01  6.1601E+01  5.7570E+01  1.0101E+01  3.5616E-01  5.3141E+00
0000471 6.3418E-02  6.1580E+01  6.5713E+01  1.3582E+01  1.7325E-01  1.9827E+02
0000471 4.0858E-02  5.7065E+01  6.7290E+01  1.8163E+01  1.3906E-01  2.2560E+01
0000471 3.1465E-02  5.4737E+01  7.1945E+01  2.1345E+01  1.2204E-01  9.3928E+00
0000471 2.7739E-02  5.2777E+01  7.4262E+01  2.6306E+01  1.1458E-01  3.7264E+00
0000471 8.2031E-03  4.9309E+01  7.5385E+01  3.0670E+01  6.2311E-02  1.9536E+01
0000471 0.0000E+00  3.8127E+01  8.2316E+01  2.8347E+01  0.0000E+00  4.9652E-01
0000472 2.0000E+00  0.0000E+00  0.0000E+00  0.0000E+00  9.7295E-01  0.0000E+00
0000472 1.9837E+00  7.9404E+00 -2.8584E-03 -1.5504E-02  9.6899E-01  8.5032E+00
0000472 1.9497E+00  1.5751E+01  4.8137E-01 -1.9251E-01  9.6064E-01  3.4025E+01
0000472 1.8591E+00  4.3509E+01  2.3571E+00 -3.9369E+00  9.3805E-01  6.0183E+01
0000472 1.7912E+00  5.7360E+01  1.6133E+00 -3.6104E+00  9.2076E-01  4.1895E+01
0000472 1.7848E+00  7.1033E+01  2.9569E+00 -3.1848E+00  9.1913E-01  6.3395E+00
0000472 1.4326E+00  8.4618E+01  4.5829E+00 -1.9970E+00  8.2345E-01  3.2700E+02
0000472 1.2328E+00  9.6974E+01  5.2972E-01 -2.0932E+00  7.6389E-01  1.9976E+02
0000472 7.0381E-01  1.0667E+02 -7.2478E+00 -4.9490E-01  5.7717E-01  5.0988E+02
0000472 6.7456E-01  1.1041E+02 -1.4561E+01  6.7854E+00  5.6505E-01  1.6580E+01
0000472 6.6740E-01  1.1565E+02 -2.1287E+01  1.3525E+01  5.6204E-01  7.1614E+00
0000472 6.5141E-01  1.2097E+02 -2.7131E+01  2.0950E+01  5.5527E-01  3.8013E+00
0000472 3.1374E-02  1.2553E+02 -3.3106E+01  2.8680E+01  1.2186E-01  6.0806E+02
0000472 1.2302E-02  1.2159E+02 -3.7284E+01  2.9577E+01  7.6308E-02  1.9072E+01
0000472 6.2483E-03  1.2075E+02 -4.1362E+01  2.6924E+01  5.4382E-02  6.0542E+00
0000472 0.0000E+00  1.1915E+02 -4.3345E+01  2.0725E+01  0.0000E+00  3.4169E-01
0000473 2.0000E+00  0.0000E+00  0.0000E+00  0.0000E+00  9.7295E-01  0.0000E+00
0000473 1.9751E+00  1.4575E+01  2.6725E-02  5.6723E-02  9.6687E-01  4.2072E+00
0000473 1.9628E+00  1.8540E+01  4.3121E-02  2.6083E-01  9.6386E-01  1.2276E+01
0000473 1.9528E+00  3.2514E+01 -7.9705E-01  1.6312E+00  9.6141E-01  9.9926E+00
0000473 1.9092E+00  4.6376E+01 -2.6342E+00  2.9738E+00  9.5061E-01  1.6593E+01
0000473 1.8847E+00  6.0212E+01 -3.2573E+00  4.7911E+00  9.4450E-01  2.4477E+01
0000473 1.4254E+00  7.3936E+01 -5.3049E+00  5.9294E+00  8.2138E-01  4.3304E+02
0000473 1.3478E+00  8.5604E+01 -1.8981E+00  1.0504E+01  7.9871E-01  5.6250E+01
0000473 1.3379E+00  9.6584E+01  3.7407E+00  1.3935E+01  7.9577E-01  9.9308E+00
0000473 1.3010E+00  1.0780E+02  9.4023E+00  1.6294E+01  7.8471E-01  3.6920E+01
0000473 1.2768E+00  1.1946E+02  1.3213E+01  1.9605E+01  7.7738E-01  4.2606E+00
0000473 1.2211E+00  1.3110E+02  1.6435E+01  2.3352E+01  7.6023E-01  5.5719E+01
0000473 1.1831E+00  1.4205E+02  2.1909E+01  2.5893E+01  7.4833E-01  3.7905E+01
0000473 1.1689E+00  1.5173E+02  2.9165E+01  2.8670E+01  7.4381E-01  1.4274E+01
0000473 5.9770E-01  1.6076E+02  3.7372E+01  3.0712E+01  5.3188E-01  5.7117E+02
0000473 1.9639E-01  1.8090E+02  3.9325E+01  2.4767E+01  3.0489E-01  3.9482E+02
0000473 1.5848E-01  1.8426E+02  3.5280E+01  1.8353E+01  2.7388E-01  3.2854E+01
0000473 4.3431E-02  1.8785E+02  3.4625E+01  1.1307E+01  1.4338E-01  1.1071E+02
0000473 3.7814E-02  1.9301E+02  3.7718E+01  9.9601E+00  1.3378E-01  3.8489E+00
0000473 2.8996E-02  2.0196E+02  4.4763E+01  1.2532E+01  1.1715E-01  3.9642E+00
0000473 1.3373E-02  2.0683E+02  4.6950E+01  1.4637E+01  7.9559E-02  1.5623E+01
0000473 9.1517E-03  2.1145E+02  4.7370E+01  1.2772E+01  6.5815E-02  4.1875E+00
0000473 0.0000E+00  2.1582E+02  4.4660E+01  5.2845E+00  0.0000E+00  7.1215E+00
0000474 2.0000E+00  0.0000E+00  0.0000E+00  0.0000E+00  9.7295E-01  0.0000E+00
0000474 1.9672E+00  3.9702E+00  0.0000E+00  0.0000E+00  9.6494E-01  2.5067E+01
0000474 1.9490E+00  1.0670E+01  7.8327E-02 -7.5208E-01  9.6045E-01  5.2404E+00
0000474 1.9203E+00  1.6916E+01  4.4593E-01 -1.5963E+00  9.5337E-01  1.6507E+01
0000474 1.1891E+00  3.0830E+01  1.7209E+00 -2.2613E+00  7.5022E-01  7.3120E+02
0000474 1.1756E+00  4.1099E+01  5.4970E-01  4.6378E+00  7.4595E-01  1.3511E+01
0000474 1.1514E+00  5.1512E+01  6.8264E-01  1.1354E+01  7.3822E-01  2.4229E+01
0000474 9.8710E-01  6.0818E+01  5.7230E-01  1.9442E+01  6.8353E-01  1.6428E+02
0000474 9.6427E-01  6.9191E+01  4.9610E+00  2.6642E+01  6.7558E-01  6.5842E+00
0000474 9.4403E-01  7.7281E+01  8.6255E+00  3.4437E+01  6.6845E-01  4.2738E+00
0000474 9.1193E-01  8.5762E+01  1.1637E+01  4.2003E+01  6.5699E-01  1.6381E+01
0000474 8.9000E-01  9.4704E+01  1.3177E+01  4.9329E+01  6.4904E-01  6.6127E+00
0000474 8.5325E-01  1.0369E+02  1.5626E+01  5.6237E+01  6.3550E-01  3.6745E+01
0000474 8.3335E-01  1.1365E+02  1.8660E+01  6.1077E+01  6.2804E-01  5.3121E+00
0000474 8.1705E-01  1.2315E+02  2.1562E+01  6.6699E+01  6.2187E-01  1.6300E+01
0000474 6.6679E-01  1.3248E+02  2.5860E+01  7.1565E+01  5.6178E-01  1.3613E+02
0000474 2.4799E-01  1.3814E+02  3.2867E+01  7.7592E+01  3.4261E-01  4.0661E+02
0000474 2.2792E-01  1.3432E+02  4.9717E+01  7.8748E+01  3.2845E-01  7.8113E+00
0000474 1.8614E-01  1.3052E+02  5.7379E+01  7.9042E+01  2.9682E-01  4.1782E+01
0000474 1.2476E-01  1.2535E+02  6.3195E+01  7.6449E+01  2.4301E-01  6.1377E+01
0000474 1.1594E-01  1.1616E+02  6.7835E+01  6.5525E+01  2.3426E-01  4.9479E+00
0000474 1.0763E-01  1.1103E+02  6.9581E+01  6.0415E+01  2.2571E-01  8.3068E+00
0000474 9.7096E-02  9.2447E+01  7.6260E+01  5.1218E+01  2.1438E-01  3.3172E+00
0000474 8.6215E-02  8.6761E+01  7.8481E+01  4.7418E+01  2.0201E-01  7.7968E+00
0000474 7.1520E-02  8.0861E+01  8.1726E+01  4.5409E+01  1.8399E-01  1.4695E+01
0000474 6.5406E-02  7.6826E+01  8.7050E+01  4.4271E+01  1.7595E-01  3.6201E+00
0000474 4.9555E-02  7.1804E+01  9.1406E+01  4.3842E+01  1.5315E-01  1.3507E+01
0000474 3.9925E-02  6.6216E+01  9.3311E+01  4.1582E+01  1.3747E-01  7.6934E+00
0000474 1.2352E-02  6.1130E+01  9.2936E+01  3.8283E+01  7.6462E-02  2.7573E+01
0000474 7.7676E-03  5.8633E+01  8.8736E+01  3.7548E+01  6.0634E-02  3.8290E+00
0000474 0.0000E+00  4.6461E+01  7.4240E+01  4.3504E+01  0.0000E+00  1.1779E+00
0000475 2.0000E+00  0.0000E+00  0.0000E+00  0.0000E+00  9.7295E-01  0.0000E+00
0000475 1.4930E+00  1.1703E+01  2.0343E-01 -1.2159E-01  8.4064E-01  4.8235E+02
0000475 1.4868E+00  1.5207E+01 -1.6608E+00 -2.4983E-02  8.3889E-01  6.2364E+00
0000475 1.2426E+00  2.6664E+01 -7.9571E+00  1.1227E+00  7.6690E-01  2.4421E+02
0000475 6.9315E-01  3.9096E+01 -9.4463E+00  1.4092E-01  5.7278E-01  5.4944E+02
0000475 4.6856E-01  4.6352E+01 -1.2873E+01 -7.2905E+00  4.7093E-01  2.2459E+02
0000475 3.0601E-01  4.7875E+01 -1.4929E+01 -1.6963E+01  3.8058E-01  1.5313E+02
0000475 3.9071E-02  5.3773E+01 -1.4248E+01 -2.3874E+01  1.3599E-01  2.6000E+02
0000475 2.9771E-02  5.3606E+01 -1.9170E+01 -2.7388E+01  1.1871E-01  9.2995E+00
0000475 1.9692E-02  5.2467E+01 -3.5633E+01 -3.0246E+01  9.6542E-02  3.2295E+00
0000475 7.9928E-03  5.6932E+01 -4.3998E+01 -3.3179E+01  6.1507E-02  4.7831E+00
0000475 0.0000E+00  6.3733E+01 -4.7925E+01 -2.4508E+01  0.0000E+00  4.6381E-01
0000476 2.0000E+00  0.0000E+00  0.0000E+00  0.0000E+00  9.7295E-01  0.0000E+00
0000476 1.9794E+00  1.3537E+01  4.3991E-01 -1.1714E-01  9.6794E-01  1.6041E+01
0000476 1.9273E+00  3.1436E+01  1.8148E+00 -2.1224E+00  9.5510E-01  2.3960E+01
0000476 1.8798E+00  4.5113E+01  2.1418E+00 -5.1039E+00  9.4327E-01  4.7432E+01
0000476 2.8915E-01  5.8571E+01  4.6073E+00 -7.6276E+00  3.6995E-01  1.5907E+03
0000476 2.4351E-01  6.0038E+01  1.2617E+01 -1.1461E+01  3.3950E-01  3.8981E+01
0000476 9.7672E-02  5.8260E+01  1.9920E+01 -1.5796E+01  2.1501E-01  1.4584E+02
0000476 8.6930E-02  4.5430E+01  2.5638E+01 -1.8264E+01  2.0284E-01  6.6021E+00
0000476 1.1671E-02  3.9535E+01  2.9290E+01 -1.7069E+01  7.4323E-02  7.5259E+01
0000476 4.2940E-03  3.8799E+01  2.9995E+01 -1.2282E+01  4.5082E-02  7.3766E+00
0000476 0.0000E+00  4.0541E+01  2.6393E+01 -6.1606E+00  0.0000E+00  1.1053E+00
0000477 2.0000E+00  0.0000E+00  0.0000E+00  0.0000E+00  9.7295E-01  0.0000E+00
0000477 1.9161E+00  1.7273E+01 -3.2270E-01  8.0735E-03  9.5233E-01  5.6809E+01
0000477 1.7935E+00  3.4919E+01 -3.1862E+00  1.5839E+00  9.2136E-01  9.4191E+01
0000477 1.7041E+00  4.7666E+01 -8.2711E+00  2.4345E+00  8.9809E-01  6.4135E+01
0000477 1.5668E+00  6.0146E+01 -1.3318E+01  6.7969E-01  8.6117E-01  1.3722E+02
0000477 1.3387E+00  7.3176E+01 -1.5750E+01  1.7133E+00  7.9600E-01  2.2816E+02
0000477 2.3962E-01  9.6615E+01 -2.2382E+01 -6.0257E+00  3.3677E-01  1.0745E+03
0000477 1.4578E-01  9.7865E+01 -2.2311E+01 -1.4581E+01  2.6267E-01  9.3840E+01
0000477 1.3185E-01  1.0526E+02 -3.1007E+01 -2.5099E+01  2.4981E-01  6.6320E+00
0000477 1.1942E-01  1.0816E+02 -3.6684E+01 -2.9315E+01  2.3775E-01  8.6063E+00
0000477 4.4685E-02  1.1305E+02 -4.9973E+01 -3.3782E+01  1.4543E-01  6.4619E+01
0000477 3.9512E-02  1.1680E+02 -5.3676E+01 -3.0511E+01  1.3675E-01  5.1725E+00
0000477 1.7584E-02  1.1931E+02 -6.3189E+01 -2.4355E+01  9.1230E-02  1.3771E+01
0000477 6.1326E-03  1.2237E+02 -6.7089E+01 -1.6273E+01  5.3876E-02  4.4470E+00
0000477 0.0000E+00  1.2664E+02 -7.0873E+01 -4.2966E+00  0.0000E+00  5.8827E-01
0000478 2.0000E+00  0.0000E+00  0.0000E+00  0.0000E+00  9.7295E-01  0.0000E+00
0000478 1.6473E+00  3.9702E+00  0.0000E+00  0.0000E+00  8.8299E-01  3.5274E+02
0000478 1.6380E+00  1.1159E+01  2.3899E+00 -2.3752E+00  8.8050E-01  2.6197E-01
0000478 1.5712E+00  2.3369E+01  6.5033E+00 -6.2084E+00  8.6235E-01  4.3161E+01
0000478 1.0544E+00  3.5430E+01  8.8320E+00 -1.1316E+01  7.0645E-01  5.1676E+02
0000478 8.6561E-01  4.4441E+01  1.6821E+01 -1.2156E+01  6.4008E-01  1.8880E+02
0000478 6.9635E-01  5.4133E+01  2.1195E+01 -1.6585E+01  5.7410E-01  1.5451E+02
0000478 6.1425E-01  6.0317E+01  2.5578E+01 -2.4486E+01  5.3920E-01  6.9526E+01
0000478 3.6323E-01  6.8521E+01  3.0092E+01 -2.9532E+01  4.1463E-01  2.5102E+02
0000478 2.2364E-01  7.1767E+01  3.8643E+01 -3.1935E+01  3.2535E-01  1.3175E+02
0000478 2.1344E-01  7.8950E+01  4.2950E+01 -3.3514E+01  3.1784E-01  4.6532E+00
0000478 2.0914E-01  8.6011E+01  4.6707E+01 -3.6204E+01  3.1463E-01  4.2974E+00
0000478 1.9483E-01  9.3024E+01  4.9654E+01 -3.9773E+01  3.0367E-01  9.0224E+00
0000478 1.3024E-01  1.0038E+02  5.0866E+01 -4.3366E+01  2.4828E-01  6.4594E+01
0000478 1.8183E-03  1.0582E+02  4.7692E+01 -4.7669E+01  2.9337E-02  1.2463E+02
0000478 0.0000E+00  1.0540E+02  4.0805E+01 -4.7253E+01  0.0000E+00  4.0952E-01
0000479 2.0000E+00  0.0000E+00  0.0000E+00  0.0000E+00  9.7295E-01  0.0000E+00
0000479 1.8694E+00  1.5006E+01 -1.4034E-02  5.0427E-02  9.4066E-01  1.0137E+02
0000479 1.8468E+00  2.5751E+01  1.9939E+00 -1.3707E+00  9.3494E-01  1.9226E+00
0000479 1.7983E+00  3.9148E+01  4.9062E+00 -3.3483E+00  9.2258E-01  2.2602E+01
0000479 1.7747E+00  5.2064E+01  9.2780E+00 -5.1854E+00  9.1652E-01  2.3527E+01
0000479 1.6678E+00  6.5156E+01  1.2345E+01 -7.8851E+00  8.8849E-01  1.0691E+02
0000479 1.6338E+00  7.6676E+01  1.7961E+01 -1.2134E+01  8.7938E-01  3.4025E+01
0000479 1.6068E+00  8.7026E+01  2.4918E+01 -1.7130E+01  8.7209E-01  3.3329E+00
0000479 1.5562E+00  9.7160E+01  3.2320E+01 -2.1764E+01  8.5825E-01  2.7277E+01
0000479 1.5408E+00  1.0713E+02  4.0524E+01 -2.4846E+01  8.5398E-01  1.5442E+01
0000479 1.4662E+00  1.1617E+02  4.9675E+01 -2.7968E+01  8.3305E-01  5.2001E+01
0000479 1.4405E+00  1.2482E+02  5.7894E+01 -3.3323E+01  8.2571E-01  3.9315E+00
0000479 1.2800E+00  1.3363E+02  6.6251E+01 -3.8027E+01  7.7837E-01  1.6044E+02
0000479 9.0909E-01  1.3886E+02  7.5332E+01 -4.5114E+01  6.5596E-01  3.5124E+02
0000479 8.8115E-01  1.4606E+02  8.4471E+01 -4.5758E+01  6.4580E-01  1.2651E+01
0000479 8.7639E-01  1.5349E+02  9.3129E+01 -4.7683E+01  6.4406E-01  4.7618E+00
0000479 8.5353E-01  1.6153E+02  1.0121E+02 -4.9522E+01  6.3560E-01  7.9709E+00
0000479 8.3496E-01  1.6998E+02  1.0856E+02 -5.2090E+01  6.2865E-01  3.9754E+00
0000479 8.2661E-01  1.7798E+02  1.1604E+02 -5.5299E+01  6.2550E-01  8.3501E+00
0000479 7.3933E-01  1.8512E+02  1.2426E+02 -5.8674E+01  5.9156E-01  7.3026E+01
0000479 7.1532E-01  1.8937E+02  1.3318E+02 -6.3742E+01  5.8187E-01  1.0882E+01
0000479 7.0963E-01  1.9479E+02  1.4147E+02 -6.8560E+01  5.7955E-01  5.6863E+00
0000479 6.8304E-01  1.9936E+02  1.4998E+02 -7.3809E+01  5.6859E-01  1.3847E+01
0000479 6.7959E-01  2.0327E+02  1.5930E+02 -7.7909E+01  5.6715E-01  3.4440E+00
0000479 6.6461E-01  2.0717E+02  1.6888E+02 -8.1286E+01  5.6087E-01  1.4986E+01
0000479 2.0527E-02  2.1196E+02  1.7756E+02 -8.5652E+01  9.8568E-02  6.3193E+02
0000479 3.6601E-03  2.0890E+02  1.7824E+02 -9.0040E+01  4.1622E-02  1.5804E+01
0000479 0.0000E+00  2.0676E+02  1.8168E+02 -9.0173E+01  0.0000E+00  2.5242E+00
0000480 2.0000E+00  0.0000E+00  0.0000E+00  0.0000E+00  9.7295E-01  0.0000E+00
0000480 1.9499E+00  8.8517E+00 -1.6870E-03 -4.3127E-02  9.6068E-01  4.2252E+01
0000480 1.9339E+00  1.6857E+01  9.3615E-01 -8.2491E-01  9.5674E-01  4.0714E-01
0000480 1.8373E+00  3.0724E+01  2.3695E+00 -2.2497E+00  9.3252E-01  6.9836E+01
0000480 1.7232E+00  4.4527E+01  2.4775E+00 -1.3434E+00  9.0313E-01  8.8203E+01
0000480 1.6496E+00  5.7973E+01  1.8889E+00 -3.3894E+00  8.8363E-01  4.9030E+01
0000480 1.5998E+00  7.1282E+01  3.4808E+00 -4.6761E+00  8.7017E-01  2.6049E+01
0000480 1.5326E+00  8.4467E+01  5.6361E+00 -4.3593E+00  8.5171E-01  6.7158E+01
0000480 1.5039E+00  9.7065E+01  8.3868E+00 -1.4320E+00  8.4370E-01  6.1759E+00
0000480 1.4972E+00  1.0947E+02  1.0798E+01  2.2458E+00  8.4181E-01  6.7457E+00
0000480 1.1273E+00  1.2186E+02  1.3897E+01  5.3738E+00  7.3045E-01  3.6990E+02
0000480 1.0552E+00  1.3377E+02  1.4365E+01  2.4797E+00  7.0671E-01  7.2105E+01
0000480 1.0131E+00  1.4503E+02  1.1867E+01 -1.0849E+00  6.9247E-01  2.5028E+01
0000480 8.1103E-01  1.5547E+02  7.8045E+00 -5.2716E+00  6.1958E-01  2.0205E+02
0000480 6.3058E-01  1.6389E+02  7.3898E+00 -1.2858E+01  5.4632E-01  1.6640E+02
0000480 6.1282E-01  1.7303E+02  3.3835E+00 -1.6727E+01  5.3857E-01  6.0613E+00
0000480 5.9495E-01  1.8153E+02 -1.3762E+00 -2.0982E+01  5.3066E-01  6.4216E+00
0000480 5.6628E-01  1.8986E+02 -6.8703E+00 -2.4437E+01  5.1771E-01  1.7464E+01
0000480 5.5945E-01  1.9895E+02 -1.0703E+01 -2.7867E+01  5.1459E-01  6.8233E+00
0000480 5.3854E-01  2.0816E+02 -1.3522E+01 -3.1819E+01  5.0488E-01  1.0194E+01
0000480 4.9277E-01  2.1659E+02 -1.7345E+01 -3.6395E+01  4.8294E-01  3.5352E+01
0000480 4.2596E-01  2.2317E+02 -2.1436E+01 -4.2895E+01  4.4902E-01  5.7031E+01
0000480 1.6173E-01  2.2730E+02 -2.7959E+01 -4.8922E+01  2.7667E-01  2.6423E+02
0000480 1.5163E-01  2.3488E+02 -2.8267E+01 -5.1379E+01  2.6790E-01  1.0095E+01
0000480 1.1839E-01  2.4265E+02 -2.9317E+01 -5.1994E+01  2.3672E-01  3.3244E+01
0000480 1.0554E-01  2.5691E+02 -2.8737E+01 -4.8204E+01  2.2350E-01  2.7278E+00
0000480 9.5493E-02  2.6377E+02 -2.8939E+01 -4.5700E+01  2.1260E-01  1.0043E+01
0000480 8.7978E-02  2.6951E+02 -2.8192E+01 -4.1474E+01  2.0406E-01  4.4679E+00
0000480 1.8171E-02  2.7592E+02 -2.7261E+01 -3.8667E+01  9.2739E-02  6.9807E+01
0000480 8.4840E-03  2.8046E+02 -2.1097E+01 -4.4293E+01  6.3369E-02  1.2420E+00
0000480 0.0000E+00  2.8281E+02 -1.7376E+01 -4.9689E+01  0.0000E+00  6.1284E-01
0000481 2.0000E+00  0.0000E+00  0.0000E+00  0.0000E+00  9.7295E-01  0.0000E+00
0000481 1.9528E+00  3.0282E+01 -4.1747E-01  6.6309E-01  9.6141E-01  1.0104E+01
0000481 8.6857E-01  4.4278E+01  5.6090E-02  1.7753E+00  6.4118E-01  1.0573E+03
0000481 7.8937E-01  5.1653E+01 -5.1105E+00  8.9733E+00  6.1125E-01  6.4418E+01
0000481 7.4121E-01  6.3028E+01 -2.0923E+01  2.0199E+01  5.9230E-01  3.9031E+01
0000481 6.5501E-01  6.6750E+01 -3.0524E+01  2.4365E+01  5.5680E-01  7.3040E+01
0000481 6.3439E-01  6.8619E+01 -3.8693E+01  3.1170E+01  5.4797E-01  8.5972E+00
0000481 6.1919E-01  7.1677E+01 -4.6505E+01  3.7837E+01  5.4136E-01  3.4576E+00
0000481 6.0389E-01  7.4007E+01 -5.4212E+01  4.4819E+01  5.3463E-01  3.7585E+00
0000481 5.9392E-01  7.7128E+01 -6.1757E+01  5.1572E+01  5.3020E-01  9.9721E+00
0000481 1.0859E-01  7.9193E+01 -7.0005E+01  5.7827E+01  2.2671E-01  4.8533E+02
0000481 8.3536E-02  8.0403E+01 -7.6368E+01  5.4347E+01  1.9884E-01  2.1720E+01
0000481 7.7990E-02  8.3852E+01 -8.0435E+01  4.9839E+01  1.9213E-01  2.7689E+00
0000481 4.6466E-02  8.8154E+01 -8.3537E+01  4.5440E+01  1.4830E-01  2.8877E+01
0000481 2.5036E-02  8.8271E+01 -8.7799E+01  4.0875E+01  1.0886E-01  1.9576E+01
0000481 1.8395E-02  9.0461E+01 -9.2845E+01  3.9919E+01  9.3311E-02  5.4254E+00
0000481 3.0000E-03  9.4513E+01 -9.6245E+01  3.9997E+01  3.7682E-02  1.4408E+01
0000481 0.0000E+00  1.0072E+02 -9.2770E+01  3.2072E+01  0.0000E+00  1.1075E+00
0000482 2.0000E+00  0.0000E+00  0.0000E+00  0.0000E+00  9.7295E-01  0.0000E+00
0000482 1.9531E+00  1.7115E+01 -4.3161E-03  3.9040E-04  9.6147E-01  2.1291E+01
0000482 1.9104E+00  3.1087E+01  1.4241E+00  2.7938E-01  9.5091E-01  1.5634E+01
0000482 1.9022E+00  4.5044E+01  1.6210E+00  8.4966E-01  9.4886E-01  8.2365E+00
0000482 1.8954E+00  5.8944E+01  2.7333E+00  1.4132E+00  9.4718E-01  6.7376E+00
0000482 1.5473E+00  7.2848E+01  3.7307E+00  1.1542E+00  8.5578E-01  3.2173E+02
0000482 5.2662E-01  8.5114E+01  2.5897E+00  6.0444E+00  4.9926E-01  1.0207E+03
0000482 4.7122E-01  8.7710E+01 -2.4736E+00  1.4595E+01  4.7227E-01  4.5136E+01
0000482 4.6728E-01  9.0561E+01 -4.6147E+00  2.3957E+01  4.7029E-01  3.9435E+00
0000482 2.5286E-01  9.2829E+01 -6.0993E+00  3.3582E+01  3.4595E-01  2.1442E+02
0000482 2.4740E-01  9.2330E+01 -1.6176E+00  4.1076E+01  3.4220E-01  5.4591E+00
0000482 2.2904E-01  9.3077E+01  2.5656E+00  4.8674E+01  3.2926E-01  1.8356E+01
0000482 2.0271E-01  9.7985E+01  1.2598E+01  6.1597E+01  3.0975E-01  1.7903E+01
0000482 1.7987E-01  9.9746E+01  1.5782E+01  6.9111E+01  2.9178E-01  1.7672E+01
0000482 1.0983E-01  1.0099E+02  2.0990E+01  7.5246E+01  2.2800E-01  7.0040E+01
0000482 2.8369E-02  9.8127E+01  2.3059E+01  8.1714E+01  1.1588E-01  8.1460E+01
0000482 1.9834E-02  1.0419E+02  2.0550E+01  9.0422E+01  9.6890E-02  2.2854E+00
0000482 8.7726E-03  1.0817E+02  1.9405E+01  9.3822E+01  6.4438E-02  1.1061E+01
0000482 0.0000E+00  1.0604E+02  2.9643E+01  1.0908E+02  0.0000E+00  2.1669E+00
0000483 2.0000E+00  0.0000E+00  0.0000E+00  0.0000E+00  9.7295E-01  0.0000E+00
0000483 1.9774E+00  3.9702E+00  0.0000E+00  0.0000E+00  9.6745E-01  2.2566E+01
0000483 1.9647E+00  2.7438E+01 -5.0182E-01  2.0937E+00  9.6433E-01  1.1414E+01
0000483 1.9310E+00  4.1494E+01 -1.1041E+00  2.2009E+00  9.5602E-01  6.6009E+00
0000483 1.8785E+00  5.5488E+01 -1.2757E+00  1.6108E+00  9.4294E-01  2.5683E+01
0000483 1.7769E+00  6.9282E+01 -3.0429E+00  1.2651E+00  9.1707E-01  7.5430E+01
0000483 1.6401E+00  8.2434E+01 -5.5725E+00 -1.7059E+00  8.8108E-01  1.1157E+02
0000483 1.6329E+00  9.5865E+01 -6.2037E+00 -1.7909E+00  8.7913E-01  7.2538E+00
0000483 1.4802E+00  1.0929E+02 -5.9899E+00 -2.1683E+00  8.3702E-01  1.5267E+02
0000483 1.4513E+00  1.2175E+02 -8.9597E+00 -4.9732E+00  8.2880E-01  2.8935E+01
0000483 1.4429E+00  1.3359E+02 -1.3658E+01 -7.7757E+00  8.2640E-01  8.4063E+00
0000483 1.3284E+00  1.4517E+02 -1.9162E+01 -1.0061E+01  7.9294E-01  1.1447E+02
0000483 1.2973E+00  1.5500E+02 -2.5210E+01 -1.5530E+01  7.8360E-01  1.0871E+01
0000483 2.8340E-01  1.7294E+02 -3.9565E+01 -2.6241E+01  3.6625E-01  9.8805E+02
0000483 2.1331E-01  1.8048E+02 -4.1393E+01 -2.1757E+01  3.1775E-01  7.0090E+01
0000483 2.0358E-01  1.8439E+02 -4.4627E+01 -1.5013E+01  3.1041E-01  4.3771E+00
0000483 1.9498E-01  1.8716E+02 -4.8232E+01 -8.0022E+00  3.0379E-01  3.4080E+00
0000483 9.5803E-02  1.9070E+02 -5.2218E+01 -1.6675E+00  2.1294E-01  9.4145E+01
0000483 8.2480E-02  1.8848E+02 -5.4668E+01  4.6955E+00  1.9758E-01  1.0268E+01
0000483 7.5934E-02  1.8495E+02 -5.5146E+01  1.0681E+01  1.8958E-01  6.5469E+00
0000483 6.0571E-02  1.7684E+02 -5.4019E+01  2.1458E+01  1.6932E-01  7.0718E+00
0000483 4.9084E-02  1.7369E+02 -5.1670E+01  2.6715E+01  1.5242E-01  1.1488E+01
0000483 3.5767E-02  1.7316E+02 -4.8118E+01  3.1904E+01  1.3011E-01  1.3316E+01
0000483 2.1416E-02  1.7507E+02 -4.3480E+01  3.5106E+01  1.0068E-01  1.4352E+01
0000483 1.4379E-02  1.7798E+02 -4.2358E+01  3.9554E+01  8.2498E-02  5.9428E+00
0000483 1.6544E-03  1.8681E+02 -3.9113E+01  4.1282E+01  2.7983E-02  8.4589E+00
0000483 0.0000E+00  1.8799E+02 -3.4723E+01  3.6221E+01  0.0000E+00  3.2195E-01
0000484 2.0000E+00  0.0000E+00  0.0000E+00  0.0000E+00  9.7295E-01  0.0000E+00
0000484 1.0932E+00  1.5284E+01  3.8785E-02 -5.6716E-02  7.1931E-01  8.7706E+02
0000484 5.4827E-01  2.3351E+01  2.7176E+00  6.5986E+00  5.0942E-01  5.4489E+02
0000484 5.3318E-01  2.9097E+01 -2.3477E+00  1.3582E+01  5.0236E-01  4.5307E+00
0000484 4.2141E-01  3.4004E+01 -7.7670E+00  2.0838E+01  4.4661E-01  1.1178E+02
0000484 4.1660E-01  3.7604E+01 -1.6063E+01  2.4540E+01  4.4405E-01  4.8103E+00
0000484 3.5957E-01  4.2109E+01 -2.4063E+01  2.7810E+01  4.1254E-01  4.8373E+01
0000484 1.1530E-01  4.8377E+01 -2.9480E+01  3.2328E+01  2.3361E-01  2.3648E+02
0000484 1.0764E-01  4.7309E+01 -3.6611E+01  3.4160E+01  2.2572E-01  4.1828E+00
0000484 8.7726E-02  4.6344E+01 -4.3171E+01  3.7308E+01  2.0377E-01  1.9917E+01
0000484 8.5915E-03  4.6254E+01 -4.7677E+01  4.2729E+01  6.3769E-02  7.9134E+01
0000484 0.0000E+00  5.7012E+01 -4.4241E+01  4.5080E+01  0.0000E+00  1.5002E+00
0000485 2.0000E+00  0.0000E+00  0.0000E+00  0.0000E+00  9.7295E-01  0.0000E+00
0000485 1.9839E+00  3.9702E+00  0.0000E+00  0.0000E+00  9.6902E-01  1.6137E+01
0000485 1.9348E+00  1.1448E+01 -5.4986E-01 -3.9028E-01  9.5696E-01  3.4526E+01
0000485 1.9014E+00  2.4791E+01 -2.6117E+00  3.4020E-01  9.4866E-01  7.5283E+00
0000485 1.5557E+00  3.8675E+01 -3.9058E+00  8.4879E-01  8.5811E-01  3.1920E+02
0000485 1.5423E-01  5.1133E+01 -2.2707E+00 -3.4215E+00  2.7018E-01  1.3787E+03
0000485 1.4511E-01  5.4905E+01 -9.1776E+00 -2.8518E+00  2.6207E-01  9.1157E+00
0000485 1.2859E-01  6.4226E+01 -2.1422E+01 -4.8525E+00  2.4670E-01  9.6898E+00
0000485 1.0397E-01  6.8592E+01 -2.7615E+01 -4.2051E+00  2.2184E-01  2.4615E+01
0000485 1.7720E-02  7.3064E+01 -3.2139E+01 -6.4650E-01  9.1581E-02  8.6253E+01
0000485 6.7032E-03  7.1261E+01 -4.2051E+01  5.2636E-01  5.6327E-02  7.7442E+00
0000485 0.0000E+00  6.2944E+01 -4.7775E+01  4.5145E+00  0.0000E+00  4.5396E-01
0000486 2.0000E+00  0.0000E+00  0.0000E+00  0.0000E+00  9.7295E-01  0.0000E+00
0000486 1.6942E+00  3.9702E+00  0.0000E+00  0.0000E+00  8.9548E-01  3.0581E+02
0000486 1.6702E+00  1.9034E+01 -6.9247E-01 -6.4387E+00  8.8911E-01  2.1346E+01
0000486 1.6414E+00  3.1804E+01 -2.5119E-01 -1.0818E+01  8.8141E-01  4.7760E+00
0000486 1.4691E+00  4.4531E+01  8.9361E-01 -1.5013E+01  8.3386E-01  1.4859E+02
0000486 1.4450E+00  5.6599E+01  5.4886E+00 -1.7124E+01  8.2700E-01  2.4083E+01
0000486 1.4336E+00  7.9472E+01  1.6659E+01 -2.2625E+01  8.2375E-01  6.5456E+00
0000486 1.3672E+00  9.1143E+01  2.1501E+01 -2.5706E+01  8.0444E-01  6.6424E+01
0000486 1.3464E+00  1.0278E+02  2.4118E+01 -3.0492E+01  7.9829E-01  2.0829E+01
0000486 1.2719E+00  1.1496E+02  2.6167E+01 -3.3896E+01  7.7588E-01  7.4523E+01
0000486 1.2677E+00  1.2602E+02  3.1000E+01 -3.7626E+01  7.7462E-01  4.1419E+00
0000486 1.2380E+00  1.3685E+02  3.5740E+01 -4.2035E+01  7.6548E-01  1.0199E+01
0000486 5.4666E-01  1.4758E+02  4.1202E+01 -4.5566E+01  5.0867E-01  6.7209E+02
0000486 5.3920E-01  1.4980E+02  5.0882E+01 -4.8512E+01  5.0519E-01  7.4599E+00
0000486 5.1744E-01  1.5633E+02  6.9115E+01 -5.5582E+01  4.9489E-01  1.7965E+01
0000486 4.8415E-01  1.6144E+02  7.7696E+01 -5.7811E+01  4.7870E-01  3.3294E+01
0000486 4.7745E-01  1.6947E+02  9.3895E+01 -6.6641E+01  4.7538E-01  2.9917E+00
0000486 4.6583E-01  1.7374E+02  1.0178E+02 -7.1169E+01  4.6956E-01  1.1626E+01
0000486 1.8413E-01  1.7668E+02  1.1039E+02 -7.5310E+01  2.9522E-01  2.7231E+02
0000486 1.7248E-01  1.8017E+02  1.1691E+02 -7.1818E+01  2.8573E-01  6.8160E+00
0000486 1.6775E-01  1.8269E+02  1.2417E+02 -6.9346E+01  2.8178E-01  4.7336E+00
0000486 1.5577E-01  1.8432E+02  1.3123E+02 -6.5889E+01  2.7153E-01  7.4574E+00
0000486 4.8390E-02  1.8748E+02  1.3752E+02 -6.2284E+01  1.5134E-01  1.0738E+02
0000486 1.2162E-02  1.8846E+02  1.4004E+02 -5.0109E+01  7.5871E-02  3.2380E+01
0000486 0.0000E+00  1.8646E+02  1.3753E+02 -4.6364E+01  0.0000E+00  1.1208E+01
0000487 2.0000E+00  0.0000E+00  0.0000E+00  0.0000E+00  9.7295E-01  0.0000E+00
0000487 1.7456E+00  2.5204E+01 -1.9980E-01 -2.5093E-01  9.0897E-01  2.5313E+02
0000487 1.7117E+00  3.8083E+01  1.2463E+00  4.0571E+00  9.0011E-01  9.0379E+00
0000487 1.6458E+00  5.0538E+01  3.0289E+00  9.1943E+00  8.8260E-01  4.1488E+01
0000487 1.5854E+00  6.2730E+01  6.7579E+00  1.3505E+01  8.6626E-01  3.6608E+01
0000487 1.5732E+00  7.5480E+01  9.7394E+00  1.6022E+01  8.6293E-01  1.2187E+01
0000487 1.5465E+00  8.8108E+01  1.2078E+01  1.9509E+01  8.5557E-01  3.7334E+00
0000487 1.4175E+00  1.0048E+02  1.4923E+01  2.3319E+01  8.1910E-01  1.0637E+02
0000487 1.4032E+00  1.1274E+02  1.9109E+01  2.3891E+01  8.1496E-01  1.4300E+01
0000487 1.3997E+00  1.2470E+02  2.4025E+01  2.3428E+01  8.1395E-01  3.4610E+00
0000487 1.3432E+00  1.3649E+02  2.9331E+01  2.3446E+01  7.9736E-01  3.5437E+01
0000487 1.3092E+00  1.4835E+02  3.3782E+01  2.1576E+01  7.8718E-01  1.3662E+01
0000487 1.0028E+00  1.6054E+02  3.7220E+01  2.0448E+01  6.8893E-01  3.0642E+02
0000487 9.9917E-01  1.7197E+02  3.6389E+01  2.3757E+01  6.8770E-01  3.5842E+00
0000487 9.6563E-01  1.8322E+02  3.5899E+01  2.7664E+01  6.7605E-01  3.3547E+01
0000487 9.5980E-01  1.9445E+02  3.3518E+01  3.0475E+01  6.7401E-01  5.8276E+00
0000487 9.3304E-01  2.0592E+02  3.1701E+01  3.2601E+01  6.6455E-01  1.0844E+01
0000487 8.5390E-01  2.1740E+02  2.9507E+01  3.3519E+01  6.3574E-01  6.3564E+01
0000487 6.7690E-01  2.2780E+02  2.6215E+01  3.7114E+01  5.6603E-01  1.7699E+02
0000487 6.5967E-01  2.3474E+02  2.2633E+01  4.4679E+01  5.5878E-01  1.7232E+01
0000487 6.4450E-01  2.4288E+02  1.9721E+01  5.1174E+01  5.5232E-01  3.0872E+00
0000487 6.2265E-01  2.5064E+02  1.6170E+01  5.7726E+01  5.4287E-01  2.1854E+01
0000487 6.1650E-01  2.5939E+02  1.2453E+01  6.2571E+01  5.4019E-01  6.1453E+00
0000487 6.0039E-01  2.6770E+02  7.7760E+00  6.7293E+01  5.3308E-01  1.6112E+01
0000487 3.9357E-01  2.7646E+02  2.7026E+00  7.0396E+01  4.3161E-01  2.0681E+02
0000487 2.6935E-01  2.8494E+02 -6.3418E+00  8.5064E+01  3.5706E-01  1.1241E+02
0000487 2.2066E-01  2.9238E+02 -9.8493E+00  8.8365E+01  3.2317E-01  4.8695E+01
0000487 1.0587E-01  2.9730E+02 -1.3094E+01  9.4491E+01  2.2386E-01  1.1478E+02
0000487 2.8135E-03  3.0419E+02 -1.5557E+01  9.4692E+01  3.6492E-02  9.9785E+01
0000487 0.0000E+00  3.0228E+02 -2.0447E+01  9.9154E+01  0.0000E+00  1.2521E+00
0000488 2.0000E+00  0.0000E+00  0.0000E+00  0.0000E+00  9.7295E-01  0.0000E+00
0000488 1.9871E+00  1.6512E+01 -2.0232E-01 -2.7799E-01  9.6980E-01  1.3477E-02
0000488 1.9758E+00  3.0595E+01 -6.7507E-01 -9.8761E-01  9.6704E-01  1.1323E+01
0000488 1.9480E+00  4.4580E+01 -7.9564E-01 -2.6975E+00  9.6023E-01  2.7734E+01
0000488 1.8859E+00  5.8616E+01 -1.1021E+00 -2.7489E+00  9.4478E-01  3.5195E+01
0000488 1.8317E+00  7.2425E+01 -3.9206E-01 -4.3894E+00  9.3111E-01  5.4189E+01
0000488 1.4021E+00  8.5939E+01  2.4430E+00 -5.0419E+00  8.1463E-01  4.0387E+02
0000488 1.3975E+00  9.7672E+01  8.8808E-01 -1.0260E+01  8.1331E-01  4.5327E+00
0000488 1.3633E+00  1.0929E+02 -1.3923E+00 -1.5449E+01  8.0329E-01  1.3225E+01
0000488 1.1138E+00  1.2118E+02 -4.0998E+00 -1.9479E+01  7.2608E-01  2.2884E+02
0000488 1.1065E+00  1.2966E+02 -7.8129E+00 -2.7475E+01  7.2368E-01  7.3298E+00
0000488 4.1284E-01  1.3739E+02 -1.1803E+01 -3.6051E+01  4.4204E-01  6.9365E+02
0000488 1.9857E-01  1.4098E+02 -2.0779E+01 -3.7098E+01  3.0657E-01  2.1427E+02
0000488 1.8992E-01  1.4811E+02 -2.4428E+01 -3.4876E+01  2.9982E-01  8.6450E+00
0000488 1.4179E-01  1.5542E+02 -2.8204E+01 -3.4379E+01  2.5906E-01  4.3193E+01
0000488 3.3930E-02  1.6034E+02 -3.3782E+01 -3.6570E+01  1.2673E-01  1.0384E+02
0000488 2.6732E-02  1.6270E+02 -3.3651E+01 -4.1974E+01  1.1248E-01  7.1988E+00
0000488 1.0560E-02  1.6512E+02 -3.6105E+01 -4.6450E+01  7.0699E-02  1.4901E+01
0000488 6.3009E-03  1.6545E+02 -4.0759E+01 -4.7629E+01  5.4611E-02  4.2594E+00
0000488 0.0000E+00  1.5818E+02 -4.5882E+01 -4.1835E+01  0.0000E+00  1.4913E+00
0000489 2.0000E+00  0.0000E+00  0.0000E+00  0.0000E+00  9.7295E-01  0.0000E+00
0000489 1.9896E+00  9.2378E+00  1.5991E-02  2.0733E-03  9.7042E-01  1.2636E-01
0000489 1.9587E+00  3.4174E+01  4.7609E-01 -3.2246E-01  9.6285E-01  2.7017E+01
0000489 1.9213E+00  6.2004E+01  4.1772E+00 -1.4793E+00  9.5361E-01  5.5698E+00
0000489 1.9168E+00  7.5748E+01  6.4746E+00 -2.7243E+00  9.5251E-01  4.4262E+00
0000489 8.7984E-01  8.9422E+01  8.6844E+00 -4.6313E+00  6.4532E-01  1.0370E+03
0000489 8.6463E-01  1.0447E+02  2.1323E+01  7.4671E+00  6.3972E-01  7.3828E+00
0000489 7.1966E-01  1.1156E+02  2.7300E+01  1.4299E+01  5.8363E-01  1.4497E+02
0000489 3.9378E-01  1.1819E+02  3.5669E+01  1.7057E+01  4.3172E-01  3.2588E+02
0000489 1.4260E-01  1.2089E+02  4.4137E+01  1.3359E+01  2.5980E-01  2.4287E+02
0000489 1.3228E-01  1.2683E+02  4.5514E+01  8.5416E+00  2.5022E-01  1.0327E+01
0000489 9.7642E-02  1.3121E+02  4.7903E+01  2.7452E+00  2.1498E-01  3.0806E+01
0000489 8.9032E-02  1.3194E+02  5.0205E+01 -4.0372E+00  2.0528E-01  5.5148E+00
0000489 7.2381E-02  1.3624E+02  5.4964E+01 -1.6483E+01  1.8509E-01  1.1223E+01
0000489 5.0416E-02  1.4039E+02  5.7311E+01 -2.1323E+01  1.5448E-01  2.1964E+01
0000489 1.7263E-03  1.4425E+02  6.1988E+01 -2.3174E+01  2.8585E-02  4.6731E+01
0000489 0.0000E+00  1.4021E+02  6.4310E+01 -2.7958E+01  0.0000E+00  4.3981E-01
0000490 2.0000E+00  0.0000E+00  0.0000E+00  0.0000E+00  9.7295E-01  0.0000E+00
0000490 1.9896E+00  1.8279E+01  2.7536E-01  7.8473E-02  9.7041E-01  4.6613E-01
0000490 1.9530E+00  3.2386E+01  2.5703E-01  5.1166E-01  9.6146E-01  9.1264E+00
0000490 1.9203E+00  4.6422E+01  6.6115E-01  8.2453E-02  9.5336E-01  5.7402E+00
0000490 1.3850E+00  6.0388E+01  3.6553E-01 -6.5487E-01  8.0967E-01  5.3524E+02
0000490 1.3595E+00  7.1393E+01 -5.6321E+00  2.3859E+00  8.0215E-01  4.7066E+00
0000490 1.3191E+00  8.2408E+01 -1.1142E+01  6.0070E+00  7.9015E-01  1.9801E+01
0000490 1.2585E+00  9.2474E+01 -1.7555E+01  1.0474E+01  7.7181E-01  6.0520E+01
0000490 1.2205E+00  1.0123E+02 -2.3505E+01  1.7299E+01  7.6004E-01  1.8636E+01
0000490 2.9617E-01  1.0939E+02 -2.8628E+01  2.5277E+01  3.7441E-01  9.0528E+02
0000490 2.4708E-01  1.0637E+02 -3.3615E+01  3.2198E+01  3.4198E-01  4.2309E+01
0000490 2.2990E-01  1.0492E+02 -4.0786E+01  3.6911E+01  3.2987E-01  1.7180E+01
0000490 2.1838E-01  1.0735E+02 -5.5556E+01  4.5066E+01  3.2150E-01  2.9096E+00
0000490 1.5623E-01  1.0832E+02 -6.2570E+01  4.9730E+01  2.7193E-01  5.6691E+01
0000490 8.3950E-02  1.1282E+02 -6.8721E+01  5.1864E+01  1.9934E-01  6.7979E+01
0000490 7.5425E-02  1.1827E+02 -6.9964E+01  5.6053E+01  1.8894E-01  8.5249E+00
0000490 4.6312E-02  1.2325E+02 -6.9066E+01  6.0673E+01  1.4806E-01  2.7404E+01
0000490 2.8920E-02  1.2495E+02 -6.5452E+01  6.5469E+01  1.1700E-01  1.7392E+01
0000490 1.8501E-02  1.3165E+02 -5.6685E+01  6.7938E+01  9.3578E-02  7.3806E+00
0000490 3.2728E-03  1.3356E+02 -4.7536E+01  6.3739E+01  3.9358E-02  1.2526E+01
0000490 0.0000E+00  1.3703E+02 -4.4709E+01  5.8431E+01  0.0000E+00  1.1159E+00
0000491 2.0000E+00  0.0000E+00  0.0000E+00  0.0000E+00  9.7295E-01  0.0000E+00
0000491 1.9883E+00  1.6514E+01  3.3933E-01 -5.6755E-02  9.7010E-01  9.0301E+00
0000491 1.9697E+00  4.8577E+01 -1.4503E-01 -2.6762E+00  9.6556E-01  1.3098E+01
0000491 1.8233E+00  6.2413E+01  7.8995E-02 -5.2632E+00  9.2897E-01  1.1925E+02
0000491 1.7603E+00  7.6158E+01  1.1104E+00 -4.4544E+00  9.1280E-01  4.2344E+01
0000491 1.7475E+00  8.9808E+01  1.0266E+00 -5.4417E+00  9.0946E-01  1.2853E+01
0000491 1.0090E+00  1.1695E+02 -1.8804E+00 -6.3249E+00  6.9106E-01  7.3483E+02
0000491 2.3447E-01  1.3573E+02  7.7000E+00 -1.7441E+01  3.3314E-01  7.4936E+02
0000491 5.7681E-02  1.3974E+02  3.6341E+00 -2.3886E+01  1.6523E-01  1.7106E+02
0000491 4.5241E-02  1.4616E+02  4.2913E+00 -2.4679E+01  1.4633E-01  1.2441E+01
0000491 2.5326E-02  1.5204E+02  2.5857E+00 -2.3613E+01  1.0949E-01  1.9915E+01
0000491 1.8861E-02  1.6160E+02  1.2270E+00 -2.8800E+01  9.4485E-02  3.5008E+00
0000491 5.5286E-03  1.7139E+02  4.6765E+00 -2.9564E+01  5.1155E-02  1.1553E+01
0000491 0.0000E+00  1.7899E+02  1.0326E+01 -2.6863E+01  0.0000E+00  3.6096E-01
0000492 2.0000E+00  0.0000E+00  0.0000E+00  0.0000E+00  9.7295E-01  0.0000E+00
0000492 1.8623E+00  3.9702E+00  0.0000E+00  0.0000E+00  9.3885E-01  1.2999E+02
0000492 1.8469E+00  1.0859E+01 -1.2266E+00  1.3442E+00  9.3496E-01  2.0436E+00
0000492 1.7635E+00  1.4673E+01 -1.8956E+00  2.2220E+00  9.1360E-01  7.5975E+01
0000492 1.7459E+00  2.8324E+01 -2.6039E+00  3.0095E+00  9.0905E-01  1.7528E+01
0000492 1.7139E+00  4.1815E+01 -4.6526E+00  3.5932E+00  9.0068E-01  7.1691E+00
0000492 1.6781E+00  5.5312E+01 -5.9277E+00  4.6004E+00  8.9122E-01  1.1326E+01
0000492 1.6461E+00  6.8568E+01 -8.2310E+00  5.9596E+00  8.8268E-01  7.8975E+00
0000492 1.6217E+00  8.1801E+01 -1.0651E+01  6.3915E+00  8.7612E-01  2.4405E+01
0000492 1.5207E+00  9.5184E+01 -1.1457E+01  6.5737E+00  8.4841E-01  1.0097E+02
0000492 1.5121E+00  1.0808E+02 -9.5246E+00  8.6246E+00  8.4600E-01  8.6183E+00
0000492 1.4443E+00  1.2071E+02 -7.0637E+00  1.1474E+01  8.2680E-01  6.7850E+01
0000492 1.4099E+00  1.3220E+02 -4.0465E+00  1.6818E+01  8.1690E-01  1.2824E+01
0000492 1.3763E+00  1.4304E+02 -9.6653E-01  2.3207E+01  8.0711E-01  1.2443E+01
0000492 1.3509E+00  1.5394E+02  3.0230E+00  2.8778E+01  7.9961E-01  4.6591E+00
0000492 1.3238E+00  1.6487E+02  7.4873E+00  3.3761E+01  7.9157E-01  6.5421E+00
0000492 1.2979E+00  1.7526E+02  1.2428E+01  3.9275E+01  7.8380E-01  5.6819E+00
0000492 1.2660E+00  1.9594E+02  2.3907E+01  4.8439E+01  7.7410E-01  7.0855E+00
0000492 1.1197E+00  2.0570E+02  3.0709E+01  5.2643E+01  7.2800E-01  1.2679E+02
0000492 1.0430E+00  2.1225E+02  3.9893E+01  5.7411E+01  7.0262E-01  7.6710E+01
0000492 1.0393E+00  2.1961E+02  4.6652E+01  6.4127E+01  7.0136E-01  3.7321E+00
0000492 8.6416E-01  2.2733E+02  5.2809E+01  7.0995E+01  6.3955E-01  1.5824E+02
0000492 8.4993E-01  2.3066E+02  6.0229E+01  7.9149E+01  6.3426E-01  1.4224E+01
0000492 8.0812E-01  2.3510E+02  6.7933E+01  8.6387E+01  6.1846E-01  2.7269E+01
0000492 7.8750E-01  2.4008E+02  7.6538E+01  9.1835E+01  6.1052E-01  6.5995E+00
0000492 7.6661E-01  2.4420E+02  8.5653E+01  9.7021E+01  6.0237E-01  7.1304E+00
0000492 1.6301E-01  2.4794E+02  9.5283E+01  1.0133E+02  2.7777E-01  6.0360E+02
0000492 1.5859E-01  2.4306E+02  9.9279E+01  1.0622E+02  2.7397E-01  4.4223E+00
0000492 1.1878E-01  2.3918E+02  1.0317E+02  1.1194E+02  2.3711E-01  3.9803E+01
0000492 8.3073E-02  2.3671E+02  1.0530E+02  1.2643E+02  1.9829E-01  2.8064E+01
0000492 7.7548E-02  2.3471E+02  1.0907E+02  1.3194E+02  1.9159E-01  5.5248E+00
0000492 1.2487E-02  2.3439E+02  1.1239E+02  1.3796E+02  7.6878E-02  6.5061E+01
0000492 8.6494E-03  2.3475E+02  1.0941E+02  1.4190E+02  6.3983E-02  3.0765E+00
0000492 0.0000E+00  2.3916E+02  1.0782E+02  1.4826E+02  0.0000E+00  2.6228E+00
0000493 2.0000E+00  0.0000E+00  0.0000E+00  0.0000E+00  9.7295E-01  0.0000E+00
0000493 1.9897E+00  3.9702E+00  0.0000E+00  0.0000E+00  9.7045E-01  2.5564E+00
0000493 1.9726E+00  1.6384E+01 -2.3593E-01  3.4339E-01  9.6627E-01  6.7281E-01
0000493 1.9451E+00  3.0466E+01 -3.0577E-01  5.3976E-01  9.5950E-01  2.7519E+01
0000493 1.9359E+00  4.4424E+01  3.8119E-01 -7.4050E-01  9.5724E-01  9.1477E+00
0000493 1.9172E+00  7.2121E+01  2.7355E+00 -4.2651E+00  9.5260E-01  1.4640E+01
0000493 1.8863E+00  8.5755E+01  4.4203E+00 -6.8712E+00  9.4489E-01  4.2933E+00
0000493 1.5414E+00  9.9306E+01  6.6816E+00 -9.1514E+00  8.5415E-01  3.4490E+02
0000493 1.5094E+00  1.1222E+02  3.9407E+00 -8.1992E+00  8.4523E-01  9.4072E+00
0000493 1.4460E+00  1.2516E+02  1.4707E+00 -8.2533E+00  8.2729E-01  6.3373E+01
0000493 1.3897E+00  1.3722E+02 -3.4312E+00 -7.5282E+00  8.1102E-01  3.4772E+01
0000493 1.3336E+00  1.4846E+02 -9.3583E+00 -5.2457E+00  7.9448E-01  5.6082E+01
0000493 1.3065E+00  1.5813E+02 -1.6897E+01 -1.6595E+00  7.8638E-01  6.7728E+00
0000493 1.2996E+00  1.6829E+02 -2.3656E+01  1.9133E+00  7.8430E-01  6.8819E+00
0000493 1.2383E+00  1.7814E+02 -3.1081E+01  4.9276E+00  7.6557E-01  4.1439E+01
0000493 1.2271E+00  1.8647E+02 -3.9299E+01  9.4568E+00  7.6209E-01  1.1207E+01
0000493 1.2189E+00  1.9520E+02 -4.6612E+01  1.4653E+01  7.5956E-01  8.1458E+00
0000493 9.8631E-01  2.0380E+02 -5.3376E+01  2.0700E+01  6.8325E-01  2.3260E+02
0000493 3.7298E-02  2.1477E+02 -5.7588E+01  2.2489E+01  1.3287E-01  9.3278E+02
0000493 2.2222E-02  2.2182E+02 -4.8546E+01  2.0979E+01  1.0256E-01  8.5655E+00
0000493 1.9515E-02  2.2544E+02 -4.5286E+01  1.8502E+01  9.6107E-02  2.7072E+00
0000493 3.8075E-03  2.2737E+02 -4.1477E+01  1.5292E+01  4.2452E-02  1.5707E+01
0000493 0.0000E+00  2.3033E+02 -3.8146E+01  2.0919E+00  0.0000E+00  8.9872E-01
0000494 2.0000E+00  0.0000E+00  0.0000E+00  0.0000E+00  9.7295E-01  0.0000E+00
0000494 1.9368E+00  2.6037E+01  8.8183E-02  2.8057E-01  9.5744E-01  3.3919E+01
0000494 1.8661E+00  3.9927E+01 -1.3837E+00  1.4752E+00  9.3982E-01  7.0646E+01
0000494 1.8597E+00  5.3722E+01 -1.8048E-01  2.5384E+00  9.3819E-01  6.4527E+00
0000494 1.8300E+00  6.7562E+01  7.6973E-01  2.8264E+00  9.3067E-01  3.6537E+00
0000494 1.7910E+00  8.1290E+01  2.2361E+00  3.4404E+00  9.2071E-01  1.3226E+01
0000494 1.7854E+00  9.4776E+01  4.8513E+00  3.9063E+00  9.1926E-01  5.6587E+00
0000494 1.7563E+00  1.0813E+02  8.0475E+00  3.8795E+00  9.1175E-01  3.8083E+00
0000494 1.2015E+00  1.2133E+02  1.1595E+01  4.3641E+00  7.5413E-01  5.5476E+02
0000494 1.1484E+00  1.3291E+02  8.7533E+00  7.3721E-01  7.3728E-01  3.4301E+01
0000494 7.5811E-01  1.4496E+02  7.3907E+00 -1.4456E+00  5.9902E-01  3.7217E+02
0000494 3.8149E-01  1.5499E+02  5.8830E+00  3.2289E+00  4.2493E-01  3.6324E+02
0000494 3.5436E-01  1.6024E+02  1.0454E+01  9.7769E+00  4.0954E-01  1.9003E+01
0000494 3.4214E-01  1.6676E+02  1.5241E+01  1.4585E+01  4.0242E-01  4.5162E+00
0000494 3.3633E-01  1.7244E+02  2.0268E+01  2.0026E+01  3.9899E-01  5.8111E+00
0000494 3.1941E-01  1.7771E+02  2.4575E+01  2.6359E+01  3.8882E-01  1.6916E+01
0000494 0.0000E+00  1.8449E+02  2.7976E+01  3.1561E+01  0.0000E+00  3.1177E+02
0000495 2.0000E+00  0.0000E+00  0.0000E+00  0.0000E+00  9.7295E-01  0.0000E+00
0000495 1.9881E+00  2.6029E+01  2.2151E-02 -8.5745E-02  9.7005E-01  4.0856E+00
0000495 1.9565E+00  4.0125E+01  6.6846E-01 -2.2268E-01  9.6232E-01  4.2143E+00
0000495 1.9217E+00  5.4138E+01  1.6689E+00  1.8562E-01  9.5372E-01  7.7655E+00
0000495 1.8886E+00  6.8002E+01  3.5355E+00  4.4079E-01  9.4547E-01  6.3996E+00
0000495 1.8612E+00  8.1886E+01  4.6558E+00  3.7210E-01  9.3859E-01  2.7378E+01
0000495 1.5976E+00  9.5503E+01  7.1488E+00 -6.2305E-01  8.6958E-01  2.3757E+02
0000495 4.7442E-01  1.0720E+02  1.0453E+01 -6.1724E+00  4.7387E-01  1.1232E+03
0000495 4.3048E-01  1.1032E+02  6.7522E+00 -1.4959E+01  4.5139E-01  4.3944E+01
0000495 3.0541E-02  1.1602E+02  4.1603E+00 -2.2519E+01  1.2023E-01  3.9994E+02
0000495 2.8039E-02  1.2111E+02  2.6827E+00 -2.0183E+01  1.1520E-01  2.5026E+00
0000495 1.7620E-02  1.2922E+02 -4.1913E+00 -1.8615E+01  9.1323E-02  3.0113E+00
0000495 7.7795E-03  1.3335E+02 -6.7541E+00 -2.0600E+01  6.0681E-02  9.8405E+00
0000495 0.0000E+00  1.4121E+02 -1.6988E+01 -2.7983E+01  0.0000E+00  1.4015E+00
0000496 2.0000E+00  0.0000E+00  0.0000E+00  0.0000E+00  9.7295E-01  0.0000E+00
0000496 1.3231E+00  3.9702E+00  0.0000E+00  0.0000E+00  7.9135E-01  6.6919E+02
0000496 1.3196E+00  1.1936E+01  1.8813E-01  5.6603E+00  7.9031E-01  3.4866E+00
0000496 1.3058E+00  1.8778E+01  7.5739E-01  1.0371E+01  7.8617E-01  6.3539E-01
0000496 1.2801E+00  2.9092E+01  1.8124E+00  1.7727E+01  7.7838E-01  5.7488E+00
0000496 1.0833E+00  3.9417E+01  2.0183E+00  2.5034E+01  7.1607E-01  1.9675E+02
0000496 1.0568E+00  4.7916E+01 -2.4119E+00  3.2502E+01  7.0726E-01  9.0826E+00
0000496 1.0343E+00  5.5576E+01 -7.4869E+00  4.0341E+01  6.9966E-01  5.4930E+00
0000496 9.9254E-01  6.3774E+01 -1.2599E+01  4.7486E+01  6.8541E-01  2.4897E+01
0000496 9.8848E-01  7.2301E+01 -1.8726E+01  5.3084E+01  6.8400E-01  4.0661E+00
0000496 7.8684E-01  8.0329E+01 -2.4960E+01  5.9246E+01  6.1027E-01  1.8537E+02
0000496 7.5139E-01  9.1698E+01 -4.3837E+01  6.3760E+01  5.9636E-01  3.0538E+01
0000496 7.3447E-01  9.5054E+01 -5.4005E+01  6.6849E+01  5.8961E-01  1.6920E+01
0000496 3.5950E-01  9.6781E+01 -6.4420E+01  7.0227E+01  4.1250E-01  3.7497E+02
0000496 3.4744E-01  8.8051E+01 -8.1042E+01  6.9417E+01  4.0552E-01  5.7201E+00
0000496 3.3047E-01  8.5159E+01 -8.9930E+01  6.8823E+01  3.9550E-01  9.3741E+00
0000496 3.0541E-01  8.2583E+01 -9.8780E+01  6.9751E+01  3.8020E-01  2.5064E+01
0000496 2.9948E-01  7.8862E+01 -1.0655E+02  7.2697E+01  3.7650E-01  5.9261E+00
0000496 2.7798E-01  7.4880E+01 -1.1365E+02  7.6690E+01  3.6273E-01  2.1505E+01
0000496 9.4701E-02  7.3206E+01 -1.2153E+02  8.0546E+01  2.1172E-01  1.8328E+02
0000496 7.6220E-02  6.8579E+01 -1.3235E+02  7.2676E+01  1.8994E-01  1.1061E+01
0000496 5.2824E-02  6.4325E+01 -1.3700E+02  6.9967E+01  1.5812E-01  2.3396E+01
0000496 2.4807E-02  5.8274E+01 -1.3846E+02  6.8492E+01  1.0836E-01  2.5993E+01
0000496 1.4324E-02  5.2292E+01 -1.3622E+02  5.9612E+01  8.2341E-02  7.6980E+00
0000496 9.6686E-03  4.2768E+01 -1.3490E+02  5.8105E+01  6.7649E-02  1.3794E+00
0000496 0.0000E+00  2.7730E+01 -1.4772E+02  5.1580E+01  0.0000E+00  9.9770E-01
0000497 2.0000E+00  0.0000E+00  0.0000E+00  0.0000E+00  9.7295E-01  0.0000E+00
0000497 1.9780E+00  3.9702E+00  0.0000E+00  0.0000E+00  9.6759E-01  1.4252E+01
0000497 1.9592E+00  1.2956E+01  6.8786E-01 -3.2928E-01  9.6297E-01  1.3913E+00
0000497 1.9417E+00  3.4085E+01  3.1606E+00 -1.0797E+00  9.5867E-01  1.6436E+01
0000497 1.9014E+00  4.8102E+01  3.7033E+00 -1.0442E+00  9.4866E-01  4.0342E+01
0000497 1.8737E+00  6.1916E+01  3.6761E+00  9.2157E-01  9.4174E-01  2.7622E+01
0000497 1.8688E+00  7.5360E+01  3.0105E+00  4.3991E+00  9.4050E-01  4.9353E+00
0000497 1.8373E+00  8.8790E+01  3.0538E+00  7.9560E+00  9.3254E-01  5.3854E+00
0000497 1.7920E+00  1.0228E+02  3.6082E+00  1.0965E+01  9.2096E-01  1.9527E+01
0000497 1.7880E+00  1.1593E+02  4.1676E+00  1.2546E+01  9.1995E-01  3.9319E+00
0000497 1.7559E+00  1.2951E+02  5.3598E+00  1.4229E+01  9.1163E-01  6.9045E+00
0000497 1.7226E+00  1.4313E+02  6.1355E+00  1.5160E+01  9.0296E-01  8.2969E+00
0000497 1.7161E+00  1.5665E+02  7.7114E+00  1.5595E+01  9.0126E-01  6.4920E+00
0000497 1.7041E+00  1.7002E+02  1.0092E+01  1.6208E+01  8.9809E-01  1.2046E+01
0000497 1.5958E+00  1.8312E+02  1.3575E+01  1.6910E+01  8.6910E-01  8.3865E+01
0000497 1.5678E+00  1.9492E+02  1.9795E+01  1.7700E+01  8.6144E-01  2.7996E+01
0000497 1.5174E+00  2.0641E+02  2.6423E+01  1.6793E+01  8.4748E-01  5.0426E+01
0000497 1.4962E+00  2.3044E+02  3.6954E+01  1.9379E+01  8.4154E-01  1.7041E+01
0000497 1.4773E+00  2.4192E+02  4.3108E+01  2.1093E+01  8.3621E-01  1.8911E+01
0000497 1.4349E+00  2.5324E+02  4.9703E+01  2.1406E+01  8.2412E-01  2.0479E+01
0000497 1.4170E+00  2.6397E+02  5.6886E+01  2.3029E+01  8.1895E-01  1.7940E+01
0000497 1.2118E+00  2.7412E+02  6.4929E+01  2.3623E+01  7.5734E-01  2.0518E+02
0000497 1.1898E+00  2.8251E+02  7.3244E+01  1.9591E+01  7.5045E-01  8.8964E+00
0000497 1.1488E+00  2.9019E+02  8.1756E+01  1.4784E+01  7.3740E-01  4.1038E+01
0000497 1.1067E+00  2.9721E+02  9.1447E+01  1.1854E+01  7.2376E-01  2.3918E+01
0000497 1.0792E+00  3.1172E+02  1.1100E+02  1.0414E+01  7.1470E-01  3.6213E+00
0000497 9.3980E-01  3.1884E+02  1.2079E+02  9.4404E+00  6.6695E-01  1.3939E+02
0000497 7.8536E-01  3.2725E+02  1.2785E+02  5.2845E+00  6.0969E-01  1.5444E+02
0000497 4.5211E-01  3.3717E+02  1.3318E+02  5.3329E+00  4.6259E-01  3.3325E+02
0000497 9.6603E-02  3.4619E+02  1.3234E+02  1.2832E+00  2.1383E-01  3.5551E+02
0000497 8.7432E-02  3.4684E+02  1.3380E+02 -5.7223E+00  2.0343E-01  6.0982E+00
0000497 7.8555E-02  3.4785E+02  1.3345E+02 -1.2686E+01  1.9282E-01  6.0110E+00
0000497 4.0162E-02  3.5028E+02  1.3206E+02 -1.8993E+01  1.3787E-01  3.8393E+01
0000497 3.4540E-02  3.4783E+02  1.3065E+02 -2.4378E+01  1.2786E-01  3.9454E+00
0000497 2.4986E-02  3.4424E+02  1.3065E+02 -2.9077E+01  1.0875E-01  9.5534E+00
0000497 1.1394E-02  3.3436E+02  1.2968E+02 -3.3499E+01  7.3438E-02  8.8726E+00
0000497 7.8428E-03  3.3121E+02  1.3316E+02 -3.4800E+01  6.0927E-02  3.5514E+00
0000497 0.0000E+00  3.2578E+02  1.3369E+02 -3.9374E+01  0.0000E+00  9.8957E-01
0000498 2.0000E+00  0.0000E+00  0.0000E+00  0.0000E+00  9.7295E-01  0.0000E+00
0000498 1.9899E+00  3.9702E+00  0.0000E+00  0.0000E+00  9.7050E-01  2.3282E+00
0000498 1.9732E+00  1.1906E+01 -2.2403E-01  1.5572E-01  9.6640E-01  1.3576E+00
0000498 1.8153E+00  2.5990E+01 -3.2861E-01  2.1463E-01  9.2695E-01  1.3060E+02
0000498 1.8087E+00  3.9301E+01  1.7474E-01  3.7916E+00  9.2525E-01  6.6394E+00
0000498 1.7691E+00  5.2390E+01  1.2083E+00  7.9730E+00  9.1508E-01  1.4060E+01
0000498 1.6104E+00  6.5328E+01  3.4294E+00  1.1901E+01  8.7306E-01  1.5874E+02
0000498 1.5825E+00  7.6610E+01  9.4173E+00  1.5906E+01  8.6545E-01  4.5608E+00
0000498 1.5474E+00  8.7593E+01  1.5990E+01  1.9621E+01  8.5580E-01  1.2029E+01
0000498 1.1223E+00  9.7814E+01  2.3334E+01  2.3777E+01  7.2883E-01  4.2509E+02
0000498 4.8890E-01  1.0380E+02  2.8556E+01  3.3107E+01  4.8105E-01  6.1553E+02
0000498 3.8303E-01  1.0136E+02  3.6230E+01  3.9205E+01  4.2579E-01  1.0587E+02
0000498 3.7661E-01  9.5653E+01  4.3416E+01  4.1906E+01  4.2220E-01  6.4233E+00
0000498 2.8499E-01  9.0742E+01  5.0730E+01  4.5547E+01  3.6728E-01  8.3565E+01
0000498 2.7516E-01  9.0319E+01  5.8545E+01  4.9935E+01  3.6089E-01  3.2367E+00
0000498 4.5731E-02  8.9958E+01  6.6728E+01  5.3430E+01  1.4712E-01  2.2301E+02
0000498 3.4523E-02  8.5611E+01  7.0410E+01  5.0912E+01  1.2783E-01  1.1208E+01
0000498 2.4663E-02  8.2703E+01  7.2430E+01  4.6174E+01  1.0804E-01  8.3482E+00
0000498 1.5687E-02  8.2576E+01  7.3551E+01  4.0721E+01  8.6167E-02  8.9762E+00
0000498 1.9706E-03  8.5273E+01  7.5718E+01  3.6912E+01  3.0541E-02  1.2829E+01
0000498 0.0000E+00  8.7533E+01  7.3282E+01  3.5305E+01  0.0000E+00  1.1639E+00
0000499 2.0000E+00  0.0000E+00  0.0000E+00  0.0000E+00  9.7295E-01  0.0000E+00
0000499 1.9885E+00  3.9702E+00  0.0000E+00  0.0000E+00  9.7014E-01  3.8098E+00
0000499 1.9624E+00  1.3209E+01 -3.3372E-01  2.2824E-01  9.6377E-01  8.1058E+00
0000499 1.8983E+00  3.1225E+01 -7.4932E-01 -4.8789E-01  9.4789E-01  6.4122E+01
0000499 1.7515E+00  5.8631E+01  4.2917E+00 -1.3041E+00  9.1050E-01  1.1551E+02
0000499 1.5315E+00  7.2055E+01  4.3636E+00 -3.8796E+00  8.5141E-01  1.9510E+02
0000499 1.5049E+00  8.4778E+01  7.9369E+00 -3.5441E+00  8.4398E-01  4.0963E+00
0000499 1.4769E+00  9.7538E+01  1.1158E+01 -3.8007E+00  8.3609E-01  5.7892E+00
0000499 1.1339E+00  1.1010E+02  1.4873E+01 -3.4299E+00  7.3258E-01  3.4304E+02
0000499 1.0643E+00  1.2187E+02  1.2767E+01 -6.0865E-01  7.0975E-01  5.1590E+01
0000499 1.0112E+00  1.3269E+02  8.1953E+00  2.2830E+00  6.9184E-01  5.3029E+01
0000499 9.9055E-01  1.4355E+02  5.8670E+00  6.6846E+00  6.8472E-01  4.1505E+00
0000499 9.3361E-01  1.5458E+02  4.2476E+00  1.0827E+01  6.6475E-01  4.0655E+01
0000499 8.4879E-01  1.6585E+02  4.8588E+00  1.4033E+01  6.3383E-01  8.4824E+01
0000499 8.1691E-01  1.7539E+02  6.1469E+00  2.0262E+01  6.2182E-01  1.7344E+01
0000499 7.9465E-01  1.8565E+02  7.3075E+00  2.5008E+01  6.1329E-01  2.2259E+01
0000499 1.0817E-01  1.9567E+02  1.0267E+01  2.9272E+01  2.2627E-01  6.8648E+02
0000499 9.9494E-02  1.9600E+02  1.7469E+01  3.0682E+01  2.1701E-01  8.6745E+00
0000499 6.9570E-02  1.9570E+02  2.4666E+01  3.0102E+01  1.8146E-01  2.6788E+01
0000499 1.9073E-02  1.9889E+02  3.0438E+01  2.8711E+01  9.5013E-02  5.0498E+01
0000499 4.9243E-03  2.0398E+02  3.3495E+01  2.0265E+01  4.8278E-02  1.0115E+01
0000499 0.0000E+00  2.0572E+02  3.7368E+01  2.0482E+01  0.0000E+00  4.5203E+00
0000500 2.0000E+00  0.0000E+00  0.0000E+00  0.0000E+00  9.7295E-01  0.0000E+00
0000500 1.9690E+00  2.1425E+01 -9.4484E-02  2.0759E-01  9.6538E-01  1.9190E+00
0000500 1.8680E+00  3.5489E+01  1.0451E-01  7.7088E-01  9.4031E-01  1.0096E+02
0000500 1.7934E+00  6.2457E+01 -1.0499E+00  7.2842E+00  9.2133E-01  4.4237E+01
0000500 1.6985E+00  7.5402E+01 -1.5256E-01  1.1830E+01  8.9663E-01  6.9508E+01
0000500 1.6057E+00  1.0031E+02 -3.0083E+00  2.2149E+01  8.7179E-01  8.7799E+01
0000500 1.3258E+00  1.1201E+02 -1.7054E+00  2.8490E+01  7.9215E-01  2.5666E+02
0000500 3.7494E-01  1.1981E+02  1.4170E+00  3.8098E+01  4.2126E-01  9.5082E+02
0000500 8.9547E-02  1.1732E+02  7.7065E+00  4.4801E+01  2.0587E-01  2.7736E+02
0000500 7.8187E-02  1.2189E+02  2.0756E+01  4.2537E+01  1.9237E-01  5.7134E+00
0000500 1.6522E-02  1.2592E+02  2.6305E+01  4.1827E+01  8.8431E-02  5.9013E+01
0000500 8.2652E-03  1.3837E+02  2.8044E+01  3.4915E+01  6.2547E-02  1.1496E+00
0000500 0.0000E+00  1.5291E+02  2.2622E+01  3.6364E+01  0.0000E+00  4.6622E-01
